gene	p_val	avg_log2FC	pct.1	pct.2	p_val_adj	cluster	transcript_id	Arabidopsis_Genes
Cau.Cau7BG000745	0	2.83789230297044	0.872	0.254	0	0	/	AT1G26355
Cau.Cau7AG000743	0	2.75947630858795	0.873	0.277	0	0	/	AT1G26355
Cau.Cau9BG001776	0	2.73293322874524	0.899	0.39	0	0	transcript:AT4G15910.1	/
Cau.Cau9BG001764	0	2.55839491673895	0.969	0.714	0	0	/	/
Cau.Cau9AG001697	0	2.45900634365598	0.881	0.393	0	0	/	/
Cau.Cau7BG000382	0	2.31023858063359	0.598	0.134	0	0	/	/
Cau.Cau9AG001684	0	2.23526861671729	0.963	0.727	0	0	transcript:AT3G16640.1	AT3G16640
Cau.Cau2BG001977	0	2.23384833998141	0.875	0.394	0	0	/	/
Cau.Cau2AG001994	0	2.23123200014599	0.779	0.277	0	0	/	/
Cau.Cau6BG001706	0	2.22935546557634	0.653	0.226	0	0	transcript:AT3G01390.2	AT3G01390;AT4G23710
Cau.Cau8AG001811	0	2.20627841539189	0.764	0.275	0	0	/	AT3G09390;AT5G02380
Cau.Cau6AG001274	0	2.19415204828349	0.5	0.148	0	0	transcript:AT4G33070.1	AT4G33070;AT5G01320;AT5G01330
Cau.Cau8BG001977	0	2.17466042252031	0.6	0.186	0	0	/	AT2G29960;AT5G58710
Cau.Cau1AG000723	0	2.07798484073429	0.765	0.366	0	0	transcript:AT5G65260.1	AT5G10350;AT5G65260
Cau.Cau8AG001965	0	2.07361182014686	0.507	0.146	0	0	transcript:AT2G29960.3	AT2G29960;AT5G58710
Cau.Cau2BG002477	0	2.04798940067183	0.494	0.129	0	0	/	/
Cau.Cau2BG002656	0	2.03483006094643	0.62	0.205	0	0	/	AT1G11840
Cau.Cau4AG000572	0	1.97770038026432	0.66	0.273	0	0	/	AT4G22380;AT5G20160
Cau.Cau9BG001621	0	1.97061850785266	0.413	0.106	0	0	/	AT3G23570;AT3G23600
Cau.Cau6AG001702	0	1.96384644464309	0.608	0.248	0	0	/	AT3G01390;AT4G23710
Cau.Cau1BG000735	0	1.95574169316533	0.702	0.34	0	0	/	/
Cau.Cau4BG000570	0	1.95361424231721	0.615	0.252	0	0	transcript:AT5G20160.1	AT4G22380;AT5G20160
Cau.Cau2AG002480	0	1.92135711263116	0.392	0.092	0	0	/	/
Cau.Cau1AG000215	0	1.89972651988787	0.668	0.28	0	0	/	AT3G51030
Cau.Cau9AG000955	0	1.86846351998455	0.457	0.156	0	0	/	/
Cau.Cau8AG000455	0	1.86149218750453	0.306	0.059	0	0	/	AT1G49670
Cau.Cau6AG000630	0	1.85946608394234	0.285	0.059	0	0	/	/
Cau.Cau4BG001550	0	1.83130166034457	0.799	0.454	0	0	/	/
Cau.Cau8BG001824	0	1.82982112712013	0.621	0.247	0	0	/	AT3G09390;AT5G02380
Cau.Cau9AG001318	0	1.80832836727849	0.472	0.166	0	0	transcript:AT5G43650.1	AT5G43650
Cau.Cau3BG000644	0	1.78916506274113	0.765	0.4	0	0	transcript:AT4G09800.1	AT1G22780;AT1G34030;AT4G09800
Cau.Cau9BG001943	0	1.77077548969289	0.389	0.105	0	0	/	/
Cau.Cau5AG003809	0	1.76203736731416	0.645	0.32	0	0	transcript:AT4G09320.1	AT4G09320
Cau.Cau2BG001674	0	1.7595538864426	0.409	0.159	0	0	transcript:AT1G30110.1	AT1G30110
Cau.Cau9BG001396	0	1.73461197359974	0.484	0.173	0	0	/	AT5G43650
Cau.Cau2BG001145	0	1.73441599067438	0.265	0.064	0	0	/	/
Cau.Cau5AG002753	0	1.72731194161364	0.543	0.248	0	0	/	/
Cau.Cau9AG001543	0	1.71400224568065	0.276	0.067	0	0	transcript:AT3G23600.1	AT3G23570;AT3G23600
Cau.Cau8BG000530	0	1.71364542341878	0.268	0.072	0	0	/	/
Cau.Cau4AG001523	0	1.70968500291544	0.721	0.366	0	0	transcript:AT5G59240.1	AT5G20290;AT5G59240
Cau.Cau1BG001156	0	1.70182490188054	0.752	0.443	0	0	transcript:AT3G16080.1	AT3G16080
Cau.Cau9BG000187	0	1.68853526616068	0.503	0.228	0	0	transcript:AT4G25740.1	AT4G25740;AT5G41520;AT5G52650
Cau.Cau9AG000581	0	1.66396340038984	0.477	0.215	0	0	/	AT2G42310;AT3G57785
Cau.Cau9BG001024	0	1.66325532643952	0.389	0.146	0	0	/	/
Cau.Cau5BG002693	0	1.6598706203664	0.561	0.269	0	0	/	/
Cau.Cau1BG000210	0	1.65623260588604	0.543	0.228	0	0	transcript:AT3G51030.1	AT3G51030
Cau.Cau5AG002652	0	1.65196146712839	0.4	0.173	0	0	/	/
Cau.Cau6AG002035	0	1.62481618818328	0.711	0.392	0	0	transcript:AT4G34670.1	AT3G04840;AT4G34670
Cau.Cau8AG001839	0	1.6227165940032	0.279	0.101	0	0	/	AT5G59480
Cau.Cau6AG000687	0	1.61744475699093	0.66	0.309	0	0	/	/
Cau.Cau9BG001776	0	1.61635669934719	0.283	0.08	0	0	transcript:AT4G15910.1	/
Cau.Cau2AG001682	0	1.59232379013996	0.289	0.096	0	0	/	/
Cau.Cau4BG001164	0	1.58849966742166	0.35	0.123	0	0	/	AT3G15353
Cau.Cau7AG001965	0	1.58848180690181	0.353	0.123	0	0	/	/
Cau.Cau4AG001157	0	1.57985608251519	0.388	0.158	0	0	transcript:AT3G15353.1	AT3G15353
Cau.Cau4BG000968	0	1.57440521581169	0.34	0.131	0	0	transcript:AT2G31610.1	AT2G31610;AT3G53870;AT5G35530
Cau.Cau9BG001220	0	1.57254416331463	0.773	0.484	0	0	transcript:AT3G04400.1	AT1G04480;AT2G33370;AT3G04400
Cau.Cau3AG000644	0	1.55934496341528	0.682	0.4	0	0	/	AT1G22780;AT1G34030;AT4G09800
Cau.Cau5AG000586	0	1.53291155437029	0.387	0.158	0	0	/	AT1G13440;AT3G04120
Cau.Cau4BG002251	0	1.52726966296831	0.563	0.31	0	0	transcript:AT4G28088.1	AT2G24040;AT4G28088;AT4G30650;AT4G30660
Cau.Cau4AG002230	0	1.51496503057803	0.53	0.291	0	0	/	AT2G24040;AT4G28088;AT4G30650;AT4G30660
Cau.Cau4BG001348	0	1.50859235252135	0.896	0.725	0	0	transcript:AT1G54290.1	AT1G54290;AT4G27130;AT5G54760
Cau.Cau5AG000789	0	1.50358092028658	0.343	0.135	0	0	/	/
Cau.Cau4BG001730	0	1.50040790201657	0.374	0.157	0	0	/	/
Cau.Cau1AG001318	0	1.49553293855401	0.393	0.178	0	0	transcript:AT3G15820.1	AT3G15820;AT3G15830
Cau.Cau9BG000580	0	1.49422875769089	0.617	0.368	0	0	transcript:AT2G42310.1	AT2G42310;AT3G57785
Cau.Cau3AG000968	0	1.49238784530771	0.33	0.124	0	0	/	AT1G78040;AT4G08685
Cau.Cau3BG000968	0	1.49210160524708	0.341	0.133	0	0	transcript:AT4G08685.1	AT1G78040;AT4G08685
Cau.Cau2BG000114	0	1.48448909262512	0.643	0.314	0	0	/	/
Cau.Cau5AG000990	0	1.46776223989596	0.746	0.495	0	0	/	AT1G13950;AT1G26630;AT1G69410
Cau.Cau4BG001427	0	1.4611089927272	0.419	0.214	0	0	transcript:AT4G27000.1	AT4G27000;AT5G54900
Cau.Cau7BG001978	0	1.4351400926809	0.425	0.169	0	0	transcript:AT1G75270.1	AT1G75270
Cau.Cau6BG000394	0	1.43488730737311	0.372	0.143	0	0	transcript:AT5G38200.1	AT1G66860;AT5G38200
Cau.Cau5BG003499	0	1.43338263810531	0.29	0.107	0	0	transcript:AT3G61440.1	AT3G61440
Cau.Cau5BG001258	0	1.38488184242139	0.317	0.133	0	0	/	AT5G53070
Cau.Cau1AG001135	0	1.38356645674529	0.566	0.341	0	0	/	AT3G16080
Cau.Cau5BG000994	0	1.37677373408058	0.701	0.487	0	0	/	/
Cau.Cau5BG003776	0	1.36098207944413	0.693	0.462	0	0	/	/
Cau.Cau2AG000519	0	1.35782141871736	0.777	0.578	0	0	/	AT5G40370
Cau.Cau9AG000187	0	1.34827818656535	0.455	0.254	0	0	/	AT4G25740;AT5G41520;AT5G52650
Cau.Cau2BG000527	0	1.33694611655689	0.737	0.521	0	0	transcript:AT5G40370.1	AT5G40370
Cau.Cau5AG003360	0	1.30398296160501	0.479	0.288	0	0	transcript:AT1G01100.4	AT3G49460;AT5G24510
Cau.Cau3AG002152	0	1.27775191251207	0.617	0.392	0	0	/	AT4G16500;AT5G47550
Cau.Cau4BG001345	0	1.09881631426384	0.954	0.878	0	0	transcript:AT3G09790.2	/
Cau.Cau9AG001148	0	1.02800204870341	0.619	0.468	0	0	/	AT1G04480;AT2G33370;AT3G04400
Cau.Cau3AG000116	0	0.996651187421103	0.738	0.557	0	0	transcript:AT1G20450.1	/
Cau.Cau3BG000117	0	0.9093014580033	0.84	0.676	0	0	/	/
Cau.Cau6BG001686	0	0.763299717658771	0.954	0.874	0	0	/	AT4G02890
Cau.Cau8BG000621	0	0.556623549044828	0.986	0.96	0	0	transcript:AT2G21660.2	AT2G21660;AT4G39260
Cau.Cau8BG000472	0.0000000000000000000000000000000000000000000000000000000000000000000000000000000000000000000000000000000000000000000000000000000000000000000000000000000000000000000000000000000000000000000000000000000000000000000000000000000000000000000000000000000000000000000000000000000000000000000000000000000000371661519219793	1.35641305581804	0.387	0.212	0.00000000000000000000000000000000000000000000000000000000000000000000000000000000000000000000000000000000000000000000000000000000000000000000000000000000000000000000000000000000000000000000000000000000000000000000000000000000000000000000000000000000000000000000000000000000000000000000000000000171343393590709	0	/	/
Cau.Cau3AG001299	0.000000000000000000000000000000000000000000000000000000000000000000000000000000000000000000000000000000000000000000000000000000000000000000000000000000000000000000000000000000000000000000000000000000000000000000000000000000000000000000000000000000000000000000000000000000000000000000000000000000000411858020115566	1.25410471172605	0.297	0.118	0.0000000000000000000000000000000000000000000000000000000000000000000000000000000000000000000000000000000000000000000000000000000000000000000000000000000000000000000000000000000000000000000000000000000000000000000000000000000000000000000000000000000000000000000000000000000000000000000000000000189874784433678	0	transcript:AT1G56340.1	/
Cau.Cau3AG001206	0.0000000000000000000000000000000000000000000000000000000000000000000000000000000000000000000000000000000000000000000000000000000000000000000000000000000000000000000000000000000000000000000000000000000000000000000000000000000000000000000000000000000000000000000000000000000000000000000000000000664520548430242	1.30227158766983	0.253	0.087	0.0000000000000000000000000000000000000000000000000000000000000000000000000000000000000000000000000000000000000000000000000000000000000000000000000000000000000000000000000000000000000000000000000000000000000000000000000000000000000000000000000000000000000000000000000000000000000000000000030635726323731	0	/	AT3G01400;AT5G58680
Cau.Cau4BG000131	0.00000000000000000000000000000000000000000000000000000000000000000000000000000000000000000000000000000000000000000000000000000000000000000000000000000000000000000000000000000000000000000000000000000000000000000000000000000000000000000000000000000000000000000000000000000000000000000000000931062636233855	1.3884568494148	0.331	0.156	0.000000000000000000000000000000000000000000000000000000000000000000000000000000000000000000000000000000000000000000000000000000000000000000000000000000000000000000000000000000000000000000000000000000000000000000000000000000000000000000000000000000000000000000000000000000000000000000429238496556532	0	transcript:AT4G31870.1	/
Cau.Cau6BG000626	0.0000000000000000000000000000000000000000000000000000000000000000000000000000000000000000000000000000000000000000000000000000000000000000000000000000000000000000000000000000000000000000000000000000000000000000000000000000000000000000000000000000000000000000000000000000000000000000000352625238244335	1.44348984340807	0.251	0.093	0.00000000000000000000000000000000000000000000000000000000000000000000000000000000000000000000000000000000000000000000000000000000000000000000000000000000000000000000000000000000000000000000000000000000000000000000000000000000000000000000000000000000000000000000000000000000000000162567287335403	0	transcript:AT3G56490.1	AT3G56490
Cau.Cau6BG001376	0.00000000000000000000000000000000000000000000000000000000000000000000000000000000000000000000000000000000000000000000000000000000000000000000000000000000000000000000000000000000000000000000000000000000000000000000000000000000000000000000000000000000000000000000000000000000000000000307346031507991	1.22668601556675	0.424	0.254	0.000000000000000000000000000000000000000000000000000000000000000000000000000000000000000000000000000000000000000000000000000000000000000000000000000000000000000000000000000000000000000000000000000000000000000000000000000000000000000000000000000000000000000000000000000000000000141692667445814	0	/	/
Cau.Cau9BG001679	0.000000000000000000000000000000000000000000000000000000000000000000000000000000000000000000000000000000000000000000000000000000000000000000000000000000000000000000000000000000000000000000000000000000000000000000000000000000000000000000000000000000000000000000000000000000000000000339053155782945	1.39413603273848	0.253	0.093	0.0000000000000000000000000000000000000000000000000000000000000000000000000000000000000000000000000000000000000000000000000000000000000000000000000000000000000000000000000000000000000000000000000000000000000000000000000000000000000000000000000000000000000000000000000000000000156310285879053	0	/	/
Cau.Cau5AG002011	0.0000000000000000000000000000000000000000000000000000000000000000000000000000000000000000000000000000000000000000000000000000000000000000000000000000000000000000000000000000000000000000000000000000000000000000000000000000000000000000000000000000000000000000000000000000000000337428079406293	1.02968256363612	0.494	0.307	0.00000000000000000000000000000000000000000000000000000000000000000000000000000000000000000000000000000000000000000000000000000000000000000000000000000000000000000000000000000000000000000000000000000000000000000000000000000000000000000000000000000000000000000000000000000155561093167889	0	transcript:AT4G15550.1	AT1G05530;AT1G05560;AT4G15550
Cau.Cau6AG001227	0.000000000000000000000000000000000000000000000000000000000000000000000000000000000000000000000000000000000000000000000000000000000000000000000000000000000000000000000000000000000000000000000000000000000000000000000000000000000000000000000000000000000000000000000000000000000975035765694289	1.29336388412602	0.337	0.166	0.0000000000000000000000000000000000000000000000000000000000000000000000000000000000000000000000000000000000000000000000000000000000000000000000000000000000000000000000000000000000000000000000000000000000000000000000000000000000000000000000000000000000000000000000000000449510988700381	0	/	AT5G01650
Cau.Cau6BG002402	0.00000000000000000000000000000000000000000000000000000000000000000000000000000000000000000000000000000000000000000000000000000000000000000000000000000000000000000000000000000000000000000000000000000000000000000000000000000000000000000000000000000000000000000000000000000219167399819306	0.997293092334463	0.534	0.372	0.000000000000000000000000000000000000000000000000000000000000000000000000000000000000000000000000000000000000000000000000000000000000000000000000000000000000000000000000000000000000000000000000000000000000000000000000000000000000000000000000000000000000000000000000101040554664697	0	/	/
Cau.Cau5BG003311	0.00000000000000000000000000000000000000000000000000000000000000000000000000000000000000000000000000000000000000000000000000000000000000000000000000000000000000000000000000000000000000000000000000000000000000000000000000000000000000000000000000000000000000000000000337878836092975	1.15907776082428	0.453	0.296	0.000000000000000000000000000000000000000000000000000000000000000000000000000000000000000000000000000000000000000000000000000000000000000000000000000000000000000000000000000000000000000000000000000000000000000000000000000000000000000000000000000000000000000000155768901015583	0	transcript:AT4G00810.2	AT3G49460;AT5G24510
Cau.Cau9AG001734	0.0000000000000000000000000000000000000000000000000000000000000000000000000000000000000000000000000000000000000000000000000000000000000000000000000000000000000000000000000000000000000000000000000000000000000000000000000000000000000000000000000000000000000000000719993389582299	1.11857022973216	0.479	0.335	0.00000000000000000000000000000000000000000000000000000000000000000000000000000000000000000000000000000000000000000000000000000000000000000000000000000000000000000000000000000000000000000000000000000000000000000000000000000000000000000000000000000000000000331931352465232	0	/	AT1G02780;AT3G16780;AT4G02230
Cau.Cau4AG001319	0.0000000000000000000000000000000000000000000000000000000000000000000000000000000000000000000000000000000000000000000000000000000000000000000000000000000000000000000000000000000000000000000000000000000000000000000000000000000000000000000000000000000000000438285167174672	0.820389852219861	0.677	0.604	0.00000000000000000000000000000000000000000000000000000000000000000000000000000000000000000000000000000000000000000000000000000000000000000000000000000000000000000000000000000000000000000000000000000000000000000000000000000000000000000000000000000000202058227770867	0	/	AT1G54290;AT4G27130;AT5G54760
Cau.Cau8BG001684	0.00000000000000000000000000000000000000000000000000000000000000000000000000000000000000000000000000000000000000000000000000000000000000000000000000000000000000000000000000000000000000000000000000000000000000000000000000000000000000000000000000000000621554744838503	0.641891783019282	0.788	0.718	0.000000000000000000000000000000000000000000000000000000000000000000000000000000000000000000000000000000000000000000000000000000000000000000000000000000000000000000000000000000000000000000000000000000000000000000000000000000000000000000000000000286549168465447	0	/	/
Cau.Cau3AG001736	0.000000000000000000000000000000000000000000000000000000000000000000000000000000000000000000000000000000000000000000000000000000000000000000000000000000000000000000000000000000000000000000000000000000000000000000000000000000000000000000000000000000133419699490295	1.29358678089938	0.282	0.126	0.0000000000000000000000000000000000000000000000000000000000000000000000000000000000000000000000000000000000000000000000000000000000000000000000000000000000000000000000000000000000000000000000000000000000000000000000000000000000000000000000000061509149859016	0	/	AT1G31812
Cau.Cau5BG002139	0.000000000000000000000000000000000000000000000000000000000000000000000000000000000000000000000000000000000000000000000000000000000000000000000000000000000000000000000000000000000000000000000000000000000000000000000000000000000000000000000000000000369246823026551	0.89383490690411	0.596	0.487	0.00000000000000000000000000000000000000000000000000000000000000000000000000000000000000000000000000000000000000000000000000000000000000000000000000000000000000000000000000000000000000000000000000000000000000000000000000000000000000000000000001702301703517	0	transcript:AT4G14320.1	AT3G23390;AT4G14320
Cau.Cau8AG001692	0.0000000000000000000000000000000000000000000000000000000000000000000000000000000000000000000000000000000000000000000000000000000000000000000000000000000000000000000000000000000000000000000000000000000000000000000000000000000000000000000000000000012050874811802	0.870284295509276	0.612	0.492	0.0000000000000000000000000000000000000000000000000000000000000000000000000000000000000000000000000000000000000000000000000000000000000000000000000000000000000000000000000000000000000000000000000000000000000000000000000000000000000000000000000555569430573697	0	/	AT1G07890
Cau.Cau8BG001714	0.000000000000000000000000000000000000000000000000000000000000000000000000000000000000000000000000000000000000000000000000000000000000000000000000000000000000000000000000000000000000000000000000000000000000000000000000000000000000000000000000000969433098842252	0.972552260671303	0.558	0.434	0.0000000000000000000000000000000000000000000000000000000000000000000000000000000000000000000000000000000000000000000000000000000000000000000000000000000000000000000000000000000000000000000000000000000000000000000000000000000000000000000000446928047228255	0	transcript:AT1G07890.3	AT1G07890
Cau.Cau9BG001811	0.000000000000000000000000000000000000000000000000000000000000000000000000000000000000000000000000000000000000000000000000000000000000000000000000000000000000000000000000000000000000000000000000000000000000000000000000000000000000000258494786595655	1.14725782435704	0.419	0.276	0.0000000000000000000000000000000000000000000000000000000000000000000000000000000000000000000000000000000000000000000000000000000000000000000000000000000000000000000000000000000000000000000000000000000000000000000000000000000000119171266516329	0	/	AT1G02780;AT3G16780;AT4G02230
Cau.Cau3BG000165	0.00000000000000000000000000000000000000000000000000000000000000000000000000000000000000000000000000000000000000000000000000000000000000000000000000000000000000000000000000000000000000000000000000000000000000000000000000000000000000872028403672381	1.19039585630471	0.397	0.252	0.000000000000000000000000000000000000000000000000000000000000000000000000000000000000000000000000000000000000000000000000000000000000000000000000000000000000000000000000000000000000000000000000000000000000000000000000000000000402022534661041	0	transcript:AT5G42190.1	AT1G75950
Cau.Cau1AG001145	0.000000000000000000000000000000000000000000000000000000000000000000000000000000000000000000000000000000000000000000000000000000000000000000000000000000000000000000000000000000000000000000000000000000000000000000000000000000000000129762312261806	1.23870694526236	0.329	0.178	0.0000000000000000000000000000000000000000000000000000000000000000000000000000000000000000000000000000000000000000000000000000000000000000000000000000000000000000000000000000000000000000000000000000000000000000000000000000000059823021198938	0	/	AT1G15270
Cau.Cau1BG001796	0.000000000000000000000000000000000000000000000000000000000000000000000000000000000000000000000000000000000000000000000000000000000000000000000000000000000000000000000000000000000000000000000000000000000000000000000000000000000000199938881086882	0.95836702751698	0.509	0.373	0.00000000000000000000000000000000000000000000000000000000000000000000000000000000000000000000000000000000000000000000000000000000000000000000000000000000000000000000000000000000000000000000000000000000000000000000000000000000921758229586744	0	/	/
Cau.Cau3AG001596	0.00000000000000000000000000000000000000000000000000000000000000000000000000000000000000000000000000000000000000000000000000000000000000000000000000000000000000000000000000000000000000000000000000000000000000000000000000000112191150765469	1.3077838359585	0.278	0.133	0.0000000000000000000000000000000000000000000000000000000000000000000000000000000000000000000000000000000000000000000000000000000000000000000000000000000000000000000000000000000000000000000000000000000000000000000000000517223643258964	0	/	AT3G04920;AT5G28060
Cau.Cau6AG000621	0.00000000000000000000000000000000000000000000000000000000000000000000000000000000000000000000000000000000000000000000000000000000000000000000000000000000000000000000000000000000000000000000000000000000000000000000000000000162872576028084	0.531209154809806	0.852	0.826	0.0000000000000000000000000000000000000000000000000000000000000000000000000000000000000000000000000000000000000000000000000000000000000000000000000000000000000000000000000000000000000000000000000000000000000000000000000750875150004674	0	/	/
Cau.Cau5AG001366	0.0000000000000000000000000000000000000000000000000000000000000000000000000000000000000000000000000000000000000000000000000000000000000000000000000000000000000000000000000000000000000000000000000000000000000000000000000000179036600047145	0.725398537253423	0.438	0.26	0.00000000000000000000000000000000000000000000000000000000000000000000000000000000000000000000000000000000000000000000000000000000000000000000000000000000000000000000000000000000000000000000000000000000000000000000000082539453353735	0	transcript:AT2G38870.1	/
Cau.Cau3BG001365	0.0000000000000000000000000000000000000000000000000000000000000000000000000000000000000000000000000000000000000000000000000000000000000000000000000000000000000000000000000000000000000000000000000000000000000000000000000167618185204259	0.703153311421713	0.71	0.653	0.000000000000000000000000000000000000000000000000000000000000000000000000000000000000000000000000000000000000000000000000000000000000000000000000000000000000000000000000000000000000000000000000000000000000000000000772753357428673	0	transcript:AT3G05550.1	AT3G05550;AT5G27760
Cau.Cau3BG000671	0.000000000000000000000000000000000000000000000000000000000000000000000000000000000000000000000000000000000000000000000000000000000000000000000000000000000000000000000000000000000000000000000000000000000000000000000196154264250061	0.865287840082366	0.376	0.203	0.0000000000000000000000000000000000000000000000000000000000000000000000000000000000000000000000000000000000000000000000000000000000000000000000000000000000000000000000000000000000000000000000000000000000000000090431038904563	0	/	/
Cau.Cau5AG001618	0.00000000000000000000000000000000000000000000000000000000000000000000000000000000000000000000000000000000000000000000000000000000000000000000000000000000000000000000000000000000000000000000000000000000000000000000214859475750695	0.941873113938438	0.518	0.403	0.0000000000000000000000000000000000000000000000000000000000000000000000000000000000000000000000000000000000000000000000000000000000000000000000000000000000000000000000000000000000000000000000000000000000000000990545155105856	0	/	/
Cau.Cau3BG000636	0.00000000000000000000000000000000000000000000000000000000000000000000000000000000000000000000000000000000000000000000000000000000000000000000000000000000000000000000000000000000000000000000000000000000000000889135224716799	0.885599392926727	0.563	0.452	0.000000000000000000000000000000000000000000000000000000000000000000000000000000000000000000000000000000000000000000000000000000000000000000000000000000000000000000000000000000000000000000000000000000000409909121298939	0	/	AT1G71697;AT4G09760
Cau.Cau5AG001990	0.0000000000000000000000000000000000000000000000000000000000000000000000000000000000000000000000000000000000000000000000000000000000000000000000000000000000000000000000000000000000000000000000000000000000000354912644765526	1.17723334520461	0.312	0.167	0.00000000000000000000000000000000000000000000000000000000000000000000000000000000000000000000000000000000000000000000000000000000000000000000000000000000000000000000000000000000000000000000000000000000163621827489803	0	/	AT1G73177
Cau.Cau7BG002014	0.00000000000000000000000000000000000000000000000000000000000000000000000000000000000000000000000000000000000000000000000000000000000000000000000000000000000000000000000000000000000000000000000000000000000688393419267388	1.17128987674002	0.346	0.206	0.000000000000000000000000000000000000000000000000000000000000000000000000000000000000000000000000000000000000000000000000000000000000000000000000000000000000000000000000000000000000000000000000000000317363134150651	0	/	AT1G07770;AT5G59850
Cau.Cau5BG000588	0.00000000000000000000000000000000000000000000000000000000000000000000000000000000000000000000000000000000000000000000000000000000000000000000000000000000000000000000000000000000000000000000000000000000328891523885398	1.2026583105367	0.262	0.124	0.000000000000000000000000000000000000000000000000000000000000000000000000000000000000000000000000000000000000000000000000000000000000000000000000000000000000000000000000000000000000000000000000000151625570341646	0	/	/
Cau.Cau2AG001268	0.00000000000000000000000000000000000000000000000000000000000000000000000000000000000000000000000000000000000000000000000000000000000000000000000000000000000000000000000000000000000000000000000000000000676574605747806	1.07797270692325	0.436	0.307	0.000000000000000000000000000000000000000000000000000000000000000000000000000000000000000000000000000000000000000000000000000000000000000000000000000000000000000000000000000000000000000000000000000311914424741854	0	/	AT2G32765;AT4G26840
Cau.Cau7BG000691	0.0000000000000000000000000000000000000000000000000000000000000000000000000000000000000000000000000000000000000000000000000000000000000000000000000000000000000000000000000000000000000000000000000000114052302815709	1.19473590021454	0.28	0.141	0.00000000000000000000000000000000000000000000000000000000000000000000000000000000000000000000000000000000000000000000000000000000000000000000000000000000000000000000000000000000000000000000000052580392644098	0	/	AT1G24260
Cau.Cau7AG002005	0.000000000000000000000000000000000000000000000000000000000000000000000000000000000000000000000000000000000000000000000000000000000000000000000000000000000000000000000000000000000000000000000000000902755450163623	1.17135588770383	0.33	0.193	0.0000000000000000000000000000000000000000000000000000000000000000000000000000000000000000000000000000000000000000000000000000000000000000000000000000000000000000000000000000000000000000000000416188317634433	0	/	AT1G07770;AT5G59850
Cau.Cau1BG000422	0.0000000000000000000000000000000000000000000000000000000000000000000000000000000000000000000000000000000000000000000000000000000000000000000000000000000000000000000000000000000000000000000000353899144196511	1.19361074001778	0.304	0.169	0.00000000000000000000000000000000000000000000000000000000000000000000000000000000000000000000000000000000000000000000000000000000000000000000000000000000000000000000000000000000000000000163154583457475	0	transcript:AT3G50360.1	AT4G37010
Cau.Cau9BG000788	0.0000000000000000000000000000000000000000000000000000000000000000000000000000000000000000000000000000000000000000000000000000000000000000000000000000000000000000000000000000000000000000000000373053174373206	0.997119191677042	0.585	0.504	0.00000000000000000000000000000000000000000000000000000000000000000000000000000000000000000000000000000000000000000000000000000000000000000000000000000000000000000000000000000000000000000171984974449535	0	transcript:AT2G41430.5	AT2G41430
Cau.Cau7AG000686	0.000000000000000000000000000000000000000000000000000000000000000000000000000000000000000000000000000000000000000000000000000000000000000000000000000000000000000000000000000000000000000000000105958393799766	1.12439919379121	0.284	0.146	0.0000000000000000000000000000000000000000000000000000000000000000000000000000000000000000000000000000000000000000000000000000000000000000000000000000000000000000000000000000000000000000048848938709568	0	transcript:AT1G24260.1	AT1G24260
Cau.Cau8BG001852	0.00000000000000000000000000000000000000000000000000000000000000000000000000000000000000000000000000000000000000000000000000000000000000000000000000000000000000000000000000000000000000000000682863765289389	1.27612728983232	0.28	0.147	0.000000000000000000000000000000000000000000000000000000000000000000000000000000000000000000000000000000000000000000000000000000000000000000000000000000000000000000000000000000000000000314813853073714	0	transcript:AT5G59480.5	AT5G59480
Cau.Cau1AG000819	0.0000000000000000000000000000000000000000000000000000000000000000000000000000000000000000000000000000000000000000000000000000000000000000000000000000000000000000000000000000000000000000133242087723055	1.2014306183057	0.293	0.16	0.000000000000000000000000000000000000000000000000000000000000000000000000000000000000000000000000000000000000000000000000000000000000000000000000000000000000000000000000000000000000614272672820829	0	/	/
Cau.Cau4BG000915	0.0000000000000000000000000000000000000000000000000000000000000000000000000000000000000000000000000000000000000000000000000000000000000000000000000000000000000000000000000000000000000000244262570356352	1.12362868241121	0.342	0.209	0.00000000000000000000000000000000000000000000000000000000000000000000000000000000000000000000000000000000000000000000000000000000000000000000000000000000000000000000000000000000000112609930185685	0	/	AT4G29735
Cau.Cau6BG001224	0.000000000000000000000000000000000000000000000000000000000000000000000000000000000000000000000000000000000000000000000000000000000000000000000000000000000000000000000000000000000000000204716367315229	1.14964266790283	0.278	0.146	0.00000000000000000000000000000000000000000000000000000000000000000000000000000000000000000000000000000000000000000000000000000000000000000000000000000000000000000000000000000000000943783396596667	0	transcript:AT5G01650.1	AT5G01650
Cau.Cau5AG003845	0.000000000000000000000000000000000000000000000000000000000000000000000000000000000000000000000000000000000000000000000000000000000000000000000000000000000000000000000000000000000000000708020613163395	1.07725868840093	0.447	0.336	0.0000000000000000000000000000000000000000000000000000000000000000000000000000000000000000000000000000000000000000000000000000000000000000000000000000000000000000000000000000000000326411663080589	0	transcript:AT5G26667.3	/
Cau.Cau6BG001268	0.0000000000000000000000000000000000000000000000000000000000000000000000000000000000000000000000000000000000000000000000000000000000000000000000000000000000000000000000000000000923362942979835	1.28435540226656	0.255	0.128	0.00000000000000000000000000000000000000000000000000000000000000000000000000000000000000000000000000000000000000000000000000000000000000000000000000000000000000000000000000425688783972563	0	/	AT5G54960
Cau.Cau4AG000463	0.00000000000000000000000000000000000000000000000000000000000000000000000000000000000000000000000000000000000000000000000000000000000000000000000000000000000000000000000000000208733698360978	1.21131530915206	0.258	0.133	0.0000000000000000000000000000000000000000000000000000000000000000000000000000000000000000000000000000000000000000000000000000000000000000000000000000000000000000000000000962304096183779	0	/	/
Cau.Cau4AG001719	0.00000000000000000000000000000000000000000000000000000000000000000000000000000000000000000000000000000000000000000000000000000000000000000000000000000000000000000000000000078032969647045	0.774749477592839	0.567	0.471	0.0000000000000000000000000000000000000000000000000000000000000000000000000000000000000000000000000000000000000000000000000000000000000000000000000000000000000000000000359747596666807	0	transcript:AT1G19180.3	AT1G19180;AT1G74950
Cau.Cau3BG001710	0.0000000000000000000000000000000000000000000000000000000000000000000000000000000000000000000000000000000000000000000000000000000000000000000000000000000000000000000000258303753758932	1.15630517171466	0.283	0.158	0.00000000000000000000000000000000000000000000000000000000000000000000000000000000000000000000000000000000000000000000000000000000000000000000000000000000000000000119083196557943	0	transcript:AT1G31812.1	AT1G31812
Cau.Cau4BG000191	0.0000000000000000000000000000000000000000000000000000000000000000000000000000000000000000000000000000000000000000000000000000000000000000000000000000000000000000000850032300732926	0.598849372021436	0.657	0.571	0.00000000000000000000000000000000000000000000000000000000000000000000000000000000000000000000000000000000000000000000000000000000000000000000000000000000000000391881891283894	0	transcript:AT3G48930.1	AT3G48930;AT5G23740
Cau.Cau2AG000719	0.00000000000000000000000000000000000000000000000000000000000000000000000000000000000000000000000000000000000000000000000000000000000000000000000000000000000000000256067953779466	1.07337347895169	0.335	0.212	0.00000000000000000000000000000000000000000000000000000000000000000000000000000000000000000000000000000000000000000000000000000000000000000000000000000000000011805244805141	0	/	AT2G42740;AT3G58700;AT4G18730;AT5G45775
Cau.Cau8BG000284	0.00000000000000000000000000000000000000000000000000000000000000000000000000000000000000000000000000000000000000000000000000000000000000000000000000000000000000000837931301982513	0.948709110256143	0.471	0.373	0.000000000000000000000000000000000000000000000000000000000000000000000000000000000000000000000000000000000000000000000000000000000000000000000000000000000000386303088839978	0	/	AT3G57160;AT5G67600
Cau.Cau7BG002224	0.000000000000000000000000000000000000000000000000000000000000000000000000000000000000000000000000000000000000000000000000000000000000000000000000000000000000000502946010944022	0.684006895557007	0.607	0.531	0.0000000000000000000000000000000000000000000000000000000000000000000000000000000000000000000000000000000000000000000000000000000000000000000000000000000000231868169965413	0	/	/
Cau.Cau4AG000904	0.000000000000000000000000000000000000000000000000000000000000000000000000000000000000000000000000000000000000000000000000000000000000000000000000000000000000114417004002583	1.07894035682084	0.311	0.189	0.00000000000000000000000000000000000000000000000000000000000000000000000000000000000000000000000000000000000000000000000000000000000000000000000000000000527485271852708	0	transcript:AT4G29735.1	AT4G29735
Cau.Cau7BG001995	0.0000000000000000000000000000000000000000000000000000000000000000000000000000000000000000000000000000000000000000000000000000000000000000000000000000672279166136856	0.927511885641946	0.431	0.327	0.00000000000000000000000000000000000000000000000000000000000000000000000000000000000000000000000000000000000000000000000000000000000000000000000309934141172413	0	transcript:AT2G39460.1	AT2G39460;AT3G55280
Cau.Cau8AG001783	0.000000000000000000000000000000000000000000000000000000000000000000000000000000000000000000000000000000000000000000000000000000000000000000000000000274068705691079	1.12513987948996	0.257	0.143	0.0000000000000000000000000000000000000000000000000000000000000000000000000000000000000000000000000000000000000000000000000000000000000000000000126351154697701	0	/	/
Cau.Cau9AG001180	0.000000000000000000000000000000000000000000000000000000000000000000000000000000000000000000000000000000000000000000000000000000000000000000000000000664671287040073	1.04482268226087	0.342	0.223	0.0000000000000000000000000000000000000000000000000000000000000000000000000000000000000000000000000000000000000000000000000000000000000000000000306426756751214	0	/	/
Cau.Cau9BG000158	0.0000000000000000000000000000000000000000000000000000000000000000000000000000000000000000000000000000000000000000000000000000000000000000000000000281398715552914	1.09965652249728	0.267	0.153	0.00000000000000000000000000000000000000000000000000000000000000000000000000000000000000000000000000000000000000000000000000000000000000000000129730435844205	0	/	/
Cau.Cau2AG001422	0.0000000000000000000000000000000000000000000000000000000000000000000000000000000000000000000000000000000000000000000000000000000000000000000000000592155308835878	1.06297816600708	0.268	0.146	0.00000000000000000000000000000000000000000000000000000000000000000000000000000000000000000000000000000000000000000000000000000000000000000000272995440479517	0	/	/
Cau.Cau4AG000842	0.000000000000000000000000000000000000000000000000000000000000000000000000000000000000000000000000000000000000000000000000000000000000000000000160059884235607	0.754868779177867	0.535	0.46	0.00000000000000000000000000000000000000000000000000000000000000000000000000000000000000000000000000000000000000000000000000000000000000000737908078302994	0	/	AT2G19730;AT4G29410
Cau.Cau6BG000937	0.000000000000000000000000000000000000000000000000000000000000000000000000000000000000000000000000000000000000000000000000000000000000000000000178509097813779	0.876200221400992	0.432	0.333	0.00000000000000000000000000000000000000000000000000000000000000000000000000000000000000000000000000000000000000000000000000000000000000000822962642741086	0	transcript:AT1G57860.1	AT1G57660;AT1G57860
Cau.Cau5BG001813	0.0000000000000000000000000000000000000000000000000000000000000000000000000000000000000000000000000000000000000000000000000000000000000000000108987155039715	0.577356395584616	0.664	0.61	0.000000000000000000000000000000000000000000000000000000000000000000000000000000000000000000000000000000000000000000000000000000000000000502452582164095	0	transcript:AT4G10040.1	AT4G10040
Cau.Cau2BG000407	0.000000000000000000000000000000000000000000000000000000000000000000000000000000000000000000000000000000000000000000000000000000000000000000082716153851714	1.00216392309494	0.331	0.217	0.00000000000000000000000000000000000000000000000000000000000000000000000000000000000000000000000000000000000000000000000000000000000000381338012487172	0	transcript:AT5G12110.1	AT5G12110;AT5G19510
Cau.Cau3BG000816	0.000000000000000000000000000000000000000000000000000000000000000000000000000000000000000000000000000000000000000000000000000000000000000000622702948917499	1.05255674613726	0.312	0.2	0.0000000000000000000000000000000000000000000000000000000000000000000000000000000000000000000000000000000000000000000000000000000000000287078513509945	0	transcript:AT1G77350.2	AT1G77350
Cau.Cau9BG001395	0.00000000000000000000000000000000000000000000000000000000000000000000000000000000000000000000000000000000000000000000000000000000000000306910962268334	1.01298389445237	0.351	0.249	0.000000000000000000000000000000000000000000000000000000000000000000000000000000000000000000000000000000000000000000000000000000000141492091824947	0	/	/
Cau.Cau5BG001456	0.00000000000000000000000000000000000000000000000000000000000000000000000000000000000000000000000000000000000000000000000000000000000000992793403241957	0.837839620950287	0.293	0.174	0.000000000000000000000000000000000000000000000000000000000000000000000000000000000000000000000000000000000000000000000000000000000457697614762607	0	transcript:AT1G79040.1	AT1G79040
Cau.Cau5AG000117	0.00000000000000000000000000000000000000000000000000000000000000000000000000000000000000000000000000000000000000000000000000000000000522591079910664	1.10895407293816	0.282	0.175	0.000000000000000000000000000000000000000000000000000000000000000000000000000000000000000000000000000000000000000000000000000000240924939660414	0	/	AT1G64440;AT3G28530;AT4G10960;AT4G23920
Cau.Cau3AG001374	0.00000000000000000000000000000000000000000000000000000000000000000000000000000000000000000000000000000000000000000000000000000000000705226354961403	0.52506710622224	0.721	0.696	0.000000000000000000000000000000000000000000000000000000000000000000000000000000000000000000000000000000000000000000000000000000325123454164306	0	/	AT3G05550;AT5G27760
Cau.Cau9AG000754	0.00000000000000000000000000000000000000000000000000000000000000000000000000000000000000000000000000000000000000000000000000000000000910261993714071	0.970300541134932	0.481	0.411	0.000000000000000000000000000000000000000000000000000000000000000000000000000000000000000000000000000000000000000000000000000000419648984342061	0	/	AT2G41430
Cau.Cau9BG000351	0.0000000000000000000000000000000000000000000000000000000000000000000000000000000000000000000000000000000000000000000000000000000000453555813270284	0.909669275880904	0.37	0.254	0.00000000000000000000000000000000000000000000000000000000000000000000000000000000000000000000000000000000000000000000000000000209098301033866	0	/	/
Cau.Cau5BG001585	0.00000000000000000000000000000000000000000000000000000000000000000000000000000000000000000000000000000000000000000000000000000000422882020346379	0.750245332415737	0.506	0.436	0.000000000000000000000000000000000000000000000000000000000000000000000000000000000000000000000000000000000000000000000000000194957069020088	0	/	/
Cau.Cau1AG001647	0.0000000000000000000000000000000000000000000000000000000000000000000000000000000000000000000000000000000000000000000000000000000390286873770444	0.831341054173773	0.436	0.342	0.0000000000000000000000000000000000000000000000000000000000000000000000000000000000000000000000000000000000000000000000000017993005454565	0	/	/
Cau.Cau5AG001600	0.00000000000000000000000000000000000000000000000000000000000000000000000000000000000000000000000000000000000000000000000000000149417400581402	0.999893458735215	0.326	0.225	0.0000000000000000000000000000000000000000000000000000000000000000000000000000000000000000000000000000000000000000000000000688844100160379	0	/	AT2G36170;AT3G52590
Cau.Cau2BG001273	0.00000000000000000000000000000000000000000000000000000000000000000000000000000000000000000000000000000000000000000000000000014668337012481	0.935922930648662	0.384	0.286	0.00000000000000000000000000000000000000000000000000000000000000000000000000000000000000000000000000000000000000000000000676239672949397	0	/	AT2G32765;AT4G26840
Cau.Cau6AG000941	0.0000000000000000000000000000000000000000000000000000000000000000000000000000000000000000000000000000000000000000000000000644901265145621	0.834633114705221	0.436	0.351	0.00000000000000000000000000000000000000000000000000000000000000000000000000000000000000000000000000000000000000000000297312381257434	0	/	AT1G57660;AT1G57860
Cau.Cau5AG003545	0.000000000000000000000000000000000000000000000000000000000000000000000000000000000000000000000000000000000000000000009111336964218	0.975054236538397	0.25	0.144	0.000000000000000000000000000000000000000000000000000000000000000000000000000000000000000000000000000000000000000420050856724378	0	/	/
Cau.Cau5AG001851	0.000000000000000000000000000000000000000000000000000000000000000000000000000000000000000000000000000000000000000292114522717265	0.5518146162369	0.646	0.615	0.0000000000000000000000000000000000000000000000000000000000000000000000000000000000000000000000000000000000134670637263114	0	/	AT4G10040
Cau.Cau3AG000163	0.0000000000000000000000000000000000000000000000000000000000000000000000000000000000000000000000000000000000000115576922183135	0.911997615948981	0.36	0.273	0.000000000000000000000000000000000000000000000000000000000000000000000000000000000000000000000000000000000532832726648689	0	/	AT1G75950
Cau.Cau8AG001390	0.000000000000000000000000000000000000000000000000000000000000000000000000000000000000000000000000000000000000393281631455463	0.713868824150605	0.478	0.412	0.0000000000000000000000000000000000000000000000000000000000000000000000000000000000000000000000000000000181310697733598	0	/	/
Cau.Cau6AG001239	0.00000000000000000000000000000000000000000000000000000000000000000000000000000000000000000000000000000000000648100076822989	1.07970372411679	0.251	0.153	0.000000000000000000000000000000000000000000000000000000000000000000000000000000000000000000000000000000298787097416935	0	/	AT5G01600
Cau.Cau3AG000073	0.000000000000000000000000000000000000000000000000000000000000000000000000000000000000000000000000000314139348291634	0.978375729167206	0.306	0.219	0.0000000000000000000000000000000000000000000000000000000000000000000000000000000000000000000000144824522349409	0	/	AT1G20693;AT1G20696
Cau.Cau7BG002081	0.000000000000000000000000000000000000000000000000000000000000000000000000000000000000000000000000420391810198938	0.373467261700168	0.844	0.851	0.0000000000000000000000000000000000000000000000000000000000000000000000000000000000000000000193809032337914	0	transcript:AT1G26910.1	AT1G14320;AT1G26910;AT1G66580
Cau.Cau2AG002303	0.00000000000000000000000000000000000000000000000000000000000000000000000000000000000000000000090215268505455	0.749265278115515	0.429	0.353	0.0000000000000000000000000000000000000000000000000000000000000000000000000000000000000000415910430863848	0	/	/
Cau.Cau6AG000780	0.0000000000000000000000000000000000000000000000000000000000000000000000000000000000000000000796071163627349	0.710096508282877	0.463	0.401	0.0000000000000000000000000000000000000000000000000000000000000000000000000000000000000036700472785548	0	/	AT2G36170;AT3G52590
Cau.Cau3BG000075	0.00000000000000000000000000000000000000000000000000000000000000000000000000000000000000000065075218416996	0.886223537250897	0.351	0.278	0.0000000000000000000000000000000000000000000000000000000000000000000000000000000000000300009771946035	0	/	AT1G20693;AT1G20696
Cau.Cau9BG001774	0.0000000000000000000000000000000000000000000000000000000000000000000000000000000000000000039849720997073	0.350683988148474	0.714	0.648	0.000000000000000000000000000000000000000000000000000000000000000000000000000000000000183715183740706	0	/	AT3G16660;AT3G16670
Cau.Cau6BG000617	0.000000000000000000000000000000000000000000000000000000000000000000000000000000000000000410623831215623	0.378636183416486	0.78	0.793	0.0000000000000000000000000000000000000000000000000000000000000000000000000000000000189305798667027	0	/	/
Cau.Cau6BG000480	0.000000000000000000000000000000000000000000000000000000000000000000000000000000000000000986442925814183	0.900901208689782	0.287	0.202	0.0000000000000000000000000000000000000000000000000000000000000000000000000000000000454769917658855	0	/	AT1G48590;AT1G73580;AT3G17980
Cau.Cau2BG002605	0.0000000000000000000000000000000000000000000000000000000000000000000000000000000000000175080125811439	0.843558627040337	0.35	0.278	0.000000000000000000000000000000000000000000000000000000000000000000000000000000000807154396015895	0	/	AT5G46250
Cau.Cau5BG001569	0.000000000000000000000000000000000000000000000000000000000000000000000000000000000000232459344380899	0.901301156559455	0.274	0.193	0.0000000000000000000000000000000000000000000000000000000000000000000000000000000107168406946482	0	/	AT2G36170;AT3G52590
Cau.Cau7AG001985	0.00000000000000000000000000000000000000000000000000000000000000000000000000000000000216725217945272	0.750072490309512	0.404	0.338	0.0000000000000000000000000000000000000000000000000000000000000000000000000000000999146599771292	0	/	AT2G39460;AT3G55280
Cau.Cau3AG000619	0.00000000000000000000000000000000000000000000000000000000000000000000000000000000204343910294534	1.10748114601368	0.254	0.175	0.0000000000000000000000000000000000000000000000000000000000000000000000000000942066295239859	0	/	AT4G02450
Cau.Cau9AG000874	0.0000000000000000000000000000000000000000000000000000000000000000000000000000000387012211274593	0.863684932122751	0.272	0.191	0.00000000000000000000000000000000000000000000000000000000000000000000000000178420369641813	0	/	AT3G23810;AT4G13940
Cau.Cau2BG000712	0.000000000000000000000000000000000000000000000000000000000000000000000000000000126234342414436	0.807322471543261	0.325	0.25	0.00000000000000000000000000000000000000000000000000000000000000000000000000581965565399034	0	transcript:AT5G45775.2	AT2G42740;AT3G58700;AT4G18730;AT5G45775
Cau.Cau9BG001286	0.000000000000000000000000000000000000000000000000000000000000000000000000000000134498723390172	0.701870865378481	0.435	0.376	0.00000000000000000000000000000000000000000000000000000000000000000000000000620066014573371	0	/	/
Cau.Cau8AG001058	0.0000000000000000000000000000000000000000000000000000000000000000000000000000493989385601139	0.817154497900888	0.334	0.265	0.00000000000000000000000000000000000000000000000000000000000000000000000227738986549837	0	/	AT1G36240;AT1G77940;AT3G18740
Cau.Cau4AG000183	0.000000000000000000000000000000000000000000000000000000000000000000000000020515937981456	0.425130626604024	0.62	0.58	0.000000000000000000000000000000000000000000000000000000000000000000000945825772821084	0	/	AT3G48930;AT5G23740
Cau.Cau5BG002826	0.000000000000000000000000000000000000000000000000000000000000000000000000949629027800848	0.546409418117643	0.294	0.202	0.0000000000000000000000000000000000000000000000000000000000000000000437797974396747	0	/	/
Cau.Cau9BG001863	0.00000000000000000000000000000000000000000000000000000000000000000000000284551218369312	0.815079776729544	0.299	0.228	0.00000000000000000000000000000000000000000000000000000000000000000013118380269262	0	transcript:AT3G06700.3	AT3G06680;AT3G06700
Cau.Cau3BG001988	0.000000000000000000000000000000000000000000000000000000000000000000292134200131429	0.703547731561409	0.379	0.319	0.0000000000000000000000000000000000000000000000000000000000000134679708944591	0	/	AT4G25890;AT5G57290
Cau.Cau8AG001758	0.00000000000000000000000000000000000000000000000000000000000000000189528866784965	0.726019198037841	0.351	0.287	0.0000000000000000000000000000000000000000000000000000000000000873765981652047	0	/	AT1G07770;AT5G59850
Cau.Cau9AG001788	0.000000000000000000000000000000000000000000000000000000000000000011344332131318	0.829481819295372	0.255	0.187	0.000000000000000000000000000000000000000000000000000000000000522996399918023	0	/	AT3G06680;AT3G06700
Cau.Cau2AG000399	0.0000000000000000000000000000000000000000000000000000000000000000160441627954242	0.828099706319951	0.263	0.192	0.000000000000000000000000000000000000000000000000000000000000739667993194647	0	/	/
Cau.Cau8BG001449	0.000000000000000000000000000000000000000000000000000000000000753449386793252	0.786341978778937	0.303	0.242	0.0000000000000000000000000000000000000000000000000000000347355236299425	0	/	/
Cau.Cau9AG001317	0.0000000000000000000000000000000000000000000000000000000000014914863544158	0.798609585938665	0.305	0.249	0.0000000000000000000000000000000000000000000000000000000687605039112774	0	/	/
Cau.Cau6AG001376	0.0000000000000000000000000000000000000000000000000000000000112429370251556	0.744762065462282	0.328	0.273	0.000000000000000000000000000000000000000000000000000000518321882733724	0	/	/
Cau.Cau9BG000185	0.000000000000000000000000000000000000000000000000000000000119268725119148	0.683419892892335	0.274	0.205	0.00000000000000000000000000000000000000000000000000000549852676544298	0	/	/
Cau.Cau8BG001414	0.000000000000000000000000000000000000000000000000000000000141444365617017	0.644556818908836	0.394	0.345	0.00000000000000000000000000000000000000000000000000000652086814367572	0	transcript:AT5G22440.2	AT5G22440
Cau.Cau3AG000637	0.000000000000000000000000000000000000000000000000000000000522284652464809	0.625342001269977	0.46	0.431	0.0000000000000000000000000000000000000000000000000000240783670479326	0	transcript:AT1G71697.1	AT1G71697;AT4G09760
Cau.Cau8BG000321	0.0000000000000000000000000000000000000000000000000000000547374016513547	0.779825210684454	0.311	0.257	0.00000000000000000000000000000000000000000000000000252350369093075	0	/	/
Cau.Cau8AG001738	0.0000000000000000000000000000000000000000000000000000369107542324815	0.743515694374415	0.284	0.227	0.00000000000000000000000000000000000000000000000170165959162586	0	/	/
Cau.Cau9AG001179	0.000000000000000000000000000000000000000000000000000071626044485693	0.843971867644449	0.315	0.266	0.00000000000000000000000000000000000000000000000330210390287942	0	transcript:AT4G14305.1	AT4G14305
Cau.Cau7BG002015	0.000000000000000000000000000000000000000000000000000223360061900056	0.740906417447371	0.345	0.302	0.0000000000000000000000000000000000000000000000102973455737164	0	/	/
Cau.Cau2AG002611	0.00000000000000000000000000000000000000000000000000737756779891402	0.728239579138884	0.311	0.262	0.000000000000000000000000000000000000000000000340120630665534	0	transcript:AT5G46250.1	AT5G46250
Cau.Cau3AG001062	0.0000000000000000000000000000000000000000000000000102124754758786	0.691936900692427	0.352	0.303	0.000000000000000000000000000000000000000000000470815544388956	0	/	AT4G24380
Cau.Cau8AG001681	0.0000000000000000000000000000000000000000000000000242023170158879	0.753843843949723	0.303	0.255	0.00000000000000000000000000000000000000000000111577521906646	0	/	AT5G02960
Cau.Cau8BG001758	0.0000000000000000000000000000000000000000000000000621095434933012	0.75080861354569	0.282	0.228	0.00000000000000000000000000000000000000000000286337417412817	0	/	/
Cau.Cau8AG000165	0.00000000000000000000000000000000000000000000000899706480199402	0.710513988512795	0.335	0.285	0.000000000000000000000000000000000000000000414782681501529	0	/	/
Cau.Cau1BG000008	0.0000000000000000000000000000000000000000000124352855067971	0.722386311441856	0.299	0.254	0.000000000000000000000000000000000000000573291532434358	0	transcript:AT4G35460.1	AT2G17420;AT4G35460
Cau.Cau5BG003056	0.0000000000000000000000000000000000000000000323010866540804	0.699639235745203	0.291	0.242	0.00000000000000000000000000000000000000148914469692642	0	transcript:AT3G05560.3	AT3G05560;AT5G27770
Cau.Cau7BG000179	0.0000000000000000000000000000000000000000620694492784875	0.40573668513793	0.503	0.473	0.00000000000000000000000000000000000286152575063683	0	/	AT5G43300
Cau.Cau5BG003120	0.0000000000000000000000000000000000000000629968215964035	0.728266952004836	0.269	0.221	0.0000000000000000000000000000000000029042794692374	0	/	/
Cau.Cau8BG001799	0.000000000000000000000000000000000000000606154633595858	0.714704750432722	0.269	0.226	0.0000000000000000000000000000000000279449409180362	0	transcript:AT5G59300.1	AT3G46460;AT5G59300
Cau.Cau5BG000697	0.000000000000000000000000000000000000000785531441949401	0.381421556769562	0.614	0.639	0.0000000000000000000000000000000000362145705367513	0	/	/
Cau.Cau6BG000776	0.0000000000000000000000000000000000000148655930715849	0.601831713194479	0.381	0.352	0.000000000000000000000000000000000685333571786208	0	transcript:AT3G52590.1	AT2G36170;AT3G52590
Cau.Cau3BG001380	0.0000000000000000000000000000000000000606434003327454	0.54193477549206	0.385	0.355	0.00000000000000000000000000000000279578204214023	0	/	/
Cau.Cau3BG001061	0.000000000000000000000000000000000000928392045728673	0.687665006336146	0.259	0.211	0.0000000000000000000000000000000428007300921833	0	transcript:AT4G24380.3	AT4G24380
Cau.Cau5AG000383	0.0000000000000000000000000000000020378056636708	0.546125896465134	0.405	0.401	0.0000000000000000000000000000939469167065513	0	/	AT3G48140
Cau.Cau4AG000046	0.00000000000000000000000000000000935721707104324	0.710061701595138	0.291	0.256	0.000000000000000000000000000431386421409235	0	transcript:AT4G31420.1	AT2G24500;AT4G31420
Cau.Cau8BG000621	0.0000000000000000000000000000000321294911866536	0.455415664825592	0.493	0.495	0.0000000000000000000000000014812338026871	0	transcript:AT2G21660.2	AT2G21660;AT4G39260
Cau.Cau6AG000035	0.000000000000000000000000000000558628770831073	0.605378086283207	0.332	0.311	0.0000000000000000000000000257539035928541	0	/	AT3G02080;AT5G15520;AT5G61170
Cau.Cau5AG000460	0.000000000000000000000000000001057494958174	0.639891029439876	0.341	0.317	0.0000000000000000000000000487526325617377	0	transcript:AT5G17990.1	AT5G17990
Cau.Cau2AG002271	0.00000000000000000000000000000117119648725109	0.534005450485436	0.261	0.216	0.0000000000000000000000000539945004552499	0	/	/
Cau.Cau7AG001411	0.00000000000000000000000000000150775604147185	0.500618485337957	0.376	0.353	0.0000000000000000000000000695105690239354	0	/	AT2G47610;AT3G62870
Cau.Cau6BG001005	0.0000000000000000000000000000101593278020327	0.562151610298272	0.328	0.302	0.000000000000000000000000468365330329312	0	transcript:AT2G17390.1	AT2G17390;AT4G35450
Cau.Cau1AG002038	0.0000000000000000000000000000688758596008101	0.61536733156734	0.307	0.279	0.00000000000000000000000317531487931655	0	/	AT1G36240;AT1G77940;AT3G18740
Cau.Cau7AG000043	0.00000000000000000000000000817932856738728	0.473031794593936	0.405	0.395	0.000000000000000000000377083405613688	0	/	/
Cau.Cau5AG003318	0.0000000000000000000000000168695710233094	0.523279429820557	0.317	0.29	0.000000000000000000000777720963316609	0	transcript:AT1G02305.1	AT1G02300;AT1G02305;AT4G01610
Cau.Cau9AG000714	0.00000000000000000000000543961892506585	0.471387230036182	0.431	0.435	0.000000000000000000250777311683386	0	/	AT3G10300;AT5G04170
Cau.Cau2AG000809	0.0000000000000000000000711373042423501	0.330683765659376	0.516	0.528	0.00000000000000000327957200018083	0	/	/
Cau.Cau5BG001192	0.0000000000000000000170805687831148	0.581549015677501	0.297	0.283	0.000000000000000787448382039158	0	/	/
Cau.Cau2AG002560	0.00000000000000000255504507919368	0.415980778701693	0.389	0.385	0.000000000000117792688240987	0	/	AT4G18100;AT5G46430
Cau.Cau1AG000114	0.00000000000000000673676933852898	0.54806835941622	0.29	0.275	0.000000000000310578540044863	0	/	/
Cau.Cau5AG002203	0.00000000000000000771624896889387	0.445683486141462	0.393	0.401	0.000000000000355734509963945	0	/	AT3G23390;AT4G14320
Cau.Cau2AG000415	0.0000000000000000153697780363596	0.59108639407154	0.251	0.233	0.00000000000070857750703225	0	transcript:AT5G21090.1	AT3G43740;AT5G21090
Cau.Cau7BG001431	0.000000000000000103939597969549	0.383425834569067	0.418	0.425	0.00000000000479182334559215	0	transcript:AT3G62870.1	AT2G47610;AT3G62870
Cau.Cau3AG001388	0.00000000000000274578444736715	0.380410284254402	0.392	0.398	0.000000000126586154592521	0	/	/
Cau.Cau6BG000459	0.00000000000000595566677614373	0.629558996750385	0.275	0.257	0.000000000274568149713778	0	transcript:AT5G37840.1	AT1G66480;AT5G37840
Cau.Cau5BG001294	0.0000000000000135765907923785	0.556847464932438	0.261	0.246	0.000000000625907988710231	0	/	AT1G16916
Cau.Cau5BG000723	0.0000000000000631228391395861	0.547230087639457	0.265	0.254	0.0000000029100891300132	0	/	AT4G17440
Cau.Cau6BG000033	0.000000000000158896863496867	0.523265037024139	0.281	0.275	0.00000000732546320093257	0	/	AT3G02080;AT5G15520;AT5G61170
Cau.Cau8AG001426	0.00000000000017608642267221	0.526963524770536	0.283	0.277	0.00000000811793625803424	0	transcript:AT3G44590.2	/
Cau.Cau1BG000130	0.00000000000132519511152915	0.468652990304094	0.36	0.373	0.000000061094145031717	0	/	AT2G17820
Cau.Cau1BG001338	0.00000000000340148052139225	0.311728048465387	0.459	0.467	0.000000156815054997225	0	/	AT1G52565;AT3G15760
Cau.Cau5BG000385	0.0000000000293277671408444	0.482074235650062	0.3	0.305	0.00000135206872072721	0	transcript:AT3G48140.1	AT3G48140
Cau.Cau5AG003104	0.000000000588054443669874	0.459283324543068	0.268	0.263	0.0000271104859620685	0	/	AT3G05560;AT5G27770
Cau.Cau9BG000736	0.000000000992348976183879	0.418951984776816	0.347	0.362	0.0000457492725000292	0	transcript:AT3G10300.3	AT3G10300;AT5G04170
Cau.Cau9AG000876	0.0000000139224722343232	0.269301709326763	0.432	0.447	0.000641853814946768	0	/	AT1G74230;AT3G23830;AT4G13850
Cau.Cau4BG001770	0.0000000266151966746099	0.493204824025578	0.251	0.248	0.00122701379709287	0	transcript:AT3G43190.2	AT3G43190;AT5G20830
Cau.Cau4AG001028	0.00000126082707851319	0.426617803774288	0.296	0.307	0.058126649973615	0	/	/
Cau.Cau5AG000695	0.00000214557363902512	0.28270374143546	0.517	0.581	0.0989152359063359	0	/	/
Cau.Cau4BG000786	0.0000153915199776678	0.326928797083135	0.316	0.325	0.709579854010439	0	transcript:AT1G33140.1	AT1G33120;AT1G33140;AT4G10450
Cau.Cau6BG000365	0.0000926102089261918	0.300686069617807	0.507	0.568	1	0	transcript:AT5G16110.1	AT3G02555;AT5G16110
Cau.Cau9BG001255	0.000151846605728458	0.421422431587891	0.283	0.299	1	0	/	/
Cau.Cau2BG000801	0.000357782485744913	0.372049894813724	0.378	0.419	1	0	transcript:AT5G14040.1	AT5G14040
Cau.Cau4BG002031	0.00055974555150185	0.250864096267435	0.283	0.285	1	0	/	AT4G29930;AT5G57150
Cau.Cau5AG001988	0.000622632535951037	0.398185626844501	0.276	0.294	1	0	transcript:AT2G36620.1	/
Cau.Cau7AG000313	0.00118662173502819	0.450388500775773	0.241	0.255	1	0	/	/
Cau.Cau7BG002273	0.00149938960590791	0.366756392289993	0.287	0.306	1	0	transcript:AT2G40010.1	AT2G40010;AT3G09200;AT3G11250
Cau.Cau9AG000938	0.0024777102696757	0.340447602745678	0.364	0.402	1	0	transcript:AT3G24100.1	AT3G24100;AT4G13615
Cau.Cau8BG001412	0.00664730387525713	0.259324832096383	0.28	0.29	1	0	transcript:AT2G27500.1	AT2G27500
Cau.Cau8AG001239	0	4.44317566399694	0.452	0.059	0	1	/	AT3G04720
Cau.Cau8AG001241	0	3.56957346558015	0.329	0.035	0	1	/	AT3G04720
Cau.Cau8BG001257	0	3.37413257569747	0.364	0.045	0	1	/	AT3G04720
Cau.Cau8BG001255	0	3.11510031770964	0.573	0.103	0	1	transcript:AT3G04720.1	AT3G04720
Cau.Cau1BG000380	0	2.7752725001139	0.681	0.184	0	1	/	AT5G66930
Cau.Cau9BG001600	0	2.32092366411173	0.623	0.177	0	1	/	/
Cau.Cau4BG001931	0	2.2438453388928	0.321	0.035	0	1	/	/
Cau.Cau9BG001705	0	2.0256517685364	0.598	0.154	0	1	/	AT4G15610
Cau.Cau8BG001258	0	2.00749283138685	0.435	0.092	0	1	/	/
Cau.Cau5AG000739	0	1.93743026335853	0.406	0.052	0	1	transcript:AT4G17370.1	AT4G17370
Cau.Cau2BG001382	0	1.90423235756579	0.75	0.232	0	1	/	/
Cau.Cau6AG001390	0	1.87708799129194	0.688	0.242	0	1	/	/
Cau.Cau9AG001620	0	1.79884894666582	0.696	0.206	0	1	/	AT4G15610
Cau.Cau2BG002307	0	1.79002464170642	0.428	0.081	0	1	/	AT1G11100;AT1G61140
Cau.Cau5BG000740	0	1.7584319090353	0.364	0.046	0	1	/	AT4G17370
Cau.Cau1AG000843	0	1.60749178899151	0.436	0.09	0	1	transcript:AT3G13790.1	AT1G55120;AT3G13784;AT3G13790
Cau.Cau1BG000862	0	1.59447999923838	0.387	0.081	0	1	/	AT1G55120;AT3G13784;AT3G13790
CP0029	0	1.58793503278653	0.797	0.398	0	1	/	/
CP0001	0	1.58536848503122	0.802	0.373	0	1	/	/
Cau.Cau5BG002109	0	1.57989899249979	0.442	0.101	0	1	transcript:AT3G54420.1	AT3G54420
CP0004	0	1.56369972244886	0.93	0.582	0	1	/	/
Cau.Cau5AG001026	0	1.56029943345358	0.253	0.026	0	1	/	/
Cau.Cau8AG001242	0	1.55942978236755	0.469	0.137	0	1	/	/
CP0021	0	1.55046879739587	0.569	0.205	0	1	/	/
Cau.Cau9BG001232	0	1.51926737674601	0.532	0.197	0	1	/	AT2G05620
Cau.Cau5AG002175	0	1.50525656005394	0.324	0.058	0	1	/	AT3G54420
Cau.Cau8BG000636	0	1.48717171078453	0.445	0.207	0	1	/	/
Cau.Cau6BG001391	0	1.48073478024561	0.287	0.089	0	1	/	/
Cau.Cau7BG000265	0	1.48030599692889	0.464	0.132	0	1	/	AT2G02990
Cau.Cau3AG001708	0	1.47211841022101	0.457	0.19	0	1	/	AT4G19420
CP0020	0	1.47155842111582	0.847	0.484	0	1	/	/
CP0017	0	1.44687947514168	0.762	0.346	0	1	/	/
CP0048	0	1.43697377858122	0.747	0.331	0	1	/	/
Cau.Cau2AG002318	0	1.4284411646327	0.359	0.078	0	1	transcript:AT1G61140.1	AT1G11100;AT1G61140
CP0052	0	1.41282402804371	0.771	0.367	0	1	/	/
CP0016	0	1.40696289675014	0.552	0.202	0	1	/	/
Cau.Cau9BG001152	0	1.39996424048917	0.324	0.119	0	1	/	/
CP0026	0	1.39392305466786	0.798	0.407	0	1	/	/
Cau.Cau8BG000986	0	1.38684124336972	0.294	0.057	0	1	transcript:AT5G47910.1	AT5G47910
Cau.Cau1BG001022	0	1.37821245318464	0.702	0.303	0	1	/	/
Cau.Cau5BG000968	0	1.37063057867483	0.451	0.14	0	1	transcript:AT1G18720.1	AT1G18720;AT1G74440
CP0078	0	1.36954912190716	0.739	0.4	0	1	/	/
CP0053	0	1.36806138328286	0.655	0.275	0	1	/	/
Cau.Cau8AG000989	0	1.36566514718404	0.318	0.068	0	1	/	AT5G47910
Cau.Cau4AG000051	0	1.36518367127843	0.393	0.101	0	1	transcript:AT2G24520.2	/
Cau.Cau9AG000424	0	1.33707985472248	0.403	0.107	0	1	/	/
Cau.Cau6AG000703	0	1.33541308478947	0.973	0.718	0	1	transcript:AT2G36380.1	/
Cau.Cau3AG001646	0	1.33279348003409	0.296	0.072	0	1	/	/
Cau.Cau7BG001969	0	1.32343194205589	0.341	0.104	0	1	/	AT2G39400;AT2G39410;AT2G39420;AT3G55180;AT3G55190
CP0073	0	1.31956291217494	0.703	0.373	0	1	/	/
Cau.Cau7AG000271	0	1.30121813916585	0.472	0.143	0	1	transcript:AT2G02990.1	AT2G02990
Cau.Cau1AG001001	0	1.28645207622883	0.675	0.302	0	1	transcript:AT1G72330.1	AT1G17290;AT1G72330
Cau.Cau3AG000192	0	1.23400800920878	0.347	0.1	0	1	/	AT1G20030;AT1G75800
CP0005	0	1.2290626927386	0.905	0.567	0	1	/	/
Cau.Cau6BG000700	0	1.21309325499175	0.959	0.74	0	1	/	/
CP0051	0	1.21223667939042	0.45	0.152	0	1	/	/
CP0032	0	1.19274400898305	0.512	0.21	0	1	/	/
Cau.Cau4BG000053	0	1.19049526771009	0.329	0.091	0	1	/	/
Cau.Cau3AG000998	0	1.16367840124538	0.274	0.073	0	1	/	AT1G34750
Cau.Cau3AG001740	0	1.16289614117767	0.304	0.087	0	1	/	AT3G22360;AT3G22370;AT3G27620
Cau.Cau3AG001138	0	1.16120945741438	0.609	0.26	0	1	/	/
Cau.Cau9AG001620	0	1.1520163575333	0.27	0.076	0	1	/	AT4G15610
Cau.Cau6BG001444	0	1.14227414170643	0.828	0.481	0	1	transcript:AT2G37790.1	/
Cau.Cau4AG000420	0	1.13339492192985	0.795	0.478	0	1	/	/
Cau.Cau3AG000998	0	1.10813836305945	0.537	0.23	0	1	/	AT1G34750
CP0076	0	1.10056360465369	0.594	0.27	0	1	/	/
Cau.Cau2BG000165	0	1.07518407108686	0.366	0.126	0	1	/	/
CP0041	0	1.07449033660565	0.636	0.312	0	1	/	/
Cau.Cau2AG001206	0	1.07260960510506	0.605	0.286	0	1	/	AT2G05710;AT4G26970;AT4G35830;AT5G54950
Cau.Cau5BG000821	0	1.06717852993776	0.727	0.405	0	1	transcript:AT1G62790.2	AT1G62790
Cau.Cau7AG001956	0	1.06125532105431	0.346	0.129	0	1	transcript:AT2G39420.1	AT2G39400;AT2G39410;AT2G39420;AT3G55180;AT3G55190
CP0007	0	1.05897002490237	0.787	0.473	0	1	/	/
CP0077	0	1.04725193117042	0.579	0.266	0	1	/	/
CP0079	0	1.04268443094476	0.335	0.126	0	1	/	/
Cau.Cau2BG000243	0	1.03418938498886	0.377	0.142	0	1	/	AT5G19855
CP0049	0	1.03028286061824	0.254	0.074	0	1	/	/
Cau.Cau2BG002677	0	1.02250959699305	0.41	0.169	0	1	transcript:AT1G62300.1	AT1G62300;AT4G04450;AT4G22070
CP0036	0	1.02118268433228	0.377	0.149	0	1	/	/
Cau.Cau2AG000247	0	1.01677324155636	0.375	0.139	0	1	transcript:AT5G19855.1	AT5G19855
CP0037	0	1.00768823675016	0.469	0.199	0	1	/	/
Cau.Cau5AG001012	0	1.00730824895704	0.471	0.195	0	1	/	AT5G07880;AT5G61210
Cau.Cau2AG000589	0	0.992576668454189	0.586	0.268	0	1	transcript:AT5G14420.2	AT1G24545;AT1G67800;AT3G01650;AT5G14420
CP0034	0	0.97361593901017	0.562	0.286	0	1	/	/
Cau.Cau5BG001014	0	0.96314408275332	0.496	0.219	0	1	transcript:AT5G61210.2	AT5G07880;AT5G61210
Cau.Cau5BG001437	0	0.963132371905404	0.484	0.227	0	1	/	/
CP0018	0	0.957893119263166	0.426	0.177	0	1	/	/
Cau.Cau4BG002083	0	0.949077990189938	0.253	0.07	0	1	transcript:AT4G30190.1	AT1G80660;AT2G07560;AT2G18960;AT2G24520;AT3G42640;AT4G11730;AT4G30190;AT5G57350
CP0039	0	0.924962355347427	0.75	0.434	0	1	/	/
CP0006	0	0.923673686424853	0.712	0.399	0	1	/	/
Cau.Cau6BG000257	0	0.911686519227587	0.278	0.086	0	1	transcript:AT5G38900.2	AT5G38900
Cau.Cau2BG000426	0	0.90365578680386	0.678	0.384	0	1	/	/
Cau.Cau2BG001212	0	0.88172650081412	0.539	0.281	0	1	transcript:AT2G05710.1	/
Cau.Cau2BG000597	0	0.873724313352337	0.666	0.359	0	1	/	AT1G24545;AT1G67800;AT3G01650;AT5G14420
Cau.Cau6AG001320	0	0.849063180544727	0.313	0.106	0	1	/	/
Cau.Cau2AG000420	0	0.846506947192029	0.541	0.273	0	1	transcript:AT2G27030.3	/
Cau.Cau7AG001997	0	0.822989269645782	0.887	0.502	0	1	/	/
Cau.Cau2BG002049	0	0.769650736750638	0.862	0.61	0	1	transcript:AT4G20830.1	AT1G01980;AT1G11770;AT1G30740;AT4G20830;AT4G20840
CP0002	0	0.741707225659319	0.879	0.6	0	1	/	/
Cau.Cau5BG002532	0.000000000000000000000000000000000000000000000000000000000000000000000000000000000000000000000000000000000000000000000000000000000000000000000000000000000000000000000000000000000000000000000000000000000000000000000000000000000000000000000000000000000000000000000000000000000000000000000000000000000000000131726238310203	0.558352220062281	0.797	0.49	0.00000000000000000000000000000000000000000000000000000000000000000000000000000000000000000000000000000000000000000000000000000000000000000000000000000000000000000000000000000000000000000000000000000000000000000000000000000000000000000000000000000000000000000000000000000000000000000000000000000000000607284303857698	1	/	/
Cau.Cau6BG001314	0.000000000000000000000000000000000000000000000000000000000000000000000000000000000000000000000000000000000000000000000000000000000000000000000000000000000000000000000000000000000000000000000000000000000000000000000000000000000000000000000000000000000000000000000000000000000000000000000000000000000000158658615801398	0.836246210898062	0.373	0.149	0.00000000000000000000000000000000000000000000000000000000000000000000000000000000000000000000000000000000000000000000000000000000000000000000000000000000000000000000000000000000000000000000000000000000000000000000000000000000000000000000000000000000000000000000000000000000000000000000000000000000731447950567605	1	transcript:AT3G51880.2	/
Cau.Cau7AG001676	0.00000000000000000000000000000000000000000000000000000000000000000000000000000000000000000000000000000000000000000000000000000000000000000000000000000000000000000000000000000000000000000000000000000000000000000000000000000000000000000000000000000000000000000000000000000000000000000000000000000000000275194520195709	0.743983228626632	0.682	0.418	0.000000000000000000000000000000000000000000000000000000000000000000000000000000000000000000000000000000000000000000000000000000000000000000000000000000000000000000000000000000000000000000000000000000000000000000000000000000000000000000000000000000000000000000000000000000000000000000000000000000126870177700626	1	transcript:AT1G66240.1	AT1G66240
Cau.Cau9BG000421	0.000000000000000000000000000000000000000000000000000000000000000000000000000000000000000000000000000000000000000000000000000000000000000000000000000000000000000000000000000000000000000000000000000000000000000000000000000000000000000000000000000000000000000000000000000000000000000000000000000000473713882232767	1.88631409627649	0.337	0.143	0.000000000000000000000000000000000000000000000000000000000000000000000000000000000000000000000000000000000000000000000000000000000000000000000000000000000000000000000000000000000000000000000000000000000000000000000000000000000000000000000000000000000000000000000000000000000000000000000000021839157398695	1	transcript:AT5G62360.1	AT5G62360
Cau.Cau5AG003028	0.000000000000000000000000000000000000000000000000000000000000000000000000000000000000000000000000000000000000000000000000000000000000000000000000000000000000000000000000000000000000000000000000000000000000000000000000000000000000000000000000000000000000000000000000000000000000000000000000000000802796398566711	0.944935495683927	0.284	0.096	0.0000000000000000000000000000000000000000000000000000000000000000000000000000000000000000000000000000000000000000000000000000000000000000000000000000000000000000000000000000000000000000000000000000000000000000000000000000000000000000000000000000000000000000000000000000000000000000000000000370105195667225	1	/	/
Cau.Cau1BG000655	0.0000000000000000000000000000000000000000000000000000000000000000000000000000000000000000000000000000000000000000000000000000000000000000000000000000000000000000000000000000000000000000000000000000000000000000000000000000000000000000000000000000000000000000000000000000000000000000000000000116912102317884	0.652702702777527	0.76	0.508	0.000000000000000000000000000000000000000000000000000000000000000000000000000000000000000000000000000000000000000000000000000000000000000000000000000000000000000000000000000000000000000000000000000000000000000000000000000000000000000000000000000000000000000000000000000000000000000000000538988174105908	1	/	/
Cau.Cau5AG001594	0.00000000000000000000000000000000000000000000000000000000000000000000000000000000000000000000000000000000000000000000000000000000000000000000000000000000000000000000000000000000000000000000000000000000000000000000000000000000000000000000000000000000000000000000000000000000000000000000023000875607664	0.869585955452356	0.293	0.103	0.0000000000000000000000000000000000000000000000000000000000000000000000000000000000000000000000000000000000000000000000000000000000000000000000000000000000000000000000000000000000000000000000000000000000000000000000000000000000000000000000000000000000000000000000000000000000000000106038636726453	1	/	/
Cau.Cau2AG000750	0.000000000000000000000000000000000000000000000000000000000000000000000000000000000000000000000000000000000000000000000000000000000000000000000000000000000000000000000000000000000000000000000000000000000000000000000000000000000000000000000000000000000000000000000000000000000000000000311542199544333	0.85242437885793	0.345	0.136	0.0000000000000000000000000000000000000000000000000000000000000000000000000000000000000000000000000000000000000000000000000000000000000000000000000000000000000000000000000000000000000000000000000000000000000000000000000000000000000000000000000000000000000000000000000000000000000143627184833928	1	/	/
CP0060	0.00000000000000000000000000000000000000000000000000000000000000000000000000000000000000000000000000000000000000000000000000000000000000000000000000000000000000000000000000000000000000000000000000000000000000000000000000000000000000000000000000000000000000000000000000000000000000000530746478316501	0.598302608628178	0.794	0.54	0.000000000000000000000000000000000000000000000000000000000000000000000000000000000000000000000000000000000000000000000000000000000000000000000000000000000000000000000000000000000000000000000000000000000000000000000000000000000000000000000000000000000000000000000000000000000000244684741433473	1	/	/
Cau.Cau6BG000495	0.00000000000000000000000000000000000000000000000000000000000000000000000000000000000000000000000000000000000000000000000000000000000000000000000000000000000000000000000000000000000000000000000000000000000000000000000000000000000000000000000000000000000000000000000000000000000000000931460123847921	0.812869658139645	0.298	0.105	0.000000000000000000000000000000000000000000000000000000000000000000000000000000000000000000000000000000000000000000000000000000000000000000000000000000000000000000000000000000000000000000000000000000000000000000000000000000000000000000000000000000000000000000000000000000000000429421746296369	1	transcript:AT5G37600.1	AT1G66200;AT5G16570;AT5G37600
Cau.Cau3BG001000	0.000000000000000000000000000000000000000000000000000000000000000000000000000000000000000000000000000000000000000000000000000000000000000000000000000000000000000000000000000000000000000000000000000000000000000000000000000000000000000000000000000000000000000000000000000000000000126885318945123	0.837248315486647	0.413	0.188	0.00000000000000000000000000000000000000000000000000000000000000000000000000000000000000000000000000000000000000000000000000000000000000000000000000000000000000000000000000000000000000000000000000000000000000000000000000000000000000000000000000000000000000000000000000000000584966697400804	1	transcript:AT1G34750.3	AT1G34750
CP0038	0.0000000000000000000000000000000000000000000000000000000000000000000000000000000000000000000000000000000000000000000000000000000000000000000000000000000000000000000000000000000000000000000000000000000000000000000000000000000000000000000000000000000000000000000000000000000236954025904664	0.746334276961592	0.427	0.195	0.00000000000000000000000000000000000000000000000000000000000000000000000000000000000000000000000000000000000000000000000000000000000000000000000000000000000000000000000000000000000000000000000000000000000000000000000000000000000000000000000000000000000000000000000000109240545022568	1	/	/
Cau.Cau1AG000106	0.00000000000000000000000000000000000000000000000000000000000000000000000000000000000000000000000000000000000000000000000000000000000000000000000000000000000000000000000000000000000000000000000000000000000000000000000000000000000000000000000000000000000000000000000000000026261886511525	0.842512947862613	0.383	0.168	0.0000000000000000000000000000000000000000000000000000000000000000000000000000000000000000000000000000000000000000000000000000000000000000000000000000000000000000000000000000000000000000000000000000000000000000000000000000000000000000000000000000000000000000000000000121072549195433	1	/	/
Cau.Cau6BG001032	0.00000000000000000000000000000000000000000000000000000000000000000000000000000000000000000000000000000000000000000000000000000000000000000000000000000000000000000000000000000000000000000000000000000000000000000000000000000000000000000000000000000000000000000000030480228462551	0.857854973004517	0.349	0.147	0.0000000000000000000000000000000000000000000000000000000000000000000000000000000000000000000000000000000000000000000000000000000000000000000000000000000000000000000000000000000000000000000000000000000000000000000000000000000000000000000000000000000000000000140519949258052	1	transcript:AT2G32260.1	AT2G32260
Cau.Cau3BG002221	0.000000000000000000000000000000000000000000000000000000000000000000000000000000000000000000000000000000000000000000000000000000000000000000000000000000000000000000000000000000000000000000000000000000000000000000000000000000000000000000000000000000000000000000271317439197978	0.792661921084433	0.275	0.097	0.0000000000000000000000000000000000000000000000000000000000000000000000000000000000000000000000000000000000000000000000000000000000000000000000000000000000000000000000000000000000000000000000000000000000000000000000000000000000000000000000000000000000000125082765819052	1	transcript:AT5G49940.1	AT5G49940
Cau.Cau7BG000601	0.000000000000000000000000000000000000000000000000000000000000000000000000000000000000000000000000000000000000000000000000000000000000000000000000000000000000000000000000000000000000000000000000000000000000000000000000000000000000000000000000000000000000000000292936604918613	0.707549164235343	0.763	0.557	0.0000000000000000000000000000000000000000000000000000000000000000000000000000000000000000000000000000000000000000000000000000000000000000000000000000000000000000000000000000000000000000000000000000000000000000000000000000000000000000000000000000000000000135049633599579	1	/	/
Cau.Cau6AG001388	0.0000000000000000000000000000000000000000000000000000000000000000000000000000000000000000000000000000000000000000000000000000000000000000000000000000000000000000000000000000000000000000000000000000000000000000000000000000000000000000000000000000000000000000225519492806883	0.705547396992018	0.526	0.276	0.00000000000000000000000000000000000000000000000000000000000000000000000000000000000000000000000000000000000000000000000000000000000000000000000000000000000000000000000000000000000000000000000000000000000000000000000000000000000000000000000000000000000103968996573829	1	/	AT3G54040
Cau.Cau5AG002334	0.000000000000000000000000000000000000000000000000000000000000000000000000000000000000000000000000000000000000000000000000000000000000000000000000000000000000000000000000000000000000000000000000000000000000000000000000000000000000000000000000000000000196337521726973	0.848701380545421	0.35	0.151	0.00000000000000000000000000000000000000000000000000000000000000000000000000000000000000000000000000000000000000000000000000000000000000000000000000000000000000000000000000000000000000000000000000000000000000000000000000000000000000000000000000000905155242665689	1	/	AT2G31570
Cau.Cau2AG001330	0.0000000000000000000000000000000000000000000000000000000000000000000000000000000000000000000000000000000000000000000000000000000000000000000000000000000000000000000000000000000000000000000000000000000000000000000000000000000000000000000000000000000105571215050822	0.771710570272348	0.438	0.216	0.000000000000000000000000000000000000000000000000000000000000000000000000000000000000000000000000000000000000000000000000000000000000000000000000000000000000000000000000000000000000000000000000000000000000000000000000000000000000000000000000000486704415627297	1	transcript:AT5G35735.1	AT5G35735
Cau.Cau6AG000649	0.0000000000000000000000000000000000000000000000000000000000000000000000000000000000000000000000000000000000000000000000000000000000000000000000000000000000000000000000000000000000000000000000000000000000000000000000000000000000000000000000000000000586492758726135	0.817432207527183	0.328	0.136	0.00000000000000000000000000000000000000000000000000000000000000000000000000000000000000000000000000000000000000000000000000000000000000000000000000000000000000000000000000000000000000000000000000000000000000000000000000000000000000000000000000270384891627923	1	transcript:AT1G65820.2	AT1G65820
Cau.Cau6BG001388	0.00000000000000000000000000000000000000000000000000000000000000000000000000000000000000000000000000000000000000000000000000000000000000000000000000000000000000000000000000000000000000000000000000000000000000000000000000000000000000000000000000000294439550900337	0.755277097808324	0.46	0.23	0.000000000000000000000000000000000000000000000000000000000000000000000000000000000000000000000000000000000000000000000000000000000000000000000000000000000000000000000000000000000000000000000000000000000000000000000000000000000000000000000000135742521756073	1	transcript:AT3G54040.1	AT3G54040
Cau.Cau6BG001273	0.00000000000000000000000000000000000000000000000000000000000000000000000000000000000000000000000000000000000000000000000000000000000000000000000000000000000000000000000000000000000000000000000000000000000000000000000000000000000000000000000000000329065261025142	0.78100881896017	0.259	0.09	0.000000000000000000000000000000000000000000000000000000000000000000000000000000000000000000000000000000000000000000000000000000000000000000000000000000000000000000000000000000000000000000000000000000000000000000000000000000000000000000000000151705666637811	1	transcript:AT3G51800.1	AT3G51800
CP0009	0.00000000000000000000000000000000000000000000000000000000000000000000000000000000000000000000000000000000000000000000000000000000000000000000000000000000000000000000000000000000000000000000000000000000000000000000000000000000000000000000000000023069846416967	0.786623770612263	0.428	0.211	0.0000000000000000000000000000000000000000000000000000000000000000000000000000000000000000000000000000000000000000000000000000000000000000000000000000000000000000000000000000000000000000000000000000000000000000000000000000000000000000000000106356605951501	1	/	/
Cau.Cau2AG000365	0.000000000000000000000000000000000000000000000000000000000000000000000000000000000000000000000000000000000000000000000000000000000000000000000000000000000000000000000000000000000000000000000000000000000000000000000000000000000000000000000000000545732370848151	0.683785053265218	0.614	0.363	0.0000000000000000000000000000000000000000000000000000000000000000000000000000000000000000000000000000000000000000000000000000000000000000000000000000000000000000000000000000000000000000000000000000000000000000000000000000000000000000000000251593537608415	1	/	/
CP0047	0.0000000000000000000000000000000000000000000000000000000000000000000000000000000000000000000000000000000000000000000000000000000000000000000000000000000000000000000000000000000000000000000000000000000000000000000000000000000000000000000000000400539090088641	0.40451073821557	0.886	0.663	0.00000000000000000000000000000000000000000000000000000000000000000000000000000000000000000000000000000000000000000000000000000000000000000000000000000000000000000000000000000000000000000000000000000000000000000000000000000000000000000000184656531312665	1	/	/
Cau.Cau6AG001033	0.0000000000000000000000000000000000000000000000000000000000000000000000000000000000000000000000000000000000000000000000000000000000000000000000000000000000000000000000000000000000000000000000000000000000000000000000000000000000000000302927097064378	0.79434899987226	0.314	0.13	0.00000000000000000000000000000000000000000000000000000000000000000000000000000000000000000000000000000000000000000000000000000000000000000000000000000000000000000000000000000000000000000000000000000000000000000000000000000000000139655450288619	1	/	AT2G32260
Cau.Cau6AG000665	0.0000000000000000000000000000000000000000000000000000000000000000000000000000000000000000000000000000000000000000000000000000000000000000000000000000000000000000000000000000000000000000000000000000000000000000000000000000000000000104632257084124	0.701829511940168	0.545	0.311	0.00000000000000000000000000000000000000000000000000000000000000000000000000000000000000000000000000000000000000000000000000000000000000000000000000000000000000000000000000000000000000000000000000000000000000000000000000000000048237563160923	1	transcript:AT3G52990.1	AT2G36580;AT3G04050;AT3G25960;AT3G52990;AT3G55650;AT3G55810;AT4G26390;AT5G08570;AT5G56350;AT5G63680
CP0022	0.000000000000000000000000000000000000000000000000000000000000000000000000000000000000000000000000000000000000000000000000000000000000000000000000000000000000000000000000000000000000000000000000000000000000000000000000000000000000165807943085229	0.50901194302949	0.818	0.598	0.00000000000000000000000000000000000000000000000000000000000000000000000000000000000000000000000000000000000000000000000000000000000000000000000000000000000000000000000000000000000000000000000000000000000000000000000000000000764407779211521	1	/	/
Cau.Cau5AG000815	0.00000000000000000000000000000000000000000000000000000000000000000000000000000000000000000000000000000000000000000000000000000000000000000000000000000000000000000000000000000000000000000000000000000000000000000000000000000000000128596245030836	0.594477721371868	0.698	0.451	0.0000000000000000000000000000000000000000000000000000000000000000000000000000000000000000000000000000000000000000000000000000000000000000000000000000000000000000000000000000000000000000000000000000000000000000000000000000000592854408841161	1	/	AT1G62790
Cau.Cau8AG000955	0.00000000000000000000000000000000000000000000000000000000000000000000000000000000000000000000000000000000000000000000000000000000000000000000000000000000000000000000000000000000000000000000000000000000000000000000000000000000000171017878198527	0.775953042474221	0.43	0.217	0.0000000000000000000000000000000000000000000000000000000000000000000000000000000000000000000000000000000000000000000000000000000000000000000000000000000000000000000000000000000000000000000000000000000000000000000000000000000788426622070851	1	transcript:AT5G64300.1	AT5G64300
Cau.Cau6AG001632	0.000000000000000000000000000000000000000000000000000000000000000000000000000000000000000000000000000000000000000000000000000000000000000000000000000000000000000000000000000000000000000000000000000000000000000000000000000000000194744071028744	0.672778229681763	0.466	0.242	0.00000000000000000000000000000000000000000000000000000000000000000000000000000000000000000000000000000000000000000000000000000000000000000000000000000000000000000000000000000000000000000000000000000000000000000000000000000897809116256713	1	/	/
Cau.Cau4BG000422	0.0000000000000000000000000000000000000000000000000000000000000000000000000000000000000000000000000000000000000000000000000000000000000000000000000000000000000000000000000000000000000000000000000000000000000000000000000000000344730060299431	0.749507115709495	0.566	0.335	0.00000000000000000000000000000000000000000000000000000000000000000000000000000000000000000000000000000000000000000000000000000000000000000000000000000000000000000000000000000000000000000000000000000000000000000000000000158927452399244	1	transcript:AT5G11670.1	AT5G11670;AT5G25880
Cau.Cau9AG001448	0.000000000000000000000000000000000000000000000000000000000000000000000000000000000000000000000000000000000000000000000000000000000000000000000000000000000000000000000000000000000000000000000000000000000000000000000000000000152169076961479	0.75039103895209	0.282	0.111	0.0000000000000000000000000000000000000000000000000000000000000000000000000000000000000000000000000000000000000000000000000000000000000000000000000000000000000000000000000000000000000000000000000000000000000000000000000070152987860781	1	/	/
Cau.Cau5BG000130	0.00000000000000000000000000000000000000000000000000000000000000000000000000000000000000000000000000000000000000000000000000000000000000000000000000000000000000000000000000000000000000000000000000000000000000000000000000000653313435890472	0.716904317008164	0.396	0.191	0.000000000000000000000000000000000000000000000000000000000000000000000000000000000000000000000000000000000000000000000000000000000000000000000000000000000000000000000000000000000000000000000000000000000000000000000000301190560214225	1	transcript:AT4G23850.1	AT1G64400;AT4G11030;AT4G23850
Cau.Cau9AG001471	0.000000000000000000000000000000000000000000000000000000000000000000000000000000000000000000000000000000000000000000000000000000000000000000000000000000000000000000000000000000000000000000000000000000000000000000000000645513371866474	0.712365439475896	0.357	0.165	0.0000000000000000000000000000000000000000000000000000000000000000000000000000000000000000000000000000000000000000000000000000000000000000000000000000000000000000000000000000000000000000000000000000000000000000000297594574697882	1	/	/
CP0061	0.00000000000000000000000000000000000000000000000000000000000000000000000000000000000000000000000000000000000000000000000000000000000000000000000000000000000000000000000000000000000000000000000000000000000000000000000211822802266814	0.507013560590819	0.699	0.449	0.0000000000000000000000000000000000000000000000000000000000000000000000000000000000000000000000000000000000000000000000000000000000000000000000000000000000000000000000000000000000000000000000000000000000000000000976545483010467	1	/	/
Cau.Cau1BG000108	0.0000000000000000000000000000000000000000000000000000000000000000000000000000000000000000000000000000000000000000000000000000000000000000000000000000000000000000000000000000000000000000000000000000000000000000000137599251957658	0.690662453488692	0.379	0.181	0.000000000000000000000000000000000000000000000000000000000000000000000000000000000000000000000000000000000000000000000000000000000000000000000000000000000000000000000000000000000000000000000000000000000000000634360071375193	1	/	/
Cau.Cau5BG002275	0.000000000000000000000000000000000000000000000000000000000000000000000000000000000000000000000000000000000000000000000000000000000000000000000000000000000000000000000000000000000000000000000000000000000000000000326636240152783	0.785375414192757	0.324	0.144	0.0000000000000000000000000000000000000000000000000000000000000000000000000000000000000000000000000000000000000000000000000000000000000000000000000000000000000000000000000000000000000000000000000000000000000150585839435236	1	transcript:AT2G43350.1	AT2G31570
Cau.Cau8AG000411	0.000000000000000000000000000000000000000000000000000000000000000000000000000000000000000000000000000000000000000000000000000000000000000000000000000000000000000000000000000000000000000000000000000000000000802163058816604	0.732645761877223	0.278	0.114	0.0000000000000000000000000000000000000000000000000000000000000000000000000000000000000000000000000000000000000000000000000000000000000000000000000000000000000000000000000000000000000000000000000000000369813213375631	1	/	/
CP0054	0.000000000000000000000000000000000000000000000000000000000000000000000000000000000000000000000000000000000000000000000000000000000000000000000000000000000000000000000000000000000000000000000000000000000493349220472627	0.420773179667822	0.844	0.619	0.0000000000000000000000000000000000000000000000000000000000000000000000000000000000000000000000000000000000000000000000000000000000000000000000000000000000000000000000000000000000000000000000000000227443857622291	1	/	/
Cau.Cau9BG001441	0.00000000000000000000000000000000000000000000000000000000000000000000000000000000000000000000000000000000000000000000000000000000000000000000000000000000000000000000000000000000000000000000000000000000658342388882527	0.740114581655551	0.314	0.14	0.000000000000000000000000000000000000000000000000000000000000000000000000000000000000000000000000000000000000000000000000000000000000000000000000000000000000000000000000000000000000000000000000000303509008122623	1	transcript:AT3G22890.1	AT3G22890;AT4G14680;AT5G43780
Cau.Cau5AG003081	0.000000000000000000000000000000000000000000000000000000000000000000000000000000000000000000000000000000000000000000000000000000000000000000000000000000000000000000000000000000000000000000000000000000035088057368275	0.69531804121475	0.35	0.168	0.00000000000000000000000000000000000000000000000000000000000000000000000000000000000000000000000000000000000000000000000000000000000000000000000000000000000000000000000000000000000000000000000000161762962079222	1	/	AT1G02890;AT4G02480
Cau.Cau7AG000604	0.0000000000000000000000000000000000000000000000000000000000000000000000000000000000000000000000000000000000000000000000000000000000000000000000000000000000000000000000000000000000000000000000000000000854754520149158	0.593228599934291	0.611	0.397	0.00000000000000000000000000000000000000000000000000000000000000000000000000000000000000000000000000000000000000000000000000000000000000000000000000000000000000000000000000000000000000000000000000394058928879165	1	transcript:AT3G04120.1	/
Cau.Cau1AG001181	0.00000000000000000000000000000000000000000000000000000000000000000000000000000000000000000000000000000000000000000000000000000000000000000000000000000000000000000000000000000000000000000000000000000508930673752194	0.991812339111455	0.258	0.105	0.000000000000000000000000000000000000000000000000000000000000000000000000000000000000000000000000000000000000000000000000000000000000000000000000000000000000000000000000000000000000000000000000234627219213237	1	/	/
Cau.Cau2BG002297	0.000000000000000000000000000000000000000000000000000000000000000000000000000000000000000000000000000000000000000000000000000000000000000000000000000000000000000000000000000000000000000000000000216783822153733	0.662706524335618	0.318	0.145	0.0000000000000000000000000000000000000000000000000000000000000000000000000000000000000000000000000000000000000000000000000000000000000000000000000000000000000000000000000000000000000000000099941677689314	1	transcript:AT1G61250.1	AT1G03550;AT2G20840
CP0040	0.000000000000000000000000000000000000000000000000000000000000000000000000000000000000000000000000000000000000000000000000000000000000000000000000000000000000000000000000000000000000000000000000252491576363639	0.622541832688765	0.45	0.246	0.0000000000000000000000000000000000000000000000000000000000000000000000000000000000000000000000000000000000000000000000000000000000000000000000000000000000000000000000000000000000000000000116403666535165	1	/	/
Cau.Cau1AG000982	0.000000000000000000000000000000000000000000000000000000000000000000000000000000000000000000000000000000000000000000000000000000000000000000000000000000000000000000000000000000000000000000000000274348435088149	0.687343703466936	0.431	0.23	0.0000000000000000000000000000000000000000000000000000000000000000000000000000000000000000000000000000000000000000000000000000000000000000000000000000000000000000000000000000000000000000000126480115544338	1	/	AT1G72370;AT3G04770
Cau.Cau4BG000532	0.00000000000000000000000000000000000000000000000000000000000000000000000000000000000000000000000000000000000000000000000000000000000000000000000000000000000000000000000000000000000000000000000432472425969522	0.709034335070959	0.405	0.214	0.000000000000000000000000000000000000000000000000000000000000000000000000000000000000000000000000000000000000000000000000000000000000000000000000000000000000000000000000000000000000000000199378437820469	1	/	/
Cau.Cau5AG003573	0.000000000000000000000000000000000000000000000000000000000000000000000000000000000000000000000000000000000000000000000000000000000000000000000000000000000000000000000000000000000000000000173789513147234	0.623776356947056	0.279	0.118	0.0000000000000000000000000000000000000000000000000000000000000000000000000000000000000000000000000000000000000000000000000000000000000000000000000000000000000000000000000000000000000080120441351138	1	transcript:AT3G53740.3	/
Cau.Cau7BG001703	0.0000000000000000000000000000000000000000000000000000000000000000000000000000000000000000000000000000000000000000000000000000000000000000000000000000000000000000000000000000000000000000232490371179065	0.5570711410996	0.528	0.308	0.00000000000000000000000000000000000000000000000000000000000000000000000000000000000000000000000000000000000000000000000000000000000000000000000000000000000000000000000000000000000107182710920973	1	/	AT1G66240
Cau.Cau8AG000658	0.0000000000000000000000000000000000000000000000000000000000000000000000000000000000000000000000000000000000000000000000000000000000000000000000000000000000000000000000000000000000000000799970515016497	1.01693670320222	0.602	0.41	0.00000000000000000000000000000000000000000000000000000000000000000000000000000000000000000000000000000000000000000000000000000000000000000000000000000000000000000000000000000000000368802406832906	1	transcript:AT4G39230.1	AT4G39230
CP0043	0.0000000000000000000000000000000000000000000000000000000000000000000000000000000000000000000000000000000000000000000000000000000000000000000000000000000000000000000000000000000000000403724868732219	0.595586064086844	0.472	0.267	0.00000000000000000000000000000000000000000000000000000000000000000000000000000000000000000000000000000000000000000000000000000000000000000000000000000000000000000000000000000000186125238982927	1	/	/
Cau.Cau7BG000178	0.0000000000000000000000000000000000000000000000000000000000000000000000000000000000000000000000000000000000000000000000000000000000000000000000000000000000000000000000000000000000000617651224078482	0.494706798092245	0.536	0.313	0.00000000000000000000000000000000000000000000000000000000000000000000000000000000000000000000000000000000000000000000000000000000000000000000000000000000000000000000000000000000284749567324662	1	/	AT5G13180;AT5G50820
Cau.Cau3BG000271	0.000000000000000000000000000000000000000000000000000000000000000000000000000000000000000000000000000000000000000000000000000000000000000000000000000000000000000000000000000000000938832957378655	0.391620012895737	0.988	0.844	0.0000000000000000000000000000000000000000000000000000000000000000000000000000000000000000000000000000000000000000000000000000000000000000000000000000000000000000000000000000432820770010708	1	/	/
Cau.Cau5AG002391	0.0000000000000000000000000000000000000000000000000000000000000000000000000000000000000000000000000000000000000000000000000000000000000000000000000000000000000000000000000000000258729711498821	0.579136040402621	0.368	0.183	0.00000000000000000000000000000000000000000000000000000000000000000000000000000000000000000000000000000000000000000000000000000000000000000000000000000000000000000000000000119279571595187	1	/	AT3G03100
Cau.Cau6BG001294	0.000000000000000000000000000000000000000000000000000000000000000000000000000000000000000000000000000000000000000000000000000000000000000000000000000000000000000000000000000000504701550761818	0.639198677571094	0.265	0.115	0.0000000000000000000000000000000000000000000000000000000000000000000000000000000000000000000000000000000000000000000000000000000000000000000000000000000000000000000000000232677508932214	1	transcript:AT2G38250.1	AT2G38250;AT5G01380
Cau.Cau4AG000533	0.000000000000000000000000000000000000000000000000000000000000000000000000000000000000000000000000000000000000000000000000000000000000000000000000000000000000000000000000000605998852987176	0.695882033686883	0.301	0.142	0.0000000000000000000000000000000000000000000000000000000000000000000000000000000000000000000000000000000000000000000000000000000000000000000000000000000000000000000000279377591204148	1	transcript:AT3G53330.1	/
Cau.Cau7AG000294	0.000000000000000000000000000000000000000000000000000000000000000000000000000000000000000000000000000000000000000000000000000000000000000000000000000000000000000000000000005432776699651	0.567695234999648	0.81	0.699	0.00000000000000000000000000000000000000000000000000000000000000000000000000000000000000000000000000000000000000000000000000000000000000000000000000000000000000000000025046187140731	1	/	AT5G39850
Cau.Cau5BG002153	0.0000000000000000000000000000000000000000000000000000000000000000000000000000000000000000000000000000000000000000000000000000000000000000000000000000000000000000000000000443678768235619	0.578674556282921	0.358	0.18	0.00000000000000000000000000000000000000000000000000000000000000000000000000000000000000000000000000000000000000000000000000000000000000000000000000000000000000000000204544785731985	1	/	/
Cau.Cau8AG000658	0.0000000000000000000000000000000000000000000000000000000000000000000000000000000000000000000000000000000000000000000000000000000000000000000000000000000000000000000000000568975252797034	0.958032910280217	0.38	0.213	0.00000000000000000000000000000000000000000000000000000000000000000000000000000000000000000000000000000000000000000000000000000000000000000000000000000000000000000000262308971044489	1	transcript:AT4G39230.1	AT4G39230
Cau.Cau8BG000408	0.000000000000000000000000000000000000000000000000000000000000000000000000000000000000000000000000000000000000000000000000000000000000000000000000000000000000000000000000132140709409328	0.634468514861576	0.265	0.116	0.00000000000000000000000000000000000000000000000000000000000000000000000000000000000000000000000000000000000000000000000000000000000000000000000000000000000000000000609195098518883	1	transcript:AT4G34120.1	/
CP0003	0.00000000000000000000000000000000000000000000000000000000000000000000000000000000000000000000000000000000000000000000000000000000000000000000000000000000000000000000000897992515415289	0.542058075504508	0.495	0.29	0.000000000000000000000000000000000000000000000000000000000000000000000000000000000000000000000000000000000000000000000000000000000000000000000000000000000000000000413992509456757	1	/	/
Cau.Cau3AG002396	0.000000000000000000000000000000000000000000000000000000000000000000000000000000000000000000000000000000000000000000000000000000000000000000000000000000000000000000000143551954498967	0.637101134836088	0.257	0.112	0.00000000000000000000000000000000000000000000000000000000000000000000000000000000000000000000000000000000000000000000000000000000000000000000000000000000000000000661803220631135	1	transcript:AT2G02470.1	AT1G14510;AT2G02470
CP0008	0.000000000000000000000000000000000000000000000000000000000000000000000000000000000000000000000000000000000000000000000000000000000000000000000000000000000000000000000174575780005682	0.607457663668699	0.431	0.243	0.00000000000000000000000000000000000000000000000000000000000000000000000000000000000000000000000000000000000000000000000000000000000000000000000000000000000000000804829260982197	1	/	/
Cau.Cau3BG000849	0.000000000000000000000000000000000000000000000000000000000000000000000000000000000000000000000000000000000000000000000000000000000000000000000000000000000000000000000476057571304705	0.733315372762439	0.262	0.117	0.0000000000000000000000000000000000000000000000000000000000000000000000000000000000000000000000000000000000000000000000000000000000000000000000000000000000000000219472061522895	1	transcript:AT1G44350.1	AT1G44350
Cau.Cau5AG002720	0.000000000000000000000000000000000000000000000000000000000000000000000000000000000000000000000000000000000000000000000000000000000000000000000000000000000000000000114995898579315	0.579925615693498	0.422	0.235	0.00000000000000000000000000000000000000000000000000000000000000000000000000000000000000000000000000000000000000000000000000000000000000000000000000000000000000530154091630358	1	/	AT1G04480;AT2G33370;AT3G04400
Cau.Cau6BG000662	0.000000000000000000000000000000000000000000000000000000000000000000000000000000000000000000000000000000000000000000000000000000000000000000000000000000000000000000508564348271105	0.552262657241155	0.504	0.303	0.0000000000000000000000000000000000000000000000000000000000000000000000000000000000000000000000000000000000000000000000000000000000000000000000000000000000000234458335839945	1	/	/
Cau.Cau7BG001335	0.000000000000000000000000000000000000000000000000000000000000000000000000000000000000000000000000000000000000000000000000000000000000000000000000000000000000000000898834185002488	0.660111177863312	0.294	0.14	0.0000000000000000000000000000000000000000000000000000000000000000000000000000000000000000000000000000000000000000000000000000000000000000000000000000000000000414380535969847	1	transcript:AT5G07440.2	AT5G07440
Cau.Cau5BG002663	0.0000000000000000000000000000000000000000000000000000000000000000000000000000000000000000000000000000000000000000000000000000000000000000000000000000000000000000150648813361728	0.59101159449585	0.42	0.235	0.000000000000000000000000000000000000000000000000000000000000000000000000000000000000000000000000000000000000000000000000000000000000000000000000000000000000694521159360237	1	/	/
CP0062	0.0000000000000000000000000000000000000000000000000000000000000000000000000000000000000000000000000000000000000000000000000000000000000000000000000000000000000000400667580056049	0.509065853626239	0.532	0.325	0.0000000000000000000000000000000000000000000000000000000000000000000000000000000000000000000000000000000000000000000000000000000000000000000000000000000000018471576775744	1	/	/
Cau.Cau5BG003526	0.000000000000000000000000000000000000000000000000000000000000000000000000000000000000000000000000000000000000000000000000000000000000000000000000000000000000000104526512049131	0.556798182287035	0.257	0.112	0.00000000000000000000000000000000000000000000000000000000000000000000000000000000000000000000000000000000000000000000000000000000000000000000000000000000000481888125848902	1	/	/
Cau.Cau5BG002614	0.000000000000000000000000000000000000000000000000000000000000000000000000000000000000000000000000000000000000000000000000000000000000000000000000000000000000000459258029315277	0.615850312041863	0.429	0.241	0.0000000000000000000000000000000000000000000000000000000000000000000000000000000000000000000000000000000000000000000000000000000000000000000000000000000000211727136674929	1	/	/
CP0081	0.000000000000000000000000000000000000000000000000000000000000000000000000000000000000000000000000000000000000000000000000000000000000000000000000000000000000115086654282051	0.636796687174551	0.306	0.15	0.00000000000000000000000000000000000000000000000000000000000000000000000000000000000000000000000000000000000000000000000000000000000000000000000000000000530572493571112	1	/	/
Cau.Cau7AG000096	0.00000000000000000000000000000000000000000000000000000000000000000000000000000000000000000000000000000000000000000000000000000000000000000000000000000000000088644183808533	0.603325472611899	0.274	0.126	0.0000000000000000000000000000000000000000000000000000000000000000000000000000000000000000000000000000000000000000000000000000000000000000000000000000000408667416194099	1	/	/
Cau.Cau2AG002555	0.00000000000000000000000000000000000000000000000000000000000000000000000000000000000000000000000000000000000000000000000000000000000000000000000000000000000195811739615493	0.584868838655118	0.315	0.156	0.0000000000000000000000000000000000000000000000000000000000000000000000000000000000000000000000000000000000000000000000000000000000000000000000000000000902731281975345	1	/	AT4G18040
Cau.Cau1BG001833	0.00000000000000000000000000000000000000000000000000000000000000000000000000000000000000000000000000000000000000000000000000000000000000000000000000000000036830521105273	0.650979130209544	0.279	0.132	0.0000000000000000000000000000000000000000000000000000000000000000000000000000000000000000000000000000000000000000000000000000000000000000000000000000169796068399529	1	/	/
Cau.Cau2BG000250	0.000000000000000000000000000000000000000000000000000000000000000000000000000000000000000000000000000000000000000000000000000000000000000000000000000000000789143678344435	0.592566897793747	0.365	0.194	0.0000000000000000000000000000000000000000000000000000000000000000000000000000000000000000000000000000000000000000000000000000000000000000000000000000363811018590352	1	transcript:AT5G04590.1	AT5G04590
Cau.Cau5BG002532	0.00000000000000000000000000000000000000000000000000000000000000000000000000000000000000000000000000000000000000000000000000000000000000000000000000000000628548163956304	0.334317652186703	0.701	0.458	0.000000000000000000000000000000000000000000000000000000000000000000000000000000000000000000000000000000000000000000000000000000000000000000000000000289773274547135	1	/	/
Cau.Cau3AG000173	0.0000000000000000000000000000000000000000000000000000000000000000000000000000000000000000000000000000000000000000000000000000000000000000000000000000000119053422474901	0.523468047496396	0.387	0.212	0.000000000000000000000000000000000000000000000000000000000000000000000000000000000000000000000000000000000000000000000000000000000000000000000000000548860088293787	1	/	AT1G20100;AT1G75860;AT1G76230
Cau.Cau3AG000839	0.0000000000000000000000000000000000000000000000000000000000000000000000000000000000000000000000000000000000000000000000000000000000000000000000000000000336769015905777	0.587004765294912	0.349	0.185	0.00000000000000000000000000000000000000000000000000000000000000000000000000000000000000000000000000000000000000000000000000000000000000000000000000155257251712881	1	transcript:AT1G01720.1	AT1G01720
Cau.Cau5BG002637	0.0000000000000000000000000000000000000000000000000000000000000000000000000000000000000000000000000000000000000000000000000000000000000000000000000000000461930126554977	0.586835744519506	0.303	0.148	0.00000000000000000000000000000000000000000000000000000000000000000000000000000000000000000000000000000000000000000000000000000000000000000000000000212959026944376	1	transcript:AT1G06515.1	/
CP0011	0.000000000000000000000000000000000000000000000000000000000000000000000000000000000000000000000000000000000000000000000000000000000000000000000000000000201862652440592	0.578937041198247	0.412	0.234	0.00000000000000000000000000000000000000000000000000000000000000000000000000000000000000000000000000000000000000000000000000000000000000000000000000930627200281618	1	/	/
Cau.Cau4AG002237	0.000000000000000000000000000000000000000000000000000000000000000000000000000000000000000000000000000000000000000000000000000000000000000000000000000000363768678941303	0.573209215469149	0.266	0.122	0.0000000000000000000000000000000000000000000000000000000000000000000000000000000000000000000000000000000000000000000000000000000000000000000000000167704636365519	1	/	AT4G30600
Cau.Cau9BG000148	0.00000000000000000000000000000000000000000000000000000000000000000000000000000000000000000000000000000000000000000000000000000000000000000000000000000137458109327125	0.637891606818293	0.274	0.131	0.0000000000000000000000000000000000000000000000000000000000000000000000000000000000000000000000000000000000000000000000000000000000000000000000000633709375619913	1	/	AT3G59140
Cau.Cau2BG002549	0.00000000000000000000000000000000000000000000000000000000000000000000000000000000000000000000000000000000000000000000000000000000000000000000000000000435655917801119	0.53850518297575	0.344	0.177	0.000000000000000000000000000000000000000000000000000000000000000000000000000000000000000000000000000000000000000000000000000000000000000000000000200846091224672	1	transcript:AT4G18040.1	AT4G18040
Cau.Cau9AG001379	0.0000000000000000000000000000000000000000000000000000000000000000000000000000000000000000000000000000000000000000000000000000000000000000000000000000342796244280287	0.529193851763866	0.311	0.154	0.00000000000000000000000000000000000000000000000000000000000000000000000000000000000000000000000000000000000000000000000000000000000000000000000158035924538098	1	transcript:AT4G14716.1	/
Cau.Cau9BG001452	0.00000000000000000000000000000000000000000000000000000000000000000000000000000000000000000000000000000000000000000000000000000000000000000000000138308351622922	0.499485790812138	0.29	0.14	0.0000000000000000000000000000000000000000000000000000000000000000000000000000000000000000000000000000000000000000000000000000000000000000000637629162651994	1	transcript:AT4G14710.1	AT2G26400;AT4G14710;AT4G14716
Cau.Cau7AG002067	0.000000000000000000000000000000000000000000000000000000000000000000000000000000000000000000000000000000000000000000000000000000000000000000000308745156299739	0.336794650100254	0.913	0.825	0.0000000000000000000000000000000000000000000000000000000000000000000000000000000000000000000000000000000000000000000000000000000000000000142337691957306	1	/	AT1G14320;AT1G26910;AT1G66580
Cau.Cau7AG001279	0.000000000000000000000000000000000000000000000000000000000000000000000000000000000000000000000000000000000000000000000000000000000000000000135273821993397	0.533544283710279	0.872	0.745	0.00000000000000000000000000000000000000000000000000000000000000000000000000000000000000000000000000000000000000000000000000000000000000623639374153958	1	/	AT2G30860;AT2G30870
Cau.Cau9AG001361	0.00000000000000000000000000000000000000000000000000000000000000000000000000000000000000000000000000000000000000000000000000000000000000000126219440610753	1.03725973963352	0.263	0.132	0.0000000000000000000000000000000000000000000000000000000000000000000000000000000000000000000000000000000000000000000000000000000000000581896865103692	1	/	/
Cau.Cau7AG000181	0.000000000000000000000000000000000000000000000000000000000000000000000000000000000000000000000000000000000000000000000000000000000000000661259243526535	0.458144824814302	0.395	0.222	0.0000000000000000000000000000000000000000000000000000000000000000000000000000000000000000000000000000000000000000000000000000000000304853736450603	1	transcript:AT5G13180.1	AT5G13180;AT5G50820
Cau.Cau6BG000586	0.000000000000000000000000000000000000000000000000000000000000000000000000000000000000000000000000000000000000000000000000000000000000063228791919527	0.606533995271242	0.281	0.142	0.00000000000000000000000000000000000000000000000000000000000000000000000000000000000000000000000000000000000000000000000000000000291497376507403	1	/	AT1G63210;AT1G65440
Cau.Cau8AG000556	0.00000000000000000000000000000000000000000000000000000000000000000000000000000000000000000000000000000000000000000000000000000000000331814822049173	1.45037471719849	0.548	0.414	0.00000000000000000000000000000000000000000000000000000000000000000000000000000000000000000000000000000000000000000000000000000015297326926111	1	transcript:AT2G16060.1	AT2G16060
Cau.Cau5BG002585	0.000000000000000000000000000000000000000000000000000000000000000000000000000000000000000000000000000000000000000000000000000000000774519213882747	0.408550823550883	0.733	0.553	0.0000000000000000000000000000000000000000000000000000000000000000000000000000000000000000000000000000000000000000000000000000357068847984224	1	/	/
Cau.Cau4AG000420	0.00000000000000000000000000000000000000000000000000000000000000000000000000000000000000000000000000000000000000000000000000000000382177603468498	0.669090715314892	0.25	0.122	0.000000000000000000000000000000000000000000000000000000000000000000000000000000000000000000000000000000000000000000000000000176191518751047	1	/	/
Cau.Cau5AG002153	0.00000000000000000000000000000000000000000000000000000000000000000000000000000000000000000000000000000000000000000000000000000000853586459708151	0.514388836922322	0.287	0.146	0.000000000000000000000000000000000000000000000000000000000000000000000000000000000000000000000000000000000000000000000000000393520429654652	1	/	AT3G59650
Cau.Cau3BG000895	0.0000000000000000000000000000000000000000000000000000000000000000000000000000000000000000000000000000000000000000000000000000000148891906758179	0.520278390788497	0.277	0.139	0.000000000000000000000000000000000000000000000000000000000000000000000000000000000000000000000000000000000000000000000000000686421468536556	1	/	AT4G08230
Cau.Cau6BG001654	0.0000000000000000000000000000000000000000000000000000000000000000000000000000000000000000000000000000000000000000000000000000000348347278278078	0.495744812610874	0.259	0.125	0.00000000000000000000000000000000000000000000000000000000000000000000000000000000000000000000000000000000000000000000000000160595062231759	1	transcript:AT5G02960.1	AT5G02960
Cau.Cau3BG000836	0.000000000000000000000000000000000000000000000000000000000000000000000000000000000000000000000000000000000000000000000000000208497633753344	0.565211930061019	0.299	0.16	0.00000000000000000000000000000000000000000000000000000000000000000000000000000000000000000000000000000000000000000000000961215791129665	1	/	AT1G01720
Cau.Cau3AG001895	0.000000000000000000000000000000000000000000000000000000000000000000000000000000000000000000000000000000000000000000000000050948043598698	0.49281623638521	0.421	0.255	0.00000000000000000000000000000000000000000000000000000000000000000000000000000000000000000000000000000000000000000000234880670598718	1	/	AT3G43790;AT5G13740;AT5G13750
Cau.Cau4BG002257	0.0000000000000000000000000000000000000000000000000000000000000000000000000000000000000000000000000000000000000000000000227931896946861	0.485600834651708	0.261	0.131	0.00000000000000000000000000000000000000000000000000000000000000000000000000000000000000000000000000000000000000000105081163130442	1	transcript:AT4G30600.1	AT4G30600
MT0017-RA	0.0000000000000000000000000000000000000000000000000000000000000000000000000000000000000000000000000000000000000000000000792193923214396	0.390427071322335	0.709	0.505	0.00000000000000000000000000000000000000000000000000000000000000000000000000000000000000000000000000000000000000000365217242480301	1	/	/
Cau.Cau4AG001007	0.0000000000000000000000000000000000000000000000000000000000000000000000000000000000000000000000000000000000000000000000878427404575821	0.487939625352949	0.355	0.2	0.00000000000000000000000000000000000000000000000000000000000000000000000000000000000000000000000000000000000000000404972602057545	1	/	/
Cau.Cau7AG002264	0.000000000000000000000000000000000000000000000000000000000000000000000000000000000000000000000000000000000000000000000129255249453014	0.470785646037294	0.434	0.267	0.00000000000000000000000000000000000000000000000000000000000000000000000000000000000000000000000000000000000000000595892551028286	1	/	/
Cau.Cau7AG001314	0.00000000000000000000000000000000000000000000000000000000000000000000000000000000000000000000000000000000000000000000021942131395624	0.62170795187133	0.251	0.128	0.0000000000000000000000000000000000000000000000000000000000000000000000000000000000000000000000000000000000000000101157614160106	1	/	AT5G07440
Cau.Cau5BG000138	0.000000000000000000000000000000000000000000000000000000000000000000000000000000000000000000000000000000000000000000000442924296934731	0.464502194570295	0.569	0.386	0.000000000000000000000000000000000000000000000000000000000000000000000000000000000000000000000000000000000000000020419695937285	1	/	AT5G41860
Cau.Cau5AG000883	0.00000000000000000000000000000000000000000000000000000000000000000000000000000000000000000000000000000000000000000000438606939414345	0.73352357701993	0.267	0.141	0.000000000000000000000000000000000000000000000000000000000000000000000000000000000000000000000000000000000000000202206571208801	1	/	/
Cau.Cau8AG001659	0.0000000000000000000000000000000000000000000000000000000000000000000000000000000000000000000000000000000000000000000295450635650322	0.407005619314772	0.756	0.607	0.00000000000000000000000000000000000000000000000000000000000000000000000000000000000000000000000000000000000000136208652047511	1	/	/
Cau.Cau3AG000274	0.000000000000000000000000000000000000000000000000000000000000000000000000000000000000000000000000000000000000000000224918059554082	0.326841059714558	0.987	0.877	0.0000000000000000000000000000000000000000000000000000000000000000000000000000000000000000000000000000000000000103691723815623	1	/	/
Cau.Cau3AG000897	0.000000000000000000000000000000000000000000000000000000000000000000000000000000000000000000000000000000000000000000631414249306086	0.46965269916523	0.296	0.159	0.0000000000000000000000000000000000000000000000000000000000000000000000000000000000000000000000000000000000000291094597215092	1	transcript:AT4G08230.1	AT4G08230
Cau.Cau3BG001301	0.000000000000000000000000000000000000000000000000000000000000000000000000000000000000000000000000000000000000000000728710064448407	0.45773692470017	0.422	0.258	0.0000000000000000000000000000000000000000000000000000000000000000000000000000000000000000000000000000000000000335949913912005	1	/	/
Cau.Cau1AG000711	0.0000000000000000000000000000000000000000000000000000000000000000000000000000000000000000000000000000000000000000066854028488736	0.444758802345499	0.281	0.147	0.000000000000000000000000000000000000000000000000000000000000000000000000000000000000000000000000000000000000308210442138771	1	/	AT4G40040;AT5G10980
Cau.Cau7BG001968	0.000000000000000000000000000000000000000000000000000000000000000000000000000000000000000000000000000000000000000153395639273486	0.42917065070399	0.348	0.197	0.00000000000000000000000000000000000000000000000000000000000000000000000000000000000000000000000000000000000707184576178625	1	transcript:AT5G02610.1	AT3G09500;AT3G55170
Cau.Cau3AG000274	0.000000000000000000000000000000000000000000000000000000000000000000000000000000000000000000000000000000000000000172826011644089	0.427020605504503	0.473	0.303	0.0000000000000000000000000000000000000000000000000000000000000000000000000000000000000000000000000000000000079676247888158	1	/	/
Cau.Cau3BG000271	0.000000000000000000000000000000000000000000000000000000000000000000000000000000000000000000000000000000000000000564567347065224	0.444984937529972	0.481	0.31	0.000000000000000000000000000000000000000000000000000000000000000000000000000000000000000000000000000000000026027683834401	1	/	/
Cau.Cau6BG000647	0.000000000000000000000000000000000000000000000000000000000000000000000000000000000000000000000000000000000000000873838887228407	0.470885206261173	0.37	0.219	0.000000000000000000000000000000000000000000000000000000000000000000000000000000000000000000000000000000000040285720379004	1	/	AT1G65820
Cau.Cau3BG000349	0.0000000000000000000000000000000000000000000000000000000000000000000000000000000000000000000000000000000000000180459880207404	0.447671305918646	0.356	0.206	0.000000000000000000000000000000000000000000000000000000000000000000000000000000000000000000000000000000000831956139732176	1	transcript:AT5G42960.1	AT1G45170;AT5G42960
Cau.Cau3AG002237	0.0000000000000000000000000000000000000000000000000000000000000000000000000000000000000000000000000000000000000549048796425125	0.474588048347853	0.252	0.128	0.00000000000000000000000000000000000000000000000000000000000000000000000000000000000000000000000000000000253122476127911	1	/	/
Cau.Cau8AG000936	0.000000000000000000000000000000000000000000000000000000000000000000000000000000000000000000000000000000000000585471646346535	0.397257014062662	0.531	0.355	0.0000000000000000000000000000000000000000000000000000000000000000000000000000000000000000000000000000000269914138398679	1	/	/
Cau.Cau4BG000851	0.00000000000000000000000000000000000000000000000000000000000000000000000000000000000000000000000000000000000161260313419523	0.38572300179424	0.726	0.582	0.0000000000000000000000000000000000000000000000000000000000000000000000000000000000000000000000000000000743442296926685	1	transcript:AT2G19730.3	AT2G19730;AT4G29410
Cau.Cau1BG000723	0.00000000000000000000000000000000000000000000000000000000000000000000000000000000000000000000000000000000114518442613532	0.448253084545531	0.331	0.19	0.0000000000000000000000000000000000000000000000000000000000000000000000000000000000000000000000000000527952924136907	1	/	AT4G40040;AT5G10980
Cau.Cau6BG001223	0.0000000000000000000000000000000000000000000000000000000000000000000000000000000000000000000000000000000146819302352655	0.316980071508869	0.454	0.284	0.000000000000000000000000000000000000000000000000000000000000000000000000000000000000000000000000000676866347706211	1	transcript:AT3G51660.1	AT3G51660
Cau.Cau4BG000464	0.000000000000000000000000000000000000000000000000000000000000000000000000000000000000000000000000000000245580490744103	0.42179934922418	0.251	0.13	0.0000000000000000000000000000000000000000000000000000000000000000000000000000000000000000000000000113217517842846	1	/	AT5G23710
Cau.Cau1AG001609	0.000000000000000000000000000000000000000000000000000000000000000000000000000000000000000000000000000000552970989736158	0.499740023459911	0.331	0.193	0.0000000000000000000000000000000000000000000000000000000000000000000000000000000000000000000000000254930685688163	1	/	/
Cau.Cau5BG002558	0.00000000000000000000000000000000000000000000000000000000000000000000000000000000000000000000000000000097146799143896	0.32522592373079	0.831	0.678	0.0000000000000000000000000000000000000000000000000000000000000000000000000000000000000000000000000447866173413189	1	transcript:AT5G55160.1	/
Cau.Cau8BG000950	0.00000000000000000000000000000000000000000000000000000000000000000000000000000000000000000000000000000453463394851419	0.443243659258342	0.375	0.228	0.000000000000000000000000000000000000000000000000000000000000000000000000000000000000000000000000209055694294401	1	/	AT5G64300
Cau.Cau4AG000785	0.000000000000000000000000000000000000000000000000000000000000000000000000000000000000000000000000000237183831616474	0.404308316940775	0.369	0.221	0.0000000000000000000000000000000000000000000000000000000000000000000000000000000000000000000000109346490051827	1	/	/
Cau.Cau9AG001924	0.00000000000000000000000000000000000000000000000000000000000000000000000000000000000000000000000000118773234517338	0.427754876370251	0.262	0.14	0.0000000000000000000000000000000000000000000000000000000000000000000000000000000000000000000000547568365771834	1	/	AT5G28050
Cau.Cau5AG003524	0.00000000000000000000000000000000000000000000000000000000000000000000000000000000000000000000000210825152496194	0.364015035048692	0.616	0.438	0.0000000000000000000000000000000000000000000000000000000000000000000000000000000000000000000971946118037952	1	/	AT1G01550;AT2G46080;AT3G61500;AT4G01360
Cau.Cau7AG000349	0.000000000000000000000000000000000000000000000000000000000000000000000000000000000000000000000157570730544774	0.408831783164207	0.337	0.201	0.00000000000000000000000000000000000000000000000000000000000000000000000000000000000000000726432581957517	1	transcript:AT1G10370.1	AT1G10360;AT1G10370
Cau.Cau7AG001955	0.000000000000000000000000000000000000000000000000000000000000000000000000000000000000000000000750240957801962	0.374272797405704	0.329	0.192	0.000000000000000000000000000000000000000000000000000000000000000000000000000000000000000034587608636586	1	/	AT3G09500;AT3G55170
Cau.Cau3AG001934	0.000000000000000000000000000000000000000000000000000000000000000000000000000000000000000000000964956917717831	0.370537354215029	0.299	0.168	0.0000000000000000000000000000000000000000000000000000000000000000000000000000000000000000444864438206275	1	/	AT1G65930
CP0059	0.0000000000000000000000000000000000000000000000000000000000000000000000000000000000000000000129543867060671	0.3664905990354	0.493	0.327	0.000000000000000000000000000000000000000000000000000000000000000000000000000000000000000597223135923104	1	/	/
Cau.Cau3BG001353	0.000000000000000000000000000000000000000000000000000000000000000000000000000000000000000000250434778265132	0.366103040101845	0.328	0.192	0.0000000000000000000000000000000000000000000000000000000000000000000000000000000000000115455441475791	1	/	AT3G05590;AT5G27850
CP0030	0.00000000000000000000000000000000000000000000000000000000000000000000000000000000000000000124150051878619	0.405329238953682	0.28	0.158	0.000000000000000000000000000000000000000000000000000000000000000000000000000000000000057235656917081	1	/	/
Cau.Cau4BG000964	0.00000000000000000000000000000000000000000000000000000000000000000000000000000000000000000441848107793484	0.420257893862127	0.256	0.14	0.000000000000000000000000000000000000000000000000000000000000000000000000000000000000203700814654952	1	transcript:AT2G06050.3	/
Cau.Cau9BG001435	0.0000000000000000000000000000000000000000000000000000000000000000000000000000000000000000060495901947509	0.663408526063486	0.289	0.171	0.000000000000000000000000000000000000000000000000000000000000000000000000000000000000278898207158406	1	transcript:AT4G14640.1	/
Cau.Cau4BG001047	0.000000000000000000000000000000000000000000000000000000000000000000000000000000000000000100775822163226	0.371156136528166	0.38	0.235	0.00000000000000000000000000000000000000000000000000000000000000000000000000000000000464596695336903	1	transcript:AT1G18080.1	AT1G18080;AT1G48630;AT3G18130
Cau.Cau4BG000786	0.000000000000000000000000000000000000000000000000000000000000000000000000000000000000000273180855002792	0.401140342632616	0.43	0.281	0.0000000000000000000000000000000000000000000000000000000000000000000000000000000000125941837773387	1	transcript:AT1G33140.1	AT1G33120;AT1G33140;AT4G10450
Cau.Cau3AG000114	0.00000000000000000000000000000000000000000000000000000000000000000000000000000000000000376708398671967	0.348141473979065	0.254	0.139	0.00000000000000000000000000000000000000000000000000000000000000000000000000000000017367010595575	1	/	/
Cau.Cau2BG001541	0.00000000000000000000000000000000000000000000000000000000000000000000000000000000000336916284247755	0.404733075713452	0.392	0.253	0.0000000000000000000000000000000000000000000000000000000000000000000000000000001553251453639	1	/	AT1G65960;AT5G17330
Cau.Cau6AG000914	0.0000000000000000000000000000000000000000000000000000000000000000000000000000000000549040320254027	0.378810650631038	0.333	0.202	0.00000000000000000000000000000000000000000000000000000000000000000000000000000253118568443512	1	transcript:AT3G11940.1	AT2G37270;AT3G11940
Cau.Cau8AG000642	0.000000000000000000000000000000000000000000000000000000000000000000000000000000000322436687645846	0.382011187646734	0.372	0.237	0.0000000000000000000000000000000000000000000000000000000000000000000000000000148649761738488	1	transcript:AT4G39260.3	AT2G21660;AT4G39260
Cau.Cau5AG000917	0.0000000000000000000000000000000000000000000000000000000000000000000000000000000225135150667266	0.334955982318146	0.324	0.196	0.00000000000000000000000000000000000000000000000000000000000000000000000000103791807160623	1	/	/
Cau.Cau5BG000919	0.0000000000000000000000000000000000000000000000000000000000000000000000000000000534087067474979	0.338207823697891	0.337	0.206	0.00000000000000000000000000000000000000000000000000000000000000000000000000246224819847315	1	/	/
Cau.Cau2AG002068	0.0000000000000000000000000000000000000000000000000000000000000000000000000000000578774673500397	0.321241166921376	0.749	0.595	0.00000000000000000000000000000000000000000000000000000000000000000000000000266826699977153	1	/	AT1G01980;AT1G11770;AT1G30740;AT4G20830;AT4G20840
Cau.Cau6BG000158	0.000000000000000000000000000000000000000000000000000000000000000000000000000000952942302319186	0.342768617843582	0.29	0.171	0.0000000000000000000000000000000000000000000000000000000000000000000000000439325460215191	1	/	/
Cau.Cau6BG001413	0.00000000000000000000000000000000000000000000000000000000000000000000000000000300387323610523	0.417970812058312	0.306	0.188	0.000000000000000000000000000000000000000000000000000000000000000000000000138484563930923	1	/	AT1G48530;AT3G53970
Cau.Cau1BG001072	0.000000000000000000000000000000000000000000000000000000000000000000000000000075379490814162	0.429534621088706	0.264	0.156	0.0000000000000000000000000000000000000000000000000000000000000000000000034751452855145	1	/	/
Cau.Cau9BG001774	0.000000000000000000000000000000000000000000000000000000000000000000000000000319688092737953	0.385126289459789	0.74	0.642	0.0000000000000000000000000000000000000000000000000000000000000000000000147382604514051	1	/	AT3G16660;AT3G16670
Cau.Cau8AG001990	0.00000000000000000000000000000000000000000000000000000000000000000000000000709155072640645	0.344569576111983	0.254	0.146	0.00000000000000000000000000000000000000000000000000000000000000000000032693467158879	1	/	AT1G07140;AT2G30060;AT5G58590
Cau.Cau3BG000240	0.0000000000000000000000000000000000000000000000000000000000000000000000000427356524096885	0.275876005988687	0.785	0.658	0.00000000000000000000000000000000000000000000000000000000000000000000197019904739146	1	transcript:AT5G10980.1	AT4G40040;AT5G10980
Cau.Cau2BG000953	0.000000000000000000000000000000000000000000000000000000000000000000000000833472327915469	0.292373400858667	0.368	0.236	0.000000000000000000000000000000000000000000000000000000000000000000038424741261559	1	transcript:AT5G40670.1	AT5G40670
Cau.Cau6BG000910	0.0000000000000000000000000000000000000000000000000000000000000000000000013080940482882	0.31632809797143	0.358	0.229	0.0000000000000000000000000000000000000000000000000000000000000000000603057518141827	1	/	/
MT0025-RA	0.00000000000000000000000000000000000000000000000000000000000000000159657103168527	0.389491307849464	0.295	0.187	0.0000000000000000000000000000000000000000000000000000000000000736051177027544	1	/	/
Cau.Cau2BG002555	0.0000000000000000000000000000000000000000000000000000000000000292194246894204	0.267128972667621	0.312	0.197	0.00000000000000000000000000000000000000000000000000000000134707391703166	1	/	/
Cau.Cau6AG001649	0.0000000000000000000000000000000000000000000000000000000000000596637592974715	0.32852123469207	0.445	0.319	0.00000000000000000000000000000000000000000000000000000000275061863113203	1	/	AT5G02960
Cau.Cau7AG001306	0.000000000000000000000000000000000000000000000000000000000000288492075133016	0.256060859848382	0.289	0.18	0.0000000000000000000000000000000000000000000000000000000133000616477823	1	/	/
Cau.Cau2BG000627	0.000000000000000000000000000000000000000000000000000000000000323204132812668	0.285223824738167	0.264	0.161	0.0000000000000000000000000000000000000000000000000000000149003569309296	1	transcript:AT2G20562.1	/
Cau.Cau4BG001642	0.00000000000000000000000000000000000000000000000000000000000315626228092189	0.330501048827973	0.275	0.174	0.000000000000000000000000000000000000000000000000000000145510003675061	1	/	AT3G13200
Cau.Cau3AG000352	0.00000000000000000000000000000000000000000000000000000000000723820009745069	0.255817678723011	0.336	0.219	0.000000000000000000000000000000000000000000000000000000333695500892672	1	/	AT1G45170;AT5G42960
Cau.Cau8BG002002	0.0000000000000000000000000000000000000000000000000000000000448468811166292	0.259857123887508	0.304	0.193	0.00000000000000000000000000000000000000000000000000000206753091323884	1	transcript:AT2G30060.1	AT1G07140;AT2G30060;AT5G58590
Cau.Cau6AG000502	0.000000000000000000000000000000000000000000000000000000000438373460079449	0.526429815849018	0.269	0.178	0.0000000000000000000000000000000000000000000000000000202098932565828	1	/	/
Cau.Cau2AG001020	0.0000000000000000000000000000000000000000000000000000000173507327996416	0.337636867031562	0.259	0.164	0.000000000000000000000000000000000000000000000000000799903483529079	1	/	AT4G20970
Cau.Cau4BG000071	0.000000000000000000000000000000000000000000000000000000226247691273093	0.288368602227686	0.616	0.477	0.0000000000000000000000000000000000000000000000000104304710630721	1	/	AT2G24570;AT4G31550
Cau.Cau7BG000041	0.000000000000000000000000000000000000000000000000000000984257956847653	0.254334395161795	0.462	0.332	0.0000000000000000000000000000000000000000000000000453762603265905	1	transcript:AT1G74050.1	AT1G18540;AT1G74050;AT1G74060
Cau.Cau4AG000183	0.00000000000000000000000000000000000000000000000000000116865502689755	0.281268912889746	0.667	0.565	0.0000000000000000000000000000000000000000000000000538773340500308	1	/	AT3G48930;AT5G23740
Cau.Cau6AG001152	0.00000000000000000000000000000000000000000000000000825644743284136	0.298786393053098	0.278	0.184	0.000000000000000000000000000000000000000000000380638739548852	1	transcript:AT1G66550.2	/
Cau.Cau8AG000205	0.0000000000000000000000000000000000000000000000192167302585102	0.332958973524321	0.278	0.19	0.000000000000000000000000000000000000000000885929698377836	1	/	AT4G33660
Cau.Cau2AG001549	0.0000000000000000000000000000000000000000277331655058353	0.289434340326779	0.384	0.281	0.00000000000000000000000000000000000127855439615002	1	transcript:AT2G02010.1	/
Cau.Cau2BG001014	0.0000000000000000000000000000000000000000906440333510823	0.273803925387983	0.306	0.217	0.0000000000000000000000000000000000041788712255516	1	/	AT4G20970
Cau.Cau6BG000497	0.000000000000000000000000000000000000175580625379195	0.297367543859283	0.255	0.178	0.00000000000000000000000000000000809461799123166	1	/	/
Cau.Cau6BG001412	0.0000000000000000000000000000000000302325694254575	0.30105613327383	0.295	0.213	0.00000000000000000000000000000139378191565244	1	/	/
Cau.Cau8BG000531	0.00000000000000000000000000000000004032760233207	0.362626958028349	0.267	0.19	0.00000000000000000000000000000185918312271309	1	/	AT2G16060
Cau.Cau2AG000817	0.00000000000000000000000000000488879854333393	0.332643219170868	0.259	0.189	0.000000000000000000000000225383390444781	1	/	/
Cau.Cau6AG000685	0.0000000000000000000000000000174354317097871	0.383434711272743	0.318	0.246	0.000000000000000000000000803808272684606	1	transcript:AT5G03720.2	AT5G03720
Cau.Cau6BG000682	0.00000000000000000000000000176432976517604	0.331776072376082	0.342	0.268	0.0000000000000000000000813391308341458	1	/	AT5G03720
Cau.Cau8AG000269	0.000000000000000000000477560082271624	0.601670115506723	0.352	0.306	0.0000000000000000220164749128864	1	/	/
Cau.Cau6BG000181	0	2.23918759399679	0.341	0.1	0	2	transcript:AT3G28580.1	AT3G28510;AT3G28520;AT3G28540;AT3G28560;AT3G28580;AT5G40010
Cau.Cau3AG000116	0	1.64418798309722	0.29	0.068	0	2	transcript:AT1G20450.1	/
Cau.Cau3BG000117	0	1.5456169159736	0.253	0.06	0	2	/	/
Cau.Cau1BG000655	0	1.28886814386058	0.621	0.291	0	2	/	/
Cau.Cau7AG001997	0	1.00795111049499	0.817	0.565	0	2	/	/
Cau.Cau1AG001885	0.0000000000000000000000000000000000000000000000000000000000000000000000000000000000000000000000000000000000000000000000000000000000000000000000000000000000000000000000000000000000000000000000000000000000000000000000000000000000000000000000000000000000000000000000000000000000000000000000000000000000431000443450049	1.52794538805671	0.438	0.189	0.00000000000000000000000000000000000000000000000000000000000000000000000000000000000000000000000000000000000000000000000000000000000000000000000000000000000000000000000000000000000000000000000000000000000000000000000000000000000000000000000000000000000000000000000000000000000000000000000000000198699824439342	2	transcript:AT5G64750.1	/
Cau.Cau8BG001504	0.000000000000000000000000000000000000000000000000000000000000000000000000000000000000000000000000000000000000000000000000000000000000000000000000000000000000000000000000000000000000000000000000000000000000000000000000000000000000000000000000000000000000000000000000000000000000000000151654865885702	1.26976314706352	0.323	0.113	0.00000000000000000000000000000000000000000000000000000000000000000000000000000000000000000000000000000000000000000000000000000000000000000000000000000000000000000000000000000000000000000000000000000000000000000000000000000000000000000000000000000000000000000000000000000000000000699159262706262	2	/	AT2G27880
Cau.Cau3AG000839	0.0000000000000000000000000000000000000000000000000000000000000000000000000000000000000000000000000000000000000000000000000000000000000000000000000000000000000000000000000000000000000000000000000000000000000000000000000000000000000000000000000000000000000000000000000000000367069362910533	1.11399200152694	0.495	0.242	0.00000000000000000000000000000000000000000000000000000000000000000000000000000000000000000000000000000000000000000000000000000000000000000000000000000000000000000000000000000000000000000000000000000000000000000000000000000000000000000000000000000000000000000000000000169226317689014	2	transcript:AT1G01720.1	AT1G01720
Cau.Cau1AG000543	0.00000000000000000000000000000000000000000000000000000000000000000000000000000000000000000000000000000000000000000000000000000000000000000000000000000000000000000000000000000000000000000000000000000000000000000000000000000000000000000000000000731083713827164	0.940966151510691	0.336	0.125	0.000000000000000000000000000000000000000000000000000000000000000000000000000000000000000000000000000000000000000000000000000000000000000000000000000000000000000000000000000000000000000000000000000000000000000000000000000000000000000000000337044213748599	2	/	AT3G57160;AT5G67600
Cau.Cau3BG000836	0.0000000000000000000000000000000000000000000000000000000000000000000000000000000000000000000000000000000000000000000000000000000000000000000000000000000000000000000000000000000000000000000000000000000000000000000000000014967150027884	1.02207027628334	0.365	0.16	0.000000000000000000000000000000000000000000000000000000000000000000000000000000000000000000000000000000000000000000000000000000000000000000000000000000000000000000000000000000000000000000000000000000000000000000000069001555058551	2	/	AT1G01720
Cau.Cau3BG000774	0.000000000000000000000000000000000000000000000000000000000000000000000000000000000000000000000000000000000000000000000000000000000000000000000000000000000000000000000000000000000000000000000000000000000000000103394514392809	0.840373802301777	0.637	0.408	0.00000000000000000000000000000000000000000000000000000000000000000000000000000000000000000000000000000000000000000000000000000000000000000000000000000000000000000000000000000000000000000000000000000000000476669390253727	2	/	AT1G21390;AT1G76980
Cau.Cau7AG000181	0.0000000000000000000000000000000000000000000000000000000000000000000000000000000000000000000000000000000000000000000000000000000000000000000000000000000000000000000000000000000000000000000000000000000000425970290873518	1.00936964639932	0.446	0.233	0.00000000000000000000000000000000000000000000000000000000000000000000000000000000000000000000000000000000000000000000000000000000000000000000000000000000000000000000000000000000000000000000000000000196380823498509	2	transcript:AT5G13180.1	AT5G13180;AT5G50820
Cau.Cau4BG002031	0.00000000000000000000000000000000000000000000000000000000000000000000000000000000000000000000000000000000000000000000000000000000000000000000000000000000000000000000000000000000000000000000000000000000065509026844518	1.20379052442089	0.265	0.098	0.0000000000000000000000000000000000000000000000000000000000000000000000000000000000000000000000000000000000000000000000000000000000000000000000000000000000000000000000000000000000000000000000000000302009715558597	2	/	AT4G29930;AT5G57150
Cau.Cau2BG002095	0.00000000000000000000000000000000000000000000000000000000000000000000000000000000000000000000000000000000000000000000000000000000000000000000000000000000000000000000000000000000000000000000000000000000623570761811347	1.28343841226506	0.265	0.099	0.000000000000000000000000000000000000000000000000000000000000000000000000000000000000000000000000000000000000000000000000000000000000000000000000000000000000000000000000000000000000000000000000000287478592610267	2	/	/
Cau.Cau7BG000178	0.00000000000000000000000000000000000000000000000000000000000000000000000000000000000000000000000000000000000000000000000000000000000000000000000000000000000000000000000000000000000000000000000000000107072674639112	0.923841431905779	0.56	0.336	0.0000000000000000000000000000000000000000000000000000000000000000000000000000000000000000000000000000000000000000000000000000000000000000000000000000000000000000000000000000000000000000000000000493626444621234	2	/	AT5G13180;AT5G50820
Cau.Cau6AG001299	0.000000000000000000000000000000000000000000000000000000000000000000000000000000000000000000000000000000000000000000000000000000000000000000000000000000000000000000000000000000000000000000000000000569175031377989	1.01915578111568	0.297	0.122	0.000000000000000000000000000000000000000000000000000000000000000000000000000000000000000000000000000000000000000000000000000000000000000000000000000000000000000000000000000000000000000000000026240107296588	2	/	AT2G38250;AT5G01380
Cau.Cau9BG001435	0.00000000000000000000000000000000000000000000000000000000000000000000000000000000000000000000000000000000000000000000000000000000000000000000000000000000000000000000000000000000000000000000000764834014960568	0.945014497483429	0.367	0.169	0.000000000000000000000000000000000000000000000000000000000000000000000000000000000000000000000000000000000000000000000000000000000000000000000000000000000000000000000000000000000000000000352603777577121	2	transcript:AT4G14640.1	/
Cau.Cau3AG000775	0.00000000000000000000000000000000000000000000000000000000000000000000000000000000000000000000000000000000000000000000000000000000000000000000000000000000000000000000000000000000000398454357010275	0.76524369639323	0.606	0.386	0.000000000000000000000000000000000000000000000000000000000000000000000000000000000000000000000000000000000000000000000000000000000000000000000000000000000000000000000000000000183695427668877	2	transcript:AT1G76980.2	AT1G21390;AT1G76980
Cau.Cau6BG001294	0.000000000000000000000000000000000000000000000000000000000000000000000000000000000000000000000000000000000000000000000000000000000000000000000000000000000000000000000000000000000229289724450574	0.990979848897244	0.296	0.127	0.0000000000000000000000000000000000000000000000000000000000000000000000000000000000000000000000000000000000000000000000000000000000000000000000000000000000000000000000000000105707148766203	2	transcript:AT2G38250.1	AT2G38250;AT5G01380
Cau.Cau6BG000682	0.00000000000000000000000000000000000000000000000000000000000000000000000000000000000000000000000000000000000000000000000000000000000000000000000000000000000000000000000000000000552032175314261	0.908313618385902	0.464	0.251	0.000000000000000000000000000000000000000000000000000000000000000000000000000000000000000000000000000000000000000000000000000000000000000000000000000000000000000000000000000254497873463381	2	/	AT5G03720
Cau.Cau3BG000271	0.0000000000000000000000000000000000000000000000000000000000000000000000000000000000000000000000000000000000000000000000000000000000000000000000000000000000000000000000000000000925583117099803	0.493702120683162	0.974	0.865	0.00000000000000000000000000000000000000000000000000000000000000000000000000000000000000000000000000000000000000000000000000000000000000000000000000000000000000000000000000426712328645351	2	/	/
Cau.Cau4BG002031	0.0000000000000000000000000000000000000000000000000000000000000000000000000000000000000000000000000000000000000000000000000000000000000000000000000000000000000000000000000000854325473338714	0.951101614755636	0.451	0.249	0.00000000000000000000000000000000000000000000000000000000000000000000000000000000000000000000000000000000000000000000000000000000000000000000000000000000000000000000000393861129718614	2	/	AT4G29930;AT5G57150
Cau.Cau4AG002010	0.00000000000000000000000000000000000000000000000000000000000000000000000000000000000000000000000000000000000000000000000000000000000000000000000000000000000000000000000000285848506804295	0.894998073492753	0.44	0.237	0.000000000000000000000000000000000000000000000000000000000000000000000000000000000000000000000000000000000000000000000000000000000000000000000000000000000000000000000131781878606916	2	transcript:AT5G57150.1	AT4G29930;AT5G57150
Cau.Cau9AG001471	0.00000000000000000000000000000000000000000000000000000000000000000000000000000000000000000000000000000000000000000000000000000000000000000000000000000000000000000000242090220878514	1.18947412086568	0.368	0.187	0.000000000000000000000000000000000000000000000000000000000000000000000000000000000000000000000000000000000000000000000000000000000000000000000000000000000000000111608433629412	2	/	/
Cau.Cau1AG000642	0.0000000000000000000000000000000000000000000000000000000000000000000000000000000000000000000000000000000000000000000000000000000000000000000000000000000000000000000374931197633114	0.932658866141998	0.298	0.132	0.00000000000000000000000000000000000000000000000000000000000000000000000000000000000000000000000000000000000000000000000000000000000000000000000000000000000000172850780732818	2	/	/
Cau.Cau7AG002247	0.0000000000000000000000000000000000000000000000000000000000000000000000000000000000000000000000000000000000000000000000000000000000000000000000000000000000000000103669034156639	0.923439081655252	0.267	0.112	0.000000000000000000000000000000000000000000000000000000000000000000000000000000000000000000000000000000000000000000000000000000000000000000000000000000000000477934981268936	2	/	AT2G40095;AT3G55880
Cau.Cau2BG001014	0.000000000000000000000000000000000000000000000000000000000000000000000000000000000000000000000000000000000000000000000000000000000000000000000000000000000000000635050203768328	1.02032268655317	0.394	0.209	0.0000000000000000000000000000000000000000000000000000000000000000000000000000000000000000000000000000000000000000000000000000000000000000000000000000000000292770844941274	2	/	AT4G20970
Cau.Cau6AG001390	0.0000000000000000000000000000000000000000000000000000000000000000000000000000000000000000000000000000000000000000000000000000000000000000000000000000000000000657325203565022	0.609734713680379	0.556	0.326	0.00000000000000000000000000000000000000000000000000000000000000000000000000000000000000000000000000000000000000000000000000000000000000000000000000000000303040065347546	2	/	/
Cau.Cau4AG002010	0.0000000000000000000000000000000000000000000000000000000000000000000000000000000000000000000000000000000000000000000000000000000000000000000000000000000296265666771263	1.00901866870043	0.257	0.109	0.00000000000000000000000000000000000000000000000000000000000000000000000000000000000000000000000000000000000000000000000000000000000000000000000000136584397694887	2	transcript:AT5G57150.1	AT4G29930;AT5G57150
Cau.Cau3AG000274	0.000000000000000000000000000000000000000000000000000000000000000000000000000000000000000000000000000000000000000000000000000000000000000000000000000103701033360068	0.425408773017966	0.981	0.892	0.00000000000000000000000000000000000000000000000000000000000000000000000000000000000000000000000000000000000000000000000000000000000000000000000478082503996585	2	/	/
Cau.Cau2AG001020	0.000000000000000000000000000000000000000000000000000000000000000000000000000000000000000000000000000000000000000000000000000000000000000000000000000658507829474782	1.0636837971605	0.326	0.161	0.0000000000000000000000000000000000000000000000000000000000000000000000000000000000000000000000000000000000000000000000000000000000000000000000303585279544464	2	/	AT4G20970
Cau.Cau1AG001703	0.00000000000000000000000000000000000000000000000000000000000000000000000000000000000000000000000000000000000000000000000000000000000000000000000000240344663991303	0.75180744575779	0.315	0.149	0.000000000000000000000000000000000000000000000000000000000000000000000000000000000000000000000000000000000000000000000000000000000000000000000110803696993271	2	/	AT5G08790;AT5G63790
Cau.Cau5AG002791	0.0000000000000000000000000000000000000000000000000000000000000000000000000000000000000000000000000000000000000000000000000000000000000000000000000514168949144111	0.992033829696292	0.379	0.201	0.00000000000000000000000000000000000000000000000000000000000000000000000000000000000000000000000000000000000000000000000000000000000000000000237042168934418	2	/	/
Cau.Cau5BG000286	0.0000000000000000000000000000000000000000000000000000000000000000000000000000000000000000000000000000000000000000000000000000000000000000000000120751217562616	0.698975013394359	0.516	0.317	0.00000000000000000000000000000000000000000000000000000000000000000000000000000000000000000000000000000000000000000000000000000000000000000055668726320717	2	/	/
Cau.Cau1BG000555	0.0000000000000000000000000000000000000000000000000000000000000000000000000000000000000000000000000000000000000000000000000000000000000000000000140513497125907	0.775844362959791	0.309	0.144	0.000000000000000000000000000000000000000000000000000000000000000000000000000000000000000000000000000000000000000000000000000000000000000000647795324449858	2	/	AT3G57160;AT5G67600
Cau.Cau5AG002590	0.0000000000000000000000000000000000000000000000000000000000000000000000000000000000000000000000000000000000000000000000000000000000000000000000446492271814188	0.401597762213742	0.834	0.619	0.00000000000000000000000000000000000000000000000000000000000000000000000000000000000000000000000000000000000000000000000000000000000000000205841867151777	2	/	/
Cau.Cau6AG000685	0.000000000000000000000000000000000000000000000000000000000000000000000000000000000000000000000000000000000000000000000000000000000000000000000074210896188735	0.86284328971806	0.421	0.233	0.00000000000000000000000000000000000000000000000000000000000000000000000000000000000000000000000000000000000000000000000000000000000000000342127073609306	2	transcript:AT5G03720.2	AT5G03720
Cau.Cau9BG001495	0.000000000000000000000000000000000000000000000000000000000000000000000000000000000000000000000000000000000000000000000000000000000000000000000183034650108997	1.71045384506281	0.269	0.124	0.00000000000000000000000000000000000000000000000000000000000000000000000000000000000000000000000000000000000000000000000000000000000000000843826343932497	2	/	AT2G32020;AT2G32030
Cau.Cau7AG001279	0.000000000000000000000000000000000000000000000000000000000000000000000000000000000000000000000000000000000000000000000000000000000000000000101459417680867	0.649629012275609	0.859	0.764	0.00000000000000000000000000000000000000000000000000000000000000000000000000000000000000000000000000000000000000000000000000000000000000467748207392332	2	/	AT2G30860;AT2G30870
Cau.Cau8AG000205	0.0000000000000000000000000000000000000000000000000000000000000000000000000000000000000000000000000000000000000000000000000000000000000000677240017056152	1.0508221410437	0.353	0.185	0.00000000000000000000000000000000000000000000000000000000000000000000000000000000000000000000000000000000000000000000000000000000000312221192663227	2	/	AT4G33660
Cau.Cau5AG001468	0.000000000000000000000000000000000000000000000000000000000000000000000000000000000000000000000000000000000000000000000000000000000000000178435813851226	1.50514595796428	0.347	0.189	0.00000000000000000000000000000000000000000000000000000000000000000000000000000000000000000000000000000000000000000000000000000000000822624789016924	2	/	/
Cau.Cau7BG000179	0.00000000000000000000000000000000000000000000000000000000000000000000000000000000000000000000000000000000000000000000000000000000000000599748850741431	0.86995893000376	0.62	0.454	0.000000000000000000000000000000000000000000000000000000000000000000000000000000000000000000000000000000000000000000000000000000000276496215168814	2	/	AT5G43300
Cau.Cau2BG001541	0.000000000000000000000000000000000000000000000000000000000000000000000000000000000000000000000000000000000000000000000000000000000000326938674237083	0.951595076185516	0.374	0.207	0.000000000000000000000000000000000000000000000000000000000000000000000000000000000000000000000000000000000000000000000000000000015072526759678	2	/	AT1G65960;AT5G17330
Cau.Cau4BG000464	0.000000000000000000000000000000000000000000000000000000000000000000000000000000000000000000000000000000000000000000000000000000000000553884477575336	0.853554604638998	0.286	0.137	0.0000000000000000000000000000000000000000000000000000000000000000000000000000000000000000000000000000000000000000000000000000000255351821851782	2	/	AT5G23710
Cau.Cau3AG001485	0.00000000000000000000000000000000000000000000000000000000000000000000000000000000000000000000000000000000000000000000000000000000000158835107434428	0.749175748693346	0.434	0.252	0.0000000000000000000000000000000000000000000000000000000000000000000000000000000000000000000000000000000000000000000000000000000732261612294199	2	/	/
Cau.Cau2BG000597	0.00000000000000000000000000000000000000000000000000000000000000000000000000000000000000000000000000000000000000000000000000000000000327388751493027	0.574796396568063	0.618	0.408	0.000000000000000000000000000000000000000000000000000000000000000000000000000000000000000000000000000000000000000000000000000000150932762213315	2	/	AT1G24545;AT1G67800;AT3G01650;AT5G14420
Cau.Cau1BG001744	0.000000000000000000000000000000000000000000000000000000000000000000000000000000000000000000000000000000000000000000000000000000000401758189050199	0.735427880400932	0.315	0.157	0.0000000000000000000000000000000000000000000000000000000000000000000000000000000000000000000000000000000000000000000000000000185218560315923	2	/	AT5G08790;AT5G63790
Cau.Cau3BG000836	0.0000000000000000000000000000000000000000000000000000000000000000000000000000000000000000000000000000000000000000000000000377789631152491	0.786949000516824	0.326	0.172	0.00000000000000000000000000000000000000000000000000000000000000000000000000000000000000000000000000000000000000000000174168575753921	2	/	AT1G01720
Cau.Cau5BG002532	0.0000000000000000000000000000000000000000000000000000000000000000000000000000000000000000000000000000000000000000000000139940837465874	0.448561683440643	0.741	0.54	0.000000000000000000000000000000000000000000000000000000000000000000000000000000000000000000000000000000000000000000645155248885174	2	/	/
Cau.Cau7BG000165	0.00000000000000000000000000000000000000000000000000000000000000000000000000000000000000000000000000000000000000000000396466525823798	0.820288172301599	0.349	0.194	0.000000000000000000000000000000000000000000000000000000000000000000000000000000000000000000000000000000000000000182778997735287	2	/	AT5G13220
Cau.Cau1AG000689	0.0000000000000000000000000000000000000000000000000000000000000000000000000000000000000000000000000000000000000000000588312289241232	0.654704557824137	0.714	0.56	0.00000000000000000000000000000000000000000000000000000000000000000000000000000000000000000000000000000000000000271223731585993	2	/	/
Cau.Cau4BG000120	0.000000000000000000000000000000000000000000000000000000000000000000000000000000000000000000000000000000000000000638078680737504	0.73061446089014	0.251	0.119	0.0000000000000000000000000000000000000000000000000000000000000000000000000000000000000000000000000000000000294167033393604	2	/	AT4G31780
MT0017-RA	0.000000000000000000000000000000000000000000000000000000000000000000000000000000000000000000000000000000000000000722409304885598	0.52557329155254	0.711	0.53	0.0000000000000000000000000000000000000000000000000000000000000000000000000000000000000000000000000000000000333045137738358	2	/	/
Cau.Cau3BG000271	0.0000000000000000000000000000000000000000000000000000000000000000000000000000000000000000000000000000000000000353232899494549	0.620728204055326	0.506	0.326	0.00000000000000000000000000000000000000000000000000000000000000000000000000000000000000000000000000000000162847431324977	2	/	/
Cau.Cau3AG000173	0.000000000000000000000000000000000000000000000000000000000000000000000000000000000000000000000000000000000000389030955368835	0.894470618382765	0.387	0.234	0.000000000000000000000000000000000000000000000000000000000000000000000000000000000000000000000000000000017935105104414	2	/	AT1G20100;AT1G75860;AT1G76230
Cau.Cau3AG000839	0.000000000000000000000000000000000000000000000000000000000000000000000000000000000000000000000000000000000000402683409397916	0.705338496615436	0.357	0.203	0.0000000000000000000000000000000000000000000000000000000000000000000000000000000000000000000000000000000185645105400627	2	transcript:AT1G01720.1	AT1G01720
Cau.Cau6BG001391	0.0000000000000000000000000000000000000000000000000000000000000000000000000000000000000000000000000000000000104569596728234	0.750622641950656	0.252	0.121	0.000000000000000000000000000000000000000000000000000000000000000000000000000000000000000000000000000000482086754836507	2	/	/
Cau.Cau2BG002632	0.0000000000000000000000000000000000000000000000000000000000000000000000000000000000000000000000000000000000280005489462012	0.864908350190439	0.297	0.16	0.00000000000000000000000000000000000000000000000000000000000000000000000000000000000000000000000000000129088130751777	2	transcript:AT1G30135.1	AT1G30135;AT2G34600
Cau.Cau8BG001999	0.00000000000000000000000000000000000000000000000000000000000000000000000000000000000000000000000000000000057116006669131	0.716817572079323	0.252	0.124	0.0000000000000000000000000000000000000000000000000000000000000000000000000000000000000000000000000000263316213946028	2	/	/
Cau.Cau1AG000328	0.0000000000000000000000000000000000000000000000000000000000000000000000000000000000000000000000000000550321541111091	0.58271098071327	0.308	0.166	0.00000000000000000000000000000000000000000000000000000000000000000000000000000000000000000000000253709236883035	2	transcript:AT2G23790.1	AT2G23790;AT4G36820;AT5G66650
Cau.Cau3BG000173	0.00000000000000000000000000000000000000000000000000000000000000000000000000000000000000000000000061617306021648	0.853065876423093	0.268	0.142	0.0000000000000000000000000000000000000000000000000000000000000000000000000000000000000000000284068104221001	2	transcript:AT1G75860.1	AT1G20100;AT1G75860;AT1G76230
Cau.Cau6BG000459	0.000000000000000000000000000000000000000000000000000000000000000000000000000000000000000000972800510477568	0.62291207085327	0.386	0.236	0.0000000000000000000000000000000000000000000000000000000000000000000000000000000000000448480491340368	2	transcript:AT5G37840.1	AT1G66480;AT5G37840
Cau.Cau3AG000274	0.0000000000000000000000000000000000000000000000000000000000000000000000000000000000000000015325641352965	0.547056334075656	0.487	0.322	0.0000000000000000000000000000000000000000000000000000000000000000000000000000000000000706542717654392	2	/	/
Cau.Cau3AG002301	0.00000000000000000000000000000000000000000000000000000000000000000000000000000000000000128793221056642	0.70782723788351	0.266	0.144	0.0000000000000000000000000000000000000000000000000000000000000000000000000000000000593762507715329	2	/	/
Cau.Cau6AG001410	0.00000000000000000000000000000000000000000000000000000000000000000000000000000000000000159363974477852	0.600966248048358	0.411	0.261	0.0000000000000000000000000000000000000000000000000000000000000000000000000000000000734699795137795	2	/	/
MT0035-RA	0.0000000000000000000000000000000000000000000000000000000000000000000000000000000000000170542615988599	0.44831753113009	0.925	0.891	0.00000000000000000000000000000000000000000000000000000000000000000000000000000000078623556823064	2	/	/
Cau.Cau2AG001206	0.0000000000000000000000000000000000000000000000000000000000000000000000000000000000000789401202234798	0.565210676663486	0.505	0.347	0.00000000000000000000000000000000000000000000000000000000000000000000000000000000363929742254287	2	/	AT2G05710;AT4G26970;AT4G35830;AT5G54950
Cau.Cau1BG001072	0.000000000000000000000000000000000000000000000000000000000000000000000000000000000000110011713778225	0.641513915666689	0.291	0.164	0.00000000000000000000000000000000000000000000000000000000000000000000000000000000507176002860374	2	/	/
Cau.Cau2BG001541	0.00000000000000000000000000000000000000000000000000000000000000000000000000000000000021903474104454	0.599084907379782	0.413	0.266	0.0000000000000000000000000000000000000000000000000000000000000000000000000000000100979396316354	2	/	AT1G65960;AT5G17330
Cau.Cau4BG000698	0.000000000000000000000000000000000000000000000000000000000000000000000000000000000000769718526090846	0.58413647842327	0.602	0.457	0.0000000000000000000000000000000000000000000000000000000000000000000000000000000354855634898402	2	transcript:AT2G46330.1	/
Cau.Cau3AG000243	0.0000000000000000000000000000000000000000000000000000000000000000000000000000000000595594885660945	0.425846285773161	0.803	0.684	0.00000000000000000000000000000000000000000000000000000000000000000000000000000274581154187409	2	/	AT4G40040;AT5G10980
Cau.Cau4BG001745	0.000000000000000000000000000000000000000000000000000000000000000000000000000000000126229324221917	0.697340044117312	0.365	0.228	0.0000000000000000000000000000000000000000000000000000000000000000000000000000058194243052788	2	/	AT1G19180;AT1G74950
Cau.Cau7AG001742	0.00000000000000000000000000000000000000000000000000000000000000000000000000000000118871143067556	0.860481747965549	0.255	0.139	0.0000000000000000000000000000000000000000000000000000000000000000000000000000548019743770049	2	/	AT2G24030
Cau.Cau6AG000466	0.00000000000000000000000000000000000000000000000000000000000000000000000000000000430627502628953	0.559187590173343	0.592	0.448	0.000000000000000000000000000000000000000000000000000000000000000000000000000198527891262	2	/	AT1G66480;AT5G37840
Cau.Cau7AG000271	0.0000000000000000000000000000000000000000000000000000000000000000000000000166371925353967	0.779853830406047	0.335	0.213	0.000000000000000000000000000000000000000000000000000000000000000000000767007850266861	2	transcript:AT2G02990.1	AT2G02990
Cau.Cau5BG002532	0.00000000000000000000000000000000000000000000000000000000000000000000000010002321281475	0.291877433252886	0.668	0.496	0.00000000000000000000000000000000000000000000000000000000000000000000461127015718561	2	/	/
Cau.Cau1BG001948	0.0000000000000000000000000000000000000000000000000000000000000000000000001157156241281	0.543545634721447	0.403	0.262	0.00000000000000000000000000000000000000000000000000000000000000000000533472170355365	2	/	/
Cau.Cau2AG001549	0.000000000000000000000000000000000000000000000000000000000000000000000000321319718353699	0.689400413565674	0.446	0.311	0.0000000000000000000000000000000000000000000000000000000000000000000148134816555422	2	transcript:AT2G02010.1	/
Cau.Cau5AG000286	0.00000000000000000000000000000000000000000000000000000000000000000000000116079461023864	0.543241974720871	0.315	0.189	0.0000000000000000000000000000000000000000000000000000000000000000000535149531212217	2	/	/
Cau.Cau8AG001817	0.00000000000000000000000000000000000000000000000000000000000000000000000790512590019271	0.51308207749151	0.288	0.168	0.000000000000000000000000000000000000000000000000000000000000000000364442114250684	2	/	AT3G46570
Cau.Cau4AG000698	0.0000000000000000000000000000000000000000000000000000000000000000000000671425563137904	0.559477295495069	0.579	0.44	0.00000000000000000000000000000000000000000000000000000000000000000309540613117836	2	/	/
Cau.Cau2AG000772	0.00000000000000000000000000000000000000000000000000000000000000000293483033281406	0.476610185677281	0.602	0.462	0.000000000000000000000000000000000000000000000000000000000000135301548003394	2	/	AT5G07320;AT5G51050;AT5G61810
MT0018-RA	0.0000000000000000000000000000000000000000000000000000000000000000120439721236684	0.354796067606625	0.962	0.951	0.000000000000000000000000000000000000000000000000000000000000555251202845359	2	/	/
Cau.Cau2BG001069	0.0000000000000000000000000000000000000000000000000000000000000000179692351844529	0.730626669270079	0.482	0.357	0.000000000000000000000000000000000000000000000000000000000000828417680473648	2	/	AT4G28290
Cau.Cau3BG000240	0.0000000000000000000000000000000000000000000000000000000000000000384272284603718	0.405281574282594	0.778	0.675	0.00000000000000000000000000000000000000000000000000000000000177157208648006	2	transcript:AT5G10980.1	AT4G40040;AT5G10980
Cau.Cau6BG001047	0.000000000000000000000000000000000000000000000000000000000000000591900668802147	0.525793144090968	0.698	0.607	0.0000000000000000000000000000000000000000000000000000000000272878046331166	2	/	/
Cau.Cau5AG000815	0.000000000000000000000000000000000000000000000000000000000000000620601096695228	0.369454166863387	0.645	0.493	0.0000000000000000000000000000000000000000000000000000000000286109517598434	2	/	AT1G62790
Cau.Cau6BG001047	0.00000000000000000000000000000000000000000000000000000000000000577502925474908	0.711846686317881	0.608	0.51	0.000000000000000000000000000000000000000000000000000000000266240398702442	2	/	/
Cau.Cau5BG002558	0.0000000000000000000000000000000000000000000000000000000000000159925723070858	0.407447083162154	0.804	0.703	0.000000000000000000000000000000000000000000000000000000000737289568501267	2	transcript:AT5G55160.1	/
Cau.Cau1AG001302	0.000000000000000000000000000000000000000000000000000000000000818465332685846	0.604244703898186	0.335	0.218	0.0000000000000000000000000000000000000000000000000000000377328887674829	2	transcript:AT1G52565.1	AT1G52565;AT3G15760
Cau.Cau4BG000532	0.00000000000000000000000000000000000000000000000000000000000245087143561272	0.463735632961549	0.371	0.245	0.000000000000000000000000000000000000000000000000000000112990074924618	2	/	/
Cau.Cau2BG001212	0.00000000000000000000000000000000000000000000000000000000000408870576447302	0.487826371718606	0.46	0.33	0.000000000000000000000000000000000000000000000000000000188497513153735	2	transcript:AT2G05710.1	/
Cau.Cau3BG000117	0.00000000000000000000000000000000000000000000000000000000000965637263134582	0.324718721326533	0.818	0.711	0.000000000000000000000000000000000000000000000000000000445178091050305	2	/	/
MT0028-RA	0.0000000000000000000000000000000000000000000000000000000000502008483266656	0.378434423619174	0.627	0.494	0.00000000000000000000000000000000000000000000000000000231435950955594	2	/	/
Cau.Cau3BG001119	0.000000000000000000000000000000000000000000000000000000000397989816230455	0.470563137040949	0.491	0.36	0.0000000000000000000000000000000000000000000000000000183481265078564	2	/	/
Cau.Cau5BG000556	0.00000000000000000000000000000000000000000000000000000000969340174570572	0.510965289134408	0.303	0.193	0.000000000000000000000000000000000000000000000000000446885207280525	2	/	AT3G48360;AT5G63160
Cau.Cau1AG001609	0.000000000000000000000000000000000000000000000000000000946721229095119	0.449172635155215	0.325	0.211	0.0000000000000000000000000000000000000000000000000436457421037432	2	/	/
Cau.Cau8BG001412	0.00000000000000000000000000000000000000000000000000000812851812163873	0.593632306332225	0.38	0.267	0.000000000000000000000000000000000000000000000000374740942443789	2	transcript:AT2G27500.1	AT2G27500
CP0070	0.00000000000000000000000000000000000000000000000000000970317855782337	0.34671101540881	0.746	0.618	0.000000000000000000000000000000000000000000000000447335937872773	2	/	/
Cau.Cau3AG000998	0.0000000000000000000000000000000000000000000000000000156107410458167	0.447587391498956	0.418	0.294	0.000000000000000000000000000000000000000000000000719686383694241	2	/	AT1G34750
Cau.Cau1BG001862	0.0000000000000000000000000000000000000000000000000000183369302810183	0.371609909252252	0.62	0.495	0.000000000000000000000000000000000000000000000000845369159815505	2	transcript:AT1G53570.4	AT1G53570
Cau.Cau7BG000168	0.000000000000000000000000000000000000000000000000000308915936289089	0.30053484249159	0.54	0.406	0.0000000000000000000000000000000000000000000000142416424947996	2	/	AT5G13200
Cau.Cau2BG000627	0.00000000000000000000000000000000000000000000000000149033496424535	0.50691917137427	0.27	0.172	0.000000000000000000000000000000000000000000000068707422521639	2	transcript:AT2G20562.1	/
Cau.Cau4AG000533	0.00000000000000000000000000000000000000000000000000182989334293599	0.442724032810313	0.27	0.169	0.0000000000000000000000000000000000000000000000843617428960349	2	transcript:AT3G53330.1	/
Cau.Cau6BG000497	0.00000000000000000000000000000000000000000000000000744269892263742	0.565525914689333	0.281	0.182	0.00000000000000000000000000000000000000000000034312330573143	2	/	/
Cau.Cau8AG001319	0.0000000000000000000000000000000000000000000000000108360786916034	0.447603290998981	0.312	0.2	0.000000000000000000000000000000000000000000000499564899840298	2	/	AT2G27260
Cau.Cau6AG001152	0.0000000000000000000000000000000000000000000000000930577920054655	0.483193171830647	0.293	0.192	0.00000000000000000000000000000000000000000000429015032703597	2	transcript:AT1G66550.2	/
Cau.Cau1BG000655	0.00000000000000000000000000000000000000000000000166171959502522	0.258407074282272	0.695	0.553	0.0000000000000000000000000000000000000000000766085967698525	2	/	/
Cau.Cau2AG000817	0.0000000000000000000000000000000000000000000000023514753159319	0.538354957824422	0.289	0.191	0.000000000000000000000000000000000000000000108407715015092	2	/	/
Cau.Cau8AG000437	0.0000000000000000000000000000000000000000000000129014609003196	0.412872870608793	0.334	0.226	0.000000000000000000000000000000000000000000594783150426533	2	transcript:AT4G33985.1	AT2G15590;AT2G15610;AT4G33985
Cau.Cau6BG001548	0.0000000000000000000000000000000000000000000000499667029050247	0.438698201844462	0.372	0.263	0.00000000000000000000000000000000000000000230356493732745	2	transcript:AT3G53630.1	/
Cau.Cau5AG003081	0.000000000000000000000000000000000000000000171960087256554	0.442731146571153	0.298	0.202	0.00000000000000000000000000000000000000792770394270167	2	/	AT1G02890;AT4G02480
Cau.Cau2AG000589	0.000000000000000000000000000000000000000000847577907292319	0.272108645290868	0.46	0.334	0.0000000000000000000000000000000000000390750366819905	2	transcript:AT5G14420.2	AT1G24545;AT1G67800;AT3G01650;AT5G14420
Cau.Cau6BG001775	0.00000000000000000000000000000000000000000137817660918296	0.496326755161584	0.448	0.346	0.0000000000000000000000000000000000000635366980365528	2	/	AT2G36950
Cau.Cau6AG001388	0.0000000000000000000000000000000000000000014769482876931	0.425374062321897	0.432	0.327	0.0000000000000000000000000000000000000680902699592273	2	/	AT3G54040
Cau.Cau7BG000265	0.00000000000000000000000000000000000000000325383296219992	0.491299268562912	0.303	0.208	0.000000000000000000000000000000000000150008207223341	2	/	AT2G02990
Cau.Cau6BG001413	0.00000000000000000000000000000000000000000666810349997627	0.396089426177364	0.301	0.204	0.000000000000000000000000000000000000307412907555906	2	/	AT1G48530;AT3G53970
Cau.Cau2AG001330	0.0000000000000000000000000000000000000000276261103053179	0.423274599768757	0.362	0.26	0.00000000000000000000000000000000000127361893729576	2	transcript:AT5G35735.1	AT5G35735
Cau.Cau4AG001290	0.000000000000000000000000000000000000000148669497937429	0.386527277699869	0.338	0.236	0.00000000000000000000000000000000000685396119391136	2	/	AT1G51060;AT4G27230
Cau.Cau3AG000116	0.00000000000000000000000000000000000000043019905678922	0.294057080268871	0.704	0.598	0.0000000000000000000000000000000000198330369160966	2	transcript:AT1G20450.1	/
Cau.Cau2BG001331	0.00000000000000000000000000000000000000326212473548063	0.430613577418236	0.268	0.181	0.000000000000000000000000000000000150390474555128	2	/	AT5G35735
Cau.Cau2BG000809	0.00000000000000000000000000000000000000379662783565767	0.485236619479457	0.257	0.173	0.00000000000000000000000000000000017503213647949	2	/	/
Cau.Cau8AG001388	0.00000000000000000000000000000000000000472597248165884	0.4788077950374	0.334	0.241	0.000000000000000000000000000000000217876783349436	2	/	AT2G27500
Cau.Cau5BG000686	0.0000000000000000000000000000000000000895785933451301	0.388915765894505	0.272	0.185	0.00000000000000000000000000000000412975231039719	2	transcript:AT5G47120.1	AT4G17580;AT5G47120;AT5G47130
MT0009-RA	0.0000000000000000000000000000000000173060770088654	0.280719973793911	0.615	0.5	0.000000000000000000000000000000797844762262712	2	/	/
Cau.Cau6AG001049	0.0000000000000000000000000000000000218604811712684	0.385588429085262	0.748	0.692	0.00000000000000000000000000000100781190295782	2	transcript:AT2G32210.1	/
Cau.Cau1BG000575	0.000000000000000000000000000000000107324631202708	0.384031965500019	0.306	0.217	0.00000000000000000000000000000494788014770724	2	/	AT3G49780
Cau.Cau4BG001318	0.00000000000000000000000000000000126715888563424	0.365674182915605	0.339	0.248	0.0000000000000000000000000000584185589455098	2	transcript:AT4G27230.2	AT1G51060;AT4G27230
Cau.Cau5AG001065	0.00000000000000000000000000000000305835887607559	0.371093601098666	0.252	0.173	0.000000000000000000000000000140996460904837	2	/	AT5G60980
Cau.Cau8BG001409	0.00000000000000000000000000000000351452351254902	0.32313915947323	0.303	0.214	0.000000000000000000000000000162026562975535	2	transcript:AT2G27480.1	/
Cau.Cau3AG001895	0.00000000000000000000000000000000351890702758043	0.328447339581655	0.383	0.284	0.000000000000000000000000000162228651785513	2	/	AT3G43790;AT5G13740;AT5G13750
Cau.Cau2BG002677	0.00000000000000000000000000000000758033516703729	0.349807127969943	0.307	0.221	0.000000000000000000000000000349468611870753	2	transcript:AT1G62300.1	AT1G62300;AT4G04450;AT4G22070
Cau.Cau2BG000165	0.00000000000000000000000000000000808410012608989	0.397304677713743	0.258	0.179	0.000000000000000000000000000372693184012996	2	/	/
Cau.Cau7BG001302	0.0000000000000000000000000000000740810055306015	0.320207449514959	0.931	0.942	0.00000000000000000000000000341528251697179	2	/	AT2G30860;AT2G30870
Cau.Cau3BG001000	0.000000000000000000000000000000197826847595046	0.330135930078748	0.325	0.235	0.0000000000000000000000000091202133278268	2	transcript:AT1G34750.3	AT1G34750
MT0021-RA	0.0000000000000000000000000000011049533006153	0.251016926326757	0.609	0.507	0.0000000000000000000000000509405570649667	2	/	/
MT0019-RA	0.0000000000000000000000000000139829798572593	0.29928349105586	0.576	0.481	0.000000000000000000000000644643337379366	2	/	/
Cau.Cau5BG002009	0.0000000000000000000000000000290261703791949	0.310530485586847	0.289	0.206	0.00000000000000000000000133816450682165	2	/	/
Cau.Cau2AG000623	0.000000000000000000000000000124735650217298	0.370369905749806	0.283	0.204	0.00000000000000000000000575056294631786	2	/	/
MT0004-RA	0.0000000000000000000000000127824244399361	0.282784003785407	0.385	0.295	0.000000000000000000000589295331529935	2	/	/
Cau.Cau6BG000158	0.0000000000000000000000000189386158999892	0.274119382458927	0.266	0.191	0.000000000000000000000873108070221301	2	/	/
Cau.Cau3AG001120	0.0000000000000000000000000541006477165129	0.31153795324933	0.463	0.378	0.00000000000000000000249414806102668	2	/	/
Cau.Cau6AG001769	0.0000000000000000000000000551207574176814	0.426372443920535	0.492	0.417	0.00000000000000000000254117715846995	2	transcript:AT5G03380.1	AT2G36950
Cau.Cau6AG001411	0.0000000000000000000000000631594604748676	0.264472543657341	0.338	0.253	0.00000000000000000000291177744681235	2	/	AT1G48530;AT3G53970
MT0025-RA	0.000000000000000000000000133020695862029	0.341203854612492	0.278	0.204	0.00000000000000000000613252012063126	2	/	/
MT0034-RA	0.000000000000000000000000444775879812168	0.252925392905242	0.366	0.279	0.0000000000000000000205050576111006	2	/	/
Cau.Cau5BG001576	0.000000000000000000000000515737708789868	0.258743345435177	0.29	0.212	0.0000000000000000000237765398506305	2	/	AT5G53650
Cau.Cau5AG000685	0.00000000000000000000000421224436875937	0.286416486644355	0.265	0.193	0.000000000000000000194192889888544	2	/	/
Cau.Cau7AG000349	0.00000000000000000000000846475728569101	0.317169139581512	0.298	0.226	0.000000000000000000390242240384927	2	transcript:AT1G10370.1	AT1G10360;AT1G10370
Cau.Cau6AG001632	0.0000000000000000000000110096251647159	0.25896374917298	0.375	0.29	0.000000000000000000507565739343733	2	/	/
Cau.Cau5BG002443	0.000000000000000000000041479008052549	0.255231940264843	0.284	0.209	0.00000000000000000191226522923861	2	/	AT5G14602;AT5G18150
MT0006-RA	0.0000000000000000000000625929300272783	0.251218359646702	0.267	0.194	0.00000000000000000288565926011758	2	/	/
Cau.Cau9BG000630	0.0000000000000000000000849953837242948	0.333716241650714	0.285	0.213	0.00000000000000000391845718045744	2	transcript:AT3G57550.3	AT2G41880;AT3G57550
Cau.Cau6AG000502	0.0000000000000000000000947875278160165	0.295811102416045	0.261	0.192	0.00000000000000000436989460737399	2	/	/
Cau.Cau8AG000936	0.000000000000000000134294692058135	0.274948696784954	0.467	0.39	0.00000000000000619125389326414	2	/	/
Cau.Cau6BG001412	0.000000000000000000537917133842864	0.304853023365466	0.288	0.225	0.0000000000000247990557044237	2	/	/
Cau.Cau4AG001157	0.0000000000243822444848319	0.334760205434796	0.278	0.224	0.00000112407023523972	2	transcript:AT3G15353.1	AT3G15353
Cau.Cau2BG002331	0	2.82906034846018	0.331	0.035	0	3	/	/
Cau.Cau2AG002342	0	2.64194043433087	0.43	0.087	0	3	/	/
Cau.Cau2AG001310	0	2.54354770407871	0.4	0.058	0	3	/	/
Cau.Cau9AG001375	0	2.52802334109587	0.524	0.172	0	3	/	AT3G22840;AT4G14690
Cau.Cau8AG000894	0	2.3830231935869	0.367	0.059	0	3	transcript:AT1G60710.1	AT1G10810;AT1G60680;AT1G60690;AT1G60710;AT1G60730;AT1G60750
Cau.Cau9BG001448	0	2.29316055866637	0.374	0.107	0	3	transcript:AT3G22840.1	AT3G22840;AT4G14690
Cau.Cau7AG000171	0	2.22488984611161	0.517	0.198	0	3	transcript:AT5G13200.1	AT5G13200
Cau.Cau2BG001310	0	2.20671357663683	0.315	0.046	0	3	transcript:AT2G05540.1	/
Cau.Cau4BG001211	0	2.20497939512643	0.452	0.119	0	3	/	/
Cau.Cau5BG001332	0	2.1936754743441	0.307	0.057	0	3	/	/
Cau.Cau4AG001194	0	2.14411908347628	0.46	0.134	0	3	transcript:AT4G27450.1	AT3G15450;AT4G27450
Cau.Cau8AG000082	0	1.82165572808382	0.32	0.071	0	3	/	/
Cau.Cau3BG000389	0	1.75656300251239	0.399	0.107	0	3	transcript:AT5G42655.2	AT5G42655
Cau.Cau2BG001689	0	1.62431638904022	0.658	0.297	0	3	/	/
Cau.Cau4BG002281	0	1.549047268	0.33	0.068	0	3	transcript:AT5G58070.1	AT5G58070
Cau.Cau4AG002261	0	1.53725705899733	0.262	0.04	0	3	/	/
Cau.Cau3BG001301	0	1.45306387874359	0.537	0.249	0	3	/	/
Cau.Cau8BG001475	0	1.42729411415237	0.441	0.159	0	3	/	AT2G27830
Cau.Cau3AG000247	0	1.37039617431029	0.393	0.145	0	3	/	/
Cau.Cau4BG000149	0	1.36745862630037	0.276	0.067	0	3	/	/
Cau.Cau9AG001466	0	1.35276982479918	0.626	0.311	0	3	transcript:AT2G32150.1	AT2G32150
Cau.Cau3AG000390	0	1.33461937438444	0.296	0.087	0	3	transcript:AT5G42655.1	AT5G42655
Cau.Cau8BG001475	0	1.33325250948007	0.251	0.063	0	3	/	AT2G27830
Cau.Cau4AG000218	0	1.32128785959782	0.294	0.083	0	3	/	AT2G25460
Cau.Cau3BG000244	0	1.31633451378633	0.412	0.159	0	3	transcript:AT4G24160.1	AT4G24160
Cau.Cau5AG002590	0	1.3003792568525	0.843	0.618	0	3	/	/
Cau.Cau9BG001539	0	1.27359422416083	0.29	0.082	0	3	/	AT2G32150
Cau.Cau5BG002532	0	1.2530552247021	0.729	0.484	0	3	/	/
CP0008	0	1.23680174431051	0.543	0.244	0	3	/	/
Cau.Cau8AG001242	0	1.20524000830426	0.455	0.183	0	3	/	/
Cau.Cau6AG001410	0	1.16404361007697	0.531	0.236	0	3	/	/
CP0005	0	1.04286499462408	0.878	0.616	0	3	/	/
CP0004	0.000000000000000000000000000000000000000000000000000000000000000000000000000000000000000000000000000000000000000000000000000000000000000000000000000000000000000000000000000000000000000000000000000000000000000000000000000000000000000000000000000000000000000000000000000000000000000000000000000000000567579422345797	0.748011707176249	0.88	0.637	0.0000000000000000000000000000000000000000000000000000000000000000000000000000000000000000000000000000000000000000000000000000000000000000000000000000000000000000000000000000000000000000000000000000000000000000000000000000000000000000000000000000000000000000000000000000000000000000000000000000261665465289859	3	/	/
CP0040	0.00000000000000000000000000000000000000000000000000000000000000000000000000000000000000000000000000000000000000000000000000000000000000000000000000000000000000000000000000000000000000000000000000000000000000000000000000000000000000000000000000000000000000000000000000000000000000000000000000000108510483943942	1.09784292419216	0.528	0.256	0.0000000000000000000000000000000000000000000000000000000000000000000000000000000000000000000000000000000000000000000000000000000000000000000000000000000000000000000000000000000000000000000000000000000000000000000000000000000000000000000000000000000000000000000000000000000000000000000000000500255033078362	3	/	/
Cau.Cau6BG001412	0.0000000000000000000000000000000000000000000000000000000000000000000000000000000000000000000000000000000000000000000000000000000000000000000000000000000000000000000000000000000000000000000000000000000000000000000000000000000000000000000000000000000000000000000000000000000000000000000000000000033174870594317	1.05335604950353	0.452	0.191	0.00000000000000000000000000000000000000000000000000000000000000000000000000000000000000000000000000000000000000000000000000000000000000000000000000000000000000000000000000000000000000000000000000000000000000000000000000000000000000000000000000000000000000000000000000000000000000000000000015294278841392	3	/	/
Cau.Cau1AG000480	0.0000000000000000000000000000000000000000000000000000000000000000000000000000000000000000000000000000000000000000000000000000000000000000000000000000000000000000000000000000000000000000000000000000000000000000000000000000000000000000000000000000000000000000000000000000000000000000000000000000931746266243598	1.29611650884492	0.333	0.115	0.00000000000000000000000000000000000000000000000000000000000000000000000000000000000000000000000000000000000000000000000000000000000000000000000000000000000000000000000000000000000000000000000000000000000000000000000000000000000000000000000000000000000000000000000000000000000000000000000429553663663624	3	/	AT4G37300
Cau.Cau4AG000143	0.000000000000000000000000000000000000000000000000000000000000000000000000000000000000000000000000000000000000000000000000000000000000000000000000000000000000000000000000000000000000000000000000000000000000000000000000000000000000000000000000000000000000000000000000000000000000000000000000000300881486476089	1.21046654342973	0.262	0.074	0.0000000000000000000000000000000000000000000000000000000000000000000000000000000000000000000000000000000000000000000000000000000000000000000000000000000000000000000000000000000000000000000000000000000000000000000000000000000000000000000000000000000000000000000000000000000000000000000000138712382895206	3	/	/
Cau.Cau9AG000269	0.0000000000000000000000000000000000000000000000000000000000000000000000000000000000000000000000000000000000000000000000000000000000000000000000000000000000000000000000000000000000000000000000000000000000000000000000000000000000000000000000000000000000000000000000000000000000000000028738800870424	1.1370440704812	0.271	0.081	0.000000000000000000000000000000000000000000000000000000000000000000000000000000000000000000000000000000000000000000000000000000000000000000000000000000000000000000000000000000000000000000000000000000000000000000000000000000000000000000000000000000000000000000000000000000000000132491619772829	3	transcript:AT4G25570.1	AT4G25570
Cau.Cau7BG000168	0.0000000000000000000000000000000000000000000000000000000000000000000000000000000000000000000000000000000000000000000000000000000000000000000000000000000000000000000000000000000000000000000000000000000000000000000000000000000000000000000000000000000000000000000000000000000000000115408028546437	1.33725543115821	0.624	0.389	0.000000000000000000000000000000000000000000000000000000000000000000000000000000000000000000000000000000000000000000000000000000000000000000000000000000000000000000000000000000000000000000000000000000000000000000000000000000000000000000000000000000000000000000000000000000000532054093204784	3	/	AT5G13200
CP0047	0.0000000000000000000000000000000000000000000000000000000000000000000000000000000000000000000000000000000000000000000000000000000000000000000000000000000000000000000000000000000000000000000000000000000000000000000000000000000000000000000000000000000000000000000000000000000000000297323074454956	0.784159074425195	0.881	0.693	0.00000000000000000000000000000000000000000000000000000000000000000000000000000000000000000000000000000000000000000000000000000000000000000000000000000000000000000000000000000000000000000000000000000000000000000000000000000000000000000000000000000000000000000000000000000000137071883785224	3	/	/
Cau.Cau1AG001302	0.00000000000000000000000000000000000000000000000000000000000000000000000000000000000000000000000000000000000000000000000000000000000000000000000000000000000000000000000000000000000000000000000000000000000000000000000000000000000000000000000000000000000000000000000000000000000192808240686596	1.04814077160898	0.45	0.195	0.0000000000000000000000000000000000000000000000000000000000000000000000000000000000000000000000000000000000000000000000000000000000000000000000000000000000000000000000000000000000000000000000000000000000000000000000000000000000000000000000000000000000000000000000000000000888884551213343	3	transcript:AT1G52565.1	AT1G52565;AT3G15760
Cau.Cau1AG000328	0.0000000000000000000000000000000000000000000000000000000000000000000000000000000000000000000000000000000000000000000000000000000000000000000000000000000000000000000000000000000000000000000000000000000000000000000000000000000000000000000000000000000000000000000000000000000000885245766904408	1.30722571256819	0.378	0.151	0.0000000000000000000000000000000000000000000000000000000000000000000000000000000000000000000000000000000000000000000000000000000000000000000000000000000000000000000000000000000000000000000000000000000000000000000000000000000000000000000000000000000000000000000000000000040811600345827	3	transcript:AT2G23790.1	AT2G23790;AT4G36820;AT5G66650
CP0026	0.0000000000000000000000000000000000000000000000000000000000000000000000000000000000000000000000000000000000000000000000000000000000000000000000000000000000000000000000000000000000000000000000000000000000000000000000000000000000000000000000000000000000000000000000000000001550713503943	0.888769320841751	0.744	0.469	0.00000000000000000000000000000000000000000000000000000000000000000000000000000000000000000000000000000000000000000000000000000000000000000000000000000000000000000000000000000000000000000000000000000000000000000000000000000000000000000000000000000000000000000000000000714909939587801	3	/	/
Cau.Cau5AG001366	0.000000000000000000000000000000000000000000000000000000000000000000000000000000000000000000000000000000000000000000000000000000000000000000000000000000000000000000000000000000000000000000000000000000000000000000000000000000000000000000000000000000000000000000000000000000209389160939373	1.70629628040153	0.532	0.274	0.00000000000000000000000000000000000000000000000000000000000000000000000000000000000000000000000000000000000000000000000000000000000000000000000000000000000000000000000000000000000000000000000000000000000000000000000000000000000000000000000000000000000000000000000000965325909762696	3	transcript:AT2G38870.1	/
CP0006	0.000000000000000000000000000000000000000000000000000000000000000000000000000000000000000000000000000000000000000000000000000000000000000000000000000000000000000000000000000000000000000000000000000000000000000000000000000000000000000000000000000000000000000000000000000079678388220333	0.891433735152398	0.71	0.44	0.00000000000000000000000000000000000000000000000000000000000000000000000000000000000000000000000000000000000000000000000000000000000000000000000000000000000000000000000000000000000000000000000000000000000000000000000000000000000000000000000000000000000000000000000367333305373379	3	/	/
Cau.Cau5AG001484	0.0000000000000000000000000000000000000000000000000000000000000000000000000000000000000000000000000000000000000000000000000000000000000000000000000000000000000000000000000000000000000000000000000000000000000000000000000000000000000000000000000000000000000000000316589828946923	1.25339929919393	0.409	0.171	0.0000000000000000000000000000000000000000000000000000000000000000000000000000000000000000000000000000000000000000000000000000000000000000000000000000000000000000000000000000000000000000000000000000000000000000000000000000000000000000000000000000000000000014595424294111	3	/	/
Cau.Cau8BG000074	0.00000000000000000000000000000000000000000000000000000000000000000000000000000000000000000000000000000000000000000000000000000000000000000000000000000000000000000000000000000000000000000000000000000000000000000000000000000000000000000000000000000000000000208287974421752	1.6089022531282	0.414	0.189	0.0000000000000000000000000000000000000000000000000000000000000000000000000000000000000000000000000000000000000000000000000000000000000000000000000000000000000000000000000000000000000000000000000000000000000000000000000000000000000000000000000000000000960249219679162	3	/	/
Cau.Cau8BG000894	0.0000000000000000000000000000000000000000000000000000000000000000000000000000000000000000000000000000000000000000000000000000000000000000000000000000000000000000000000000000000000000000000000000000000000000000000000000000000000000000000000000000000000000254947061322924	1.39609138278263	0.309	0.112	0.00000000000000000000000000000000000000000000000000000000000000000000000000000000000000000000000000000000000000000000000000000000000000000000000000000000000000000000000000000000000000000000000000000000000000000000000000000000000000000000000000000000117535694211094	3	/	/
Cau.Cau3BG001301	0.00000000000000000000000000000000000000000000000000000000000000000000000000000000000000000000000000000000000000000000000000000000000000000000000000000000000000000000000000000000000000000000000000000000000000000000000000000000000000000000000000000000000595844085861356	1.13568515359941	0.512	0.26	0.000000000000000000000000000000000000000000000000000000000000000000000000000000000000000000000000000000000000000000000000000000000000000000000000000000000000000000000000000000000000000000000000000000000000000000000000000000000000000000000000000000274696040463802	3	/	/
CP0052	0.00000000000000000000000000000000000000000000000000000000000000000000000000000000000000000000000000000000000000000000000000000000000000000000000000000000000000000000000000000000000000000000000000000000000000000000000000000000000000000000000000000000036158349740256	0.703114009597213	0.726	0.428	0.0000000000000000000000000000000000000000000000000000000000000000000000000000000000000000000000000000000000000000000000000000000000000000000000000000000000000000000000000000000000000000000000000000000000000000000000000000000000000000000000000000166697223972528	3	/	/
MT0018-RA	0.0000000000000000000000000000000000000000000000000000000000000000000000000000000000000000000000000000000000000000000000000000000000000000000000000000000000000000000000000000000000000000000000000000000000000000000000000000000000000000000000000000203233722806426	0.577625973692623	0.984	0.946	0.000000000000000000000000000000000000000000000000000000000000000000000000000000000000000000000000000000000000000000000000000000000000000000000000000000000000000000000000000000000000000000000000000000000000000000000000000000000000000000000000936948108882183	3	/	/
CP0048	0.0000000000000000000000000000000000000000000000000000000000000000000000000000000000000000000000000000000000000000000000000000000000000000000000000000000000000000000000000000000000000000000000000000000000000000000000000000000000000000000000000000371316825217624	0.766671644276983	0.681	0.398	0.00000000000000000000000000000000000000000000000000000000000000000000000000000000000000000000000000000000000000000000000000000000000000000000000000000000000000000000000000000000000000000000000000000000000000000000000000000000000000000000000171184482761829	3	/	/
CP0007	0.000000000000000000000000000000000000000000000000000000000000000000000000000000000000000000000000000000000000000000000000000000000000000000000000000000000000000000000000000000000000000000000000000000000000000000000000000000000000000000000000000293163876658478	0.773949222314641	0.768	0.518	0.0000000000000000000000000000000000000000000000000000000000000000000000000000000000000000000000000000000000000000000000000000000000000000000000000000000000000000000000000000000000000000000000000000000000000000000000000000000000000000000000135154410417092	3	/	/
CP0020	0.000000000000000000000000000000000000000000000000000000000000000000000000000000000000000000000000000000000000000000000000000000000000000000000000000000000000000000000000000000000000000000000000000000000000000000000000000000000000000000000594024353293905	0.655771281814125	0.799	0.541	0.0000000000000000000000000000000000000000000000000000000000000000000000000000000000000000000000000000000000000000000000000000000000000000000000000000000000000000000000000000000000000000000000000000000000000000000000000000000000000000273857107355556	3	/	/
CP0038	0.00000000000000000000000000000000000000000000000000000000000000000000000000000000000000000000000000000000000000000000000000000000000000000000000000000000000000000000000000000000000000000000000000000000000000000000000000000000000000000000690392653015361	1.01888088595253	0.455	0.219	0.000000000000000000000000000000000000000000000000000000000000000000000000000000000000000000000000000000000000000000000000000000000000000000000000000000000000000000000000000000000000000000000000000000000000000000000000000000000000000318284820893142	3	/	/
CP0039	0.0000000000000000000000000000000000000000000000000000000000000000000000000000000000000000000000000000000000000000000000000000000000000000000000000000000000000000000000000000000000000000000000000000000000000000000000000000000000000000000119551567245665	0.765231756677636	0.738	0.478	0.000000000000000000000000000000000000000000000000000000000000000000000000000000000000000000000000000000000000000000000000000000000000000000000000000000000000000000000000000000000000000000000000000000000000000000000000000000000000000551156635315963	3	/	/
Cau.Cau5BG002532	0.000000000000000000000000000000000000000000000000000000000000000000000000000000000000000000000000000000000000000000000000000000000000000000000000000000000000000000000000000000000000000000000000000000000000000000000000000000000000000284801750107543	1.00126537113182	0.754	0.538	0.000000000000000000000000000000000000000000000000000000000000000000000000000000000000000000000000000000000000000000000000000000000000000000000000000000000000000000000000000000000000000000000000000000000000000000000000000000000013129930283458	3	/	/
Cau.Cau1BG000655	0.00000000000000000000000000000000000000000000000000000000000000000000000000000000000000000000000000000000000000000000000000000000000000000000000000000000000000000000000000000000000000000000000000000000000000000000000000000000000000591069346251059	0.934632767639297	0.558	0.306	0.000000000000000000000000000000000000000000000000000000000000000000000000000000000000000000000000000000000000000000000000000000000000000000000000000000000000000000000000000000000000000000000000000000000000000000000000000000000272494790008663	3	/	/
Cau.Cau5BG001456	0.0000000000000000000000000000000000000000000000000000000000000000000000000000000000000000000000000000000000000000000000000000000000000000000000000000000000000000000000000000000000000000000000000000000000000000000000000000000000000313759007156154	1.08917601928299	0.403	0.174	0.0000000000000000000000000000000000000000000000000000000000000000000000000000000000000000000000000000000000000000000000000000000000000000000000000000000000000000000000000000000000000000000000000000000000000000000000000000000014464917747913	3	transcript:AT1G79040.1	AT1G79040
Cau.Cau8AG000894	0.000000000000000000000000000000000000000000000000000000000000000000000000000000000000000000000000000000000000000000000000000000000000000000000000000000000000000000000000000000000000000000000000000000000000000000000000000000000000408609543712711	1.01211272053468	0.297	0.107	0.0000000000000000000000000000000000000000000000000000000000000000000000000000000000000000000000000000000000000000000000000000000000000000000000000000000000000000000000000000000000000000000000000000000000000000000000000000000188377171842434	3	transcript:AT1G60710.1	AT1G10810;AT1G60680;AT1G60690;AT1G60710;AT1G60730;AT1G60750
CP0002	0.0000000000000000000000000000000000000000000000000000000000000000000000000000000000000000000000000000000000000000000000000000000000000000000000000000000000000000000000000000000000000000000000000000000000000000000000000000000000414803261424978	0.650727605751758	0.857	0.641	0.00000000000000000000000000000000000000000000000000000000000000000000000000000000000000000000000000000000000000000000000000000000000000000000000000000000000000000000000000000000000000000000000000000000000000000000000000000191232599582144	3	/	/
CP0054	0.000000000000000000000000000000000000000000000000000000000000000000000000000000000000000000000000000000000000000000000000000000000000000000000000000000000000000000000000000000000000000000000000000000000000000000000000000828487496741649	0.657688105531964	0.855	0.645	0.0000000000000000000000000000000000000000000000000000000000000000000000000000000000000000000000000000000000000000000000000000000000000000000000000000000000000000000000000000000000000000000000000000000000000000000000381949305747835	3	/	/
Cau.Cau3AG000839	0.000000000000000000000000000000000000000000000000000000000000000000000000000000000000000000000000000000000000000000000000000000000000000000000000000000000000000000000000000000000000000000000000000000000000000000000423974169241613	0.945739262255158	0.478	0.246	0.0000000000000000000000000000000000000000000000000000000000000000000000000000000000000000000000000000000000000000000000000000000000000000000000000000000000000000000000000000000000000000000000000000000000000000195460571503769	3	transcript:AT1G01720.1	AT1G01720
Cau.Cau5AG002791	0.00000000000000000000000000000000000000000000000000000000000000000000000000000000000000000000000000000000000000000000000000000000000000000000000000000000000000000000000000000000000000000000000000000000000000000232707415572975	1.20335291867387	0.407	0.196	0.000000000000000000000000000000000000000000000000000000000000000000000000000000000000000000000000000000000000000000000000000000000000000000000000000000000000000000000000000000000000000000000000000000000000107282772727453	3	/	/
Cau.Cau6AG001049	0.00000000000000000000000000000000000000000000000000000000000000000000000000000000000000000000000000000000000000000000000000000000000000000000000000000000000000000000000000000000000000000000000000000000000000355875071097882	0.948014485219468	0.806	0.681	0.000000000000000000000000000000000000000000000000000000000000000000000000000000000000000000000000000000000000000000000000000000000000000000000000000000000000000000000000000000000000000000000000000000000164065525277546	3	transcript:AT2G32210.1	/
CP0062	0.00000000000000000000000000000000000000000000000000000000000000000000000000000000000000000000000000000000000000000000000000000000000000000000000000000000000000000000000000000000000000000000000000000767837975504337	0.757631145687293	0.586	0.341	0.000000000000000000000000000000000000000000000000000000000000000000000000000000000000000000000000000000000000000000000000000000000000000000000000000000000000000000000000000000000000000000000000353988663467009	3	/	/
Cau.Cau1AG001703	0.00000000000000000000000000000000000000000000000000000000000000000000000000000000000000000000000000000000000000000000000000000000000000000000000000000000000000000000000000000000000000000000000000620094015614748	0.882124336142364	0.338	0.145	0.000000000000000000000000000000000000000000000000000000000000000000000000000000000000000000000000000000000000000000000000000000000000000000000000000000000000000000000000000000000000000000000285875743078711	3	/	AT5G08790;AT5G63790
CP0076	0.00000000000000000000000000000000000000000000000000000000000000000000000000000000000000000000000000000000000000000000000000000000000000000000000000000000000000000000000000000000000000000000000260306124565028	0.819809075893969	0.555	0.32	0.000000000000000000000000000000000000000000000000000000000000000000000000000000000000000000000000000000000000000000000000000000000000000000000000000000000000000000000000000000000000000000120006329546969	3	/	/
CP0061	0.000000000000000000000000000000000000000000000000000000000000000000000000000000000000000000000000000000000000000000000000000000000000000000000000000000000000000000000000000000000000000000000164062262689686	0.747795786405471	0.701	0.481	0.00000000000000000000000000000000000000000000000000000000000000000000000000000000000000000000000000000000000000000000000000000000000000000000000000000000000000000000000000000000000000000756359843451991	3	/	/
CP0060	0.0000000000000000000000000000000000000000000000000000000000000000000000000000000000000000000000000000000000000000000000000000000000000000000000000000000000000000000000000000000000000000000052099852082117	0.616988914314354	0.792	0.573	0.000000000000000000000000000000000000000000000000000000000000000000000000000000000000000000000000000000000000000000000000000000000000000000000000000000000000000000000000000000000000000240190738068976	3	/	/
Cau.Cau1BG001744	0.0000000000000000000000000000000000000000000000000000000000000000000000000000000000000000000000000000000000000000000000000000000000000000000000000000000000000000000000000000000039554930769478	0.785731590754808	0.34	0.153	0.000000000000000000000000000000000000000000000000000000000000000000000000000000000000000000000000000000000000000000000000000000000000000000000000000000000000000000000000000182356141833447	3	/	AT5G08790;AT5G63790
CP0029	0.0000000000000000000000000000000000000000000000000000000000000000000000000000000000000000000000000000000000000000000000000000000000000000000000000000000000000000000000000000000553908472692037	0.5311664304043	0.722	0.465	0.00000000000000000000000000000000000000000000000000000000000000000000000000000000000000000000000000000000000000000000000000000000000000000000000000000000000000000000000000255362884080483	3	/	/
CP0017	0.0000000000000000000000000000000000000000000000000000000000000000000000000000000000000000000000000000000000000000000000000000000000000000000000000000000000000000000000000016047753182003	0.589879974761023	0.669	0.419	0.0000000000000000000000000000000000000000000000000000000000000000000000000000000000000000000000000000000000000000000000000000000000000000000000000000000000000000000000739833517196704	3	/	/
Cau.Cau5AG000883	0.00000000000000000000000000000000000000000000000000000000000000000000000000000000000000000000000000000000000000000000000000000000000000000000000000000000000000000000000000653035362843993	1.05199067042988	0.322	0.145	0.000000000000000000000000000000000000000000000000000000000000000000000000000000000000000000000000000000000000000000000000000000000000000000000000000000000000000000000301062362978338	3	/	/
Cau.Cau3AG001303	0.0000000000000000000000000000000000000000000000000000000000000000000000000000000000000000000000000000000000000000000000000000000000000000000000000000000000000000000000157979916134486	0.898833323182801	0.255	0.099	0.00000000000000000000000000000000000000000000000000000000000000000000000000000000000000000000000000000000000000000000000000000000000000000000000000000000000000000072831900936321	3	/	/
CP0041	0.0000000000000000000000000000000000000000000000000000000000000000000000000000000000000000000000000000000000000000000000000000000000000000000000000000000000000000000000380462339867391	0.717096235336476	0.59	0.364	0.00000000000000000000000000000000000000000000000000000000000000000000000000000000000000000000000000000000000000000000000000000000000000000000000000000000000000000175400747925665	3	/	/
Cau.Cau3BG002192	0.000000000000000000000000000000000000000000000000000000000000000000000000000000000000000000000000000000000000000000000000000000000000000000000000000000000000000000000914443802725834	1.22936778369568	0.262	0.11	0.0000000000000000000000000000000000000000000000000000000000000000000000000000000000000000000000000000000000000000000000000000000000000000000000000000000000000000421576881932664	3	/	AT4G16500;AT5G47550
CP0078	0.000000000000000000000000000000000000000000000000000000000000000000000000000000000000000000000000000000000000000000000000000000000000000000000000000000000000000000655101107111874	0.540751446451839	0.697	0.453	0.0000000000000000000000000000000000000000000000000000000000000000000000000000000000000000000000000000000000000000000000000000000000000000000000000000000000000302014712400716	3	/	/
Cau.Cau9BG001539	0.000000000000000000000000000000000000000000000000000000000000000000000000000000000000000000000000000000000000000000000000000000000000000000000000000000000000000000884390413158368	0.827709968517902	0.646	0.442	0.0000000000000000000000000000000000000000000000000000000000000000000000000000000000000000000000000000000000000000000000000000000000000000000000000000000000000407721668274271	3	/	AT2G32150
CP0037	0.00000000000000000000000000000000000000000000000000000000000000000000000000000000000000000000000000000000000000000000000000000000000000000000000000000000000000000738427247345328	0.749968478706624	0.444	0.239	0.000000000000000000000000000000000000000000000000000000000000000000000000000000000000000000000000000000000000000000000000000000000000000000000000000000000000340429729571143	3	/	/
Cau.Cau5AG000685	0.000000000000000000000000000000000000000000000000000000000000000000000000000000000000000000000000000000000000000000000000000000000000000000000000000000000000000848907987182238	0.839304951063159	0.356	0.174	0.0000000000000000000000000000000000000000000000000000000000000000000000000000000000000000000000000000000000000000000000000000000000000000000000000000000000391363560250755	3	/	/
CP0051	0.00000000000000000000000000000000000000000000000000000000000000000000000000000000000000000000000000000000000000000000000000000000000000000000000000000000000000347718008467942	0.760184144219407	0.395	0.202	0.000000000000000000000000000000000000000000000000000000000000000000000000000000000000000000000000000000000000000000000000000000000000000000000000000000000160304956263891	3	/	/
Cau.Cau5BG002826	0.0000000000000000000000000000000000000000000000000000000000000000000000000000000000000000000000000000000000000000000000000000000000000000000000000000000000000136370367718811	0.914433693102201	0.393	0.199	0.000000000000000000000000000000000000000000000000000000000000000000000000000000000000000000000000000000000000000000000000000000000000000000000000000000000628694669257261	3	/	/
CP0073	0.0000000000000000000000000000000000000000000000000000000000000000000000000000000000000000000000000000000000000000000000000000000000000000000000000000000000130467259720494	0.564203355020887	0.661	0.425	0.000000000000000000000000000000000000000000000000000000000000000000000000000000000000000000000000000000000000000000000000000000000000000000000000000000601480160763424	3	/	/
CP0018	0.0000000000000000000000000000000000000000000000000000000000000000000000000000000000000000000000000000000000000000000000000000000000000000000000000000000843886946650346	0.765522068888737	0.405	0.213	0.00000000000000000000000000000000000000000000000000000000000000000000000000000000000000000000000000000000000000000000000000000000000000000000000000389048760144742	3	/	/
MT0002-RA	0.00000000000000000000000000000000000000000000000000000000000000000000000000000000000000000000000000000000000000000000000000000000000000000000000000000516224228088886	0.683874183954795	0.436	0.231	0.000000000000000000000000000000000000000000000000000000000000000000000000000000000000000000000000000000000000000000000000000000000000000000000000237989693633538	3	/	/
Cau.Cau1BG000575	0.0000000000000000000000000000000000000000000000000000000000000000000000000000000000000000000000000000000000000000000000000000000000000000000000000155942050157544	1.14674255813449	0.376	0.203	0.00000000000000000000000000000000000000000000000000000000000000000000000000000000000000000000000000000000000000000000000000000000000000000000071892403963631	3	/	AT3G49780
Cau.Cau2AG001297	0.0000000000000000000000000000000000000000000000000000000000000000000000000000000000000000000000000000000000000000000000000000000000000000000000000362478001519142	0.829121526900698	0.265	0.113	0.00000000000000000000000000000000000000000000000000000000000000000000000000000000000000000000000000000000000000000000000000000000000000000000167109608260355	3	/	AT5G35690
Cau.Cau5AG000554	0.00000000000000000000000000000000000000000000000000000000000000000000000000000000000000000000000000000000000000000000000000000000000000000132284002920148	0.690802268994505	0.48	0.28	0.0000000000000000000000000000000000000000000000000000000000000000000000000000000000000000000000000000000000000000000000000000000000000609855710262467	3	transcript:AT5G63160.1	AT3G48360;AT5G63160
Cau.Cau9BG000279	0.00000000000000000000000000000000000000000000000000000000000000000000000000000000000000000000000000000000000000000000000000000000000000000452732865205495	0.851980258058287	0.331	0.164	0.000000000000000000000000000000000000000000000000000000000000000000000000000000000000000000000000000000000000000000000000000000000000208718905517037	3	/	AT5G23750
Cau.Cau6AG001049	0.0000000000000000000000000000000000000000000000000000000000000000000000000000000000000000000000000000000000000000000000000000000000000000304071847972235	0.748862466166427	0.298	0.139	0.0000000000000000000000000000000000000000000000000000000000000000000000000000000000000000000000000000000000000000000000000000000000014018320335216	3	transcript:AT2G32210.1	/
CP0034	0.0000000000000000000000000000000000000000000000000000000000000000000000000000000000000000000000000000000000000000000000000000000000000000439666964797679	0.632539001928916	0.536	0.327	0.00000000000000000000000000000000000000000000000000000000000000000000000000000000000000000000000000000000000000000000000000000000000202695264111026	3	/	/
Cau.Cau3AG001120	0.0000000000000000000000000000000000000000000000000000000000000000000000000000000000000000000000000000000000000000000000000000000000000000791254022801237	0.768655498914073	0.542	0.362	0.00000000000000000000000000000000000000000000000000000000000000000000000000000000000000000000000000000000000000000000000000000000000364783929591826	3	/	/
CP0032	0.00000000000000000000000000000000000000000000000000000000000000000000000000000000000000000000000000000000000000000000000000000000000450753289551111	0.605487506348286	0.459	0.26	0.000000000000000000000000000000000000000000000000000000000000000000000000000000000000000000000000000000000000000000000000000000207806281548853	3	/	/
Cau.Cau1AG000642	0.0000000000000000000000000000000000000000000000000000000000000000000000000000000000000000000000000000000000000000000000000000000039042149573001	0.746527099602152	0.285	0.135	0.000000000000000000000000000000000000000000000000000000000000000000000000000000000000000000000000000000000000000000000000000179992117961449	3	/	/
Cau.Cau7AG002247	0.0000000000000000000000000000000000000000000000000000000000000000000000000000000000000000000000000000000000000000000000000000000186466298385895	0.666246673633034	0.258	0.114	0.000000000000000000000000000000000000000000000000000000000000000000000000000000000000000000000000000000000000000000000000000859646928818654	3	/	AT2G40095;AT3G55880
Cau.Cau5AG002880	0.0000000000000000000000000000000000000000000000000000000000000000000000000000000000000000000000000000000000000000000000000000000269212176037478	0.715881405314344	0.257	0.112	0.00000000000000000000000000000000000000000000000000000000000000000000000000000000000000000000000000000000000000000000000000124112197396798	3	transcript:AT3G63310.1	AT3G63310
CP0059	0.00000000000000000000000000000000000000000000000000000000000000000000000000000000000000000000000000000000000000000000000000000218144014657477	0.673519509338294	0.529	0.341	0.00000000000000000000000000000000000000000000000000000000000000000000000000000000000000000000000000000000000000000000000010056875363739	3	/	/
MT0013-RA	0.0000000000000000000000000000000000000000000000000000000000000000000000000000000000000000000000000000000000000000000000000000125563841029594	0.524799619044936	0.806	0.651	0.000000000000000000000000000000000000000000000000000000000000000000000000000000000000000000000000000000000000000000000000578874419914633	3	/	/
CP0053	0.000000000000000000000000000000000000000000000000000000000000000000000000000000000000000000000000000000000000000000000000000196382794862552	0.492628282901794	0.559	0.344	0.00000000000000000000000000000000000000000000000000000000000000000000000000000000000000000000000000000000000000000000000905363960875339	3	/	/
Cau.Cau6AG000685	0.00000000000000000000000000000000000000000000000000000000000000000000000000000000000000000000000000000000000000000000000000931874332317676	0.534618654390125	0.419	0.235	0.000000000000000000000000000000000000000000000000000000000000000000000000000000000000000000000000000000000000000000000429612704685095	3	transcript:AT5G03720.2	AT5G03720
Cau.Cau2BG001297	0.00000000000000000000000000000000000000000000000000000000000000000000000000000000000000000000000000000000000000000000000224535935166534	0.730181721850519	0.282	0.135	0.000000000000000000000000000000000000000000000000000000000000000000000000000000000000000000000000000000000000000000103515556830476	3	transcript:AT5G35690.1	AT5G35690
Cau.Cau1AG000642	0.00000000000000000000000000000000000000000000000000000000000000000000000000000000000000000000000000000000000000000000000953238250186019	0.699456784960383	0.673	0.528	0.000000000000000000000000000000000000000000000000000000000000000000000000000000000000000000000000000000000000000000439461898100758	3	/	/
MT0034-RA	0.0000000000000000000000000000000000000000000000000000000000000000000000000000000000000000000000000000000000000000000000290000174481969	0.630510725178618	0.449	0.262	0.00000000000000000000000000000000000000000000000000000000000000000000000000000000000000000000000000000000000000000133695880439677	3	/	/
Cau.Cau7BG000345	0.00000000000000000000000000000000000000000000000000000000000000000000000000000000000000000000000000000000000000000000192607721934219	0.679765562738005	0.38	0.213	0.0000000000000000000000000000000000000000000000000000000000000000000000000000000000000000000000000000000000000000887960119661136	3	/	AT1G10360;AT1G10370
CP0077	0.0000000000000000000000000000000000000000000000000000000000000000000000000000000000000000000000000000000000000000015837477027999	0.55848227913115	0.512	0.32	0.0000000000000000000000000000000000000000000000000000000000000000000000000000000000000000000000000000000000000730139365944812	3	/	/
Cau.Cau1BG001338	0.00000000000000000000000000000000000000000000000000000000000000000000000000000000000000000000000000000000000000000367543364260074	0.537497969306823	0.63	0.43	0.000000000000000000000000000000000000000000000000000000000000000000000000000000000000000000000000000000000000169444841791179	3	/	AT1G52565;AT3G15760
Cau.Cau5BG000556	0.0000000000000000000000000000000000000000000000000000000000000000000000000000000000000000000000000000000000000000212244022265327	0.684592627615155	0.344	0.185	0.000000000000000000000000000000000000000000000000000000000000000000000000000000000000000000000000000000000000978487391447612	3	/	AT3G48360;AT5G63160
Cau.Cau6BG001047	0.00000000000000000000000000000000000000000000000000000000000000000000000000000000000000000000000000000000000000125805048658857	0.962364480538007	0.63	0.506	0.0000000000000000000000000000000000000000000000000000000000000000000000000000000000000000000000000000000000579986435327064	3	/	/
Cau.Cau3BG000027	0.00000000000000000000000000000000000000000000000000000000000000000000000000000000000000000000000000000000000000944859327322997	0.684383365185062	0.278	0.138	0.000000000000000000000000000000000000000000000000000000000000000000000000000000000000000000000000000000000435599047082448	3	/	AT1G42990
Cau.Cau1BG001862	0.0000000000000000000000000000000000000000000000000000000000000000000000000000000000000000000000000000000000000430758447952809	0.571148494178694	0.66	0.487	0.00000000000000000000000000000000000000000000000000000000000000000000000000000000000000000000000000000000198588259675204	3	transcript:AT1G53570.4	AT1G53570
Cau.Cau1AG001885	0.00000000000000000000000000000000000000000000000000000000000000000000000000000000000000000000000000000000000334375432693586	0.805438234145039	0.361	0.206	0.000000000000000000000000000000000000000000000000000000000000000000000000000000000000000000000000000000154153761980397	3	transcript:AT5G64750.1	/
Cau.Cau5AG000423	0.0000000000000000000000000000000000000000000000000000000000000000000000000000000000000000000000000000000520435710966138	0.633002242674713	0.281	0.141	0.00000000000000000000000000000000000000000000000000000000000000000000000000000000000000000000000000239931271469609	3	/	AT1G10560;AT1G60190
Cau.Cau5BG000686	0.00000000000000000000000000000000000000000000000000000000000000000000000000000000000000000000000000000240268753742861	0.628834669079285	0.322	0.174	0.000000000000000000000000000000000000000000000000000000000000000000000000000000000000000000000000110768700850534	3	transcript:AT5G47120.1	AT4G17580;AT5G47120;AT5G47130
Cau.Cau6BG000682	0.00000000000000000000000000000000000000000000000000000000000000000000000000000000000000000000000000000650413957504688	0.546424373920473	0.429	0.26	0.000000000000000000000000000000000000000000000000000000000000000000000000000000000000000000000000299853842688811	3	/	AT5G03720
Cau.Cau1BG000655	0.00000000000000000000000000000000000000000000000000000000000000000000000000000000000000000000000000177099599100212	0.58328553733387	0.695	0.554	0.0000000000000000000000000000000000000000000000000000000000000000000000000000000000000000000000816464571771799	3	/	/
Cau.Cau5BG000286	0.0000000000000000000000000000000000000000000000000000000000000000000000000000000000000000000000000122634042433125	0.611881726022614	0.491	0.323	0.000000000000000000000000000000000000000000000000000000000000000000000000000000000000000000000565367462425194	3	/	/
Cau.Cau5AG000102	0.000000000000000000000000000000000000000000000000000000000000000000000000000000000000000000000000107735246759638	0.521241474010544	0.598	0.422	0.00000000000000000000000000000000000000000000000000000000000000000000000000000000000000000000496681034611282	3	transcript:AT5G42050.1	AT5G42050
Cau.Cau8AG000437	0.0000000000000000000000000000000000000000000000000000000000000000000000000000000000000000000000179037814575958	0.580480271364309	0.373	0.218	0.000000000000000000000000000000000000000000000000000000000000000000000000000000000000000000825400132758083	3	transcript:AT4G33985.1	AT2G15590;AT2G15610;AT4G33985
CP0080	0.0000000000000000000000000000000000000000000000000000000000000000000000000000000000000000000124931503280876	0.59147994533663	0.28	0.149	0.000000000000000000000000000000000000000000000000000000000000000000000000000000000000000575959216425493	3	/	/
CP0009	0.0000000000000000000000000000000000000000000000000000000000000000000000000000000000000000000185851560806198	0.53361870211854	0.403	0.244	0.000000000000000000000000000000000000000000000000000000000000000000000000000000000000000856812865628734	3	/	/
Cau.Cau3AG000274	0.00000000000000000000000000000000000000000000000000000000000000000000000000000000000000000134710010773224	0.564238217865169	0.487	0.322	0.0000000000000000000000000000000000000000000000000000000000000000000000000000000000000621040091666715	3	/	/
Cau.Cau4AG000069	0.00000000000000000000000000000000000000000000000000000000000000000000000000000000000000000138887945475094	0.70981077787993	0.311	0.175	0.0000000000000000000000000000000000000000000000000000000000000000000000000000000000000640301206229279	3	transcript:AT2G24570.1	AT2G24570;AT4G31550
CP0036	0.00000000000000000000000000000000000000000000000000000000000000000000000000000000000000000378102392582609	0.548011702397129	0.331	0.188	0.000000000000000000000000000000000000000000000000000000000000000000000000000000000000174312765028435	3	/	/
CP0001	0.00000000000000000000000000000000000000000000000000000000000000000000000000000000000000000645783584999006	0.409732997399898	0.659	0.458	0.000000000000000000000000000000000000000000000000000000000000000000000000000000000000297719148356242	3	/	/
Cau.Cau9AG000621	0.0000000000000000000000000000000000000000000000000000000000000000000000000000000000000000121406663538244	0.614845770251854	0.312	0.175	0.000000000000000000000000000000000000000000000000000000000000000000000000000000000000559709000244012	3	/	AT2G41880;AT3G57550
Cau.Cau3BG000774	0.0000000000000000000000000000000000000000000000000000000000000000000000000000000000000000342711054880736	0.505972520137156	0.59	0.419	0.00000000000000000000000000000000000000000000000000000000000000000000000000000000000157996650521117	3	/	AT1G21390;AT1G76980
Cau.Cau3BG001061	0.000000000000000000000000000000000000000000000000000000000000000000000000000000000000000897639125352389	0.70461686889617	0.343	0.203	0.0000000000000000000000000000000000000000000000000000000000000000000000000000000000413829589569958	3	transcript:AT4G24380.3	AT4G24380
MT0017-RA	0.00000000000000000000000000000000000000000000000000000000000000000000000000000000000000292599388431018	0.394015843385425	0.711	0.531	0.000000000000000000000000000000000000000000000000000000000000000000000000000000000134894170054468	3	/	/
CP0079	0.00000000000000000000000000000000000000000000000000000000000000000000000000000000000000410570569707975	0.524449582182121	0.296	0.161	0.000000000000000000000000000000000000000000000000000000000000000000000000000000000189281244046771	3	/	/
MT0028-RA	0.00000000000000000000000000000000000000000000000000000000000000000000000000000000000006000221489229	0.479273390054495	0.653	0.489	0.00000000000000000000000000000000000000000000000000000000000000000000000000000000276622211096435	3	/	/
Cau.Cau9BG000630	0.00000000000000000000000000000000000000000000000000000000000000000000000000000000000124574992464529	0.583116189640206	0.34	0.201	0.000000000000000000000000000000000000000000000000000000000000000000000000000000057431563025997	3	transcript:AT3G57550.3	AT2G41880;AT3G57550
MT0021-RA	0.000000000000000000000000000000000000000000000000000000000000000000000000000000000745711990351441	0.42895820116895	0.662	0.497	0.0000000000000000000000000000000000000000000000000000000000000000000000000000343788141791821	3	/	/
Cau.Cau3BG000836	0.0000000000000000000000000000000000000000000000000000000000000000000000000000000266141189456457	0.714392500617504	0.3	0.174	0.00000000000000000000000000000000000000000000000000000000000000000000000000122696411163216	3	/	AT1G01720
Cau.Cau1BG001948	0.0000000000000000000000000000000000000000000000000000000000000000000000000000000345055143239858	0.568751190524441	0.405	0.262	0.00000000000000000000000000000000000000000000000000000000000000000000000000159077322136439	3	/	/
Cau.Cau5BG002275	0.0000000000000000000000000000000000000000000000000000000000000000000000000000000493228396993763	0.616597122293557	0.299	0.172	0.00000000000000000000000000000000000000000000000000000000000000000000000000227388155582065	3	transcript:AT2G43350.1	AT2G31570
CP0003	0.000000000000000000000000000000000000000000000000000000000000000000000000000000191527591588815	0.482457026474288	0.479	0.32	0.00000000000000000000000000000000000000000000000000000000000000000000000000882980502742753	3	/	/
Cau.Cau4AG001698	0.00000000000000000000000000000000000000000000000000000000000000000000000000000320366775835876	0.492951229071422	0.38	0.237	0.000000000000000000000000000000000000000000000000000000000000000000000000147695490995855	3	transcript:AT3G45310.1	AT3G45310;AT5G60360
CP0030	0.00000000000000000000000000000000000000000000000000000000000000000000000000000866016867983277	0.495340997008472	0.298	0.17	0.00000000000000000000000000000000000000000000000000000000000000000000000039925109647765	3	/	/
MT0029-RA	0.0000000000000000000000000000000000000000000000000000000000000000000000000000567687971768183	0.451245425177415	0.472	0.313	0.00000000000000000000000000000000000000000000000000000000000000000000000261715508744568	3	/	/
MT0019-RA	0.000000000000000000000000000000000000000000000000000000000000000000000000000126895659711636	0.418100443048427	0.633	0.469	0.00000000000000000000000000000000000000000000000000000000000000000000000585014370402582	3	/	/
Cau.Cau3AG001062	0.0000000000000000000000000000000000000000000000000000000000000000000000000158039207979701	0.599387055215265	0.437	0.294	0.00000000000000000000000000000000000000000000000000000000000000000000072859235662802	3	/	AT4G24380
Cau.Cau8BG001258	0.0000000000000000000000000000000000000000000000000000000000000000000000000253928856340815	0.479264111979583	0.29	0.166	0.00000000000000000000000000000000000000000000000000000000000000000000117066281350242	3	/	/
MT0023-RA	0.000000000000000000000000000000000000000000000000000000000000000000000000204942830119902	0.520025950732177	0.502	0.348	0.00000000000000000000000000000000000000000000000000000000000000000000944827435418771	3	/	/
CP0021	0.00000000000000000000000000000000000000000000000000000000000000000000000661071478728862	0.337100382878662	0.439	0.279	0.00000000000000000000000000000000000000000000000000000000000000000030476717312358	3	/	/
MT0011-RA	0.0000000000000000000000000000000000000000000000000000000000000000000000132526678747683	0.45031878424018	0.333	0.2	0.000000000000000000000000000000000000000000000000000000000000000000610974494362567	3	/	/
Cau.Cau6BG000365	0.0000000000000000000000000000000000000000000000000000000000000000000000377972523752426	0.317523276495299	0.684	0.52	0.00000000000000000000000000000000000000000000000000000000000000000174252892900343	3	transcript:AT5G16110.1	AT3G02555;AT5G16110
Cau.Cau4BG000698	0.000000000000000000000000000000000000000000000000000000000000000000000309061535481811	0.34499793439525	0.621	0.453	0.0000000000000000000000000000000000000000000000000000000000000000142483549087824	3	transcript:AT2G46330.1	/
CP0070	0.000000000000000000000000000000000000000000000000000000000000000000000905105487633654	0.314202441335088	0.776	0.613	0.0000000000000000000000000000000000000000000000000000000000000000417271731908867	3	/	/
Cau.Cau5AG003318	0.0000000000000000000000000000000000000000000000000000000000000000000264049395267371	0.480337609333654	0.417	0.275	0.00000000000000000000000000000000000000000000000000000000000000121732052206163	3	transcript:AT1G02305.1	AT1G02300;AT1G02305;AT4G01610
CP0022	0.0000000000000000000000000000000000000000000000000000000000000000000926061676871783	0.26291365527638	0.803	0.629	0.00000000000000000000000000000000000000000000000000000000000000426932954271429	3	/	/
CP0058	0.000000000000000000000000000000000000000000000000000000000000000000878097162692967	0.472069402107699	0.288	0.17	0.0000000000000000000000000000000000000000000000000000000000000404820353944712	3	/	/
Cau.Cau3AG000274	0.00000000000000000000000000000000000000000000000000000000000000000106685500677915	0.322020169219718	0.948	0.899	0.0000000000000000000000000000000000000000000000000000000000000491841495225322	3	/	/
Cau.Cau3BG000271	0.00000000000000000000000000000000000000000000000000000000000000858403858375516	0.422219166654562	0.475	0.333	0.00000000000000000000000000000000000000000000000000000000039574134678828	3	/	/
Cau.Cau6AG001152	0.000000000000000000000000000000000000000000000000000000000000722398533061354	0.470311925411533	0.306	0.19	0.0000000000000000000000000000000000000000000000000000000333040171711946	3	transcript:AT1G66550.2	/
CP0071	0.000000000000000000000000000000000000000000000000000000000000771364147642922	0.447893124465696	0.33	0.209	0.000000000000000000000000000000000000000000000000000000035561429934634	3	/	/
Cau.Cau3BG001119	0.000000000000000000000000000000000000000000000000000000000000995561536787244	0.500510724754612	0.487	0.361	0.0000000000000000000000000000000000000000000000000000000458973779689655	3	/	/
Cau.Cau2AG002271	0.0000000000000000000000000000000000000000000000000000000000101300506518674	0.531777009832206	0.331	0.209	0.000000000000000000000000000000000000000000000000000000467015595152393	3	/	/
CP0016	0.0000000000000000000000000000000000000000000000000000000000111716254590819	0.301970877066467	0.421	0.275	0.000000000000000000000000000000000000000000000000000000515034276914592	3	/	/
Cau.Cau5BG000100	0.000000000000000000000000000000000000000000000000000000000011927956924151	0.385810137388246	0.61	0.466	0.00000000000000000000000000000000000000000000000000000054990267011721	3	/	AT5G42050
Cau.Cau3AG001485	0.0000000000000000000000000000000000000000000000000000000000212393674141862	0.635791326012221	0.382	0.264	0.000000000000000000000000000000000000000000000000000000979177316528811	3	/	/
Cau.Cau5AG002334	0.0000000000000000000000000000000000000000000000000000000000531123248058539	0.525971354435331	0.298	0.188	0.00000000000000000000000000000000000000000000000000000244858439819948	3	/	AT2G31570
Cau.Cau8AG000658	0.00000000000000000000000000000000000000000000000000000000249794539820092	0.272075257028658	0.367	0.237	0.000000000000000000000000000000000000000000000000000115160278747859	3	transcript:AT4G39230.1	AT4G39230
CP0043	0.000000000000000000000000000000000000000000000000000000174301250681224	0.367677492415694	0.436	0.301	0.00000000000000000000000000000000000000000000000000803563625890579	3	/	/
Cau.Cau3AG000775	0.0000000000000000000000000000000000000000000000000000301606087313231	0.424966387526401	0.534	0.401	0.00000000000000000000000000000000000000000000000139046438373146	3	transcript:AT1G76980.2	AT1G21390;AT1G76980
Cau.Cau4BG001802	0.0000000000000000000000000000000000000000000000000289564120285795	0.501531326079296	0.313	0.208	0.00000000000000000000000000000000000000000000133494850734157	3	/	AT3G43440;AT5G20900
Cau.Cau2AG001185	0.000000000000000000000000000000000000000000000000266613665093271	0.369785195850884	0.346	0.233	0.00000000000000000000000000000000000000000001229142318813	3	/	AT1G54290;AT4G27130;AT5G54760
Cau.Cau4AG000698	0.00000000000000000000000000000000000000000000000862019628428317	0.291654159808898	0.583	0.44	0.000000000000000000000000000000000000000000397408289098023	3	/	/
CP0081	0.0000000000000000000000000000000000000000000000269130487683265	0.392630704330781	0.276	0.176	0.00000000000000000000000000000000000000000124074537431739	3	/	/
Cau.Cau5AG000286	0.000000000000000000000000000000000000000000000041872270652262	0.429289073463474	0.297	0.193	0.00000000000000000000000000000000000000000193039542161058	3	/	/
Cau.Cau5AG001468	0.00000000000000000000000000000000000000000000014434114441087	0.521556618550845	0.3	0.2	0.00000000000000000000000000000000000000000665441543962993	3	/	/
Cau.Cau3AG000839	0.000000000000000000000000000000000000000000000237322546832872	0.409215708526569	0.316	0.212	0.0000000000000000000000000000000000000000109410440540891	3	transcript:AT1G01720.1	AT1G01720
Cau.Cau3BG002037	0.00000000000000000000000000000000000000000000479939888034146	0.545827612498406	0.259	0.166	0.000000000000000000000000000000000000000221261887181502	3	/	AT1G25275
Cau.Cau6BG001047	0.0000000000000000000000000000000000000000000094153297931381	0.447335263990872	0.686	0.61	0.000000000000000000000000000000000000000434065534123253	3	/	/
Cau.Cau8AG000205	0.0000000000000000000000000000000000000000000107316052972136	0.426030267584117	0.298	0.197	0.00000000000000000000000000000000000000049474846741214	3	/	AT4G33660
Cau.Cau6BG000497	0.0000000000000000000000000000000000000000000214223721550489	0.380657305916039	0.281	0.183	0.000000000000000000000000000000000000000987614201092064	3	/	/
Cau.Cau8AG000328	0.0000000000000000000000000000000000000000000370235850309868	0.335992975124054	0.379	0.263	0.00000000000000000000000000000000000000170686131709855	3	/	/
MT0006-RA	0.0000000000000000000000000000000000000000000723526910221705	0.329139123330545	0.291	0.189	0.0000000000000000000000000000000000000033356037615041	3	/	/
Cau.Cau6BG001223	0.000000000000000000000000000000000000000000554798880129565	0.643227151070812	0.407	0.316	0.0000000000000000000000000000000000000255773379717332	3	transcript:AT3G51660.1	AT3G51660
Cau.Cau5AG001736	0.000000000000000000000000000000000000000000611955908852995	0.460708301088605	0.251	0.163	0.0000000000000000000000000000000000000282123913099408	3	/	/
Cau.Cau6AG000502	0.0000000000000000000000000000000000000000163614706963465	0.319729330243774	0.286	0.187	0.000000000000000000000000000000000000754296522042965	3	/	/
Cau.Cau1AG001868	0.000000000000000000000000000000000000000137333256706749	0.580302617853691	0.767	0.733	0.00000000000000000000000000000000000633133780069454	3	/	/
CP0011	0.000000000000000000000000000000000000000346613366366278	0.319915481740833	0.375	0.265	0.0000000000000000000000000000000000159795694162182	3	/	/
Cau.Cau1BG001072	0.000000000000000000000000000000000000000367778633042546	0.350376456696913	0.261	0.171	0.0000000000000000000000000000000000169553305405275	3	/	/
Cau.Cau5BG001290	0.000000000000000000000000000000000000000524656707201795	0.413801266127424	0.261	0.172	0.0000000000000000000000000000000000241877235154172	3	/	/
Cau.Cau7BG001703	0.00000000000000000000000000000000000000123990661419715	0.380875851190341	0.463	0.35	0.000000000000000000000000000000000057162174727717	3	/	AT1G66240
Cau.Cau7AG001997	0.00000000000000000000000000000000000000778697887507424	0.331262101258513	0.699	0.591	0.000000000000000000000000000000000358995300098672	3	/	/
Cau.Cau5BG003269	0.0000000000000000000000000000000000000681634150850733	0.341049794555156	0.254	0.166	0.00000000000000000000000000000000314246976225205	3	/	AT1G02300;AT1G02305;AT4G01610
MT0009-RA	0.00000000000000000000000000000000000220100598478064	0.276437441574269	0.62	0.5	0.000000000000000000000000000000101470777910357	3	/	/
Cau.Cau2AG000817	0.0000000000000000000000000000000000039090598097842	0.305557941070069	0.284	0.193	0.000000000000000000000000000000180215475350671	3	/	/
Cau.Cau7AG000169	0.0000000000000000000000000000000000192038291604016	0.437095107238427	0.391	0.293	0.000000000000000000000000000000885334931952833	3	transcript:AT5G13220.1	AT5G13220
MT0004-RA	0.000000000000000000000000000000000529463000791723	0.252325681622647	0.4	0.292	0.0000000000000000000000000000244093032625	3	/	/
Cau.Cau8AG001388	0.00000000000000000000000000000000314240829620207	0.392709877602663	0.331	0.242	0.000000000000000000000000000144871307271508	3	/	AT2G27500
Cau.Cau2BG001191	0.00000000000000000000000000000000475519204042266	0.317990178549897	0.286	0.2	0.000000000000000000000000000219223863447565	3	transcript:AT4G27130.1	AT1G54290;AT4G27130;AT5G54760
Cau.Cau6AG000678	0.00000000000000000000000000000013201303098065	0.259713486235882	0.269	0.182	0.00000000000000000000000000608606475426995	3	transcript:AT2G36530.1	AT2G36530
Cau.Cau3AG000411	0.000000000000000000000000000000374229767940685	0.265919024951073	0.31	0.219	0.0000000000000000000000000172527407616015	3	/	AT1G06870;AT2G30440
Cau.Cau6AG001394	0.000000000000000000000000000000440779988909155	0.25795557040947	0.256	0.173	0.0000000000000000000000000203208390486899	3	transcript:AT2G37940.1	AT2G37940;AT3G54020
Cau.Cau9AG001471	0.0000000000000000000000000000307574336090877	0.361103199504416	0.286	0.205	0.00000000000000000000000141797920424616	3	/	/
Cau.Cau3BG000836	0.000000000000000000000000000113122337188129	0.302720014855828	0.264	0.185	0.0000000000000000000000052151659890471	3	/	AT1G01720
Cau.Cau6BG001105	0.00000000000000000000000000022087524345589	0.357101701421435	0.364	0.278	0.0000000000000000000000101827904738035	3	/	/
Cau.Cau8AG000580	0.00000000000000000000000000039203435180632	0.445409191677339	0.255	0.181	0.000000000000000000000018073567686975	3	/	/
Cau.Cau4BG001318	0.000000000000000000000000000639536203450066	0.267419909406871	0.337	0.249	0.0000000000000000000000294838980514549	3	transcript:AT4G27230.2	AT1G51060;AT4G27230
Cau.Cau5AG002325	0.00000000000000000000000000103977072380074	0.33701275609803	0.304	0.223	0.0000000000000000000000479355099086617	3	/	AT2G43320
Cau.Cau2AG000589	0.0000000000000000000000000014661371668114	0.423244144215112	0.421	0.343	0.0000000000000000000000675918556643394	3	transcript:AT5G14420.2	AT1G24545;AT1G67800;AT3G01650;AT5G14420
Cau.Cau5BG002009	0.00000000000000000000000000594732973902646	0.331682056392796	0.286	0.207	0.000000000000000000000274183795628598	3	/	/
Cau.Cau2BG000809	0.0000000000000000000000000083670477704286	0.26191240549198	0.251	0.175	0.000000000000000000000385737636312299	3	/	/
Cau.Cau8AG001817	0.0000000000000000000000000221635764090593	0.253658580881299	0.251	0.176	0.00000000000000000000102178519961045	3	/	AT3G46570
Cau.Cau5AG000663	0.0000000000000000000000000502183424808394	0.30372569695775	0.31	0.228	0.00000000000000000000231516602505166	3	/	AT4G17615;AT5G47100
CP0012	0.00000000000000000000000312312640584603	0.261638610784534	0.312	0.232	0.000000000000000000143982373562314	3	/	/
Cau.Cau6AG001107	0.00000000000000000000000410244080809345	0.316686920917076	0.388	0.303	0.000000000000000000189130726134724	3	transcript:AT3G08590.2	AT1G09780;AT3G08590
Cau.Cau4BG001745	0.00000000000000000000000543672486613464	0.280387779985282	0.319	0.238	0.000000000000000000250643889778539	3	/	AT1G19180;AT1G74950
Cau.Cau7AG000349	0.000000000000000000000014673126223448	0.276176024584166	0.301	0.226	0.0000000000000000006764604651534	3	transcript:AT1G10370.1	AT1G10360;AT1G10370
Cau.Cau2AG000809	0.000000000000000000000483442299002677	0.300709680241932	0.588	0.511	0.0000000000000000222876568686214	3	/	/
Cau.Cau7BG000601	0.00000000000625505053170112	0.273705332317275	0.643	0.609	0.000000288370339612485	3	/	/
Cau.Cau7AG000604	0.000000000107131961000806	0.294447169440724	0.493	0.449	0.00000493899766605914	3	transcript:AT3G04120.1	/
Cau.Cau9BG001895	0	4.50124891499745	0.636	0.01	0	4	/	/
Cau.Cau3AG000673	0	3.45292269876962	0.841	0.139	0	4	/	/
Cau.Cau1BG001056	0	3.41786542533874	0.532	0.001	0	4	transcript:AT3G16370.1	AT3G16370
Cau.Cau6AG001171	0	3.19668265680375	0.407	0.005	0	4	/	AT3G51590;AT5G59310;AT5G59320;AT5G59330
Cau.Cau6AG001171	0	3.16320415955229	0.387	0.005	0	4	/	AT3G51590;AT5G59310;AT5G59320;AT5G59330
Cau.Cau2AG000103	0	3.11845380929574	0.68	0.083	0	4	transcript:AT2G38380.1	/
Cau.Cau1AG001038	0	2.87177347037066	0.396	0.001	0	4	/	AT3G16370
Cau.Cau3BG000671	0	2.62511112199514	0.809	0.241	0	4	/	/
Cau.Cau6AG001169	0	2.6060945192702	0.357	0.001	0	4	/	AT3G08770;AT5G01870
Cau.Cau7BG000674	0	2.32301781383786	0.325	0.008	0	4	transcript:AT1G27950.1	AT1G27950
Cau.Cau1AG001866	0	2.28983554668144	0.306	0.002	0	4	transcript:AT4G39330.1	/
Cau.Cau1BG001946	0	2.27306832361967	0.323	0.007	0	4	/	AT2G21730;AT2G21890;AT4G39330
Cau.Cau8BG001385	0	2.131543678	0.272	0.003	0	4	/	AT2G27385
Cau.Cau7AG001220	0	2.10967648024366	0.257	0.001	0	4	/	AT2G42840
Cau.Cau6BG001493	0	2.10351212128188	0.515	0.096	0	4	/	/
Cau.Cau5AG001466	0	2.00869663635164	0.272	0.008	0	4	/	AT1G17200;AT3G14380
Cau.Cau5BG001433	0	1.97824513969166	0.278	0.008	0	4	transcript:AT1G17200.1	AT1G17200;AT3G14380
Cau.Cau8BG001824	0	1.95807726489456	0.894	0.351	0	4	/	AT3G09390;AT5G02380
Cau.Cau7BG000382	0.00000000000000000000000000000000000000000000000000000000000000000000000000000000000000000000000000000000000000000000000000000000000000000000000000000000000000000000000000000000000000000000000000000000000000000000000000000000000000000000000000000000000000000000000000000000000000000000000000000000000580064999287281	1.88902351447529	0.812	0.268	0.000000000000000000000000000000000000000000000000000000000000000000000000000000000000000000000000000000000000000000000000000000000000000000000000000000000000000000000000000000000000000000000000000000000000000000000000000000000000000000000000000000000000000000000000000000000000000000000000000000267421565971422	4	/	/
Cau.Cau8AG001811	0.0000000000000000000000000000000000000000000000000000000000000000000000000000000000000000000000000000000000000000000000000000000000000000000000000000000000000000000000000000000000000000000000000000000000000000000000000000000000000000000000000000000000000000000000000000000000000919390506117193	1.62755387209673	0.934	0.418	0.00000000000000000000000000000000000000000000000000000000000000000000000000000000000000000000000000000000000000000000000000000000000000000000000000000000000000000000000000000000000000000000000000000000000000000000000000000000000000000000000000000000000000000000000000000000423857411130149	4	/	AT3G09390;AT5G02380
Cau.Cau6AG001487	0.0000000000000000000000000000000000000000000000000000000000000000000000000000000000000000000000000000000000000000000000000000000000000000000000000000000000000000000000000000000000000000000000000000000000000000000637921699808321	1.70221716062545	0.352	0.065	0.00000000000000000000000000000000000000000000000000000000000000000000000000000000000000000000000000000000000000000000000000000000000000000000000000000000000000000000000000000000000000000000000000000000000000294094662045632	4	transcript:AT2G37660.1	AT5G02240
Cau.Cau3AG001206	0.0000000000000000000000000000000000000000000000000000000000000000000000000000000000000000000000000000000000000000000000000000000000000000000000000000000000000000000000000000000000000000000000000000000233613069025136	1.66661633573334	0.496	0.129	0.00000000000000000000000000000000000000000000000000000000000000000000000000000000000000000000000000000000000000000000000000000000000000000000000000000000000000000000000000000000000000000000000000107700297081968	4	/	AT3G01400;AT5G58680
Cau.Cau6BG001202	0.0000000000000000000000000000000000000000000000000000000000000000000000000000000000000000000000000000000000000000000000000000000000000000000000000000000000000000000000000000000000000000000000000193799233641703	1.90386425787881	0.552	0.171	0.000000000000000000000000000000000000000000000000000000000000000000000000000000000000000000000000000000000000000000000000000000000000000000000000000000000000000000000000000000000000000000000893453226934981	4	/	/
Cau.Cau9BG001943	0.0000000000000000000000000000000000000000000000000000000000000000000000000000000000000000000000000000000000000000000000000000000000000000000000000000000000000000000000000000000000000000000000445641025559723	1.54003882418505	0.596	0.184	0.00000000000000000000000000000000000000000000000000000000000000000000000000000000000000000000000000000000000000000000000000000000000000000000000000000000000000000000000000000000000000000205449425603544	4	/	/
Cau.Cau3AG001299	0.00000000000000000000000000000000000000000000000000000000000000000000000000000000000000000000000000000000000000000000000000000000000000000000000000000000000000000000000000000000000000000000225368192047998	1.68728776324143	0.544	0.164	0.000000000000000000000000000000000000000000000000000000000000000000000000000000000000000000000000000000000000000000000000000000000000000000000000000000000000000000000000000000000000000103899243897968	4	transcript:AT1G56340.1	/
Cau.Cau4BG000740	0.00000000000000000000000000000000000000000000000000000000000000000000000000000000000000000000000000000000000000000000000000000000000000000000000000000000000000000000000000000000000000000367972722871441	1.73068693274288	0.46	0.121	0.000000000000000000000000000000000000000000000000000000000000000000000000000000000000000000000000000000000000000000000000000000000000000000000000000000000000000000000000000000000000169642784698192	4	transcript:AT1G65980.1	AT1G60740;AT1G65970;AT1G65980
Cau.Cau9BG001396	0.000000000000000000000000000000000000000000000000000000000000000000000000000000000000000000000000000000000000000000000000000000000000000000000000000000000000000000000000000298637796370951	1.34478777528175	0.695	0.26	0.0000000000000000000000000000000000000000000000000000000000000000000000000000000000000000000000000000000000000000000000000000000000000000000000000000000000000000000000137677996882936	4	/	AT5G43650
Cau.Cau1BG000210	0.000000000000000000000000000000000000000000000000000000000000000000000000000000000000000000000000000000000000000000000000000000000000000000000000000000000000000000000000000629520492006498	1.41910206116888	0.731	0.317	0.0000000000000000000000000000000000000000000000000000000000000000000000000000000000000000000000000000000000000000000000000000000000000000000000000000000000000000000000290221537224836	4	transcript:AT3G51030.1	AT3G51030
Cau.Cau9AG001697	0.00000000000000000000000000000000000000000000000000000000000000000000000000000000000000000000000000000000000000000000000000000000000000000000000000000000000000000059335583244311	1.01154773901575	0.951	0.539	0.0000000000000000000000000000000000000000000000000000000000000000000000000000000000000000000000000000000000000000000000000000000000000000000000000000000000000273548905872922	4	/	/
Cau.Cau9BG001764	0.0000000000000000000000000000000000000000000000000000000000000000000000000000000000000000000000000000000000000000000000000000000000000000000000000000000000000000167308099106189	1.02237194196092	0.988	0.79	0.000000000000000000000000000000000000000000000000000000000000000000000000000000000000000000000000000000000000000000000000000000000000000000000000000000000000771323798499354	4	/	/
Cau.Cau9AG001684	0.0000000000000000000000000000000000000000000000000000000000000000000000000000000000000000000000000000000000000000000000000000000000000000000000000000000000203219889948226	0.961421790396149	0.982	0.798	0.00000000000000000000000000000000000000000000000000000000000000000000000000000000000000000000000000000000000000000000000000000000000000000000000000000093688433663931	4	transcript:AT3G16640.1	AT3G16640
Cau.Cau2AG002480	0.000000000000000000000000000000000000000000000000000000000000000000000000000000000000000000000000000000000000000000000000000000000000000000000000000000000374254253883131	1.37037441668776	0.549	0.178	0.0000000000000000000000000000000000000000000000000000000000000000000000000000000000000000000000000000000000000000000000000000000000000000000000000000172538696125201	4	/	/
Cau.Cau5BG000644	0.0000000000000000000000000000000000000000000000000000000000000000000000000000000000000000000000000000000000000000000000000000000000000000000000000000940262838888269	1.63994578367547	0.356	0.087	0.0000000000000000000000000000000000000000000000000000000000000000000000000000000000000000000000000000000000000000000000000000000000000000000000043347997398427	4	transcript:AT5G47060.2	AT4G17670;AT5G47060
Cau.Cau2BG002477	0.0000000000000000000000000000000000000000000000000000000000000000000000000000000000000000000000000000000000000000000000000000000000000000000000000716472071940007	1.27676379242621	0.625	0.235	0.00000000000000000000000000000000000000000000000000000000000000000000000000000000000000000000000000000000000000000000000000000000000000000000330307954605782	4	/	/
Cau.Cau4AG001523	0.00000000000000000000000000000000000000000000000000000000000000000000000000000000000000000000000000000000000000000000000000000000000000000131712631618767	1.1400354303283	0.825	0.47	0.000000000000000000000000000000000000000000000000000000000000000000000000000000000000000000000000000000000000000000000000000000000000060722157428884	4	transcript:AT5G59240.1	AT5G20290;AT5G59240
Cau.Cau3AG000977	0.0000000000000000000000000000000000000000000000000000000000000000000000000000000000000000000000000000000000000000000000000000000000000171574406477423	1.52059852337072	0.294	0.066	0.000000000000000000000000000000000000000000000000000000000000000000000000000000000000000000000000000000000000000000000000000000000790992328742216	4	/	AT1G35910
Cau.Cau8AG000455	0.00000000000000000000000000000000000000000000000000000000000000000000000000000000000000000000000000000000000000000000000000000000000203601037498762	1.36019199600493	0.433	0.13	0.0000000000000000000000000000000000000000000000000000000000000000000000000000000000000000000000000000000000000000000000000000000938641503076791	4	/	AT1G49670
Cau.Cau4BG001730	0.00000000000000000000000000000000000000000000000000000000000000000000000000000000000000000000000000000000000000000000000000000000000243861233373157	1.30841733563046	0.567	0.216	0.000000000000000000000000000000000000000000000000000000000000000000000000000000000000000000000000000000000000000000000000000000112424905809693	4	/	/
Cau.Cau6BG001048	0.0000000000000000000000000000000000000000000000000000000000000000000000000000000000000000000000000000000000000000000000000000000214656084611241	1.5117202507615	0.271	0.059	0.000000000000000000000000000000000000000000000000000000000000000000000000000000000000000000000000000000000000000000000000000989607481274742	4	/	/
Cau.Cau8BG001977	0.00000000000000000000000000000000000000000000000000000000000000000000000000000000000000000000000000000000000000000000000000000015299015506606	1.07538032344623	0.699	0.309	0.00000000000000000000000000000000000000000000000000000000000000000000000000000000000000000000000000000000000000000000000000705315212885551	4	/	AT2G29960;AT5G58710
Cau.Cau2BG000114	0.00000000000000000000000000000000000000000000000000000000000000000000000000000000000000000000000000000000000000000000000000000021216384789449	1.14347117255305	0.788	0.409	0.00000000000000000000000000000000000000000000000000000000000000000000000000000000000000000000000000000000000000000000000000978117771563176	4	/	/
Cau.Cau4BG001550	0.00000000000000000000000000000000000000000000000000000000000000000000000000000000000000000000000000000000000000000000000000102254044818261	0.934625140698634	0.886	0.556	0.0000000000000000000000000000000000000000000000000000000000000000000000000000000000000000000000000000000000000000000000471411597421147	4	/	/
Cau.Cau5AG000789	0.00000000000000000000000000000000000000000000000000000000000000000000000000000000000000000000000000000000000000000000000000109947582550329	1.28802037721441	0.521	0.192	0.0000000000000000000000000000000000000000000000000000000000000000000000000000000000000000000000000000000000000000000000506880345073525	4	/	/
Cau.Cau4AG000572	0.0000000000000000000000000000000000000000000000000000000000000000000000000000000000000000000000000000000000000000000000000288497416533185	1.19422328697765	0.742	0.388	0.00000000000000000000000000000000000000000000000000000000000000000000000000000000000000000000000000000000000000000000133003078970129	4	/	AT4G22380;AT5G20160
Cau.Cau1AG000926	0.000000000000000000000000000000000000000000000000000000000000000000000000000000000000000000000000000000000000000000000000250664172169059	1.39473831504578	0.295	0.071	0.0000000000000000000000000000000000000000000000000000000000000000000000000000000000000000000000000000000000000000000115561196653379	4	/	/
Cau.Cau7BG000745	0.000000000000000000000000000000000000000000000000000000000000000000000000000000000000000000000000000000000000000000000000450359725002497	0.711464009571237	0.899	0.441	0.0000000000000000000000000000000000000000000000000000000000000000000000000000000000000000000000000000000000000000000207624840420651	4	/	AT1G26355
Cau.Cau5BG000432	0.00000000000000000000000000000000000000000000000000000000000000000000000000000000000000000000000000000000000000000000000132887999643527	1.30141650928582	0.312	0.078	0.000000000000000000000000000000000000000000000000000000000000000000000000000000000000000000000000000000000000000000061264025595659	4	/	/
Cau.Cau2BG002656	0.000000000000000000000000000000000000000000000000000000000000000000000000000000000000000000000000000000000000000000000087196936664574	1.1531742624505	0.7	0.329	0.00000000000000000000000000000000000000000000000000000000000000000000000000000000000000000000000000000000000000000401995317411019	4	/	AT1G11840
Cau.Cau4BG001345	0.00000000000000000000000000000000000000000000000000000000000000000000000000000000000000000000000000000000000000000160970710709041	0.716765373102295	0.985	0.9	0.0000000000000000000000000000000000000000000000000000000000000000000000000000000000000000000000000000000000000742107170510822	4	transcript:AT3G09790.2	/
Cau.Cau9BG001220	0.0000000000000000000000000000000000000000000000000000000000000000000000000000000000000000000000000000000000000000145122272015383	0.963789812195256	0.859	0.569	0.000000000000000000000000000000000000000000000000000000000000000000000000000000000000000000000000000000000000669042698445317	4	transcript:AT3G04400.1	AT1G04480;AT2G33370;AT3G04400
Cau.Cau4BG000570	0.000000000000000000000000000000000000000000000000000000000000000000000000000000000000000000000000000000000000000404776193818185	1.11789938996949	0.705	0.359	0.000000000000000000000000000000000000000000000000000000000000000000000000000000000000000000000000000000000018660992087406	4	transcript:AT5G20160.1	AT4G22380;AT5G20160
Cau.Cau3BG000644	0.000000000000000000000000000000000000000000000000000000000000000000000000000000000000000000000000000000000000477325127041392	0.936250036414762	0.833	0.508	0.0000000000000000000000000000000000000000000000000000000000000000000000000000000000000000000000000000000220056430068623	4	transcript:AT4G09800.1	AT1G22780;AT1G34030;AT4G09800
Cau.Cau7AG000743	0.0000000000000000000000000000000000000000000000000000000000000000000000000000000000000000000000000000000000830710855012383	0.643336799552356	0.892	0.457	0.00000000000000000000000000000000000000000000000000000000000000000000000000000000000000000000000000000382974318377809	4	/	AT1G26355
Cau.Cau4AG000739	0.000000000000000000000000000000000000000000000000000000000000000000000000000000000000000000000000000000000222452402076777	1.2788638548338	0.382	0.124	0.0000000000000000000000000000000000000000000000000000000000000000000000000000000000000000000000000000102555006405436	4	/	/
Cau.Cau6BG001706	0.0000000000000000000000000000000000000000000000000000000000000000000000000000000000000000000000000000000139227255420698	0.963602991959973	0.71	0.354	0.000000000000000000000000000000000000000000000000000000000000000000000000000000000000000000000000000641865492940502	4	transcript:AT3G01390.2	AT3G01390;AT4G23710
Cau.Cau2AG001994	0.0000000000000000000000000000000000000000000000000000000000000000000000000000000000000000000000000000000597359924919315	0.799617921085824	0.809	0.428	0.00000000000000000000000000000000000000000000000000000000000000000000000000000000000000000000000000275394872586302	4	/	/
Cau.Cau6AG002035	0.00000000000000000000000000000000000000000000000000000000000000000000000000000000000000000000000000000015524307626764	1.00897789759719	0.789	0.486	0.00000000000000000000000000000000000000000000000000000000000000000000000000000000000000000000000000715701630209072	4	transcript:AT4G34670.1	AT3G04840;AT4G34670
Cau.Cau9BG001621	0.000000000000000000000000000000000000000000000000000000000000000000000000000000000000000000000000000760662485006449	1.10372115136641	0.504	0.196	0.0000000000000000000000000000000000000000000000000000000000000000000000000000000000000000000000350680618837673	4	/	AT3G23570;AT3G23600
Cau.Cau8AG001965	0.00000000000000000000000000000000000000000000000000000000000000000000000000000000000000000000000000419141803805819	1.03742571869093	0.585	0.253	0.000000000000000000000000000000000000000000000000000000000000000000000000000000000000000000000193232754390559	4	transcript:AT2G29960.3	AT2G29960;AT5G58710
Cau.Cau1AG001066	0.0000000000000000000000000000000000000000000000000000000000000000000000000000000000000000000000000571783106865171	1.20646900135772	0.262	0.067	0.00000000000000000000000000000000000000000000000000000000000000000000000000000000000000000000263603447926981	4	/	/
Cau.Cau2BG001145	0.0000000000000000000000000000000000000000000000000000000000000000000000000000000000000000000000115951515091395	1.2137333268579	0.371	0.121	0.000000000000000000000000000000000000000000000000000000000000000000000000000000000000000000534559674874348	4	/	/
Cau.Cau2BG001977	0.0000000000000000000000000000000000000000000000000000000000000000000000000000000000000000000000679090410066408	0.657003435173746	0.897	0.54	0.00000000000000000000000000000000000000000000000000000000000000000000000000000000000000000313074260848815	4	/	/
Cau.Cau3AG000644	0.0000000000000000000000000000000000000000000000000000000000000000000000000000000000000000000000779075246393848	0.913664708253735	0.786	0.482	0.00000000000000000000000000000000000000000000000000000000000000000000000000000000000000000359169270092492	4	/	AT1G22780;AT1G34030;AT4G09800
Cau.Cau3AG002430	0.000000000000000000000000000000000000000000000000000000000000000000000000000000000000000000000237807785965314	1.17552037386504	0.289	0.081	0.0000000000000000000000000000000000000000000000000000000000000000000000000000000000000000109634145485729	4	/	/
Cau.Cau9BG000580	0.00000000000000000000000000000000000000000000000000000000000000000000000000000000000000000000708777215203586	0.992148281152445	0.743	0.439	0.000000000000000000000000000000000000000000000000000000000000000000000000000000000000000326760471753157	4	transcript:AT2G42310.1	AT2G42310;AT3G57785
Cau.Cau9AG001318	0.000000000000000000000000000000000000000000000000000000000000000000000000000000000000000000361273910085328	1.00578462107144	0.573	0.256	0.0000000000000000000000000000000000000000000000000000000000000000000000000000000000000166554498027538	4	transcript:AT5G43650.1	AT5G43650
Cau.Cau8AG001692	0.000000000000000000000000000000000000000000000000000000000000000000000000000000000000000000532267850183883	1.00374127910158	0.79	0.522	0.0000000000000000000000000000000000000000000000000000000000000000000000000000000000000245386124291774	4	/	AT1G07890
Cau.Cau1AG000215	0.00000000000000000000000000000000000000000000000000000000000000000000000000000000000000000706144520136574	0.866804396750869	0.733	0.396	0.000000000000000000000000000000000000000000000000000000000000000000000000000000000000325546746673363	4	/	AT3G51030
Cau.Cau9AG001543	0.000000000000000000000000000000000000000000000000000000000000000000000000000000000000000441840636265012	1.08528081710395	0.374	0.127	0.0000000000000000000000000000000000000000000000000000000000000000000000000000000000203697370130896	4	transcript:AT3G23600.1	AT3G23570;AT3G23600
Cau.Cau3AG000968	0.00000000000000000000000000000000000000000000000000000000000000000000000000000000000000128552940083829	1.04579492520627	0.459	0.182	0.000000000000000000000000000000000000000000000000000000000000000000000000000000000059265476437447	4	/	AT1G78040;AT4G08685
Cau.Cau9BG001776	0.0000000000000000000000000000000000000000000000000000000000000000000000000000000000000269956195597546	0.490580171608816	0.926	0.544	0.00000000000000000000000000000000000000000000000000000000000000000000000000000000124455205294381	4	transcript:AT4G15910.1	/
Cau.Cau1BG001156	0.0000000000000000000000000000000000000000000000000000000000000000000000000000000000307547456665306	0.812355583734889	0.808	0.535	0.0000000000000000000000000000000000000000000000000000000000000000000000000000014178552847184	4	transcript:AT3G16080.1	AT3G16080
Cau.Cau3AG001736	0.000000000000000000000000000000000000000000000000000000000000000000000000000000000042347717636623	1.20298754162309	0.421	0.169	0.00000000000000000000000000000000000000000000000000000000000000000000000000000195231447848359	4	/	AT1G31812
Cau.Cau5BG002658	0.00000000000000000000000000000000000000000000000000000000000000000000000000000000141410005823678	1.13749452291964	0.251	0.071	0.000000000000000000000000000000000000000000000000000000000000000000000000000065192840884832	4	/	/
Cau.Cau1AG000723	0.00000000000000000000000000000000000000000000000000000000000000000000000000000000719744100384369	0.755680400205964	0.789	0.486	0.000000000000000000000000000000000000000000000000000000000000000000000000000331816425159202	4	transcript:AT5G65260.1	AT5G10350;AT5G65260
Cau.Cau6BG000394	0.00000000000000000000000000000000000000000000000000000000000000000000000000000001983337953377	1.02847943471155	0.489	0.209	0.000000000000000000000000000000000000000000000000000000000000000000000000000914358463265865	4	transcript:AT5G38200.1	AT1G66860;AT5G38200
Cau.Cau9AG000581	0.000000000000000000000000000000000000000000000000000000000000000000000000000000177304095947243	0.924575298399234	0.589	0.291	0.00000000000000000000000000000000000000000000000000000000000000000000000000817407343135981	4	/	AT2G42310;AT3G57785
Cau.Cau6AG001702	0.000000000000000000000000000000000000000000000000000000000000000000000000000000299850279054182	0.870987637597901	0.664	0.356	0.0000000000000000000000000000000000000000000000000000000000000000000000000138236975649559	4	/	AT3G01390;AT4G23710
Cau.Cau1AG002065	0.000000000000000000000000000000000000000000000000000000000000000000000000000000478411757046158	1.16254470852034	0.296	0.094	0.000000000000000000000000000000000000000000000000000000000000000000000000022055738823342	4	/	/
Cau.Cau7AG000686	0.0000000000000000000000000000000000000000000000000000000000000000000000000000153076028569746	1.11109431427089	0.437	0.183	0.000000000000000000000000000000000000000000000000000000000000000000000000705711106912244	4	transcript:AT1G24260.1	AT1G24260
Cau.Cau6BG000676	0.0000000000000000000000000000000000000000000000000000000000000000000000000000220862668858946	1.17485400900778	0.324	0.114	0.00000000000000000000000000000000000000000000000000000000000000000000000101822107597351	4	/	/
Cau.Cau9AG001452	0.0000000000000000000000000000000000000000000000000000000000000000000000000000677841120839457	1.21928930829446	0.274	0.085	0.00000000000000000000000000000000000000000000000000000000000000000000000312498313529406	4	/	/
Cau.Cau9AG000660	0.000000000000000000000000000000000000000000000000000000000000000000000000000265298348986693	1.10512836884945	0.334	0.12	0.0000000000000000000000000000000000000000000000000000000000000000000000122307844849845	4	/	AT5G58240
Cau.Cau9BG000187	0.00000000000000000000000000000000000000000000000000000000000000000000000000610545217849717	0.917025805231089	0.596	0.308	0.000000000000000000000000000000000000000000000000000000000000000000000281473556333076	4	transcript:AT4G25740.1	AT4G25740;AT5G41520;AT5G52650
Cau.Cau3BG001204	0.0000000000000000000000000000000000000000000000000000000000000000000000000960794978416522	1.03007632128606	0.329	0.115	0.00000000000000000000000000000000000000000000000000000000000000000000442945700949585	4	transcript:AT3G01400.1	AT3G01400;AT5G58680
Cau.Cau4BG002251	0.000000000000000000000000000000000000000000000000000000000000000000000000253481053793741	1.00814505627514	0.658	0.384	0.000000000000000000000000000000000000000000000000000000000000000000011685983541999	4	transcript:AT4G28088.1	AT2G24040;AT4G28088;AT4G30650;AT4G30660
Cau.Cau1BG002127	0.00000000000000000000000000000000000000000000000000000000000000000000000053448801728969	1.09291692345703	0.285	0.091	0.0000000000000000000000000000000000000000000000000000000000000000000246409665730893	4	/	/
Cau.Cau1BG000661	0.0000000000000000000000000000000000000000000000000000000000000000000001503335391728	1.04251823284793	0.268	0.085	0.00000000000000000000000000000000000000000000000000000000000000000693067682294443	4	/	/
Cau.Cau5AG003809	0.0000000000000000000000000000000000000000000000000000000000000000000033239048123894	0.839450553049761	0.686	0.418	0.000000000000000000000000000000000000000000000000000000000000000153238659660776	4	transcript:AT4G09320.1	AT4G09320
Cau.Cau2AG001422	0.0000000000000000000000000000000000000000000000000000000000000000000157364034681698	1.07632286803528	0.415	0.178	0.000000000000000000000000000000000000000000000000000000000000000725479672689566	4	/	/
Cau.Cau3BG000968	0.0000000000000000000000000000000000000000000000000000000000000000000890834888698924	1.00674243996051	0.437	0.193	0.00000000000000000000000000000000000000000000000000000000000000410692700387978	4	transcript:AT4G08685.1	AT1G78040;AT4G08685
Cau.Cau9AG000955	0.00000000000000000000000000000000000000000000000000000000000000000126551064862654	0.887793036636789	0.512	0.246	0.0000000000000000000000000000000000000000000000000000000000000583425719229808	4	/	/
Cau.Cau1BG000735	0.0000000000000000000000000000000000000000000000000000000000000000144888633913992	0.773677510833528	0.721	0.449	0.000000000000000000000000000000000000000000000000000000000000667965580070288	4	/	/
Cau.Cau5AG000638	0.0000000000000000000000000000000000000000000000000000000000000000168459780541093	1.19098275726154	0.266	0.089	0.000000000000000000000000000000000000000000000000000000000000776633280250547	4	/	AT4G17670;AT5G47060
Cau.Cau5BG002826	0.000000000000000000000000000000000000000000000000000000000000000202000715545642	0.880209797853071	0.481	0.224	0.00000000000000000000000000000000000000000000000000000000000931263698808518	4	/	/
Cau.Cau4AG000698	0.000000000000000000000000000000000000000000000000000000000000000510867204598453	0.806404996146054	0.716	0.456	0.0000000000000000000000000000000000000000000000000000000000235519998663979	4	/	/
Cau.Cau5AG000990	0.000000000000000000000000000000000000000000000000000000000000000637851812451843	0.711747122628301	0.802	0.569	0.0000000000000000000000000000000000000000000000000000000000294062442576549	4	/	AT1G13950;AT1G26630;AT1G69410
Cau.Cau2AG002663	0.0000000000000000000000000000000000000000000000000000000000000225248330197056	1.00129499026436	0.29	0.105	0.00000000000000000000000000000000000000000000000000000000103843985187447	4	transcript:AT1G11840.4	AT1G11840
Cau.Cau5BG001258	0.0000000000000000000000000000000000000000000000000000000000000615280092318374	0.999997729965262	0.414	0.186	0.00000000000000000000000000000000000000000000000000000000283656428160617	4	/	AT5G53070
Cau.Cau8BG001714	0.000000000000000000000000000000000000000000000000000000000000115438240367699	0.871313797180592	0.703	0.467	0.00000000000000000000000000000000000000000000000000000000532193375743165	4	transcript:AT1G07890.3	AT1G07890
Cau.Cau4BG001348	0.000000000000000000000000000000000000000000000000000000000000739621546454063	0.497261479683486	0.927	0.776	0.0000000000000000000000000000000000000000000000000000000340980325346252	4	transcript:AT1G54290.1	AT1G54290;AT4G27130;AT5G54760
Cau.Cau3AG002152	0.00000000000000000000000000000000000000000000000000000000000135781333923154	0.747597303859657	0.706	0.457	0.0000000000000000000000000000000000000000000000000000000625979105652526	4	/	AT4G16500;AT5G47550
Cau.Cau4BG000020	0.00000000000000000000000000000000000000000000000000000000000399691671947067	1.07348495663081	0.36	0.154	0.000000000000000000000000000000000000000000000000000000184265854601037	4	/	AT5G26220
Cau.Cau4AG000018	0.00000000000000000000000000000000000000000000000000000000000445430622478524	1.08692917825906	0.369	0.16	0.000000000000000000000000000000000000000000000000000000205352425575049	4	transcript:AT4G31290.1	AT5G26220
Cau.Cau8AG000269	0.00000000000000000000000000000000000000000000000000000000000708719143113188	0.436564015154122	0.602	0.31	0.000000000000000000000000000000000000000000000000000000326733699358042	4	/	/
Cau.Cau4AG002230	0.00000000000000000000000000000000000000000000000000000000000726853495609438	0.861454323738423	0.613	0.361	0.000000000000000000000000000000000000000000000000000000335093998545863	4	/	AT2G24040;AT4G28088;AT4G30650;AT4G30660
Cau.Cau6AG001274	0.000000000000000000000000000000000000000000000000000000000214508022718372	0.769848535209724	0.511	0.254	0.00000000000000000000000000000000000000000000000000000988924886336241	4	transcript:AT4G33070.1	AT4G33070;AT5G01320;AT5G01330
Cau.Cau5AG000586	0.000000000000000000000000000000000000000000000000000000000554494580541812	0.809538395733899	0.47	0.225	0.0000000000000000000000000000000000000000000000000000255633091521386	4	/	AT1G13440;AT3G04120
Cau.Cau5BG003776	0.00000000000000000000000000000000000000000000000000000000516465827705453	0.698884743249942	0.755	0.53	0.000000000000000000000000000000000000000000000000000238101075888768	4	/	/
Cau.Cau9AG000187	0.0000000000000000000000000000000000000000000000000000000152021082196957	0.917023164656126	0.545	0.312	0.000000000000000000000000000000000000000000000000000700847593144412	4	/	AT4G25740;AT5G41520;AT5G52650
Cau.Cau2BG001674	0.0000000000000000000000000000000000000000000000000000000383417655942919	0.859175411732943	0.467	0.233	0.00000000000000000000000000000000000000000000000000176763207742804	4	transcript:AT1G30110.1	AT1G30110
Cau.Cau6BG001376	0.0000000000000000000000000000000000000000000000000000000569845179918606	0.908963301194396	0.529	0.302	0.00000000000000000000000000000000000000000000000000262710024846076	4	/	/
Cau.Cau9AG001607	0.000000000000000000000000000000000000000000000000000000560287273384706	0.98876092039909	0.368	0.165	0.0000000000000000000000000000000000000000000000000258303638775817	4	/	AT1G54580;AT1G54630;AT3G05020;AT5G27200
Cau.Cau2BG000527	0.00000000000000000000000000000000000000000000000000000206457117962076	0.600450945248145	0.792	0.585	0.0000000000000000000000000000000000000000000000000951808605228761	4	transcript:AT5G40370.1	AT5G40370
Cau.Cau5AG003545	0.00000000000000000000000000000000000000000000000000000365105288995165	0.951377680541617	0.381	0.172	0.000000000000000000000000000000000000000000000000168320840332551	4	/	/
Cau.Cau6AG000630	0.00000000000000000000000000000000000000000000000000000576564432069651	0.865391708092924	0.318	0.127	0.000000000000000000000000000000000000000000000000265807734472751	4	/	/
Cau.Cau5AG001990	0.0000000000000000000000000000000000000000000000000000060763104311757	0.873877658956208	0.428	0.207	0.000000000000000000000000000000000000000000000000280130063498062	4	/	AT1G73177
Cau.Cau3BG001710	0.0000000000000000000000000000000000000000000000000000149418233880484	0.923371581562915	0.4	0.192	0.000000000000000000000000000000000000000000000000688847941835805	4	transcript:AT1G31812.1	AT1G31812
Cau.Cau5BG002693	0.0000000000000000000000000000000000000000000000000000227148075870378	0.72714623602304	0.604	0.356	0.00000000000000000000000000000000000000000000000104719805937762	4	/	/
Cau.Cau6BG002402	0.0000000000000000000000000000000000000000000000000000594005208377587	0.741848943344877	0.654	0.417	0.00000000000000000000000000000000000000000000000273848281166235	4	/	/
Cau.Cau9BG000686	0.0000000000000000000000000000000000000000000000000000780483152926976	0.911739751712554	0.297	0.12	0.00000000000000000000000000000000000000000000000359818343162395	4	transcript:AT5G58240.2	AT5G58240
Cau.Cau9AG001148	0.00000000000000000000000000000000000000000000000016786287679639	0.716591931903145	0.716	0.51	0.00000000000000000000000000000000000000000000773881434606715	4	/	AT1G04480;AT2G33370;AT3G04400
Cau.Cau5AG002753	0.000000000000000000000000000000000000000000000000215820547100108	0.6809170027836	0.584	0.336	0.00000000000000000000000000000000000000000000994975886240917	4	/	/
Cau.Cau4AG001319	0.000000000000000000000000000000000000000000000000261694589043941	0.676092423791486	0.791	0.622	0.0000000000000000000000000000000000000000000120646439441038	4	/	AT1G54290;AT4G27130;AT5G54760
Cau.Cau5AG002714	0.000000000000000000000000000000000000000000000000749353974920853	0.955942756870011	0.303	0.129	0.0000000000000000000000000000000000000000000345467169518012	4	/	/
Cau.Cau9BG000183	0.000000000000000000000000000000000000000000000000881469028672382	0.924021630601158	0.308	0.131	0.0000000000000000000000000000000000000000000406374851598542	4	/	/
Cau.Cau9BG001435	0.00000000000000000000000000000000000000000000000131559856581896	0.970213748164217	0.4	0.197	0.0000000000000000000000000000000000000000000606517250813857	4	transcript:AT4G14640.1	/
Cau.Cau5BG003499	0.000000000000000000000000000000000000000000000016867068694794	0.723615545097324	0.358	0.16	0.000000000000000000000000000000000000000000777605600967393	4	transcript:AT3G61440.1	AT3G61440
Cau.Cau1AG001066	0.000000000000000000000000000000000000000000000169855147403122	0.923318920566948	0.328	0.149	0.00000000000000000000000000000000000000000783066200557875	4	/	/
Cau.Cau2AG000483	0.000000000000000000000000000000000000000000000193552723608386	0.8469776048532	0.283	0.116	0.00000000000000000000000000000000000000000892316766379379	4	/	/
Cau.Cau3BG000816	0.000000000000000000000000000000000000000000000455025043105231	0.863044792683365	0.434	0.23	0.0000000000000000000000000000000000000000209775645372373	4	transcript:AT1G77350.2	AT1G77350
Cau.Cau5AG003360	0.0000000000000000000000000000000000000000000018337575154057	0.784348114688247	0.557	0.343	0.0000000000000000000000000000000000000000845398889752337	4	transcript:AT1G01100.4	AT3G49460;AT5G24510
Cau.Cau1BG001086	0.00000000000000000000000000000000000000000000245538196649316	0.939875502034645	0.339	0.161	0.000000000000000000000000000000000000000113198019419268	4	transcript:AT1G79750.1	/
Cau.Cau6BG000626	0.00000000000000000000000000000000000000000000276661730050189	0.84667757471167	0.314	0.139	0.000000000000000000000000000000000000000127546590787738	4	transcript:AT3G56490.1	AT3G56490
Cau.Cau9BG001024	0.0000000000000000000000000000000000000000000114288508233243	0.743177771168011	0.432	0.219	0.000000000000000000000000000000000000000526892880656896	4	/	/
Cau.Cau7BG001978	0.0000000000000000000000000000000000000000000587202641697416	0.626086605348551	0.47	0.245	0.00000000000000000000000000000000000000270712161875343	4	transcript:AT1G75270.1	AT1G75270
Cau.Cau9BG001679	0.0000000000000000000000000000000000000000000932712193483338	0.820668455475178	0.313	0.14	0.00000000000000000000000000000000000000429998975439688	4	/	/
Cau.Cau5BG000793	0.000000000000000000000000000000000000000000139468655800498	0.901872927386907	0.278	0.117	0.00000000000000000000000000000000000000642978396971458	4	transcript:AT5G47570.1	AT5G47570
Cau.Cau1BG001696	0.000000000000000000000000000000000000000000416605906083639	0.848205940805033	0.263	0.107	0.0000000000000000000000000000000000000192063654822679	4	/	/
Cau.Cau5BG003311	0.00000000000000000000000000000000000000000110449303955954	0.753492652008173	0.547	0.34	0.0000000000000000000000000000000000000509193381097737	4	transcript:AT4G00810.2	AT3G49460;AT5G24510
Cau.Cau6AG000678	0.00000000000000000000000000000000000000000134866368149478	0.817406541489427	0.376	0.191	0.0000000000000000000000000000000000000621760930442724	4	transcript:AT2G36530.1	AT2G36530
Cau.Cau9BG000185	0.00000000000000000000000000000000000000000347452042303445	0.791295639012295	0.419	0.221	0.000000000000000000000000000000000000160182340542734	4	/	/
Cau.Cau6AG000438	0.000000000000000000000000000000000000000011323410480993	0.824944713806482	0.3	0.135	0.000000000000000000000000000000000000522031869994741	4	transcript:AT5G64130.1	AT5G64130
Cau.Cau8AG001839	0.0000000000000000000000000000000000000000785546532148048	0.767751036822098	0.329	0.153	0.00000000000000000000000000000000000362152662250893	4	/	AT5G59480
Cau.Cau4AG000904	0.000000000000000000000000000000000000000674829585929177	0.834537214049588	0.409	0.223	0.0000000000000000000000000000000000311109935705069	4	transcript:AT4G29735.1	AT4G29735
Cau.Cau5AG002652	0.00000000000000000000000000000000000000083985909868907	0.7123811330868	0.439	0.241	0.0000000000000000000000000000000000387191841677635	4	/	/
Cau.Cau5BG000994	0.00000000000000000000000000000000000000157507570680834	0.54225977346668	0.731	0.551	0.0000000000000000000000000000000000726141402352782	4	/	/
Cau.Cau3BG000627	0.00000000000000000000000000000000000000229438638064333	0.871107670790067	0.268	0.118	0.000000000000000000000000000000000105775800920419	4	transcript:AT1G71750.1	AT1G71750
Cau.Cau8AG000165	0.00000000000000000000000000000000000000278152527086088	0.750821472095399	0.49	0.295	0.000000000000000000000000000000000128233878037229	4	/	/
Cau.Cau4BG000698	0.00000000000000000000000000000000000000341239436875719	0.60359354666956	0.681	0.475	0.000000000000000000000000000000000157318205188444	4	transcript:AT2G46330.1	/
Cau.Cau4BG001427	0.000000000000000000000000000000000000101957993636661	0.749495284972214	0.465	0.275	0.00000000000000000000000000000000470046742263735	4	transcript:AT4G27000.1	AT4G27000;AT5G54900
Cau.Cau7BG000691	0.000000000000000000000000000000000000242167057913155	0.801318530137008	0.354	0.18	0.0000000000000000000000000000000111643857039123	4	/	AT1G24260
Cau.Cau5AG003845	0.000000000000000000000000000000000000563612523541874	0.783172652712811	0.544	0.366	0.0000000000000000000000000000000259836645603275	4	transcript:AT5G26667.3	/
Cau.Cau2AG001682	0.00000000000000000000000000000000000263829357894298	0.707895105739586	0.319	0.154	0.000000000000000000000000000000121630610576429	4	/	/
Cau.Cau3AG001596	0.00000000000000000000000000000000000607555042433569	0.741489579919939	0.343	0.174	0.000000000000000000000000000000280095025662724	4	/	AT3G04920;AT5G28060
Cau.Cau9BG000788	0.00000000000000000000000000000000000682399951533164	0.676365970144699	0.698	0.525	0.000000000000000000000000000000314600025655819	4	transcript:AT2G41430.5	AT2G41430
Cau.Cau4BG000968	0.00000000000000000000000000000000000798878341889578	0.668847657287242	0.374	0.193	0.000000000000000000000000000000368298893177933	4	transcript:AT2G31610.1	AT2G31610;AT3G53870;AT5G35530
Cau.Cau9BG000930	0.0000000000000000000000000000000000398453180402592	0.811581494893042	0.316	0.157	0.00000000000000000000000000000183694885229203	4	transcript:AT3G23810.1	AT3G23810;AT4G13940
Cau.Cau9BG001811	0.0000000000000000000000000000000000822793074047865	0.697114619109448	0.502	0.317	0.00000000000000000000000000000379324062997547	4	/	AT1G02780;AT3G16780;AT4G02230
Cau.Cau4AG001719	0.00000000000000000000000000000000012142016180663	0.531968501999083	0.687	0.496	0.00000000000000000000000000000559771229960924	4	transcript:AT1G19180.3	AT1G19180;AT1G74950
Cau.Cau1AG001135	0.000000000000000000000000000000000133948431042325	0.571847139320097	0.604	0.408	0.00000000000000000000000000000617529056791326	4	/	AT3G16080
Cau.Cau2AG000519	0.000000000000000000000000000000000598514619126658	0.413901897877683	0.806	0.637	0.0000000000000000000000000000275927209709772	4	/	AT5G40370
Cau.Cau9BG000158	0.000000000000000000000000000000000605362801027772	0.795376453333207	0.346	0.185	0.0000000000000000000000000000279084358529823	4	/	/
Cau.Cau1BG000422	0.00000000000000000000000000000000192256313172706	0.794800652867375	0.375	0.208	0.0000000000000000000000000000886340054988808	4	transcript:AT3G50360.1	AT4G37010
Cau.Cau3AG000815	0.00000000000000000000000000000000895986753440459	0.733229819682175	0.272	0.129	0.00000000000000000000000000041306781307112	4	/	/
Cau.Cau4AG001313	0.00000000000000000000000000000000926333680393169	0.758146218830621	0.319	0.165	0.000000000000000000000000000427058353334859	4	transcript:AT5G54750.1	AT5G54750
Cau.Cau3AG000073	0.00000000000000000000000000000000959921920498371	0.847730031720984	0.408	0.242	0.000000000000000000000000000442543203788159	4	/	AT1G20693;AT1G20696
Cau.Cau7AG001183	0.00000000000000000000000000000000990490287499556	0.744483675900289	0.295	0.146	0.000000000000000000000000000456635832343046	4	/	/
Cau.Cau7BG002014	0.0000000000000000000000000000000504276836861392	0.697294893400356	0.42	0.246	0.00000000000000000000000000232481707329839	4	/	AT1G07770;AT5G59850
Cau.Cau4BG000498	0.0000000000000000000000000000000896197889636453	0.748097715	0.498	0.325	0.00000000000000000000000000413165151080198	4	transcript:AT1G60960.2	/
Cau.Cau6AG001548	0.0000000000000000000000000000000967509818473166	0.846710053467326	0.262	0.128	0.00000000000000000000000000446041376512499	4	/	AT3G53620
Cau.Cau4BG000131	0.000000000000000000000000000000113464670317743	0.826827803230636	0.371	0.208	0.00000000000000000000000000523094823098858	4	transcript:AT4G31870.1	/
Cau.Cau4BG000915	0.00000000000000000000000000000017102897788362	0.701928557677468	0.416	0.247	0.00000000000000000000000000788477793839063	4	/	AT4G29735
Cau.Cau7AG002005	0.00000000000000000000000000000024808288350468	0.685799910059073	0.405	0.232	0.0000000000000000000000000114371170953328	4	/	AT1G07770;AT5G59850
Cau.Cau9AG000156	0.000000000000000000000000000000331422657465896	0.666176967835458	0.292	0.144	0.0000000000000000000000000152792473544927	4	/	/
Cau.Cau8BG001853	0.00000000000000000000000000000110388903719349	0.945729245251781	0.316	0.167	0.0000000000000000000000000508914923926943	4	/	/
Cau.Cau1BG001796	0.00000000000000000000000000000278412569324947	0.626959025295304	0.589	0.411	0.000000000000000000000000128353762710187	4	/	/
Cau.Cau8BG001758	0.0000000000000000000000000000029575279501153	0.731154661820695	0.403	0.24	0.000000000000000000000000136347953556216	4	/	/
Cau.Cau3AG001658	0.0000000000000000000000000000122951188138482	0.737128441589721	0.292	0.148	0.000000000000000000000000566829567556028	4	/	/
Cau.Cau7AG001965	0.0000000000000000000000000000204397550396054	0.547198993785759	0.36	0.193	0.00000000000000000000000094231358683589	4	/	/
Cau.Cau6AG001227	0.0000000000000000000000000000205686126417172	0.642243432716858	0.381	0.216	0.000000000000000000000000948254180008446	4	/	AT5G01650
Cau.Cau7BG001205	0.0000000000000000000000000000269821191431465	0.820024989533599	0.302	0.163	0.00000000000000000000000124392965673734	4	transcript:AT5G48580.1	AT3G25220
Cau.Cau3AG001955	0.0000000000000000000000000000378407923501276	0.767377276760024	0.295	0.154	0.00000000000000000000000174453620892558	4	transcript:AT2G38730.1	AT2G38730
Cau.Cau9BG001152	0.0000000000000000000000000000777119035097831	0.714263713977632	0.32	0.171	0.00000000000000000000000358267417560802	4	/	/
Cau.Cau1AG000819	0.000000000000000000000000000732004580324055	0.706971475652936	0.35	0.199	0.0000000000000000000000337468751620996	4	/	/
Cau.Cau8BG001479	0.000000000000000000000000000792476865521519	0.749415360846573	0.273	0.14	0.0000000000000000000000365347684542731	4	/	AT2G27840;AT3G44750;AT5G22650
Cau.Cau9AG000183	0.00000000000000000000000000168560117320703	0.698054788540661	0.255	0.127	0.0000000000000000000000777095852871903	4	/	/
Cau.Cau6AG000402	0.00000000000000000000000000186051442370854	0.676257287734211	0.268	0.133	0.0000000000000000000000857734359618113	4	/	/
Cau.Cau3BG001576	0.00000000000000000000000000203960966741696	0.614789326656251	0.274	0.138	0.0000000000000000000000940300848872568	4	/	AT3G04920;AT5G28060
Cau.Cau2AG002609	0.0000000000000000000000000056770503233298	0.653086949615768	0.316	0.171	0.000000000000000000000261723374006151	4	/	/
Cau.Cau9AG001361	0.00000000000000000000000000821605975719778	0.903152905519039	0.301	0.164	0.000000000000000000000378776786926332	4	/	/
Cau.Cau3BG001988	0.00000000000000000000000002063873140717	0.630174515195183	0.496	0.333	0.000000000000000000000951486795333349	4	/	AT4G25890;AT5G57290
Cau.Cau5AG000424	0.00000000000000000000000003702349755951	0.695385498555639	0.265	0.136	0.00000000000000000000170685728448853	4	/	AT1G64750;AT5G45010
Cau.Cau2BG001273	0.0000000000000000000000000437343449549065	0.615490470934481	0.475	0.313	0.0000000000000000000020162407711111	4	/	AT2G32765;AT4G26840
Cau.Cau9BG000263	0.000000000000000000000000172820747875365	0.710516771214214	0.501	0.358	0.0000000000000000000079673821185501	4	/	/
Cau.Cau2BG002605	0.000000000000000000000000460736183990235	0.598894867641133	0.45	0.296	0.0000000000000000000212408595543178	4	/	AT5G46250
Cau.Cau6BG001224	0.000000000000000000000000645925299842363	0.694877926453595	0.324	0.185	0.0000000000000000000297784481733326	4	transcript:AT5G01650.1	AT5G01650
Cau.Cau9BG001776	0.00000000000000000000000209472566304941	0.560965607239396	0.274	0.142	0.0000000000000000000965710425179038	4	transcript:AT4G15910.1	/
Cau.Cau6AG000941	0.000000000000000000000002993799702599	0.579138730754477	0.528	0.373	0.000000000000000000138020153889219	4	/	AT1G57660;AT1G57860
Cau.Cau7BG002257	0.00000000000000000000000377127591663101	0.622583685786966	0.283	0.153	0.000000000000000000173863362308523	4	/	/
Cau.Cau5BG003810	0.00000000000000000000000421729555440718	0.735529182848548	0.337	0.204	0.00000000000000000019442575964928	4	/	AT5G26667
Cau.Cau9AG001734	0.00000000000000000000000480807833007851	0.590170273028527	0.523	0.377	0.00000000000000000022166202717328	4	/	AT1G02780;AT3G16780;AT4G02230
Cau.Cau2BG000686	0.00000000000000000000000602214144841517	0.746792576526657	0.267	0.145	0.000000000000000000277632765054836	4	/	/
Cau.Cau3AG001949	0.00000000000000000000000939654511334641	0.665706608324057	0.337	0.201	0.000000000000000000433199522815496	4	transcript:AT4G25890.1	AT4G25890;AT5G57290
Cau.Cau5BG001569	0.0000000000000000000000200447901469761	0.682688827641923	0.352	0.215	0.000000000000000000924104915355894	4	/	AT2G36170;AT3G52590
Cau.Cau7AG001153	0.0000000000000000000000309755813557438	0.622114671104753	0.286	0.157	0.0000000000000000014280362516625	4	transcript:AT3G03620.1	AT3G03620;AT5G17700
Cau.Cau5AG002897	0.000000000000000000000194506342602304	0.695260074359344	0.272	0.151	0.0000000000000000089671314066514	4	transcript:AT5G23535.2	AT5G23535
Cau.Cau9AG001697	0.000000000000000000000215436142252716	0.584954132560446	0.267	0.143	0.00000000000000000993203703013469	4	/	/
Cau.Cau5BG000972	0.000000000000000000000279529578612162	0.651258282734059	0.316	0.185	0.0000000000000000128868726331779	4	/	/
Cau.Cau8BG001684	0.000000000000000000000499827058071569	0.365395195877825	0.839	0.737	0.0000000000000000230430270312155	4	/	/
Cau.Cau6AG001376	0.00000000000000000000111560523449861	0.603240288302763	0.422	0.286	0.0000000000000000514316325208548	4	/	/
Cau.Cau7AG000294	0.00000000000000000000119601545059237	0.28092808719559	0.852	0.726	0.0000000000000000551387043032096	4	/	AT5G39850
Cau.Cau5AG000423	0.00000000000000000000157697130324622	0.713180902229843	0.282	0.161	0.0000000000000000727015310222571	4	/	AT1G10560;AT1G60190
Cau.Cau1AG001647	0.00000000000000000000220898002000181	0.520741055598409	0.516	0.368	0.000000000000000101838396882123	4	/	/
Cau.Cau9BG001286	0.00000000000000000000230857185230153	0.4820556481914	0.544	0.391	0.000000000000000106429779534805	4	/	/
Cau.Cau8AG001758	0.00000000000000000000248367808712684	0.535698864615834	0.447	0.303	0.000000000000000114502527172722	4	/	AT1G07770;AT5G59850
Cau.Cau3BG001323	0.00000000000000000000471357316135403	0.564309736783836	0.256	0.138	0.000000000000000217305149884743	4	transcript:AT3G05700.1	AT3G05700;AT5G26990
Cau.Cau2AG000691	0.0000000000000000000080112176657913	0.582205226628834	0.273	0.153	0.000000000000000369333156828311	4	/	/
Cau.Cau8BG001449	0.00000000000000000000806775207994651	0.598985562416032	0.392	0.257	0.000000000000000371939506389694	4	/	/
Cau.Cau5BG000588	0.0000000000000000000113011675323785	0.55435360945552	0.289	0.165	0.000000000000000521006425577715	4	/	/
Cau.Cau9BG000351	0.0000000000000000000191441453183951	0.535560503478613	0.436	0.287	0.00000000000000088258338746865	4	/	/
Cau.Cau2AG002611	0.0000000000000000000192963874190086	0.697257037672501	0.4	0.274	0.000000000000000889602052791135	4	transcript:AT5G46250.1	AT5G46250
Cau.Cau9BG000639	0.0000000000000000000250147736619818	0.651642782424402	0.339	0.213	0.00000000000000115323109536468	4	transcript:AT1G59359.1	AT1G58380;AT1G58684;AT1G58983;AT1G59359;AT2G41840;AT3G57490
Cau.Cau5AG002011	0.0000000000000000000289121365200399	0.446722849292975	0.515	0.363	0.00000000000000133290731784688	4	transcript:AT4G15550.1	AT1G05530;AT1G05560;AT4G15550
Cau.Cau4AG001746	0.0000000000000000000385806749361269	0.569604497858633	0.369	0.237	0.00000000000000177864627590532	4	/	/
Cau.Cau4BG001770	0.000000000000000000054098123860418	0.645308713216788	0.373	0.245	0.00000000000000249403170621299	4	transcript:AT3G43190.2	AT3G43190;AT5G20830
Cau.Cau5BG002139	0.000000000000000000117957732106534	0.449955274640123	0.646	0.519	0.00000000000000543808736557545	4	transcript:AT4G14320.1	AT3G23390;AT4G14320
Cau.Cau9BG001691	0.000000000000000000201386663134471	0.603595320923212	0.336	0.212	0.00000000000000928432794382538	4	/	AT1G54580;AT1G54630;AT3G05020;AT5G27200
Cau.Cau1AG001318	0.000000000000000000267461066881852	0.562652736107788	0.381	0.244	0.0000000000000123304901053872	4	transcript:AT3G15820.1	AT3G15820;AT3G15830
Cau.Cau9AG001788	0.00000000000000000033140380283475	0.551387650183803	0.331	0.205	0.0000000000000152783781182877	4	/	AT3G06680;AT3G06700
Cau.Cau5AG001600	0.000000000000000000346795576412117	0.506689122814316	0.388	0.254	0.0000000000000159879696637514	4	/	AT2G36170;AT3G52590
Cau.Cau4AG000813	0.000000000000000000502856656425931	0.610812363126042	0.275	0.162	0.0000000000000231826975745483	4	/	AT5G56600
Cau.Cau9AG000874	0.00000000000000000062085648599952	0.500736243238185	0.345	0.213	0.0000000000000286227257175499	4	/	AT3G23810;AT4G13940
Cau.Cau3BG000075	0.00000000000000000073722159722245	0.545227762090658	0.428	0.298	0.0000000000000339873900751494	4	/	AT1G20693;AT1G20696
Cau.Cau8AG001738	0.00000000000000000132101816052028	0.583097360039051	0.37	0.241	0.0000000000000609015792363061	4	/	/
Cau.Cau6AG000780	0.00000000000000000158363784837419	0.466757187567362	0.553	0.417	0.0000000000000730088720857469	4	/	AT2G36170;AT3G52590
Cau.Cau7AG001985	0.00000000000000000249268837830126	0.492028697464549	0.49	0.355	0.000000000000114917919616445	4	/	AT2G39460;AT3G55280
Cau.Cau9AG000938	0.00000000000000000442981662116598	0.517144872558924	0.512	0.386	0.000000000000204223405868994	4	transcript:AT3G24100.1	AT3G24100;AT4G13615
Cau.Cau5BG002844	0.00000000000000000845665812995419	0.651014689320626	0.282	0.171	0.000000000000389868853107148	4	/	/
Cau.Cau7BG001995	0.0000000000000000320463895934449	0.482583981409051	0.485	0.357	0.000000000001477402653037	4	transcript:AT2G39460.1	AT2G39460;AT3G55280
Cau.Cau3BG000165	0.000000000000000101973004005547	0.458687341988105	0.422	0.295	0.00000000000470115943066372	4	transcript:AT5G42190.1	AT1G75950
Cau.Cau2BG002603	0.000000000000000205705574417554	0.543886409388385	0.28	0.172	0.00000000000948343839179809	4	/	/
Cau.Cau6AG000818	0.00000000000000022674957935948	0.625058275411177	0.283	0.178	0.0000000000104536091076308	4	transcript:AT3G52560.1	/
Cau.Cau9AG001180	0.00000000000000028872210053117	0.562832089610306	0.373	0.258	0.000000000013310666278688	4	/	/
Cau.Cau1BG001338	0.00000000000000102008793534226	0.395515856544135	0.591	0.46	0.000000000047028093995149	4	/	AT1G52565;AT3G15760
Cau.Cau8BG001852	0.00000000000000116254467838153	0.559854675369751	0.295	0.187	0.0000000000535956347627454	4	transcript:AT5G59480.5	AT5G59480
Cau.Cau2BG000712	0.00000000000000254851048186109	0.48201612007106	0.387	0.271	0.00000000011749143023476	4	transcript:AT5G45775.2	AT2G42740;AT3G58700;AT4G18730;AT5G45775
Cau.Cau8BG000472	0.0000000000000037748703025626	0.426288286403435	0.383	0.265	0.000000000174029070688741	4	/	/
Cau.Cau4AG000842	0.00000000000000619819614215942	0.385482996231266	0.598	0.481	0.000000000285749238545834	4	/	AT2G19730;AT4G29410
Cau.Cau5AG001012	0.0000000000000130474837879904	0.627358371774393	0.376	0.269	0.000000000601515097593934	4	/	AT5G07880;AT5G61210
Cau.Cau4BG000191	0.0000000000000280258083447567	0.301494660436247	0.721	0.595	0.00000000129204581630998	4	transcript:AT3G48930.1	AT3G48930;AT5G23740
Cau.Cau1AG001145	0.0000000000000364440174118605	0.459338267227562	0.334	0.223	0.00000000168014209072159	4	/	AT1G15270
Cau.Cau9BG000057	0.000000000000039579784210344	0.476173813821667	0.271	0.171	0.00000000182470721166528	4	/	/
Cau.Cau3BG000636	0.0000000000000467721584054748	0.338908745825887	0.607	0.484	0.0000000021562900468092	4	/	AT1G71697;AT4G09760
Cau.Cau2BG000407	0.0000000000000855943215383718	0.485292477935598	0.359	0.251	0.00000000394606941156202	4	transcript:AT5G12110.1	AT5G12110;AT5G19510
Cau.Cau7AG002066	0.000000000000138732054490457	0.487459131884643	0.288	0.188	0.00000000639582517611903	4	/	AT3G10860;AT5G05370
Cau.Cau8BG000321	0.000000000000150399261219047	0.524324742561116	0.376	0.271	0.0000000069337067407205	4	/	/
Cau.Cau5BG002194	0.000000000000284856463142127	0.501866294433737	0.282	0.185	0.0000000131324526637783	4	/	AT2G43460;AT3G59540
Cau.Cau5AG002283	0.000000000000341488382898971	0.415055934872741	0.447	0.335	0.0000000157432974284084	4	/	AT1G06020;AT1G06030;AT1G50390;AT2G31390;AT3G59480
Cau.Cau6BG000816	0.000000000000421681553343382	0.519432215814831	0.291	0.197	0.0000000194403629722366	4	/	AT2G36060
Cau.Cau6BG000937	0.000000000000881373920602055	0.39387049409733	0.472	0.362	0.000000040633100487596	4	transcript:AT1G57860.1	AT1G57660;AT1G57860
Cau.Cau2AG002303	0.0000000000025371346851813	0.375025931796285	0.485	0.375	0.000000116966983256228	4	/	/
Cau.Cau2AG001268	0.00000000000561366690683135	0.417659210086643	0.447	0.346	0.000000258801271738739	4	/	AT2G32765;AT4G26840
Cau.Cau2AG000719	0.00000000000856601945315305	0.404433458602488	0.353	0.249	0.000000394910628829262	4	/	AT2G42740;AT3G58700;AT4G18730;AT5G45775
Cau.Cau7BG002224	0.00000000000983869241028444	0.296177855422198	0.644	0.553	0.000000453583397498933	4	/	/
Cau.Cau1BG000963	0.00000000000997870251506509	0.419582113807028	0.468	0.369	0.000000460038143349531	4	/	/
Cau.Cau8BG001414	0.0000000000300394352978138	0.369869691625084	0.461	0.358	0.00000138487804609981	4	transcript:AT5G22440.2	AT5G22440
Cau.Cau5BG003056	0.0000000000301653672438041	0.385759115301345	0.352	0.255	0.00000139068376067386	4	transcript:AT3G05560.3	AT3G05560;AT5G27770
Cau.Cau8AG001426	0.0000000000580859472924876	0.417299462544252	0.371	0.276	0.00000267787834207826	4	transcript:AT3G44590.2	/
Cau.Cau6BG001781	0.0000000000780769614083134	0.493955040463655	0.258	0.174	0.00000359950407484606	4	/	AT2G36930
Cau.Cau9BG001863	0.00000000012666582689681	0.391048227054092	0.342	0.248	0.00000583954795159671	4	transcript:AT3G06700.3	AT3G06680;AT3G06700
Cau.Cau5AG000117	0.000000000267262220371459	0.424933404874853	0.294	0.207	0.000012321322883565	4	/	AT1G64440;AT3G28530;AT4G10960;AT4G23920
Cau.Cau5BG001014	0.000000000601354439898051	0.517206056814625	0.374	0.294	0.00002772364238818	4	transcript:AT5G61210.2	AT5G07880;AT5G61210
Cau.Cau5BG003120	0.00000000067115495099383	0.412804227807454	0.319	0.233	0.0000309415855507176	4	/	/
Cau.Cau8AG001390	0.000000000824322499113019	0.331075428377391	0.529	0.43	0.0000380029158541084	4	/	/
Cau.Cau2AG000399	0.000000000861126409129566	0.391633405685112	0.3	0.212	0.0000396996497136913	4	/	/
Cau.Cau4AG000785	0.00000000104390139289715	0.389027692608105	0.35	0.259	0.0000481259420153444	4	/	/
Cau.Cau2BG002555	0.00000000111149094212403	0.388273644722006	0.314	0.226	0.0000512419554138021	4	/	/
Cau.Cau8AG001681	0.00000000121392741049311	0.379304512648013	0.356	0.268	0.0000559644814785531	4	/	AT5G02960
Cau.Cau2AG000415	0.00000000217309079117022	0.39873684245455	0.319	0.236	0.000100183831654529	4	transcript:AT5G21090.1	AT3G43740;AT5G21090
Cau.Cau5AG002203	0.0000000025441949630718	0.332153711496191	0.487	0.396	0.000117292476187536	4	/	AT3G23390;AT4G14320
Cau.Cau5AG001618	0.00000000492616745836763	0.307963958537271	0.523	0.438	0.000227106172165664	4	/	/
Cau.Cau9BG001395	0.00000000499880907794827	0.377083961655519	0.363	0.279	0.000230455096111571	4	/	/
Cau.Cau8BG001777	0.00000000691860836401517	0.412999035989817	0.314	0.232	0.000318961682797827	4	transcript:AT5G59850.1	AT1G07770;AT5G59850
Cau.Cau2AG002560	0.0000000109446036242894	0.2895918467952	0.482	0.383	0.000504568116286989	4	/	AT4G18100;AT5G46430
Cau.Cau5BG001585	0.0000000119880936603561	0.274019496634299	0.55	0.456	0.000552675093929736	4	/	/
Cau.Cau6BG000459	0.0000000128507824233512	0.454464433162744	0.34	0.26	0.000592446771281335	4	transcript:AT5G37840.1	AT1G66480;AT5G37840
Cau.Cau9AG000554	0.0000000159464311123235	0.428053679323293	0.28	0.205	0.000735162367140338	4	/	/
Cau.Cau6BG000033	0.0000000667944954625386	0.363964331249269	0.353	0.275	0.00307935982981395	4	/	AT3G02080;AT5G15520;AT5G61170
Cau.Cau5AG000172	0.0000000749160089458082	0.41446869227214	0.263	0.196	0.00345377784441965	4	transcript:AT4G11150.1	AT1G64200;AT3G08560;AT4G11150
Cau.Cau3AG000163	0.000000141560144279334	0.307814469139662	0.377	0.299	0.00652620577156584	4	/	AT1G75950
Cau.Cau5AG001737	0.000000153643312920727	0.321131617067668	0.317	0.24	0.00708326401227135	4	transcript:AT5G08300.1	/
Cau.Cau7BG001431	0.000000217801362235509	0.265623383735333	0.501	0.42	0.0100410784017814	4	transcript:AT3G62870.1	AT2G47610;AT3G62870
Cau.Cau1AG000943	0.000000930564099817188	0.437762769309401	0.284	0.22	0.042900866129772	4	transcript:AT1G72450.1	/
Cau.Cau5AG003104	0.00000117513208492019	0.291026139790332	0.335	0.262	0.0541759393789907	4	/	AT3G05560;AT5G27770
Cau.Cau8BG000157	0.00000137663228189149	0.290814957870476	0.296	0.224	0.0634655014597615	4	/	/
Cau.Cau1BG000008	0.00000285394504930471	0.305065632165811	0.335	0.267	0.131572574663046	4	transcript:AT4G35460.1	AT2G17420;AT4G35460
Cau.Cau8AG001319	0.00000570718744870509	0.313061253063494	0.28	0.218	0.263112755760202	4	/	AT2G27260
Cau.Cau5BG000170	0.00000587076699289455	0.309254570843805	0.286	0.224	0.270654099906424	4	/	AT1G64200;AT3G08560;AT4G11150
Cau.Cau6AG000035	0.00000680075718567579	0.29026075410955	0.381	0.315	0.313528507774025	4	/	AT3G02080;AT5G15520;AT5G61170
Cau.Cau9AG001317	0.00000777489759478828	0.293356588208188	0.329	0.265	0.358438328914929	4	/	/
Cau.Cau5BG002221	0.0000105447714737021	0.357140187015573	0.32	0.261	0.486135054480616	4	/	AT1G06020;AT1G06030;AT1G50390;AT2G31390;AT3G59480
Cau.Cau8AG000328	0.0000137352049182703	0.329909391182942	0.339	0.281	0.633220417142097	4	/	/
Cau.Cau6BG001388	0.0000182355980304312	0.325032102162981	0.357	0.292	0.840697540398941	4	transcript:AT3G54040.1	AT3G54040
Cau.Cau1BG000756	0.0000231917473103845	0.319796141785844	0.28	0.222	1	4	/	AT4G15093
Cau.Cau9AG000630	0.0000255243904262454	0.300791213406371	0.266	0.208	1	4	/	AT1G58380;AT1G58684;AT1G58983;AT1G59359;AT2G41840;AT3G57490
MT0029-RA	0.0000509639066348109	0.342860078226529	0.39	0.339	1	4	/	/
Cau.Cau5BG001939	0.0000574784817364301	0.272986102255514	0.336	0.277	1	4	/	AT2G36620;AT3G53020
Cau.Cau9AG000754	0.0000929254169114531	0.297836569254567	0.473	0.433	1	4	/	AT2G41430
Cau.Cau6BG000910	0.000259763070254324	0.266070744712648	0.317	0.264	1	4	/	/
Cau.Cau6BG000336	0.000560883561259886	0.262677713906595	0.314	0.269	1	4	/	AT1G62920;AT1G67250;AT5G38650
Cau.Cau4BG000970	0.000618444297922073	0.317829240288064	0.283	0.238	1	4	transcript:AT2G06530.1	/
Cau.Cau1AG000114	0.000624955828054474	0.285525810588892	0.322	0.279	1	4	/	/
MT0023-RA	0.000862616009447636	0.263124170336026	0.417	0.373	1	4	/	/
Cau.Cau2BG000297	0	3.31486665936344	0.265	0.003	0	5	transcript:AT1G50490.1	AT1G50490;AT3G20060
Cau.Cau2AG002027	0	2.89137164155295	0.367	0.004	0	5	/	/
Cau.Cau2BG002369	0	2.60238560352946	0.367	0.014	0	5	transcript:AT2G33790.1	AT1G28290;AT2G33790;AT2G34700
Cau.Cau2BG002011	0	2.59282348722496	0.33	0.013	0	5	transcript:AT5G44560.1	AT5G44560
Cau.Cau2BG002367	0	2.39188371910379	0.296	0.011	0	5	/	AT1G28290;AT2G33790;AT2G34700
Cau.Cau2AG002379	0.00000000000000000000000000000000000000000000000000000000000000000000000000000000000000000000000000000000000000000000000000000000000000000000000000000000000000000000000000000000000000000000000000000000000000000000000000000000000231382169140616	2.60659376000713	0.415	0.038	0.000000000000000000000000000000000000000000000000000000000000000000000000000000000000000000000000000000000000000000000000000000000000000000000000000000000000000000000000000000000000000000000000000000000000000000000000000000106671807617207	5	/	AT1G28290;AT2G33790;AT2G34700
Cau.Cau2AG000297	0.00000000000000000000000000000000000000000000000000000000000000000000000000000000000000000000000000000000000000000000000000000000000000000000000000000000000000000000000000000000000000000000000000000108282085291687	3.26612444059827	0.293	0.022	0.0000000000000000000000000000000000000000000000000000000000000000000000000000000000000000000000000000000000000000000000000000000000000000000000000000000000000000000000000000000000000000000000000499202069611734	5	/	/
Cau.Cau5AG000319	0.000000000000000000000000000000000000000000000000000000000000000000000000000000000000000000000000000000000000000000000000000000000000000000000000000000000000000000000000000000000000167592841110775	3.65123946717769	0.401	0.046	0.00000000000000000000000000000000000000000000000000000000000000000000000000000000000000000000000000000000000000000000000000000000000000000000000000000000000000000000000000000000772636516088893	5	/	AT5G62550
Cau.Cau6BG000378	0.00000000000000000000000000000000000000000000000000000000000000000000000000000000000000000000000000000000000000000000000000000000000000000000000000000000000000000000000308989229735168	3.54997273226808	0.401	0.049	0.000000000000000000000000000000000000000000000000000000000000000000000000000000000000000000000000000000000000000000000000000000000000000000000000000000000000000000142450214692507	5	transcript:AT5G38300.1	AT1G67035;AT5G38300
Cau.Cau5AG000247	0.0000000000000000000000000000000000000000000000000000000000000000000000000000000000000000000000000000000000000000000000000000000000000000000000000000000000000000000209362549393204	3.28039619698012	0.507	0.08	0.000000000000000000000000000000000000000000000000000000000000000000000000000000000000000000000000000000000000000000000000000000000000000000000000000000000000000965203225212548	5	/	AT1G01620;AT2G45960;AT3G61430;AT4G00430;AT4G23400
Cau.Cau8BG001521	0.00000000000000000000000000000000000000000000000000000000000000000000000000000000000000000000000000000000000000000000000000000000574851801547973	2.05036110844377	0.279	0.03	0.000000000000000000000000000000000000000000000000000000000000000000000000000000000000000000000000000000000000000000000000000265018177549647	5	transcript:AT2G27970.1	AT2G27960
Cau.Cau1AG000497	0.0000000000000000000000000000000000000000000000000000000000000000000000000000000000000000000000000000000406031464652879	2.18432135005309	0.316	0.046	0.0000000000000000000000000000000000000000000000000000000000000000000000000000000000000000000000000018718862583427	5	/	AT2G23130;AT4G37450
Cau.Cau7BG002198	0.000000000000000000000000000000000000000000000000000000000000000000000000000000000000000000000000000197808474299917	1.85463682808926	0.276	0.036	0.00000000000000000000000000000000000000000000000000000000000000000000000000000000000000000000000911936628217476	5	transcript:AT3G11050.1	AT2G40300;AT3G56090
Cau.Cau3AG001299	0.00000000000000000000000000000000000000000000000000000000000000000000000000000000000000000000000000307176514821043	2.13443694941501	0.602	0.171	0.000000000000000000000000000000000000000000000000000000000000000000000000000000000000000000000141614516862797	5	transcript:AT1G56340.1	/
Cau.Cau1BG000509	0.0000000000000000000000000000000000000000000000000000000000000000000000000000000000000586609099344	2.15393188075513	0.272	0.041	0.00000000000000000000000000000000000000000000000000000000000000000000000000000000270438526979571	5	/	AT2G23130;AT4G37450
Cau.Cau2AG002663	0.000000000000000000000000000000000000000000000000000000000000000780141460132754	1.44099001896863	0.418	0.107	0.0000000000000000000000000000000000000000000000000000000000359660815950402	5	transcript:AT1G11840.4	AT1G11840
Cau.Cau7BG000382	0.0000000000000000000000000000000000000000000000000000000000000721449622240081	1.29823252983959	0.718	0.281	0.00000000000000000000000000000000000000000000000000000000332602704845122	5	/	/
Cau.Cau3AG000968	0.000000000000000000000000000000000000000000000000000000000242769639138159	1.39176417813989	0.548	0.187	0.0000000000000000000000000000000000000000000000000000111921659035474	5	/	AT1G78040;AT4G08685
Cau.Cau2AG000211	0.000000000000000000000000000000000000000000000000000000205009180628893	2.35976235952922	0.299	0.07	0.00000000000000000000000000000000000000000000000000945133324535323	5	/	/
Cau.Cau8BG000998	0.000000000000000000000000000000000000000000000000000743203660703869	1.43129131620594	0.255	0.053	0.0000000000000000000000000000000000000000000000342631751657698	5	transcript:AT5G64080.1	AT2G13820;AT5G09370;AT5G64080
Cau.Cau9BG001943	0.0000000000000000000000000000000000000000000000000352827230514714	1.33859691332561	0.541	0.193	0.00000000000000000000000000000000000000000000162660409811894	5	/	/
Cau.Cau2AG002480	0.00000000000000000000000000000000000000000000000236537206096205	1.20965491322612	0.527	0.186	0.000000000000000000000000000000000000000000109048382754472	5	/	/
Cau.Cau6AG001544	0.00000000000000000000000000000000000000000000000749216391711239	1.60205145962248	0.262	0.06	0.000000000000000000000000000000000000000000345403740906715	5	/	AT5G02560
Cau.Cau2BG002477	0.00000000000000000000000000000000000000000000534503265836886	1.23655260403917	0.592	0.244	0.000000000000000000000000000000000000000246416695616121	5	/	/
Cau.Cau4BG000740	0.0000000000000000000000000000000000000000000530967247653272	1.53979096564341	0.395	0.129	0.00000000000000000000000000000000000000244786520513111	5	transcript:AT1G65980.1	AT1G60740;AT1G65970;AT1G65980
Cau.Cau4AG001523	0.000000000000000000000000000000000000000000503278402255563	1.16122869594419	0.799	0.478	0.000000000000000000000000000000000000023202140900786	5	transcript:AT5G59240.1	AT5G20290;AT5G59240
Cau.Cau8AG000978	0.000000000000000000000000000000000000000173560423605278	1.47650897469523	0.299	0.085	0.00000000000000000000000000000000000800148264905051	5	/	AT2G13820;AT5G09370;AT5G64080
Cau.Cau2AG001289	0.000000000000000000000000000000000000010947881104179	1.16450432859014	0.265	0.068	0.000000000000000000000000000000000504719214664859	5	transcript:AT1G04980.1	AT1G04980;AT2G32920
Cau.Cau5AG001990	0.0000000000000000000000000000000000000744088950312691	1.22016646666613	0.507	0.211	0.00000000000000000000000000000000343039887873157	5	/	AT1G73177
Cau.Cau5BG001258	0.000000000000000000000000000000000000121287146421145	1.09438372968158	0.486	0.19	0.00000000000000000000000000000000559158002430764	5	/	AT5G53070
Cau.Cau3AG001073	0.000000000000000000000000000000000000317113375718166	1.36415377127864	0.269	0.074	0.0000000000000000000000000000000146195608473589	5	transcript:AT2G33740.2	AT2G33740
Cau.Cau6AG002035	0.000000000000000000000000000000000000410155538368182	0.992032047048284	0.799	0.493	0.0000000000000000000000000000000189089906298499	5	transcript:AT4G34670.1	AT3G04840;AT4G34670
Cau.Cau3BG001002	0.00000000000000000000000000000000000493769347989158	1.25456843767612	0.384	0.138	0.000000000000000000000000000000227637544809962	5	transcript:AT1G34760.2	AT1G34760
Cau.Cau2BG002656	0.0000000000000000000000000000000000201904733299971	1.03087230903626	0.673	0.337	0.000000000000000000000000000000930821201459526	5	/	AT1G11840
Cau.Cau8BG001714	0.0000000000000000000000000000000000624907997784571	1.13625683795491	0.738	0.472	0.00000000000000000000000000000288095085138643	5	transcript:AT1G07890.3	AT1G07890
Cau.Cau3BG000968	0.0000000000000000000000000000000000861193067182848	1.11525787321957	0.48	0.197	0.00000000000000000000000000000397027227832636	5	transcript:AT4G08685.1	AT1G78040;AT4G08685
Cau.Cau5AG003809	0.0000000000000000000000000000000107321394890892	1.00150993375927	0.711	0.423	0.000000000000000000000000000494773094725991	5	transcript:AT4G09320.1	AT4G09320
Cau.Cau9BG000187	0.0000000000000000000000000000000201224324901019	1.07453388156715	0.609	0.315	0.00000000000000000000000000092768438265868	5	transcript:AT4G25740.1	AT4G25740;AT5G41520;AT5G52650
Cau.Cau9AG000156	0.0000000000000000000000000000000644938645330687	1.17747070548788	0.384	0.146	0.00000000000000000000000000297329614270353	5	/	/
Cau.Cau4AG000813	0.00000000000000000000000000000015703052848035	1.12499763417751	0.412	0.163	0.00000000000000000000000000723942142400111	5	/	AT5G56600
Cau.Cau4BG001550	0.000000000000000000000000000000691811122031387	0.775829142580162	0.844	0.564	0.000000000000000000000000031893876347891	5	/	/
Cau.Cau5BG000644	0.000000000000000000000000000000908214751834774	1.34529116236785	0.289	0.093	0.0000000000000000000000000418705164890868	5	transcript:AT5G47060.2	AT4G17670;AT5G47060
Cau.Cau2BG001273	0.0000000000000000000000000000014962400262216	1.15624784013906	0.588	0.315	0.0000000000000000000000000689796576888681	5	/	AT2G32765;AT4G26840
Cau.Cau2BG000114	0.00000000000000000000000000000264172091832775	0.914544888514713	0.731	0.418	0.000000000000000000000000121788617776746	5	/	/
Cau.Cau4AG002132	0.0000000000000000000000000000120822469616754	1.15903779629885	0.289	0.095	0.000000000000000000000000557015749427159	5	/	AT2G18740;AT4G30330
Cau.Cau3AG000073	0.0000000000000000000000000000139423155451941	1.15036586233599	0.503	0.244	0.000000000000000000000000642768631264539	5	/	AT1G20693;AT1G20696
Cau.Cau9AG001594	0.0000000000000000000000000000279866243413357	1.13902073209735	0.279	0.09	0.00000000000000000000000129023935538426	5	transcript:AT5G18800.1	AT3G06310;AT5G18800
Cau.Cau5BG000588	0.0000000000000000000000000000386068114604604	1.11745241412822	0.405	0.166	0.00000000000000000000000177985122195014	5	/	/
Cau.Cau3AG000815	0.0000000000000000000000000000628788157715604	1.05958237032189	0.35	0.131	0.00000000000000000000000289883916470048	5	/	/
Cau.Cau9AG000660	0.0000000000000000000000000000811354318583004	1.09329158439094	0.337	0.124	0.00000000000000000000000374050567953136	5	/	AT5G58240
Cau.Cau5AG000638	0.000000000000000000000000000340907548975215	1.13893418633303	0.282	0.093	0.0000000000000000000000157165198228554	5	/	AT4G17670;AT5G47060
Cau.Cau3BG000816	0.000000000000000000000000000684345215656333	1.04975926367255	0.49	0.234	0.0000000000000000000000315496831321883	5	transcript:AT1G77350.2	AT1G77350
Cau.Cau4BG000821	0.00000000000000000000000000205794635199285	1.09669870071723	0.344	0.132	0.0000000000000000000000948754427195743	5	transcript:AT5G56600.1	AT5G56600
Cau.Cau9AG000187	0.00000000000000000000000000726447673881485	1.02028059265877	0.585	0.317	0.000000000000000000000334906906612842	5	/	AT4G25740;AT5G41520;AT5G52650
Cau.Cau4BG001752	0.0000000000000000000000000437262162876478	1.01974146188368	0.306	0.113	0.00000000000000000000201586602329314	5	/	AT5G20720
Cau.Cau5AG000424	0.000000000000000000000000123974374969249	0.968235853858088	0.35	0.138	0.00000000000000000000571546663483232	5	/	AT1G64750;AT5G45010
Cau.Cau9BG001854	0.000000000000000000000000152759889379271	1.15327691834789	0.282	0.099	0.00000000000000000000704253642016317	5	transcript:AT4G16146.1	AT4G16146
Cau.Cau3AG001736	0.000000000000000000000000244369536929008	1.07783334707731	0.405	0.174	0.0000000000000000000112659243915011	5	/	AT1G31812
Cau.Cau3AG001001	0.000000000000000000000000245629771555784	1.08156753095198	0.344	0.137	0.0000000000000000000113240237282647	5	/	AT1G34760
Cau.Cau5AG000586	0.000000000000000000000000364958526451591	0.947879172790343	0.476	0.23	0.0000000000000000000168253179864712	5	/	AT1G13440;AT3G04120
Cau.Cau9AG001607	0.000000000000000000000000886449997475663	1.08762577517754	0.388	0.169	0.000000000000000000040867117783623	5	/	AT1G54580;AT1G54630;AT3G05020;AT5G27200
Cau.Cau6AG001702	0.00000000000000000000000674729318253622	0.735807131316891	0.643	0.362	0.000000000000000000311063710301285	5	/	AT3G01390;AT4G23710
Cau.Cau9BG001679	0.00000000000000000000000976783528854061	1.03541180295604	0.347	0.143	0.000000000000000000450316742472299	5	/	/
Cau.Cau8AG001692	0.0000000000000000000000228882438215876	0.806734106481781	0.755	0.529	0.00000000000000000105519381666283	5	/	AT1G07890
Cau.Cau4AG001728	0.0000000000000000000000561965521401725	1.19153583750075	0.255	0.092	0.00000000000000000259077344676623	5	transcript:AT5G20720.3	AT5G20720
Cau.Cau7AG002005	0.000000000000000000000139371115273179	0.9449501306283	0.466	0.235	0.00000000000000000642528715632411	5	/	AT1G07770;AT5G59850
Cau.Cau4AG000739	0.000000000000000000000152368171557953	1.09552662193564	0.323	0.13	0.00000000000000000702447744516476	5	/	/
Cau.Cau1BG001156	0.000000000000000000000279499281222687	0.695547005596768	0.772	0.542	0.0000000000000000128854758629283	5	transcript:AT3G16080.1	AT3G16080
Cau.Cau5AG003360	0.000000000000000000000564773875683897	0.876488133395162	0.578	0.347	0.000000000000000026037205216779	5	transcript:AT1G01100.4	AT3G49460;AT5G24510
Cau.Cau7AG000743	0.000000000000000000000800981731918161	0.37197821471923	0.827	0.467	0.0000000000000000369268598048911	5	/	AT1G26355
Cau.Cau3AG002152	0.000000000000000000000802150782959135	0.817435033900036	0.697	0.463	0.000000000000000036980755395982	5	/	AT4G16500;AT5G47550
Cau.Cau3AG000644	0.000000000000000000000806769156349002	0.722127841658396	0.728	0.489	0.0000000000000000371936716460017	5	/	AT1G22780;AT1G34030;AT4G09800
Cau.Cau8AG001434	0.00000000000000000000088279543783507	0.940473469977695	0.347	0.15	0.0000000000000000406986352750724	5	transcript:AT4G21105.3	AT4G21105
Cau.Cau9AG000955	0.00000000000000000000098036849515556	0.914523118662858	0.483	0.252	0.0000000000000000451969483636616	5	/	/
Cau.Cau3BG000165	0.00000000000000000000470046665166353	0.918690656022606	0.52	0.297	0.000000000000000216700913574992	5	transcript:AT5G42190.1	AT1G75950
Cau.Cau2AG000519	0.00000000000000000000703517120270122	0.682393164953358	0.823	0.641	0.000000000000000324335462786932	5	/	AT5G40370
Cau.Cau8AG001965	0.00000000000000000000779432987535215	0.675897523503439	0.52	0.261	0.000000000000000359334195913485	5	transcript:AT2G29960.3	AT2G29960;AT5G58710
Cau.Cau5BG000291	0.0000000000000000000156116879785028	0.928618749812315	0.354	0.157	0.000000000000000719730039184937	5	/	/
Cau.Cau8BG001977	0.0000000000000000000232651334774395	0.705334649278517	0.582	0.319	0.00000000000000107256918357692	5	/	AT2G29960;AT5G58710
Cau.Cau8BG001758	0.0000000000000000000300313584337734	1.00729983457813	0.456	0.243	0.00000000000000138450568651382	5	/	/
Cau.Cau5AG000789	0.0000000000000000000327420864627122	0.878612020127599	0.415	0.2	0.00000000000000150947567010396	5	/	/
Cau.Cau6AG000941	0.0000000000000000000448760408646721	0.885434754411204	0.592	0.376	0.00000000000000206887523594312	5	/	AT1G57660;AT1G57860
Cau.Cau9BG001024	0.0000000000000000000804893046546938	0.785932031964406	0.446	0.223	0.0000000000000037107179231907	5	/	/
Cau.Cau5BG003776	0.000000000000000000120261054491232	0.646111032559799	0.752	0.535	0.00000000000000554427513415478	5	/	/
Cau.Cau9BG000158	0.000000000000000000128569172287121	0.905594882156919	0.391	0.188	0.00000000000000592729598078084	5	/	/
Cau.Cau7BG000745	0.000000000000000000270384234556352	0.262725114713509	0.813	0.452	0.0000000000000124652539815169	5	/	AT1G26355
Cau.Cau5BG000793	0.000000000000000000283249211383282	0.91033394998187	0.293	0.12	0.0000000000000130583551431921	5	transcript:AT5G47570.1	AT5G47570
Cau.Cau6AG001227	0.00000000000000000072891574462505	0.92712426536598	0.425	0.22	0.0000000000000336044736587041	5	/	AT5G01650
Cau.Cau1AG000215	0.00000000000000000137307731459201	0.672332099145148	0.65	0.404	0.000000000000063301610357321	5	/	AT3G51030
Cau.Cau5AG002753	0.00000000000000000172128573237861	0.802372980872845	0.565	0.341	0.0000000000000793547148341189	5	/	/
Cau.Cau4AG000842	0.00000000000000000206872608311095	0.684179501107844	0.701	0.482	0.0000000000000953724098835811	5	/	AT2G19730;AT4G29410
Cau.Cau6BG002402	0.00000000000000000219375310545674	0.760139193929327	0.646	0.422	0.000000000000101136405667767	5	/	/
Cau.Cau3BG000644	0.00000000000000000600924120530581	0.626078889568359	0.738	0.517	0.000000000000277038038047009	5	transcript:AT4G09800.1	AT1G22780;AT1G34030;AT4G09800
Cau.Cau7AG000294	0.00000000000000000671943389878906	0.554916794574544	0.881	0.728	0.000000000000309779341601973	5	/	AT5G39850
Cau.Cau6AG000351	0.0000000000000000110354134787358	0.986296935896449	0.32	0.15	0.000000000000508754632196676	5	/	AT5G38480
Cau.Cau9AG000581	0.0000000000000000148346210789554	0.727847164635972	0.524	0.298	0.000000000000683905700982001	5	/	AT2G42310;AT3G57785
Cau.Cau9BG001446	0.0000000000000000153038733625061	0.85905144011773	0.252	0.101	0.000000000000705539169758255	5	transcript:AT3G22845.1	AT3G22845
Cau.Cau5BG002826	0.0000000000000000155160365625205	0.813807097374031	0.439	0.23	0.00000000000071532031760532	5	/	/
Cau.Cau4BG001345	0.0000000000000000173886932159843	0.42332771674145	0.966	0.902	0.000000000000801653534643306	5	transcript:AT3G09790.2	/
Cau.Cau9BG000930	0.0000000000000000263779972799056	0.92575152116471	0.337	0.16	0.00000000000121607843059821	5	transcript:AT3G23810.1	AT3G23810;AT4G13940
Cau.Cau5BG003773	0.0000000000000000264340671394875	1.01119573965776	0.255	0.107	0.00000000000121866336326465	5	transcript:AT1G02140.1	AT1G02140
Cau.Cau4BG000915	0.000000000000000028518728284258	0.81939601526537	0.456	0.25	0.00000000000131477041136086	5	/	AT4G29735
Cau.Cau6BG001376	0.0000000000000000306376262222786	0.722203366474777	0.52	0.307	0.00000000000141245584409949	5	/	/
Cau.Cau5AG000990	0.0000000000000000417562981407358	0.55356320815886	0.765	0.575	0.0000000000019250488568842	5	/	AT1G13950;AT1G26630;AT1G69410
Cau.Cau6BG000348	0.000000000000000137187164177	0.894884474798291	0.265	0.115	0.00000000000632460264288803	5	transcript:AT3G02520.2	AT5G38480
Cau.Cau6BG001706	0.000000000000000137902555058357	0.533852993421556	0.609	0.363	0.00000000000635758359330036	5	transcript:AT3G01390.2	AT3G01390;AT4G23710
Cau.Cau9AG001788	0.000000000000000145584013500634	0.891317426177888	0.391	0.207	0.00000000000671171419040623	5	/	AT3G06680;AT3G06700
Cau.Cau2BG000527	0.000000000000000157348352485081	0.708749814260624	0.755	0.589	0.00000000000725407374626721	5	transcript:AT5G40370.1	AT5G40370
Cau.Cau2AG001682	0.000000000000000229682975525755	0.846686243835846	0.337	0.157	0.0000000000105888445376884	5	/	/
Cau.Cau9AG001148	0.000000000000000388346928449981	0.765126104248492	0.684	0.515	0.000000000017903570095401	5	/	AT1G04480;AT2G33370;AT3G04400
Cau.Cau4BG000275	0.000000000000000904834792804838	1.04242369717729	0.255	0.113	0.0000000000417146936178887	5	/	AT5G20020
Cau.Cau8AG000165	0.00000000000000123239230242906	0.991634970229057	0.483	0.299	0.0000000000568157499265846	5	/	/
Cau.Cau7AG001180	0.00000000000000125581801296978	0.852733038428662	0.252	0.107	0.0000000000578957220339328	5	/	AT3G25220
Cau.Cau6BG000937	0.00000000000000133211232130793	0.808889601325926	0.554	0.363	0.0000000000614130422369381	5	transcript:AT1G57860.1	AT1G57660;AT1G57860
Cau.Cau8AG000455	0.00000000000000160641977733879	0.767136231930577	0.303	0.138	0.000000000074059164574873	5	/	AT1G49670
Cau.Cau4BG002251	0.00000000000000169776061177202	0.622608013643407	0.602	0.39	0.0000000000782701597239138	5	transcript:AT4G28088.1	AT2G24040;AT4G28088;AT4G30650;AT4G30660
Cau.Cau9AG000874	0.00000000000000177321304942373	0.804095268769806	0.401	0.215	0.0000000000817486680045328	5	/	AT3G23810;AT4G13940
Cau.Cau2BG000407	0.00000000000000193266199571542	0.779360814902127	0.449	0.252	0.0000000000890995833264725	5	transcript:AT5G12110.1	AT5G12110;AT5G19510
Cau.Cau3BG000075	0.00000000000000200179098063728	0.89529345656694	0.486	0.3	0.00000000009228656778934	5	/	AT1G20693;AT1G20696
Cau.Cau2BG002603	0.00000000000000208784326046066	0.841339467665716	0.344	0.174	0.0000000000962537499937574	5	/	/
Cau.Cau4AG000904	0.00000000000000227925808057908	0.825405706946621	0.412	0.227	0.000000000105078356030857	5	transcript:AT4G29735.1	AT4G29735
Cau.Cau3AG001658	0.00000000000000289000128038451	0.991129845091249	0.313	0.151	0.000000000133234839028287	5	/	/
Cau.Cau1BG000422	0.00000000000000299400113699792	0.798033807134075	0.395	0.211	0.000000000138029440417878	5	transcript:AT3G50360.1	AT4G37010
Cau.Cau8AG001811	0.00000000000000604546987915715	0.278959371135504	0.704	0.432	0.000000000278708252368903	5	/	AT3G09390;AT5G02380
Cau.Cau5BG002194	0.00000000000000671242807717833	0.894884329681533	0.354	0.186	0.000000000309456359214075	5	/	AT2G43460;AT3G59540
Cau.Cau5BG000170	0.000000000000010706375762943	0.802807194614265	0.401	0.224	0.000000000493585335423197	5	/	AT1G64200;AT3G08560;AT4G11150
Cau.Cau2AG000719	0.0000000000000111891669053056	0.752570022268839	0.435	0.25	0.000000000515842972668397	5	/	AT2G42740;AT3G58700;AT4G18730;AT5G45775
Cau.Cau3AG000176	0.0000000000000126270839086641	0.883253757598705	0.296	0.143	0.000000000582133822357234	5	/	/
Cau.Cau5BG003547	0.0000000000000190424990301235	0.697215257181558	0.282	0.128	0.000000000877897290286752	5	/	AT5G23750
Cau.Cau9BG000686	0.0000000000000197161855875479	0.759248841938256	0.272	0.124	0.000000000908955587957135	5	transcript:AT5G58240.2	AT5G58240
Cau.Cau6BG000336	0.00000000000001980224801056	0.900187732984624	0.442	0.268	0.000000000912923237782836	5	/	AT1G62920;AT1G67250;AT5G38650
Cau.Cau4BG002106	0.0000000000000200343461425896	0.857375110341154	0.286	0.137	0.000000000923623425865664	5	/	/
Cau.Cau2AG000508	0.0000000000000215361209774359	0.773928298218584	0.289	0.137	0.000000000992858249301752	5	/	AT1G10630;AT1G23490;AT1G70490;AT2G47170;AT3G62290
Cau.Cau7BG001978	0.0000000000000240102721651636	1.11970077658244	0.429	0.251	0.00000000110692156735837	5	transcript:AT1G75270.1	AT1G75270
Cau.Cau3AG001949	0.00000000000002867555028936	0.888966009690917	0.374	0.203	0.00000000132200021944008	5	transcript:AT4G25890.1	AT4G25890;AT5G57290
Cau.Cau3AG000619	0.0000000000000301814839498785	0.751576867584271	0.374	0.199	0.0000000013914267730573	5	/	AT4G02450
Cau.Cau5BG003311	0.0000000000000310308134907108	0.787101176013235	0.531	0.345	0.00000000143058256354875	5	transcript:AT4G00810.2	AT3G49460;AT5G24510
Cau.Cau7BG002014	0.000000000000037561783858414	0.79069154451209	0.432	0.249	0.0000000017316733594406	5	/	AT1G07770;AT5G59850
Cau.Cau8AG000476	0.0000000000000442480193448966	0.753629790280474	0.289	0.138	0.00000000203992218783843	5	transcript:AT3G19130.1	/
Cau.Cau1BG000735	0.0000000000000473271700229389	0.53832723186073	0.667	0.456	0.00000000218187719239753	5	/	/
Cau.Cau8AG001738	0.000000000000057390266229152	0.871654020212259	0.422	0.243	0.00000000264580605369636	5	/	/
Cau.Cau3AG000163	0.0000000000000617730998967738	0.812014930801179	0.476	0.3	0.00000000284786345144107	5	/	AT1G75950
Cau.Cau5BG000994	0.000000000000104479714362514	0.481829150586365	0.728	0.555	0.00000000481672379154064	5	/	/
Cau.Cau4AG001313	0.000000000000110876855226331	0.915906997254825	0.323	0.168	0.00000000511164477964429	5	transcript:AT5G54750.1	AT5G54750
Cau.Cau7BG001910	0.000000000000123622252438812	0.797538396940935	0.296	0.147	0.0000000056992330819341	5	/	/
Cau.Cau2BG000712	0.000000000000128860937321048	0.827017709449923	0.449	0.273	0.00000000594074693237497	5	transcript:AT5G45775.2	AT2G42740;AT3G58700;AT4G18730;AT5G45775
Cau.Cau1BG000210	0.000000000000131821852027564	0.633813094267842	0.531	0.329	0.00000000607725102217474	5	transcript:AT3G51030.1	AT3G51030
Cau.Cau1BG001169	0.000000000000171352338265735	0.702101998099806	0.357	0.191	0.00000000789968549872693	5	transcript:AT1G15270.1	AT1G15270
Cau.Cau5BG000427	0.00000000000019961201999231	0.746743751224521	0.34	0.178	0.0000000092025133456855	5	/	AT1G64750;AT5G45010
Cau.Cau4AG000183	0.00000000000020325190840409	0.603330892640279	0.762	0.591	0.00000000937031948124535	5	/	AT3G48930;AT5G23740
Cau.Cau9BG001220	0.000000000000293500403716248	0.5001028805347	0.745	0.577	0.0000000135309556121265	5	transcript:AT3G04400.1	AT1G04480;AT2G33370;AT3G04400
Cau.Cau1AG000723	0.00000000000042622590583034	0.347427005226546	0.721	0.494	0.0000000196498667105903	5	transcript:AT5G65260.1	AT5G10350;AT5G65260
Cau.Cau5AG003169	0.000000000000450801615736825	0.827379910607671	0.303	0.154	0.0000000207828560886991	5	transcript:AT2G47470.1	AT2G47470
Cau.Cau2AG001994	0.000000000000793827104586689	0.33185341068828	0.68	0.438	0.0000000365970171756555	5	/	/
Cau.Cau1AG001145	0.000000000000938879581628086	0.665039572112945	0.398	0.225	0.000000043284226472218	5	/	AT1G15270
Cau.Cau5BG002139	0.000000000000975762781778726	0.569511469948253	0.687	0.521	0.0000000449846157655628	5	transcript:AT4G14320.1	AT3G23390;AT4G14320
Cau.Cau5AG002011	0.00000000000103739802803465	0.729520752097995	0.541	0.366	0.0000000478261238884536	5	transcript:AT4G15550.1	AT1G05530;AT1G05560;AT4G15550
Cau.Cau6AG001239	0.00000000000112749201417708	0.731060704290885	0.344	0.183	0.0000000519796368375916	5	/	AT5G01600
Cau.Cau6AG000621	0.00000000000122700454011968	0.462844685882974	0.929	0.833	0.0000000565673633085975	5	/	/
Cau.Cau1AG001135	0.00000000000138598708056334	0.585825340633571	0.595	0.413	0.0000000638967763881311	5	/	AT3G16080
Cau.Cau5BG002693	0.00000000000207477545909165	0.609334320787499	0.551	0.363	0.0000000956512982150433	5	/	/
Cau.Cau6BG000676	0.00000000000250437207447654	0.806575417454671	0.252	0.119	0.000000115456561377517	5	/	/
Cau.Cau4AG000339	0.00000000000296978615723763	0.706688656488868	0.293	0.148	0.000000136913081420969	5	/	/
Cau.Cau8BG000472	0.00000000000307349411963942	0.711177840707099	0.432	0.267	0.000000141694225903617	5	/	/
Cau.Cau5AG003104	0.00000000000354213253305065	0.729018408654257	0.429	0.263	0.000000163299394038701	5	/	AT3G05560;AT5G27770
Cau.Cau9AG001543	0.00000000000366746243695167	0.717658348495172	0.276	0.133	0.000000169077353268346	5	transcript:AT3G23600.1	AT3G23570;AT3G23600
Cau.Cau2AG001268	0.00000000000386397400436387	0.653476095572701	0.51	0.347	0.000000178136929549183	5	/	AT2G32765;AT4G26840
Cau.Cau9BG001691	0.00000000000666386675516226	0.83629988445069	0.371	0.214	0.00000030721758514649	5	/	AT1G54580;AT1G54630;AT3G05020;AT5G27200
Cau.Cau2BG000515	0.0000000000076347356913491	0.799902177574468	0.323	0.179	0.000000351976584842576	5	transcript:AT1G10630.2	AT1G10630;AT1G23490;AT1G70490;AT2G47170;AT3G62290
Cau.Cau4BG000570	0.00000000000794642280487192	0.474218424405655	0.568	0.368	0.000000366345984150205	5	transcript:AT5G20160.1	AT4G22380;AT5G20160
Cau.Cau5AG002203	0.00000000000870640776752658	0.626587663121556	0.568	0.397	0.00000040138281089851	5	/	AT3G23390;AT4G14320
Cau.Cau8BG001414	0.0000000000113568258588258	0.613874556510694	0.531	0.359	0.000000523572385743588	5	transcript:AT5G22440.2	AT5G22440
Cau.Cau3AG000668	0.0000000000148607622360746	0.816505251683487	0.276	0.143	0.000000685110860607512	5	/	/
Cau.Cau6AG000035	0.0000000000190684178508982	0.68720637625679	0.48	0.316	0.00000087909219976211	5	/	AT3G02080;AT5G15520;AT5G61170
Cau.Cau8BG001457	0.0000000000208696548118422	0.813765274328764	0.259	0.13	0.00000096213282613555	5	/	/
Cau.Cau4AG000698	0.0000000000270834305410457	0.672364344456174	0.609	0.463	0.00000124860031480329	5	/	/
Cau.Cau3AG001378	0.0000000000279391449346734	0.769892607208473	0.276	0.143	0.00000128805045977831	5	/	/
Cau.Cau5AG003545	0.0000000000302382128115162	0.707972103577514	0.323	0.177	0.00000139404208703652	5	/	/
Cau.Cau6AG000780	0.0000000000385582093020999	0.637456843283027	0.582	0.419	0.00000177761056524541	5	/	AT2G36170;AT3G52590
Cau.Cau7BG002080	0.0000000000488405307839228	0.780248644859957	0.289	0.155	0.00000225164615020041	5	transcript:AT5G05370.1	AT3G10860;AT5G05370
Cau.Cau7BG001431	0.0000000000575992258905869	0.611006653043543	0.582	0.421	0.00000265543951200784	5	transcript:AT3G62870.1	AT2G47610;AT3G62870
Cau.Cau6BG000033	0.0000000000997992674020642	0.741306804587546	0.425	0.275	0.00000460094582576997	5	/	AT3G02080;AT5G15520;AT5G61170
Cau.Cau3BG000520	0.000000000100469077569181	0.839125142216642	0.391	0.25	0.00000463182541409439	5	transcript:AT5G43070.1	AT1G47200;AT5G27940;AT5G43070
Cau.Cau4BG000698	0.000000000115643388079292	0.639575771454729	0.636	0.48	0.00000533139147723153	5	transcript:AT2G46330.1	/
Cau.Cau4BG000191	0.000000000116105108416529	0.530157499333579	0.731	0.598	0.0000053526777082188	5	transcript:AT3G48930.1	AT3G48930;AT5G23740
Cau.Cau9BG001863	0.000000000196755505363066	0.66016746464981	0.405	0.25	0.00000907082230824807	5	transcript:AT3G06700.3	AT3G06680;AT3G06700
Cau.Cau7AG001411	0.000000000209018270244347	0.593849525292833	0.524	0.359	0.00000963616029480487	5	/	AT2G47610;AT3G62870
Cau.Cau2AG002609	0.000000000252802520100401	0.664400187096888	0.313	0.174	0.0000116547017816687	5	/	/
Cau.Cau7AG000043	0.000000000257103494165805	0.56338651374191	0.561	0.396	0.0000118529852880319	5	/	/
Cau.Cau6AG000078	0.000000000359767699863445	0.691939094697614	0.276	0.147	0.0000165860104991046	5	/	AT3G29075
Cau.Cau7BG001205	0.000000000506849211948846	0.820369101215359	0.296	0.166	0.0000233667623692657	5	transcript:AT5G48580.1	AT3G25220
Cau.Cau3AG001074	0.000000000513861621553125	0.706432884279958	0.299	0.169	0.0000236900484768422	5	transcript:AT5G65430.1	/
Cau.Cau5AG001988	0.000000000612083419544714	0.705111369090793	0.435	0.286	0.0000282182698078504	5	transcript:AT2G36620.1	/
Cau.Cau4AG000572	0.000000000697549805947339	0.420906354936864	0.578	0.398	0.0000321584411537842	5	/	AT4G22380;AT5G20160
Cau.Cau7BG002224	0.00000000079905468767349	0.497122413085815	0.687	0.554	0.0000368380192111232	5	/	/
Cau.Cau6BG000617	0.00000000138951478637728	0.425941416602077	0.871	0.788	0.0000640594106815655	5	/	/
Cau.Cau6BG001005	0.00000000156691571907371	0.704501622000318	0.456	0.308	0.0000722379484807361	5	transcript:AT2G17390.1	AT2G17390;AT4G35450
Cau.Cau4AG000463	0.00000000184014752539367	0.553881053726107	0.306	0.172	0.0000848344812156992	5	/	/
Cau.Cau3AG000116	0.00000000217946009411624	0.412446149716951	0.765	0.615	0.000100477469258947	5	transcript:AT1G20450.1	/
Cau.Cau2AG002271	0.00000000230498419064929	0.647627942420356	0.371	0.229	0.000106264381157314	5	/	/
Cau.Cau7BG001995	0.00000000239147345834068	0.572242455090126	0.51	0.359	0.000110251709376422	5	transcript:AT2G39460.1	AT2G39460;AT3G55280
Cau.Cau1AG001647	0.00000000272847072922352	0.563699991594632	0.527	0.371	0.000125787957558663	5	/	/
Cau.Cau5AG000291	0.00000000355131685916665	0.65747148523283	0.265	0.145	0.000163722809841301	5	/	/
Cau.Cau6AG000438	0.0000000036448769962796	0.518721631625823	0.262	0.139	0.000168036119282482	5	transcript:AT5G64130.1	AT5G64130
Cau.Cau7AG001183	0.00000000517142469733558	0.656004552730741	0.269	0.15	0.000238413021396565	5	/	/
Cau.Cau8BG001449	0.000000006010058997702	0.701570752356236	0.395	0.26	0.000277075739912057	5	/	/
Cau.Cau7AG001902	0.00000000631684889337891	0.683000195624957	0.265	0.147	0.000291219367682554	5	transcript:AT3G52300.1	AT3G52300
Cau.Cau3AG001955	0.00000000641195301044545	0.643494993373276	0.276	0.157	0.000295603857687556	5	transcript:AT2G38730.1	AT2G38730
Cau.Cau5BG003056	0.00000000649874499973014	0.539948930915625	0.401	0.256	0.000299605141977559	5	transcript:AT3G05560.3	AT3G05560;AT5G27770
Cau.Cau6AG000339	0.000000006845879288022	0.674325280269616	0.408	0.278	0.00031560872693639	5	transcript:AT5G38650.1	AT1G62920;AT1G67250;AT5G38650
Cau.Cau8AG001426	0.0000000075406104774122	0.572934211658362	0.415	0.277	0.000347637224229657	5	transcript:AT3G44590.2	/
Cau.Cau6BG001551	0.00000000756916007387355	0.824089931249235	0.255	0.143	0.000348953417725719	5	transcript:AT3G53620.1	/
Cau.Cau9AG001373	0.00000000878045669671019	0.689752542325602	0.259	0.143	0.000404796614631733	5	/	AT3G22845
Cau.Cau9AG001317	0.00000000881088852633368	0.63083580255419	0.408	0.265	0.000406199582841036	5	/	/
Cau.Cau5AG001600	0.00000000941736568888075	0.601703855595367	0.391	0.256	0.00043415939298878	5	/	AT2G36170;AT3G52590
Cau.Cau7AG001131	0.0000000104447299105765	0.64916874945691	0.286	0.166	0.000481522938337396	5	/	/
Cau.Cau2AG000623	0.0000000134183130156174	0.77385829217019	0.34	0.216	0.000618611066645994	5	/	/
Cau.Cau1AG000543	0.0000000135224496268781	0.557150874894155	0.286	0.161	0.000623411972698336	5	/	AT3G57160;AT5G67600
Cau.Cau3BG001380	0.0000000161845978735658	0.568168184441552	0.503	0.363	0.000746142331167132	5	/	/
Cau.Cau3BG000636	0.0000000183656869586226	0.531400075720497	0.622	0.486	0.000846694900166419	5	/	AT1G71697;AT4G09760
Cau.Cau5BG003536	0.0000000190002727565555	0.664457439553218	0.327	0.204	0.000875950574622723	5	/	/
Cau.Cau8BG000157	0.0000000204818290569109	0.658940389659281	0.354	0.225	0.000944253283181705	5	/	/
Cau.Cau6BG001224	0.0000000215331750090928	0.494542259508489	0.32	0.188	0.000992722434269197	5	transcript:AT5G01650.1	AT5G01650
Cau.Cau6AG000818	0.0000000216832113257612	0.664987672037446	0.299	0.18	0.000999639408540241	5	transcript:AT3G52560.1	/
Cau.Cau3AG001206	0.0000000217535205212589	0.501262702365222	0.259	0.14	0.00100288080307108	5	/	AT3G01400;AT5G58680
Cau.Cau1AG001318	0.0000000231437563573818	0.448397753306577	0.395	0.246	0.00106697345558801	5	transcript:AT3G15820.1	AT3G15820;AT3G15830
Cau.Cau7BG000053	0.0000000242935381324216	0.662823500725043	0.279	0.165	0.0011199806949809	5	transcript:AT3G52090.2	AT3G52090
Cau.Cau6BG000816	0.0000000247975352664285	0.635871663339015	0.32	0.198	0.00114321597085289	5	/	AT2G36060
Cau.Cau9BG001395	0.0000000286500166940524	0.553512533452918	0.422	0.28	0.0013208230696292	5	/	/
Cau.Cau6BG002351	0.0000000287780640168226	0.76804931883371	0.255	0.148	0.00132672630730356	5	/	AT1G10630;AT1G23490;AT1G70490;AT2G47170;AT3G62290
Cau.Cau5BG002844	0.0000000296585015716487	0.625890101160236	0.293	0.174	0.00136731623945615	5	/	/
Cau.Cau6AG000678	0.0000000298627630583764	0.53161588234032	0.323	0.196	0.00137673310251727	5	transcript:AT2G36530.1	AT2G36530
Cau.Cau9AG001734	0.0000000310702804454543	0.588908865846136	0.51	0.38	0.00143240206909633	5	/	AT1G02780;AT3G16780;AT4G02230
Cau.Cau2AG000691	0.0000000433617333628181	0.574674897804893	0.272	0.155	0.00199906263149264	5	/	/
Cau.Cau3BG000618	0.0000000563859878332679	0.58725150666573	0.265	0.153	0.00259950681108932	5	/	AT4G02450
Cau.Cau9BG001774	0.000000106184832635361	0.339474295	0.793	0.668	0.00489533315415541	5	/	AT3G16660;AT3G16670
Cau.Cau5BG001939	0.000000115899256703162	0.576060729730641	0.401	0.277	0.00534318753252917	5	/	AT2G36620;AT3G53020
Cau.Cau8AG001681	0.000000171093903131528	0.633284214584116	0.384	0.27	0.00788777112216969	5	/	AT5G02960
Cau.Cau9BG000057	0.000000192933590379677	0.441335378134287	0.293	0.173	0.00889462438368385	5	/	/
Cau.Cau5AG001949	0.000000251608051696953	0.515475252840759	0.293	0.18	0.0115996343993329	5	/	/
Cau.Cau5AG001618	0.000000263192167034883	0.411638675927419	0.582	0.439	0.0121336852846422	5	/	/
Cau.Cau8BG000436	0.000000264092446623955	0.655653185593415	0.347	0.228	0.0121751899742576	5	/	AT2G15590;AT2G15610;AT4G33985
Cau.Cau8BG001777	0.000000410646010504166	0.586307547262926	0.347	0.233	0.0189316023762631	5	transcript:AT5G59850.1	AT1G07770;AT5G59850
Cau.Cau5BG003120	0.000000420559031523896	0.596936379703937	0.347	0.235	0.0193886124713146	5	/	/
Cau.Cau3BG001988	0.000000562345956497256	0.517837452050472	0.466	0.337	0.0259252732864365	5	/	AT4G25890;AT5G57290
Cau.Cau8AG001390	0.000000766734702677113	0.416497005491787	0.561	0.432	0.0353480032628203	5	/	/
Cau.Cau4AG001290	0.000000776956351254619	0.818373871277453	0.354	0.253	0.0358192417055404	5	/	AT1G51060;AT4G27230
Cau.Cau3AG001596	0.000000820061792800213	0.45937099484618	0.289	0.179	0.0378064887716754	5	/	AT3G04920;AT5G28060
Cau.Cau6AG000748	0.000000822950415374157	0.621838313218986	0.269	0.167	0.0379396600495794	5	/	AT3G52730
Cau.Cau9BG001621	0.000000827275214721362	0.351308341611769	0.333	0.205	0.0381390419490842	5	/	AT3G23570;AT3G23600
Cau.Cau6BG001781	0.000000909548417219342	0.620976309986671	0.279	0.175	0.0419320011306461	5	/	AT2G36930
Cau.Cau9AG000057	0.00000101403244982492	0.591837667209196	0.282	0.177	0.0467489240018284	5	transcript:AT1G79550.2	AT1G79550
Cau.Cau7BG000041	0.00000137818129574995	0.484409501568231	0.486	0.367	0.0635369140966643	5	transcript:AT1G74050.1	AT1G18540;AT1G74050;AT1G74060
Cau.Cau9BG000580	0.00000138523666523544	0.369484498763208	0.575	0.448	0.0638621807406841	5	transcript:AT2G42310.1	AT2G42310;AT3G57785
Cau.Cau9AG000754	0.0000014542181970635	0.47067224992653	0.548	0.433	0.0670423673210216	5	/	AT2G41430
Cau.Cau4BG001770	0.00000158438695870532	0.492153028882845	0.361	0.248	0.0730434075702328	5	transcript:AT3G43190.2	AT3G43190;AT5G20830
Cau.Cau4AG001719	0.00000162660467591543	0.513762864228438	0.602	0.501	0.0749897287690531	5	transcript:AT1G19180.3	AT1G19180;AT1G74950
Cau.Cau1BG001796	0.00000221007542985795	0.399736935166684	0.548	0.416	0.101888897467311	5	/	/
Cau.Cau5AG000460	0.00000255763261685284	0.508783617684732	0.435	0.324	0.11791197890215	5	transcript:AT5G17990.1	AT5G17990
Cau.Cau6BG000394	0.00000258243928410417	0.333404068489514	0.34	0.217	0.119055615875771	5	transcript:AT5G38200.1	AT1G66860;AT5G38200
Cau.Cau3BG001710	0.00000297073230675098	0.469031355278521	0.306	0.198	0.136956700805833	5	transcript:AT1G31812.1	AT1G31812
Cau.Cau6AG001376	0.00000374786165703377	0.496422005205903	0.398	0.289	0.172783918112571	5	/	/
Cau.Cau8AG001758	0.00000380219157604225	0.554678125519135	0.408	0.306	0.1752886360387	5	/	AT1G07770;AT5G59850
Cau.Cau2AG000399	0.00000395537575804466	0.452615133098621	0.327	0.214	0.182350733197375	5	/	/
Cau.Cau2AG001454	0.00000468406471065583	0.514191654221593	0.262	0.166	0.215944751290655	5	/	/
Cau.Cau6AG001274	0.00000483329247175411	0.403137342721029	0.381	0.261	0.222824449532808	5	transcript:AT4G33070.1	AT4G33070;AT5G01320;AT5G01330
Cau.Cau7AG002066	0.00000534500504164179	0.57744331385498	0.289	0.19	0.24641542242977	5	/	AT3G10860;AT5G05370
Cau.Cau9BG001286	0.00000688921951916282	0.468156839085045	0.5	0.394	0.317606798272445	5	/	/
Cau.Cau4BG000020	0.00000713741372902858	0.464069218954593	0.259	0.159	0.329049047735676	5	/	AT5G26220
Cau.Cau5BG000190	0.00000730552381792011	0.445465392617449	0.469	0.358	0.336799259053753	5	/	AT1G64090;AT5G41600
Cau.Cau4BG001047	0.00000785924183813216	0.482813684130123	0.378	0.274	0.362326767221569	5	transcript:AT1G18080.1	AT1G18080;AT1G48630;AT3G18130
Cau.Cau4BG001318	0.00000891930969208744	0.759876325381283	0.357	0.263	0.411198015424615	5	transcript:AT4G27230.2	AT1G51060;AT4G27230
Cau.Cau5AG002720	0.00000979669741612511	0.497996978527862	0.395	0.286	0.4516473442782	5	/	AT1G04480;AT2G33370;AT3G04400
Cau.Cau7BG002015	0.000010061680056708	0.503040708038712	0.415	0.315	0.463863573974352	5	/	/
Cau.Cau3BG000117	0.0000102530600261602	0.281727869355338	0.806	0.729	0.472686573326035	5	/	/
Cau.Cau8AG001319	0.0000106169874486255	0.457746790039777	0.327	0.219	0.489464355356534	5	/	AT2G27260
Cau.Cau6BG000776	0.0000123077859453473	0.430982720680281	0.469	0.36	0.567413547652403	5	transcript:AT3G52590.1	AT2G36170;AT3G52590
Cau.Cau8AG000155	0.0000125693119155402	0.576724860696462	0.293	0.2	0.579470417930235	5	/	/
Cau.Cau5AG000172	0.0000142816314685747	0.552186037022581	0.289	0.197	0.658411773964229	5	transcript:AT4G11150.1	AT1G64200;AT3G08560;AT4G11150
Cau.Cau7BG000691	0.000015817872549969	0.484782818395297	0.282	0.185	0.729235560298671	5	/	AT1G24260
Cau.Cau1AG000114	0.000016915836462647	0.521981657640216	0.374	0.279	0.779853892600953	5	/	/
Cau.Cau9AG000938	0.0000171289379691441	0.40948641625661	0.503	0.388	0.789678298253479	5	transcript:AT3G24100.1	AT3G24100;AT4G13615
Cau.Cau9AG000630	0.0000210016354574646	0.465033312029539	0.306	0.209	0.968217397860034	5	/	AT1G58380;AT1G58684;AT1G58983;AT1G59359;AT2G41840;AT3G57490
Cau.Cau5BG000972	0.0000221100267789866	0.59519631138107	0.279	0.188	1	5	/	/
Cau.Cau2AG001510	0.000025958192078097	0.484573434100107	0.306	0.212	1	5	/	AT5G48480
Cau.Cau4AG000018	0.0000262782127847364	0.492374104404708	0.259	0.166	1	5	transcript:AT4G31290.1	AT5G26220
Cau.Cau5BG000100	0.0000303412047417376	0.34362668413532	0.612	0.489	1	5	/	AT5G42050
Cau.Cau2BG002605	0.0000402468382452948	0.298731620816571	0.412	0.3	1	5	/	AT5G46250
Cau.Cau6BG000910	0.0000423037690445407	0.558029668591286	0.357	0.264	1	5	/	/
Cau.Cau2AG002560	0.0000458091012783737	0.377388872116684	0.483	0.385	1	5	/	AT4G18100;AT5G46430
Cau.Cau8BG002002	0.0000505343154968472	0.501958561477436	0.313	0.223	1	5	transcript:AT2G30060.1	AT1G07140;AT2G30060;AT5G58590
Cau.Cau5BG001907	0.0000512620392676181	0.504233557691817	0.32	0.228	1	5	transcript:AT3G49010.7	AT3G48960;AT3G49010;AT5G23900
Cau.Cau4BG000968	0.0000528025525227084	0.270338710086531	0.299	0.198	1	5	transcript:AT2G31610.1	AT2G31610;AT3G53870;AT5G35530
Cau.Cau9BG001396	0.0000561987768626373	0.267078200032656	0.395	0.273	1	5	/	AT5G43650
Cau.Cau4AG001746	0.0000748322133519365	0.509243626946067	0.333	0.24	1	5	/	/
Cau.Cau6BG001238	0.000078365259033031	0.536354905995315	0.255	0.172	1	5	/	AT5G01600
Cau.Cau5BG002614	0.0000864964731001846	0.44438674702677	0.388	0.292	1	5	/	/
Cau.Cau7BG000273	0.0000899894335422273	0.406422512201458	0.52	0.448	1	5	/	/
Cau.Cau7AG001985	0.0000940649882689518	0.408461666185242	0.466	0.358	1	5	/	AT2G39460;AT3G55280
Cau.Cau4AG000785	0.0000999841021750858	0.414188350991779	0.35	0.261	1	5	/	/
Cau.Cau2AG002611	0.00010801180401031	0.390352975067274	0.374	0.277	1	5	transcript:AT5G46250.1	AT5G46250
Cau.Cau4BG000131	0.000196812975877785	0.404791780943026	0.299	0.212	1	5	transcript:AT4G31870.1	/
Cau.Cau3AG001388	0.000196976306660612	0.357673980544907	0.493	0.395	1	5	/	/
Cau.Cau9BG000639	0.000204942150509121	0.489207824726681	0.296	0.217	1	5	transcript:AT1G59359.1	AT1G58380;AT1G58684;AT1G58983;AT1G59359;AT2G41840;AT3G57490
Cau.Cau5BG001569	0.00024180479949401	0.355398778034846	0.306	0.218	1	5	/	AT2G36170;AT3G52590
Cau.Cau1BG000130	0.000267967215431381	0.428045855773243	0.449	0.368	1	5	/	AT2G17820
Cau.Cau7AG000686	0.000295197625629173	0.383122798840707	0.276	0.19	1	5	transcript:AT1G24260.1	AT1G24260
Cau.Cau1AG002038	0.000399530820448635	0.367196002431879	0.378	0.287	1	5	/	AT1G36240;AT1G77940;AT3G18740
Cau.Cau4BG000786	0.000435054182472056	0.292601252630603	0.422	0.321	1	5	transcript:AT1G33140.1	AT1G33120;AT1G33140;AT4G10450
Cau.Cau8BG000321	0.000584724976422171	0.371285910374136	0.354	0.273	1	5	/	/
Cau.Cau2AG000772	0.000661613240174021	0.30787261132348	0.565	0.486	1	5	/	AT5G07320;AT5G51050;AT5G61810
Cau.Cau1BG000956	0.00070855326817952	0.448007456442794	0.327	0.25	1	5	/	/
Cau.Cau2AG002303	0.000722580501030431	0.28672563477333	0.463	0.377	1	5	/	/
Cau.Cau7AG000313	0.000758426225114421	0.414109028582398	0.323	0.25	1	5	/	/
Cau.Cau4BG000851	0.000792289194797404	0.334670897093329	0.684	0.621	1	5	transcript:AT2G19730.3	AT2G19730;AT4G29410
Cau.Cau9BG001811	0.000842673081823543	0.338466398341081	0.401	0.322	1	5	/	AT1G02780;AT3G16780;AT4G02230
Cau.Cau5AG002652	0.000870099603147382	0.376195527141182	0.33	0.246	1	5	/	/
Cau.Cau1AG000936	0.000883101252229736	0.36613866591631	0.282	0.207	1	5	/	/
Cau.Cau5AG003524	0.000883500933179247	0.321270717924952	0.578	0.487	1	5	/	AT1G01550;AT2G46080;AT3G61500;AT4G01360
Cau.Cau4AG002230	0.000987513214586777	0.275612265081797	0.466	0.368	1	5	/	AT2G24040;AT4G28088;AT4G30650;AT4G30660
Cau.Cau3AG000637	0.00101024373280697	0.376361848563201	0.51	0.44	1	5	transcript:AT1G71697.1	AT1G71697;AT4G09760
Cau.Cau9BG000185	0.00107333415878082	0.326526030633755	0.31	0.227	1	5	/	/
Cau.Cau3AG001360	0.00265699638998603	0.452879750557232	0.269	0.206	1	5	/	AT3G05590;AT5G27850
Cau.Cau4AG001028	0.00267679840130071	0.294807871060247	0.378	0.303	1	5	/	/
Cau.Cau5AG003318	0.00299793510110896	0.31113678905788	0.364	0.298	1	5	transcript:AT1G02305.1	AT1G02300;AT1G02305;AT4G01610
Cau.Cau9AG001694	0.00360937339243813	0.301114723510279	0.354	0.274	1	5	/	/
Cau.Cau8BG000148	0.00367510473378629	0.396960627268719	0.347	0.285	1	5	/	/
Cau.Cau4AG000046	0.00482510835879204	0.308874562760044	0.337	0.267	1	5	transcript:AT4G31420.1	AT2G24500;AT4G31420
Cau.Cau6AG001107	0.00522470336869986	0.352357584526706	0.381	0.317	1	5	transcript:AT3G08590.2	AT1G09780;AT3G08590
Cau.Cau5BG002443	0.00562961802772284	0.259493759209176	0.286	0.221	1	5	/	AT5G14602;AT5G18150
Cau.Cau6AG001632	0.00722144670522316	0.353757170006814	0.361	0.304	1	5	/	/
Cau.Cau7AG001965	0.0074829730512529	0.417055047607676	0.262	0.197	1	5	/	/
Cau.Cau7BG002273	0.00823433806432117	0.304445146291671	0.357	0.299	1	5	transcript:AT2G40010.1	AT2G40010;AT3G09200;AT3G11250
Cau.Cau5BG002221	0.00886246052435647	0.295254791775539	0.323	0.263	1	5	/	AT1G06020;AT1G06030;AT1G50390;AT2G31390;AT3G59480
Cau.Cau5BG003810	0.00888519630612657	0.274234719765035	0.269	0.208	1	5	/	AT5G26667
