transcript:AT3G01660.1	Cau.Cau2AG000598	0.96	0.94	66.42	180	L1
transcript:AT3G25690.1	Cau.Cau7BG000859	0.99	1.00	71.91	727	L1
transcript:AT3G55040.1	Cau.Cau7AG001933	0.79	0.78	66.38	154	L1
transcript:AT5G41580.1	Cau.Cau5BG000200	0.57	0.50	51.24	227	L1
transcript:AT5G04430.2	Cau.Cau7BG001779	1.00	1.00	61.31	206	L1
transcript:AT2G07687.1	Cau.Cau7BG001576	0.98	0.84	86.92	226	L1
transcript:AT4G16580.1	Cau.Cau3BG000357	0.98	0.94	60.71	292	L1
transcript:AT1G67440.2	Cau.Cau7AG000648	1.00	1.00	67.68	335	L1
transcript:AT2G20580.1	Cau.Cau2BG000624	1.00	1.00	86.32	770	L1
transcript:AT5G10050.1	Cau.Cau1BG002095	0.97	0.99	71.69	195	L1
transcript:AT1G76360.1	Cau.Cau3AG000080	0.72	0.80	57.71	202	L1
transcript:AT3G49880.1	Cau.Cau1BG000563	0.95	0.96	73.94	332	L1
transcript:AT4G30260.3	Cau.Cau4BG002119	0.99	0.99	82.92	233	L1
transcript:AT3G57410.9	Cau.Cau9BG000682	0.97	0.99	73.67	708	L1
transcript:AT4G16447.1	Cau.Cau2BG002757	0.98	1.00	36.13	56	L1
transcript:AT3G47470.1	Cau.Cau5BG000962	1.00	0.99	86.85	218	L1
transcript:AT2G21280.1	Cau.Cau8BG000718	0.99	0.99	76.07	267	L1
transcript:AT3G03430.1	Cau.Cau6BG000474	1.00	1.00	66.67	56	L1
transcript:AT2G42310.1	Cau.Cau9BG000580	0.81	0.77	83.70	77	L1
transcript:AT1G06730.1	Cau.Cau5AG002828	0.92	0.91	63.05	285	L1
transcript:AT3G13340.1	Cau.Cau4AG001674	1.00	1.00	81.21	363	L1
transcript:AT3G47490.3	Cau.Cau5BG000960	1.00	1.00	58.22	131	L1
transcript:AT3G48187.1	Cau.Cau5BG000450	0.64	0.76	40.28	166	L1
transcript:AT4G13750.1	Cau.Cau9AG000898	0.98	0.99	48.28	1361	L1
transcript:AT1G14410.1	Cau.Cau7BG000313	0.88	0.91	69.71	168	L1
transcript:AT1G31790.1	Cau.Cau7BG001025	0.90	0.86	48.52	180	L1
transcript:AT2G28520.1	Cau.Cau8AG001685	1.00	0.99	82.37	673	L1
transcript:AT3G59980.1	Cau.Cau5AG001993	0.77	0.78	65.73	140	L1
transcript:AT2G03590.2	Cau.Cau7AG000727	1.00	1.00	75.12	305	L1
transcript:AT3G13110.1	Cau.Cau4BG001584	0.97	0.94	61.13	239	L1
transcript:AT2G35658.2	Cau.Cau5BG000696	0.88	0.86	46.24	43	L1
transcript:AT4G36860.1	Cau.Cau1BG000343	1.00	1.00	70.69	398	L1
transcript:AT5G20320.1	Cau.Cau4BG002308	0.95	0.99	56.06	920	L1
transcript:AT2G39770.3	Cau.Cau7AG002322	1.00	1.00	89.47	323	L1
transcript:AT2G36490.1	Cau.Cau6AG000683	0.64	0.70	43.93	372	L1
transcript:AT4G10960.1	Cau.Cau5BG000116	0.98	0.99	82.03	283	L1
transcript:AT5G01420.1	Cau.Cau7AG001605	1.00	1.00	41.94	177	L1
transcript:AT4G03400.1	Cau.Cau2BG001038	0.98	0.97	72.68	423	L1
transcript:AT1G17140.2	Cau.Cau5AG001451	1.00	1.00	50.00	195	L1
transcript:AT5G16740.1	Cau.Cau9BG000884	0.99	0.93	59.62	254	L1
transcript:AT1G09070.1	Cau.Cau9AG001654	0.78	0.65	42.49	116	L1
transcript:AT5G13080.1	Cau.Cau2AG000860	0.97	0.78	64.54	91	L1
transcript:AT3G12780.1	Cau.Cau9BG000056	1.00	0.85	83.99	404	L1
transcript:AT4G29490.1	Cau.Cau4AG000857	1.00	0.98	78.35	380	L1
transcript:AT5G02230.2	Cau.Cau6AG001486	1.00	1.00	65.33	196	L1
transcript:AT4G20150.1	Cau.Cau2BG001869	0.98	0.98	83.54	66	L1
transcript:AT4G37030.1	Cau.Cau1AG000408	0.99	0.99	68.67	388	L1
transcript:AT1G47480.1	Cau.Cau8AG000474	0.99	1.00	44.03	140	L1
transcript:AT5G18290.2	Cau.Cau5BG002399	1.00	1.00	56.97	139	L1
transcript:AT1G18680.1	Cau.Cau5BG000993	0.84	0.89	78.21	122	L1
transcript:AT3G27400.1	Cau.Cau2BG000969	0.99	1.00	75.25	307	L1
transcript:AT4G23420.1	Cau.Cau9AG000232	0.99	0.99	75.00	234	L1
transcript:AT1G05200.1	Cau.Cau2BG001202	0.91	0.93	68.94	617	L1
transcript:AT5G66190.1	Cau.Cau1BG000144	0.99	1.00	83.24	303	L1
transcript:AT5G66560.1	Cau.Cau1AG000354	1.00	0.99	65.04	439	L1
transcript:AT5G52190.1	Cau.Cau9AG000286	1.00	1.00	67.31	140	L1
transcript:AT5G23535.2	Cau.Cau5AG002897	1.00	1.00	89.31	142	L1
transcript:AT4G26600.1	Cau.Cau4BG001633	0.99	0.97	61.76	415	L1
transcript:AT1G09770.1	Cau.Cau8BG001180	0.97	0.82	78.09	638	L1
transcript:AT2G31160.1	Cau.Cau5AG002771	0.87	0.85	73.68	140	L1
transcript:AT5G42785.1	Cau.Cau3BG000311	0.74	0.67	38.37	33	L1
transcript:AT3G23230.1	Cau.Cau9BG001335	0.86	0.82	69.29	88	L1
transcript:AT2G28600.1	Cau.Cau7BG001729	0.99	0.99	45.25	262	L1
transcript:AT3G62830.2	Cau.Cau5BG003052	1.00	1.00	80.17	372	L1
transcript:AT3G27460.1	Cau.Cau2BG000588	1.00	1.00	80.00	216	L1
transcript:AT5G57655.2	Cau.Cau4AG002121	1.00	1.00	80.75	386	L1
transcript:AT4G20325.1	Cau.Cau2BG001839	0.98	0.98	58.33	161	L1
transcript:AT5G22380.1	Cau.Cau8BG001384	0.99	1.00	52.19	143	L1
transcript:AT1G35470.2	Cau.Cau3AG000547	0.97	0.98	71.46	328	L1
transcript:AT5G62840.1	Cau.Cau5BG000433	1.00	1.00	70.43	212	L1
transcript:AT5G65360.1	Cau.Cau2BG000183	1.00	1.00	100.00	136	L1
transcript:AT3G07530.2	Cau.Cau7AG000155	1.00	1.00	51.94	361	L1
transcript:AT2G44100.1	Cau.Cau5AG002003	1.00	1.00	86.71	385	L1
transcript:AT5G61300.2	Cau.Cau5AG000999	0.97	0.96	29.86	150	L1
transcript:AT2G44310.1	Cau.Cau7BG000009	1.00	1.00	80.99	115	L1
transcript:AT3G47390.2	Cau.Cau6AG001906	0.98	0.99	77.53	452	L1
transcript:AT5G13880.1	Cau.Cau2AG000758	0.93	0.93	45.96	91	L1
transcript:AT3G22910.1	Cau.Cau9BG001437	0.99	0.99	72.81	739	L1
transcript:AT1G65450.1	Cau.Cau6BG002348	1.00	1.00	60.69	281	L1
transcript:AT5G52790.1	Cau.Cau9AG000180	0.99	1.00	60.41	328	L1
transcript:AT1G49210.1	Cau.Cau1BG001929	0.98	0.98	50.68	112	L1
transcript:AT1G03350.1	Cau.Cau5BG002930	0.98	0.99	48.46	236	L1
transcript:AT1G04620.1	Cau.Cau9BG001156	0.93	0.91	81.31	348	L1
transcript:AT1G80810.5	Cau.Cau1AG001429	0.95	0.85	42.71	256	L1
transcript:AT5G58020.1	Cau.Cau4BG002293	1.00	1.00	58.01	221	L1
transcript:AT1G28210.1	Cau.Cau3BG001052	0.92	0.88	63.25	241	L1
transcript:AT2G25300.1	Cau.Cau4BG000198	1.00	1.00	78.10	271	L1
transcript:AT1G76770.1	Cau.Cau3AG000683	0.56	0.29	56.52	78	L1
transcript:AT1G78590.1	Cau.Cau5AG001401	0.97	0.98	66.12	203	L1
transcript:AT5G12890.1	Cau.Cau2BG000170	0.99	0.98	53.77	264	L1
transcript:AT3G20015.1	Cau.Cau7AG000913	0.97	0.95	71.58	330	L1
transcript:AT2G45520.1	Cau.Cau5AG003671	0.99	0.97	49.35	114	L1
transcript:AT2G45330.2	Cau.Cau4BG000542	1.00	0.97	66.09	191	L1
transcript:AT1G19440.1	Cau.Cau8AG000647	0.96	0.98	86.61	427	L1
transcript:AT5G18800.1	Cau.Cau9AG001594	0.99	0.99	80.00	84	L1
transcript:AT3G52770.1	Cau.Cau6AG000732	0.84	0.74	71.43	40	L1
transcript:AT4G32680.1	Cau.Cau4BG000331	0.97	0.99	34.92	103	L1
transcript:AT1G27435.1	Cau.Cau7BG000177	0.88	0.76	71.83	51	L1
transcript:AT4G18395.1	Cau.Cau2BG002136	0.68	0.49	43.90	36	L1
transcript:AT2G35795.1	Cau.Cau7BG001908	1.00	1.00	84.82	95	L1
transcript:AT3G26618.1	Cau.Cau2AG000739	1.00	1.00	91.30	399	L1
transcript:AT1G17110.3	Cau.Cau5BG001413	0.94	0.93	51.96	516	L1
transcript:AT1G78290.3	Cau.Cau3BG001023	0.87	0.89	83.39	251	L1
transcript:AT5G66230.1	Cau.Cau1BG000155	1.00	0.99	50.13	188	L1
transcript:AT2G37750.1	Cau.Cau6BG001455	0.95	0.91	47.62	40	L1
transcript:AT4G27680.1	Cau.Cau5BG001562	0.97	0.99	83.38	326	L1
transcript:AT2G36870.1	Cau.Cau8AG001529	0.98	0.99	52.35	156	L1
transcript:AT3G09740.1	Cau.Cau6AG001688	1.00	1.00	81.58	217	L1
transcript:AT4G39210.2	Cau.Cau8BG000645	1.00	1.00	72.21	382	L1
transcript:AT5G03670.1	Cau.Cau6BG000695	0.97	0.98	47.96	259	L1
transcript:AT2G30360.1	Cau.Cau1AG001639	0.95	0.95	67.14	282	L1
transcript:AT3G24450.1	Cau.Cau4BG000661	0.99	0.98	60.71	85	L1
transcript:AT3G22220.2	Cau.Cau7AG002305	0.99	1.00	50.13	386	L1
transcript:AT2G35820.1	Cau.Cau7BG001918	0.93	0.96	64.84	118	L1
transcript:AT5G18910.1	Cau.Cau9BG001668	0.85	0.94	64.04	285	L1
transcript:AT5G35080.1	Cau.Cau4AG001929	0.95	0.90	59.12	162	L1
transcript:AT4G33270.1	Cau.Cau6AG001820	1.00	1.00	79.09	367	L1
transcript:AT1G51860.1	Cau.Cau1AG001026	0.97	0.96	50.29	438	L1
transcript:AT3G56570.1	Cau.Cau1AG000742	0.99	0.98	57.22	309	L1
transcript:AT2G38300.1	Cau.Cau6BG001256	1.00	0.95	44.77	167	L1
transcript:AT1G10510.1	Cau.Cau7BG000389	0.99	1.00	70.98	428	L1
transcript:AT4G34240.4	Cau.Cau1AG001699	0.93	0.91	67.27	333	L1
transcript:AT3G02875.1	Cau.Cau6BG000804	0.96	0.97	58.96	250	L1
transcript:AT1G74010.1	Cau.Cau5BG001129	1.00	0.98	41.90	137	L1
transcript:AT3G06550.3	Cau.Cau9AG001849	0.99	1.00	74.59	405	L1
transcript:AT5G60700.2	Cau.Cau8BG001618	1.00	1.00	82.96	774	L1
transcript:AT1G25375.1	Cau.Cau2BG001783	0.99	0.99	58.54	305	L1
transcript:AT5G14105.1	Cau.Cau2AG000861	0.99	0.99	78.67	59	L1
transcript:AT4G30870.1	Cau.Cau7BG000139	1.00	0.99	59.03	402	L1
transcript:AT5G13640.1	Cau.Cau1BG000908	1.00	1.00	77.33	522	L1
transcript:AT5G18640.3	Cau.Cau9AG001637	0.99	0.99	67.14	237	L1
transcript:AT3G62130.2	Cau.Cau5BG003238	0.98	0.99	65.56	295	L1
transcript:AT4G16430.1	Cau.Cau5BG002762	1.00	1.00	53.62	274	L1
transcript:AT1G22700.1	Cau.Cau3BG000572	0.95	0.91	68.15	199	L1
transcript:AT2G42490.1	Cau.Cau5BG000503	1.00	1.00	81.06	629	L1
transcript:AT1G26480.1	Cau.Cau7BG000722	0.94	0.97	86.96	220	L1
transcript:AT5G61770.3	Cau.Cau5AG003099	0.97	1.00	77.98	262	L1
transcript:AT1G17890.1	Cau.Cau4BG002215	0.97	0.99	82.76	264	L1
transcript:AT5G55830.1	Cau.Cau4AG001587	0.98	1.00	68.41	459	L1
transcript:AT1G12380.1	Cau.Cau5AG000837	0.95	0.98	67.59	513	L1
transcript:AT2G20780.1	Cau.Cau2AG002332	0.96	1.00	73.05	374	L1
transcript:AT5G23395.1	Cau.Cau2AG001830	1.00	1.00	58.64	95	L1
transcript:AT1G29340.1	Cau.Cau2BG002516	1.00	1.00	71.93	528	L1
transcript:AT1G23390.1	Cau.Cau7BG000473	0.94	0.94	44.44	172	L1
transcript:AT4G05120.2	Cau.Cau2AG002267	1.00	1.00	70.64	296	L1
transcript:AT1G23710.1	Cau.Cau7AG000448	0.94	0.96	45.97	137	L1
transcript:AT1G77330.1	Cau.Cau3BG000811	1.00	1.00	73.02	230	L1
transcript:AT2G35450.1	Cau.Cau7AG000704	0.94	0.96	68.58	227	L1
transcript:AT3G20240.1	Cau.Cau1BG001661	0.99	0.94	71.01	245	L1
transcript:AT2G22370.1	Cau.Cau1AG000729	0.99	1.00	83.87	182	L1
transcript:AT3G22660.1	Cau.Cau9AG000383	0.97	0.96	63.92	186	L1
transcript:AT3G08710.3	Cau.Cau6AG001139	0.95	0.96	72.39	97	L1
transcript:AT3G58030.3	Cau.Cau6AG000962	1.00	1.00	56.76	252	L1
transcript:AT3G49660.1	Cau.Cau1BG000617	0.97	0.98	75.40	236	L1
transcript:AT3G26540.1	Cau.Cau3BG000773	0.94	0.94	55.98	370	L1
transcript:AT5G14700.1	Cau.Cau2BG000508	1.00	0.99	53.48	200	L1
transcript:AT5G03420.1	Cau.Cau6BG001791	0.96	0.96	51.28	185	L1
transcript:AT3G11430.1	Cau.Cau7AG002302	0.99	1.00	76.86	382	L1
transcript:AT3G27325.1	Cau.Cau2BG000941	0.99	1.00	63.63	705	L1
transcript:AT3G20898.1	Cau.Cau2BG000245	0.96	0.82	41.73	53	L1
transcript:AT5G66130.1	Cau.Cau1BG000118	0.99	0.98	51.77	325	L1
transcript:AT2G35230.1	Cau.Cau7AG001546	0.98	0.97	46.25	191	L1
transcript:AT5G42320.2	Cau.Cau3BG000097	1.00	0.99	71.76	310	L1
transcript:AT5G15530.1	Cau.Cau6AG000033	1.00	1.00	48.97	143	L1
transcript:AT5G41560.1	Cau.Cau5BG000207	0.94	1.00	74.74	71	L1
transcript:AT5G56110.1	Cau.Cau4BG001686	1.00	1.00	58.17	203	L1
transcript:AT4G10000.2	Cau.Cau5AG001827	0.91	0.91	67.31	208	L1
transcript:AT5G63000.1	Cau.Cau5AG000458	1.00	1.00	74.38	151	L1
transcript:AT5G09640.1	Cau.Cau3BG001188	1.00	1.00	37.97	180	L1
transcript:AT5G06580.1	Cau.Cau6AG000897	0.99	0.98	75.94	426	L1
transcript:AT2G16530.4	Cau.Cau8AG000749	0.98	0.98	64.18	215	L1
transcript:AT2G15290.1	Cau.Cau8BG000381	1.00	1.00	60.40	183	L1
transcript:AT1G60620.1	Cau.Cau4AG001611	0.97	0.98	71.01	267	L1
transcript:AT1G54540.1	Cau.Cau5BG001711	1.00	1.00	59.75	144	L1
transcript:AT2G19560.1	Cau.Cau4BG000905	1.00	1.00	81.11	335	L1
transcript:AT2G27970.1	Cau.Cau8BG001521	0.96	0.93	90.24	74	L1
transcript:AT3G51680.1	Cau.Cau6AG001210	1.00	1.00	69.65	218	L1
transcript:AT1G73810.1	Cau.Cau5BG001232	0.98	1.00	52.73	222	L1
transcript:AT1G74910.1	Cau.Cau5BG000389	1.00	1.00	86.54	360	L1
transcript:AT3G05030.4	Cau.Cau3AG001544	0.98	0.98	80.97	434	L1
transcript:AT1G57860.1	Cau.Cau6BG000937	1.00	1.00	90.24	148	L1
transcript:AT5G54240.1	Cau.Cau4AG001243	1.00	1.00	64.58	186	L1
transcript:AT5G65090.3	Cau.Cau1AG002071	1.00	0.91	64.01	345	L1
transcript:AT3G61790.1	Cau.Cau5BG003376	1.00	0.99	84.97	277	L1
transcript:AT5G24360.3	Cau.Cau3BG000061	0.95	0.89	48.55	419	L1
transcript:AT4G14830.1	Cau.Cau9AG001430	0.91	0.61	62.34	96	L1
transcript:AT3G02450.1	Cau.Cau6BG000312	1.00	1.00	63.82	418	L1
transcript:AT1G45215.1	Cau.Cau1AG001931	0.89	0.88	27.45	28	L1
transcript:AT5G56760.1	Cau.Cau4AG000867	0.99	1.00	83.23	258	L1
transcript:ATCG00740.1	Cau.Cau9BG000963	0.74	0.92	65.16	159	L1
transcript:AT2G07340.1	Cau.Cau4AG001951	1.00	0.99	78.12	100	L1
transcript:AT4G37608.2	Cau.Cau5BG001220	0.99	1.00	44.19	38	L1
transcript:AT3G62550.1	Cau.Cau5AG003183	0.98	0.99	63.29	100	L1
transcript:AT5G57040.1	Cau.Cau4BG000948	1.00	0.99	68.14	139	L1
transcript:AT5G19070.1	Cau.Cau9BG001598	0.98	1.00	74.18	204	L1
transcript:AT2G04520.1	Cau.Cau2BG001303	1.00	1.00	90.34	131	L1
transcript:AT5G40382.1	Cau.Cau2AG000525	0.95	0.97	77.42	48	L1
transcript:AT5G37740.1	Cau.Cau6AG000486	1.00	1.00	70.83	119	L1
transcript:AT2G36380.1	Cau.Cau6AG000703	0.59	0.98	59.96	368	L1
transcript:AT3G12480.1	Cau.Cau3AG001920	0.96	0.96	54.08	159	L1
transcript:AT4G31530.2	Cau.Cau2AG000318	0.92	0.90	53.29	170	L1
transcript:AT5G06280.3	Cau.Cau6AG000825	0.91	0.93	42.57	63	L1
transcript:AT5G02280.1	Cau.Cau6BG001502	1.00	1.00	90.78	128	L1
transcript:AT2G27660.1	Cau.Cau6BG000962	0.37	0.62	37.32	103	L1
transcript:AT3G19220.1	Cau.Cau8BG000447	0.93	0.96	59.09	104	L1
transcript:AT2G32600.1	Cau.Cau6AG001805	0.82	0.68	88.16	201	L1
transcript:AT1G05410.1	Cau.Cau9BG001506	0.97	0.95	52.36	244	L1
transcript:AT1G14650.2	Cau.Cau2AG000040	0.99	0.99	70.22	573	L1
transcript:AT3G08760.3	Cau.Cau6BG001164	1.00	1.00	67.08	383	L1
transcript:AT4G02590.2	Cau.Cau5BG002790	0.99	0.99	71.10	219	L1
transcript:AT4G35740.1	Cau.Cau1BG000071	0.44	1.00	79.00	252	L1
transcript:AT1G08110.4	Cau.Cau8BG001565	0.97	0.96	70.46	167	L1
transcript:AT3G18010.1	Cau.Cau4BG001022	0.85	0.98	39.04	130	L1
transcript:AT2G18250.1	Cau.Cau1BG000261	0.94	0.93	70.48	117	L1
transcript:AT1G71720.1	Cau.Cau3AG000634	1.00	0.99	59.81	317	L1
transcript:AT5G03430.1	Cau.Cau6AG001777	1.00	1.00	75.74	384	L1
transcript:AT5G66370.1	Cau.Cau4AG001526	0.94	0.97	38.41	58	L1
transcript:AT4G08790.1	Cau.Cau7AG001937	0.92	0.83	78.01	220	L1
transcript:AT1G29290.1	Cau.Cau2AG002519	0.92	0.94	43.43	43	L1
transcript:AT3G49170.1	Cau.Cau9BG000107	0.57	0.99	58.24	297	L1
transcript:AT4G34230.1	Cau.Cau8BG000376	1.00	1.00	79.21	282	L1
transcript:AT4G07950.1	Cau.Cau5BG003349	0.99	1.00	50.00	55	L1
transcript:AT3G61640.1	Cau.Cau5BG000164	0.85	0.90	63.77	44	L1
transcript:AT5G17760.1	Cau.Cau1BG000232	0.92	0.89	52.56	257	L1
transcript:AT4G02350.1	Cau.Cau5AG003115	1.00	1.00	76.81	616	L1
transcript:AT5G59290.1	Cau.Cau8BG001794	1.00	0.99	92.08	314	L1
transcript:AT3G15280.1	Cau.Cau4BG001136	0.92	0.70	39.44	56	L1
transcript:AT1G75030.1	Cau.Cau3BG000372	0.98	0.98	67.63	163	L1
transcript:AT5G58510.1	Cau.Cau8BG002023	1.00	1.00	65.12	631	L1
transcript:AT3G53380.1	Cau.Cau6AG001676	1.00	0.99	70.50	509	L1
transcript:AT2G42700.1	Cau.Cau2BG000703	1.00	1.00	63.43	548	L1
transcript:AT2G17033.4	Cau.Cau8AG000119	0.89	0.92	61.24	256	L1
transcript:AT3G05340.1	Cau.Cau3BG001413	0.98	0.98	63.48	412	L1
transcript:AT4G17740.1	Cau.Cau9AG001100	1.00	1.00	66.54	356	L1
transcript:AT3G52230.1	Cau.Cau7BG001740	0.80	0.82	42.64	55	L1
transcript:AT1G09920.1	Cau.Cau3BG001126	1.00	0.98	67.34	134	L1
transcript:AT1G71800.1	Cau.Cau3AG000616	0.99	1.00	47.76	267	L1
transcript:AT1G74720.1	Cau.Cau5AG000329	1.00	1.00	72.05	789	L1
transcript:AT1G02700.1	Cau.Cau5BG003107	0.99	1.00	46.85	119	L1
transcript:AT2G12400.1	Cau.Cau4BG002334	0.91	0.91	68.64	337	L1
transcript:AT1G01900.1	Cau.Cau5AG003652	0.95	0.97	59.81	448	L1
transcript:AT5G47740.1	Cau.Cau2BG002793	0.80	0.64	47.00	94	L1
transcript:AT4G24310.1	Cau.Cau3BG002242	0.95	0.94	59.01	131	L1
transcript:AT5G06811.1	Cau.Cau6BG000996	0.97	0.97	46.26	266	L1
transcript:AT2G01810.1	Cau.Cau2AG001594	0.98	0.98	43.42	300	L1
transcript:AT3G50670.1	Cau.Cau1BG000297	0.99	0.98	59.03	281	L1
transcript:AT1G23460.2	Cau.Cau7AG000463	0.99	1.00	73.61	318	L1
transcript:AT1G79530.1	Cau.Cau9AG000041	1.00	1.00	78.64	335	L1
transcript:AT1G16870.1	Cau.Cau1BG001828	0.86	0.88	70.29	291	L1
transcript:AT4G38580.2	Cau.Cau8BG000153	1.00	1.00	76.62	118	L1
transcript:AT1G71870.1	Cau.Cau3BG000562	1.00	0.99	71.43	370	L1
transcript:AT4G28660.2	Cau.Cau5AG002708	0.99	1.00	56.85	112	L1
transcript:AT1G70600.1	Cau.Cau7AG000499	1.00	1.00	91.10	133	L1
transcript:AT5G01305.1	Cau.Cau6BG001264	0.47	0.51	69.77	60	L1
transcript:AT5G18970.1	Cau.Cau9BG001626	1.00	1.00	75.44	129	L1
transcript:AT1G09620.1	Cau.Cau3AG002306	0.99	1.00	75.34	819	L1
transcript:AT1G75620.1	Cau.Cau3AG000244	0.96	0.98	64.74	347	L1
transcript:AT5G64820.1	Cau.Cau1BG002021	0.96	0.94	38.26	57	L1
transcript:AT3G06270.1	Cau.Cau9BG001656	1.00	0.83	76.86	269	L1
transcript:AT4G17620.1	Cau.Cau5BG000661	0.78	0.76	74.17	313	L1
transcript:AT1G09155.1	Cau.Cau6BG000801	0.97	1.00	57.35	160	L1
transcript:AT5G55230.3	Cau.Cau4AG001499	1.00	1.00	76.94	457	L1
transcript:AT2G46100.1	Cau.Cau5BG003474	0.78	0.81	71.58	136	L1
transcript:AT4G37680.4	Cau.Cau1BG000550	1.00	0.99	72.77	302	L1
transcript:AT2G01060.1	Cau.Cau2BG002802	1.00	0.91	71.29	216	L1
transcript:AT5G21910.1	Cau.Cau4BG001832	0.84	0.83	63.83	60	L1
transcript:AT1G65090.3	Cau.Cau6AG001871	0.99	0.98	40.52	118	L1
transcript:AT1G64060.1	Cau.Cau5AG000198	1.00	1.00	80.65	767	L1
transcript:AT2G46600.1	Cau.Cau5AG003396	0.83	0.89	68.42	78	L1
transcript:AT3G43190.2	Cau.Cau4BG001770	1.00	1.00	85.22	686	L1
transcript:AT2G43970.1	Cau.Cau5BG001984	0.84	0.81	52.47	244	L1
transcript:AT1G19310.1	Cau.Cau3AG000379	0.92	0.89	67.79	141	L1
transcript:AT1G74250.1	Cau.Cau5BG001044	0.99	1.00	53.51	343	L1
transcript:AT4G25590.2	Cau.Cau9BG000266	1.00	1.00	83.85	109	L1
transcript:AT3G45020.2	Cau.Cau3BG002150	0.91	0.95	81.82	99	L1
transcript:AT5G11340.1	Cau.Cau4BG000285	0.99	0.99	79.01	128	L1
transcript:AT4G39230.1	Cau.Cau8AG000658	1.00	1.00	75.97	234	L1
transcript:AT3G13225.2	Cau.Cau4BG001647	1.00	1.00	39.65	406	L1
transcript:AT5G57760.1	Cau.Cau4BG002180	0.85	0.78	43.94	29	L1
transcript:AT1G51200.2	Cau.Cau2AG000209	1.00	1.00	61.02	108	L1
transcript:AT4G19070.1	Cau.Cau3BG001881	0.96	1.00	54.60	95	L1
transcript:AT1G49820.1	Cau.Cau8AG000373	1.00	0.99	78.23	327	L1
transcript:AT3G16370.1	Cau.Cau1BG001056	1.00	0.99	68.82	245	L1
transcript:AT5G67150.1	Cau.Cau6BG001585	0.98	0.99	42.48	192	L1
transcript:ATCG01100.1	Cau.Cau2BG001430	0.51	0.88	85.33	157	L1
transcript:AT1G09320.1	Cau.Cau3AG001264	0.61	0.92	50.31	164	L1
transcript:AT5G52790.3	Cau.Cau9BG000182	0.97	0.97	66.11	279	L1
transcript:AT4G35770.1	Cau.Cau1BG000075	0.99	0.99	53.93	103	L1
transcript:AT3G55220.1	Cau.Cau7BG001971	1.00	1.00	87.31	1060	L1
transcript:AT4G02930.1	Cau.Cau5AG002972	1.00	1.00	85.09	388	L1
transcript:AT2G47360.1	Cau.Cau5AG003203	0.98	0.98	43.05	130	L1
transcript:AT4G01897.1	Cau.Cau5BG003202	0.97	0.92	66.95	79	L1
transcript:AT1G48900.1	Cau.Cau1AG001331	1.00	1.00	89.07	440	L1
transcript:AT3G06600.1	Cau.Cau9AG001832	1.00	1.00	24.89	55	L1
transcript:AT4G20330.1	Cau.Cau5BG000936	0.99	1.00	66.90	190	L1
transcript:AT4G33670.1	Cau.Cau8BG000211	0.99	0.98	81.39	258	L1
transcript:AT5G04560.2	Cau.Cau7AG001703	0.83	0.92	43.09	538	L1
transcript:AT4G02720.1	Cau.Cau5AG002912	0.98	0.82	57.14	248	L1
transcript:AT2G37410.2	Cau.Cau4BG000428	1.00	1.00	72.54	177	L1
transcript:AT3G03050.1	Cau.Cau5BG002343	1.00	1.00	86.27	993	L1
transcript:ATMG00570.1	Cau.Cau4AG000972	0.28	0.88	58.75	47	L1
transcript:AT4G30993.2	Cau.Cau4AG002265	1.00	0.99	43.15	126	L1
transcript:AT3G01420.1	Cau.Cau2BG000460	1.00	1.00	72.66	465	L1
transcript:AT5G59613.1	Cau.Cau6BG001539	1.00	1.00	74.55	41	L1
transcript:AT1G03220.1	Cau.Cau9BG001582	0.99	0.98	65.21	283	L1
transcript:AT3G13130.1	Cau.Cau2BG002769	0.98	0.91	29.17	63	L1
transcript:AT3G11330.1	Cau.Cau5BG000512	0.99	1.00	57.97	302	L1
transcript:AT3G51240.1	Cau.Cau1AG000161	1.00	1.00	81.77	296	L1
transcript:AT1G56460.1	Cau.Cau3BG001283	1.00	0.98	46.52	254	L1
transcript:AT1G75880.2	Cau.Cau3AG000167	0.94	0.98	56.21	199	L1
transcript:AT3G06700.3	Cau.Cau9BG001863	0.98	1.00	81.67	49	L1
transcript:AT2G26650.1	Cau.Cau4AG000612	0.99	0.97	72.14	624	L1
transcript:AT1G52280.1	Cau.Cau4BG000717	1.00	1.00	93.20	192	L1
transcript:AT1G75780.1	Cau.Cau3AG000200	0.97	0.97	96.54	419	L1
transcript:AT5G01110.1	Cau.Cau2BG000348	0.99	0.98	60.74	441	L1
transcript:AT2G25710.2	Cau.Cau3BG000907	0.95	0.94	68.48	239	L1
transcript:AT4G17180.1	Cau.Cau2AG002815	0.96	0.88	77.39	356	L1
transcript:AT2G05840.1	Cau.Cau4BG001731	1.00	1.00	86.99	214	L1
transcript:AT3G18790.1	Cau.Cau2BG000891	1.00	1.00	75.41	230	L1
transcript:AT3G04610.4	Cau.Cau8AG001215	0.79	0.84	72.13	321	L1
transcript:AT5G11650.1	Cau.Cau4BG000414	0.96	0.98	69.97	268	L1
transcript:AT2G41370.1	Cau.Cau9BG000817	0.99	0.99	78.36	402	L1
transcript:AT1G69020.2	Cau.Cau7AG000776	0.99	1.00	59.05	473	L1
transcript:AT1G07840.2	Cau.Cau3BG001117	0.96	0.96	58.71	182	L1
transcript:AT3G29370.1	Cau.Cau6AG000029	0.89	0.79	40.59	41	L1
transcript:AT5G15390.1	Cau.Cau6AG000052	0.98	0.98	62.12	223	L1
transcript:AT2G27260.1	Cau.Cau8BG001334	0.98	0.95	40.49	100	L1
transcript:AT3G53180.1	Cau.Cau6AG001809	1.00	1.00	66.16	571	L1
transcript:AT4G20720.1	Cau.Cau2BG001242	0.32	0.45	32.81	83	L1
transcript:AT2G36270.1	Cau.Cau6BG000735	1.00	1.00	47.86	235	L1
transcript:AT5G49570.1	Cau.Cau3AG001649	1.00	1.00	64.87	469	L1
transcript:AT3G47120.2	Cau.Cau8BG001963	0.98	0.96	59.00	177	L1
transcript:AT4G11280.1	Cau.Cau5AG000210	0.93	0.91	63.87	297	L1
transcript:AT1G33140.1	Cau.Cau4BG000786	1.00	1.00	84.02	163	L1
transcript:AT2G32120.2	Cau.Cau9BG001531	1.00	1.00	75.57	433	L1
transcript:AT1G35430.1	Cau.Cau3BG000535	0.94	0.65	54.70	64	L1
transcript:AT3G63240.2	Cau.Cau5BG002839	1.00	1.00	71.96	403	L1
transcript:AT1G03050.1	Cau.Cau3AG001969	1.00	1.00	63.65	387	L1
transcript:AT5G60720.1	Cau.Cau8AG001575	0.97	0.89	52.26	358	L1
transcript:AT2G11000.1	Cau.Cau4BG001911	0.99	1.00	63.17	463	L1
transcript:AT3G10760.1	Cau.Cau6AG000567	1.00	1.00	59.39	215	L1
transcript:AT3G63510.1	Cau.Cau7AG000060	0.89	0.86	77.54	290	L1
transcript:AT1G21065.1	Cau.Cau3BG000011	0.83	0.97	67.01	132	L1
transcript:AT2G37570.1	Cau.Cau6BG001544	1.00	0.98	82.53	411	L1
transcript:AT4G04025.1	Cau.Cau2BG002705	0.88	0.88	55.48	86	L1
transcript:AT3G19340.1	Cau.Cau2BG000776	0.99	1.00	78.59	378	L1
transcript:AT1G78680.1	Cau.Cau5AG001371	0.99	1.00	44.57	160	L1
transcript:AT2G45010.1	Cau.Cau5AG003762	1.00	1.00	66.80	163	L1
transcript:AT1G79420.1	Cau.Cau9BG000026	0.95	0.98	71.97	285	L1
transcript:AT1G09230.1	Cau.Cau5AG002464	0.94	0.96	60.59	269	L1
transcript:AT5G13020.1	Cau.Cau2AG000134	0.99	0.91	69.61	284	L1
transcript:AT5G49060.2	Cau.Cau9AG001687	0.97	0.99	60.91	215	L1
transcript:AT3G25920.1	Cau.Cau2BG001805	0.95	0.96	67.91	182	L1
transcript:AT4G13150.1	Cau.Cau5BG002566	0.90	0.84	65.85	216	L1
transcript:AT5G60570.3	Cau.Cau8BG001654	0.95	0.95	73.46	274	L1
transcript:AT5G03250.1	Cau.Cau7AG001835	0.99	0.96	61.85	381	L1
transcript:AT3G57340.2	Cau.Cau4BG000573	1.00	1.00	61.50	230	L1
transcript:AT1G28330.1	Cau.Cau2BG002391	0.98	0.98	71.31	87	L1
transcript:AT2G02390.3	Cau.Cau3BG002444	0.96	1.00	64.22	140	L1
transcript:AT2G37480.1	Cau.Cau6AG001518	0.73	0.57	44.16	68	L1
transcript:AT5G35360.1	Cau.Cau4AG001971	0.98	0.98	85.85	455	L1
transcript:AT1G23090.1	Cau.Cau2AG001679	1.00	0.96	78.83	499	L1
transcript:AT1G12244.1	Cau.Cau5AG003741	0.91	1.00	61.18	145	L1
transcript:AT1G33290.1	Cau.Cau5BG001915	0.95	0.89	79.50	287	L1
transcript:AT3G59030.1	Cau.Cau2BG000725	0.98	0.99	76.00	380	L1
transcript:AT2G13440.1	Cau.Cau1BG001713	0.93	0.93	82.59	555	L1
transcript:AT3G48770.2	Cau.Cau7BG001414	0.90	0.99	55.57	957	L1
transcript:AT3G08920.1	Cau.Cau6BG001302	0.78	0.76	66.87	111	L1
transcript:AT3G02690.1	Cau.Cau6AG001066	0.88	0.88	71.08	263	L1
transcript:AT5G09890.1	Cau.Cau3BG000467	1.00	0.99	77.69	404	L1
transcript:AT1G06410.3	Cau.Cau2BG002512	1.00	1.00	76.23	651	L1
transcript:AT1G12550.1	Cau.Cau5BG000874	1.00	1.00	57.28	185	L1
transcript:AT1G66330.2	Cau.Cau6AG000527	0.99	1.00	62.91	290	L1
transcript:AT1G06040.1	Cau.Cau5BG002217	1.00	1.00	65.46	163	L1
transcript:AT1G74120.1	Cau.Cau5AG001074	0.92	0.91	61.17	252	L1
transcript:AT1G26740.1	Cau.Cau7BG000238	0.98	0.98	63.36	83	L1
transcript:AT2G16370.3	Cau.Cau8AG000681	1.00	0.99	76.29	399	L1
transcript:AT1G63440.1	Cau.Cau5AG000280	1.00	1.00	77.57	771	L1
transcript:AT4G02570.3	Cau.Cau5BG003007	1.00	1.00	86.72	640	L1
transcript:AT1G64310.1	Cau.Cau5BG000496	0.99	0.98	54.21	296	L1
transcript:AT2G47420.1	Cau.Cau5BG003140	1.00	1.00	76.44	279	L1
transcript:AT1G80450.1	Cau.Cau1BG001401	0.88	0.87	45.64	89	L1
transcript:AT5G12860.1	Cau.Cau2BG000239	1.00	1.00	80.28	456	L1
transcript:AT4G22340.1	Cau.Cau2AG002731	1.00	1.00	80.14	339	L1
transcript:AT1G04670.1	Cau.Cau9AG001016	0.85	0.86	41.82	46	L1
transcript:AT2G27460.1	Cau.Cau8AG001384	1.00	1.00	81.21	605	L1
transcript:AT2G26070.2	Cau.Cau4BG000483	0.97	0.99	55.76	155	L1
transcript:AT3G09890.1	Cau.Cau6AG001802	0.97	0.93	70.85	141	L1
transcript:AT1G49010.1	Cau.Cau5AG001179	0.97	0.99	57.32	184	L1
transcript:AT3G18830.1	Cau.Cau8BG000581	0.96	0.96	70.79	366	L1
transcript:AT1G69588.1	Cau.Cau7BG000269	0.93	0.96	33.04	38	L1
transcript:AT5G22760.1	Cau.Cau8BG001488	1.00	1.00	50.52	821	L1
transcript:AT1G07210.1	Cau.Cau8AG001972	0.96	0.96	46.18	121	L1
transcript:AT2G35605.1	Cau.Cau6BG000283	0.99	0.98	61.61	69	L1
transcript:AT2G45850.1	Cau.Cau5AG003585	1.00	1.00	56.11	202	L1
transcript:AT5G46050.1	Cau.Cau9AG001170	0.98	0.96	73.12	419	L1
transcript:AT2G43750.1	Cau.Cau5BG002036	0.98	0.99	74.23	288	L1
transcript:AT5G54165.1	Cau.Cau5BG001586	1.00	1.00	39.36	37	L1
transcript:AT5G40760.2	Cau.Cau2AG000948	1.00	1.00	85.66	442	L1
transcript:AT3G21570.1	Cau.Cau9AG001581	1.00	1.00	37.21	80	L1
transcript:AT4G19350.1	Cau.Cau6BG000292	0.94	0.92	52.94	90	L1
transcript:AT2G33420.1	Cau.Cau9AG001167	1.00	1.00	72.11	768	L1
transcript:AT1G48360.2	Cau.Cau9BG001000	1.00	1.00	55.91	525	L1
transcript:AT2G20260.1	Cau.Cau5BG002625	0.99	0.97	60.27	88	L1
transcript:AT1G78815.1	Cau.Cau5BG001280	0.82	0.86	75.00	120	L1
transcript:AT4G27330.1	Cau.Cau4AG001256	0.87	0.91	29.32	90	L1
transcript:AT4G32410.1	Cau.Cau4AG000243	1.00	1.00	87.74	952	L1
transcript:AT1G13380.1	Cau.Cau2AG001817	1.00	0.98	74.74	145	L1
transcript:AT5G55310.1	Cau.Cau4AG001511	0.99	1.00	61.64	585	L1
transcript:AT5G48460.1	Cau.Cau2AG001508	1.00	0.99	78.57	466	L1
transcript:AT4G38060.4	Cau.Cau1BG000674	0.99	1.00	38.60	66	L1
transcript:AT3G44590.2	Cau.Cau8AG001426	1.00	1.00	71.43	80	L1
transcript:AT1G03280.3	Cau.Cau5AG001173	0.94	0.97	66.52	310	L1
transcript:AT1G75510.1	Cau.Cau3BG000260	0.96	0.93	70.36	178	L1
transcript:AT4G20190.1	Cau.Cau2AG001875	0.93	0.94	37.76	148	L1
transcript:AT3G10970.1	Cau.Cau7BG002146	1.00	0.95	74.66	274	L1
transcript:AT4G28550.1	Cau.Cau5AG002752	0.97	0.98	70.77	293	L1
transcript:AT4G30380.2	Cau.Cau4BG001034	0.98	0.97	73.39	91	L1
transcript:AT5G19473.1	Cau.Cau2AG000366	0.99	1.00	59.18	58	L1
transcript:AT5G38880.1	Cau.Cau6AG000261	0.99	1.00	77.67	619	L1
transcript:AT5G11130.1	Cau.Cau4BG000205	0.99	0.99	55.83	268	L1
transcript:AT1G25240.2	Cau.Cau2AG001563	1.00	1.00	48.43	200	L1
transcript:AT1G07290.1	Cau.Cau8AG001944	1.00	1.00	54.34	213	L1
transcript:AT1G56350.1	Cau.Cau3BG001294	0.84	0.79	80.30	326	L1
transcript:AT4G16195.1	Cau.Cau1BG001590	0.98	0.95	32.30	52	L1
transcript:AT1G21930.1	Cau.Cau3BG000891	0.93	0.96	78.02	71	L1
transcript:AT1G78895.1	Cau.Cau1AG001589	0.96	0.89	73.75	118	L1
transcript:AT3G24535.1	Cau.Cau4AG000705	0.92	0.97	31.36	69	L1
transcript:AT2G13370.3	Cau.Cau2AG000320	1.00	1.00	70.66	1255	L1
transcript:AT3G22880.1	Cau.Cau9AG001371	1.00	1.00	86.93	306	L1
transcript:AT5G42765.1	Cau.Cau3AG000336	0.96	0.94	56.65	132	L1
transcript:AT4G21500.1	Cau.Cau2AG002283	0.98	0.88	38.46	95	L1
transcript:AT1G44790.1	Cau.Cau3BG000877	0.93	0.98	75.68	140	L1
transcript:AT2G44820.2	Cau.Cau9BG001820	0.65	0.74	58.27	74	L1
transcript:AT1G08610.1	Cau.Cau8BG001174	0.93	0.91	58.37	307	L1
transcript:AT1G55180.1	Cau.Cau1AG000827	1.00	0.99	64.52	438	L1
transcript:AT2G44270.1	Cau.Cau3BG000122	1.00	0.99	85.92	305	L1
transcript:AT4G17500.1	Cau.Cau5AG000709	0.97	0.98	56.09	152	L1
transcript:AT2G01300.1	Cau.Cau2BG001710	0.77	0.80	52.76	67	L1
transcript:AT3G49180.1	Cau.Cau3BG000475	1.00	0.99	54.77	247	L1
transcript:AT5G66170.3	Cau.Cau1BG000136	0.93	0.82	57.48	73	L1
transcript:AT3G21610.2	Cau.Cau2BG001247	0.61	1.00	81.33	61	L1
transcript:AT4G33625.1	Cau.Cau8AG000890	0.92	0.88	71.58	131	L1
transcript:AT1G02840.1	Cau.Cau5AG003095	1.00	0.99	69.38	213	L1
transcript:AT1G12780.1	Cau.Cau5AG000926	0.98	0.99	77.97	269	L1
transcript:AT4G17380.1	Cau.Cau5AG000738	1.00	1.00	82.70	655	L1
transcript:AT1G68410.3	Cau.Cau2BG001775	1.00	1.00	81.65	356	L1
transcript:AT5G26670.1	Cau.Cau6BG002429	1.00	0.99	75.06	316	L1
transcript:AT4G18040.1	Cau.Cau2BG002549	0.80	0.84	75.26	143	L1
transcript:AT3G49950.1	Cau.Cau1AG000517	0.97	0.92	59.86	255	L1
transcript:AT2G26490.1	Cau.Cau3BG000398	0.93	0.99	74.60	326	L1
transcript:AT5G17250.1	Cau.Cau5BG001929	0.98	0.96	60.45	570	L1
transcript:AT4G12130.1	Cau.Cau5AG000827	0.93	0.93	68.52	259	L1
transcript:AT5G53060.1	Cau.Cau5BG001532	0.99	0.99	61.40	420	L1
transcript:AT1G75240.1	Cau.Cau3BG000322	0.95	0.93	42.00	126	L1
transcript:AT5G14970.1	Cau.Cau2AG000448	0.99	1.00	57.30	212	L1
transcript:AT2G41945.1	Cau.Cau6AG000942	1.00	1.00	58.14	100	L1
transcript:AT3G04160.3	Cau.Cau5BG002391	0.95	0.96	42.39	312	L1
transcript:AT5G20090.2	Cau.Cau5BG000604	1.00	1.00	80.91	89	L1
transcript:AT5G15270.3	Cau.Cau6BG000086	0.98	0.97	65.97	349	L1
transcript:AT1G77620.1	Cau.Cau3BG000871	1.00	0.98	37.22	450	L1
transcript:AT5G20890.1	Cau.Cau3BG000125	1.00	1.00	89.94	474	L1
transcript:AT4G02180.1	Cau.Cau1AG001959	0.87	0.80	26.21	255	L1
transcript:AT5G43570.1	Cau.Cau9BG001379	0.71	0.96	56.16	41	L1
transcript:AT4G36440.1	Cau.Cau1AG000227	0.97	0.96	64.82	258	L1
transcript:AT2G41890.1	Cau.Cau9AG000615	0.97	0.96	56.97	433	L1
transcript:AT5G07400.1	Cau.Cau7BG001349	0.99	0.97	50.40	561	L1
transcript:AT3G03750.2	Cau.Cau5AG002554	0.93	0.93	61.34	211	L1
transcript:AT5G57450.2	Cau.Cau4BG002113	0.98	0.98	58.22	177	L1
transcript:AT4G26260.1	Cau.Cau4AG000829	1.00	1.00	78.62	250	L1
transcript:AT4G13070.1	Cau.Cau1AG001628	0.75	0.75	71.09	182	L1
transcript:AT3G08550.1	Cau.Cau7BG000134	0.99	0.98	78.85	425	L1
transcript:AT1G68440.1	Cau.Cau2BG001799	0.99	0.97	39.31	136	L1
transcript:AT5G46900.1	Cau.Cau5AG000787	0.95	0.93	74.40	93	L1
transcript:AT1G03010.1	Cau.Cau5BG003000	1.00	1.00	74.57	478	L1
transcript:AT5G19370.1	Cau.Cau2AG000363	0.73	0.76	64.73	145	L1
transcript:AT3G12160.1	Cau.Cau9BG000572	0.99	0.99	90.50	200	L1
transcript:AT3G51510.1	Cau.Cau6BG000602	0.92	0.84	60.59	103	L1
transcript:AT5G50335.1	Cau.Cau5AG000585	0.97	1.00	52.78	38	L1
transcript:AT3G12290.1	Cau.Cau5BG003022	0.99	0.99	85.52	254	L1
transcript:AT2G26150.4	Cau.Cau4AG000514	0.99	1.00	52.05	203	L1
transcript:AT5G23280.1	Cau.Cau7BG000947	0.92	0.96	65.64	170	L1
transcript:AT2G16710.1	Cau.Cau6BG000736	0.98	0.99	79.26	107	L1
transcript:AT1G80310.1	Cau.Cau1BG001272	0.98	0.98	72.69	338	L1
transcript:AT5G53440.1	Cau.Cau9BG000098	0.99	0.99	39.64	503	L1
transcript:AT3G63470.1	Cau.Cau7BG000114	0.94	0.94	65.76	313	L1
transcript:AT1G09600.1	Cau.Cau3AG002308	1.00	1.00	59.27	438	L1
transcript:AT4G16420.2	Cau.Cau2AG002767	1.00	1.00	65.58	341	L1
transcript:AT4G27540.1	Cau.Cau4BG001129	1.00	0.99	60.83	146	L1
transcript:AT1G37130.1	Cau.Cau3AG000919	1.00	1.00	77.68	717	L1
transcript:AT4G09820.1	Cau.Cau5AG002941	0.97	1.00	50.84	294	L1
transcript:AT3G23325.1	Cau.Cau6BG001779	1.00	1.00	94.25	82	L1
transcript:AT3G63530.1	Cau.Cau7BG000076	1.00	1.00	54.84	136	L1
transcript:AT4G25990.1	Cau.Cau4AG002016	0.97	0.94	45.60	202	L1
transcript:AT5G45620.1	Cau.Cau3BG001774	1.00	1.00	85.75	331	L1
transcript:AT1G23530.1	Cau.Cau7BG000451	0.71	0.74	45.65	63	L1
transcript:AT1G03180.5	Cau.Cau5AG002939	0.98	1.00	56.04	153	L1
transcript:AT1G67350.2	Cau.Cau7BG000664	0.46	0.75	82.22	37	L1
transcript:AT2G20300.1	Cau.Cau5BG002639	0.96	0.97	72.25	470	L1
transcript:AT5G65430.1	Cau.Cau3AG001074	1.00	1.00	86.06	216	L1
transcript:AT5G12340.1	Cau.Cau2AG000346	0.99	0.98	49.79	116	L1
transcript:AT5G03230.1	Cau.Cau6AG001709	0.99	0.99	50.87	88	L1
transcript:AT2G37530.1	Cau.Cau6AG001527	0.99	0.99	56.35	71	L1
transcript:AT2G46920.3	Cau.Cau5BG003261	0.99	1.00	68.09	606	L1
transcript:AT5G18140.1	Cau.Cau5BG002444	1.00	1.00	52.37	177	L1
transcript:AT5G42050.1	Cau.Cau5AG000102	0.98	0.99	58.24	212	L1
transcript:AT3G63410.1	Cau.Cau5BG002805	1.00	1.00	79.71	275	L1
transcript:AT2G31490.1	Cau.Cau4AG001975	1.00	1.00	81.69	58	L1
transcript:AT5G24330.1	Cau.Cau5BG001547	0.99	0.99	71.22	245	L1
transcript:AT5G03610.1	Cau.Cau6BG000713	0.98	0.99	60.51	213	L1
transcript:AT4G25600.1	Cau.Cau9AG000241	1.00	1.00	50.48	159	L1
transcript:AT3G03070.1	Cau.Cau5BG002339	1.00	1.00	73.64	81	L1
transcript:AT5G48220.1	Cau.Cau2AG001396	0.97	0.96	71.47	278	L1
transcript:AT1G72250.4	Cau.Cau5BG001444	0.99	0.97	57.29	611	L1
transcript:AT4G38810.2	Cau.Cau8BG000780	0.96	0.97	70.05	255	L1
transcript:AT3G28860.1	Cau.Cau6BG000125	1.00	1.00	88.18	1104	L1
transcript:AT3G23240.1	Cau.Cau8BG001193	0.97	0.98	51.26	122	L1
transcript:AT1G02010.1	Cau.Cau5BG003658	0.98	1.00	74.25	496	L1
transcript:AT5G19990.3	Cau.Cau4BG000612	1.00	1.00	94.52	397	L1
transcript:AT3G24090.1	Cau.Cau6AG001916	1.00	1.00	84.23	582	L1
transcript:AT1G48520.1	Cau.Cau9BG001192	1.00	1.00	74.78	430	L1
transcript:AT2G22170.1	Cau.Cau1AG002080	0.84	0.85	67.32	103	L1
transcript:AT4G14480.1	Cau.Cau9AG001286	0.98	0.92	60.98	300	L1
transcript:AT3G62200.1	Cau.Cau5BG003225	0.97	0.97	51.47	350	L1
transcript:AT1G73710.1	Cau.Cau2BG001031	0.97	0.98	62.47	621	L1
transcript:AT3G04280.3	Cau.Cau2BG001552	0.86	0.83	51.64	63	L1
transcript:AT1G61050.2	Cau.Cau2AG002333	0.96	0.95	53.27	228	L1
transcript:AT4G28240.1	Cau.Cau2AG001093	0.99	0.99	49.44	44	L1
transcript:AT2G29210.2	Cau.Cau8BG001874	0.29	0.31	62.41	171	L1
transcript:AT5G53170.1	Cau.Cau9AG000123	0.99	1.00	76.35	620	L1
transcript:AT2G35700.1	Cau.Cau5AG000729	0.88	0.64	59.56	109	L1
transcript:AT4G37880.1	Cau.Cau1BG000625	1.00	1.00	61.54	240	L1
transcript:AT5G09820.2	Cau.Cau1BG001960	0.99	0.96	54.95	150	L1
transcript:AT1G68190.1	Cau.Cau2AG001757	0.97	0.93	34.31	164	L1
transcript:AT1G19835.3	Cau.Cau3BG000226	1.00	1.00	55.71	615	L1
transcript:AT1G03160.1	Cau.Cau5AG002933	0.99	1.00	59.31	554	L1
transcript:AT5G03520.1	Cau.Cau6BG001804	0.99	0.99	87.85	188	L1
transcript:AT3G51880.2	Cau.Cau6BG001314	0.80	0.82	69.54	105	L1
transcript:AT5G35390.1	Cau.Cau4BG001983	0.96	0.98	50.56	358	L1
transcript:AT3G47400.1	Cau.Cau9BG000425	0.86	0.94	65.23	334	L1
transcript:AT3G62140.1	Cau.Cau5BG003236	1.00	0.99	43.75	98	L1
transcript:AT1G04210.1	Cau.Cau9BG001443	0.97	0.96	57.44	633	L1
transcript:AT5G63950.1	Cau.Cau1BG001714	1.00	1.00	57.02	658	L1
transcript:AT2G19310.1	Cau.Cau4AG002002	0.99	1.00	49.40	82	L1
transcript:AT1G70190.2	Cau.Cau2BG001917	1.00	1.00	58.64	129	L1
transcript:AT3G01820.1	Cau.Cau2BG000902	1.00	1.00	58.33	161	L1
transcript:AT4G20830.1	Cau.Cau2BG002049	0.95	0.95	64.84	354	L1
transcript:AT1G02020.1	Cau.Cau5BG003675	0.95	0.96	65.24	411	L1
transcript:AT4G21192.1	Cau.Cau3AG002329	1.00	0.95	83.75	67	L1
transcript:AT2G37330.1	Cau.Cau6BG001601	0.96	0.99	82.13	216	L1
transcript:AT3G54870.2	Cau.Cau7BG001817	1.00	0.99	62.15	683	L1
transcript:AT3G63420.2	Cau.Cau5BG002803	0.82	0.75	66.25	53	L1
transcript:AT3G17205.3	Cau.Cau9BG001938	1.00	1.00	69.60	719	L1
transcript:AT2G28420.1	Cau.Cau7AG000122	0.92	0.81	59.30	102	L1
transcript:AT3G18610.2	Cau.Cau7AG000973	0.50	0.42	48.16	144	L1
transcript:AT3G21880.1	Cau.Cau2BG001175	0.98	0.99	45.56	195	L1
transcript:AT4G33920.1	Cau.Cau8AG000334	0.97	0.97	75.07	277	L1
transcript:AT3G61780.1	Cau.Cau5BG003377	0.97	0.97	47.86	548	L1
transcript:AT3G15510.1	Cau.Cau4BG001225	1.00	1.00	57.32	227	L1
transcript:AT2G01620.1	Cau.Cau2BG001628	0.93	0.90	42.38	128	L1
transcript:AT5G26710.1	Cau.Cau3BG002334	0.99	0.97	69.82	301	L1
transcript:AT2G38465.1	Cau.Cau3BG001124	0.93	0.84	53.85	42	L1
transcript:AT1G12880.1	Cau.Cau2AG000771	0.92	0.80	64.17	120	L1
transcript:AT1G11240.1	Cau.Cau2BG002279	0.84	0.85	52.91	91	L1
transcript:AT4G04640.1	Cau.Cau2AG002651	1.00	1.00	81.17	306	L1
transcript:AT5G66070.5	Cau.Cau1BG000092	0.98	0.96	76.55	173	L1
transcript:AT1G03940.1	Cau.Cau2AG001106	0.97	0.98	39.32	184	L1
transcript:AT1G09450.1	Cau.Cau6AG002026	0.99	0.99	58.00	359	L1
transcript:AT4G15080.2	Cau.Cau6BG001040	1.00	0.98	67.07	493	L1
transcript:AT5G55640.1	Cau.Cau4BG001599	0.97	0.97	63.45	92	L1
transcript:AT1G11655.1	Cau.Cau2BG002150	0.97	1.00	51.75	59	L1
transcript:AT3G25680.1	Cau.Cau7BG000858	0.97	0.98	52.69	294	L1
transcript:AT3G07510.3	Cau.Cau2AG001486	0.99	0.98	75.63	149	L1
transcript:AT5G15330.2	Cau.Cau6AG000081	0.78	0.93	66.02	204	L1
transcript:AT4G01720.1	Cau.Cau5BG003245	1.00	1.00	45.36	249	L1
transcript:AT5G23390.1	Cau.Cau2BG001821	0.99	0.99	61.83	447	L1
transcript:AT3G22430.1	Cau.Cau9BG001521	0.86	0.92	57.46	262	L1
transcript:AT4G22370.3	Cau.Cau2BG002739	0.96	0.68	50.56	90	L1
transcript:AT4G33350.1	Cau.Cau3AG000461	0.99	0.98	68.63	186	L1
transcript:AT3G28180.1	Cau.Cau2AG000450	1.00	1.00	78.36	536	L1
transcript:AT1G79190.1	Cau.Cau9AG000067	0.99	1.00	56.95	795	L1
transcript:AT5G15070.1	Cau.Cau6AG000173	0.99	1.00	86.62	906	L1
transcript:AT5G57770.1	Cau.Cau4BG002181	0.98	0.99	62.09	249	L1
transcript:AT5G43430.1	Cau.Cau9BG001339	1.00	1.00	80.88	203	L1
transcript:AT5G05140.1	Cau.Cau6AG000557	0.99	0.99	53.68	248	L1
transcript:AT4G28560.1	Cau.Cau5AG002750	0.83	0.80	60.90	229	L1
transcript:AT5G11390.1	Cau.Cau6BG000227	1.00	1.00	40.36	293	L1
transcript:AT1G16070.1	Cau.Cau1BG001537	0.97	0.86	56.53	225	L1
transcript:AT4G14110.1	Cau.Cau3BG002054	1.00	1.00	71.57	141	L1
transcript:AT5G57610.1	Cau.Cau4AG002114	0.73	0.97	45.80	387	L1
transcript:AT5G12200.1	Cau.Cau2BG000373	0.97	0.97	80.69	418	L1
transcript:AT2G23150.1	Cau.Cau1BG000502	0.98	0.97	79.60	402	L1
transcript:AT5G20160.1	Cau.Cau4BG000570	1.00	1.00	93.75	120	L1
transcript:AT4G28210.1	Cau.Cau2BG001087	0.78	0.78	67.97	191	L1
transcript:AT3G58730.1	Cau.Cau4AG002208	0.99	1.00	79.15	205	L1
transcript:AT3G16150.1	Cau.Cau3AG000513	1.00	1.00	85.98	282	L1
transcript:AT3G46630.1	Cau.Cau3BG000508	1.00	1.00	59.42	123	L1
transcript:AT3G03790.2	Cau.Cau5BG002467	1.00	1.00	65.38	712	L1
transcript:AT2G32990.1	Cau.Cau2BG001264	0.98	0.96	67.79	317	L1
transcript:AT3G24040.1	Cau.Cau9BG001124	0.88	0.86	62.37	232	L1
transcript:AT2G02160.1	Cau.Cau8BG001140	0.92	0.93	41.73	295	L1
transcript:AT5G56950.1	Cau.Cau4BG000932	1.00	1.00	75.47	283	L1
transcript:AT5G08391.1	Cau.Cau7BG000687	1.00	1.00	72.46	50	L1
transcript:AT4G16120.1	Cau.Cau9BG001838	0.98	0.98	65.74	424	L1
transcript:AT5G58610.3	Cau.Cau8BG001996	0.96	0.92	38.82	438	L1
transcript:AT3G56640.1	Cau.Cau6BG000566	1.00	1.00	78.61	621	L1
transcript:AT3G16857.2	Cau.Cau9AG001762	0.96	0.98	52.34	369	L1
transcript:AT1G24625.1	Cau.Cau2AG001582	0.87	0.80	45.50	96	L1
transcript:AT5G16610.2	Cau.Cau6AG000513	0.98	0.99	38.38	294	L1
transcript:AT1G45688.1	Cau.Cau3AG000485	0.99	0.99	66.37	225	L1
transcript:AT3G04740.1	Cau.Cau3BG001654	1.00	1.00	65.98	1210	L1
transcript:AT3G53900.2	Cau.Cau6BG001436	0.98	0.89	68.14	201	L1
transcript:AT3G27950.1	Cau.Cau2BG000496	0.98	0.96	56.57	211	L1
transcript:AT2G17530.3	Cau.Cau1BG000030	0.99	0.99	79.15	353	L1
transcript:AT3G21530.2	Cau.Cau9AG001578	0.99	0.96	58.11	283	L1
transcript:AT4G23720.1	Cau.Cau5AG000175	0.87	0.92	41.94	117	L1
transcript:AT3G51940.2	Cau.Cau7BG000131	0.88	0.90	33.11	145	L1
transcript:AT2G30060.1	Cau.Cau8BG002002	0.93	0.95	71.69	157	L1
transcript:AT1G02800.1	Cau.Cau5BG000045	0.69	0.97	63.04	220	L1
transcript:AT5G27660.2	Cau.Cau3BG001388	1.00	1.00	64.00	288	L1
transcript:AT4G02680.1	Cau.Cau5BG002819	1.00	1.00	74.97	668	L1
transcript:AT2G02990.1	Cau.Cau7AG000271	1.00	0.97	68.40	158	L1
transcript:AT2G15820.1	Cau.Cau8AG000492	0.88	0.97	59.10	458	L1
transcript:AT3G62260.1	Cau.Cau5AG003261	1.00	0.99	60.20	242	L1
transcript:AT4G24380.3	Cau.Cau3BG001061	0.96	1.00	61.20	153	L1
transcript:AT3G58800.1	Cau.Cau7AG001219	1.00	1.00	58.09	201	L1
transcript:AT4G28730.1	Cau.Cau5AG002684	0.96	0.97	59.41	101	L1
transcript:AT1G76710.2	Cau.Cau3AG000655	0.97	0.96	63.36	313	L1
transcript:AT3G62000.1	Cau.Cau5AG003323	1.00	1.00	69.82	199	L1
transcript:AT5G57420.1	Cau.Cau4BG002107	0.95	0.93	61.90	104	L1
transcript:AT3G43120.1	Cau.Cau4BG001763	1.00	1.00	71.78	117	L1
transcript:AT2G41990.1	Cau.Cau8BG000087	1.00	0.99	58.12	179	L1
transcript:AT1G55880.1	Cau.Cau4BG001598	0.95	0.91	79.70	318	L1
transcript:AT3G23640.3	Cau.Cau3BG001717	0.94	0.94	73.39	731	L1
transcript:AT5G42340.1	Cau.Cau3AG000086	0.92	0.95	66.07	405	L1
transcript:AT5G56560.1	Cau.Cau4BG001398	0.94	0.88	25.41	155	L1
transcript:AT4G07990.1	Cau.Cau3AG001173	1.00	0.99	61.76	147	L1
transcript:AT4G34660.1	Cau.Cau8BG000696	0.95	0.97	53.63	192	L1
transcript:AT3G18440.1	Cau.Cau5BG001191	1.00	1.00	62.17	378	L1
transcript:AT2G32645.1	Cau.Cau8AG001492	0.67	0.66	39.10	52	L1
transcript:AT5G65250.1	Cau.Cau1BG000737	0.91	0.87	46.88	135	L1
transcript:AT5G51070.1	Cau.Cau7AG001326	1.00	1.00	72.37	689	L1
transcript:ATCG01270.1	Cau.Cau4AG001109	0.96	0.95	64.86	48	L1
transcript:AT1G09900.1	Cau.Cau3BG001129	1.00	1.00	72.16	451	L1
transcript:AT4G28700.1	Cau.Cau5AG002690	0.95	0.97	80.29	387	L1
transcript:AT2G38130.2	Cau.Cau2AG000789	0.88	0.84	83.72	144	L1
transcript:AT4G32980.2	Cau.Cau4BG000473	0.70	0.62	54.89	202	L1
transcript:AT3G57870.1	Cau.Cau1BG000461	1.00	1.00	89.38	143	L1
transcript:AT3G54470.1	Cau.Cau8AG001072	1.00	0.99	78.06	370	L1
transcript:AT4G00335.2	Cau.Cau5BG003492	1.00	1.00	61.78	118	L1
transcript:AT1G68920.3	Cau.Cau7AG000792	1.00	1.00	46.28	261	L1
transcript:AT3G03560.1	Cau.Cau7BG001132	0.99	0.97	57.28	299	L1
transcript:AT1G20970.1	Cau.Cau3BG000023	0.44	0.48	51.22	314	L1
transcript:AT1G06920.1	Cau.Cau1BG001799	0.98	0.99	36.26	128	L1
transcript:AT4G26240.1	Cau.Cau4AG000840	0.99	0.97	65.48	129	L1
transcript:AT5G59140.1	Cau.Cau8BG001892	0.98	0.96	87.23	82	L1
transcript:AT2G35410.1	Cau.Cau7BG001587	0.95	0.98	51.85	154	L1
transcript:AT5G17410.1	Cau.Cau8AG001036	0.99	0.99	74.25	522	L1
transcript:AT4G28190.2	Cau.Cau2BG001027	0.96	0.95	66.80	171	L1
transcript:AT2G18700.1	Cau.Cau4AG002143	0.97	0.98	68.85	579	L1
transcript:AT4G20310.4	Cau.Cau2AG001862	0.94	0.94	51.58	261	L1
transcript:AT3G23050.1	Cau.Cau9BG001404	1.00	0.99	66.14	168	L1
transcript:AT2G41770.1	Cau.Cau9AG000647	1.00	1.00	75.19	579	L1
transcript:AT1G77680.1	Cau.Cau3AG000895	0.99	0.99	53.94	595	L1
transcript:AT5G13240.1	Cau.Cau2BG001717	1.00	1.00	78.12	175	L1
transcript:AT3G59680.2	Cau.Cau5BG002078	0.85	0.98	51.18	108	L1
transcript:AT4G20380.4	Cau.Cau2BG002010	1.00	1.00	72.28	133	L1
transcript:AT2G39855.4	Cau.Cau7BG002344	1.00	1.00	44.17	72	L1
transcript:AT2G23790.1	Cau.Cau1AG000328	0.98	0.93	53.18	184	L1
transcript:AT1G61030.1	Cau.Cau2AG002336	1.00	1.00	45.68	434	L1
transcript:AT1G06290.1	Cau.Cau2AG000646	1.00	1.00	74.40	500	L1
transcript:AT1G29690.1	Cau.Cau2BG002531	0.97	0.99	78.16	433	L1
transcript:AT5G49350.2	Cau.Cau9AG001775	0.59	0.78	47.79	65	L1
transcript:AT1G56600.1	Cau.Cau3BG001256	1.00	1.00	76.76	261	L1
transcript:AT2G32400.1	Cau.Cau2BG001203	0.97	0.98	57.54	519	L1
transcript:AT4G16180.2	Cau.Cau9BG001904	0.98	0.99	76.80	619	L1
transcript:AT3G05725.1	Cau.Cau3BG001313	1.00	1.00	36.80	46	L1
transcript:AT2G40490.1	Cau.Cau7AG002137	0.94	0.96	81.94	304	L1
transcript:AT1G73080.1	Cau.Cau1AG001503	0.97	0.98	55.21	561	L1
transcript:AT5G16030.1	Cau.Cau6AG000345	1.00	0.94	50.29	176	L1
transcript:AT5G51130.1	Cau.Cau4AG000758	0.87	0.97	60.07	170	L1
transcript:AT2G17975.1	Cau.Cau1BG000161	0.98	0.99	52.62	171	L1
transcript:AT3G52525.1	Cau.Cau8AG001326	0.84	0.92	38.55	64	L1
transcript:AT4G12070.1	Cau.Cau2AG000184	0.99	0.99	61.80	309	L1
transcript:AT1G71090.1	Cau.Cau2AG001718	0.97	0.98	75.73	337	L1
transcript:AT4G00500.1	Cau.Cau5BG003525	0.98	1.00	69.47	314	L1
transcript:AT3G61660.2	Cau.Cau5AG003462	0.40	0.46	50.91	28	L1
transcript:AT3G57790.2	Cau.Cau9BG000579	0.89	0.89	72.87	317	L1
transcript:AT4G05160.1	Cau.Cau8AG001545	1.00	1.00	71.38	389	L1
transcript:ATCG00520.1	Cau.Cau2BG001074	0.28	0.93	78.43	40	L1
transcript:AT1G04830.1	Cau.Cau9BG000950	0.99	1.00	63.26	291	L1
transcript:AT2G33230.1	Cau.Cau9BG001157	0.97	0.99	77.33	324	L1
transcript:AT1G18660.3	Cau.Cau5AG000978	1.00	0.98	69.20	337	L1
transcript:AT5G43670.1	Cau.Cau9AG001330	1.00	1.00	63.91	510	L1
transcript:AT1G71250.1	Cau.Cau5AG001944	0.96	0.96	62.50	225	L1
transcript:AT1G27070.1	Cau.Cau7BG000331	1.00	1.00	43.93	257	L1
transcript:AT5G47470.1	Cau.Cau5BG000757	0.94	0.97	61.29	209	L1
transcript:AT1G65950.1	Cau.Cau5BG002118	0.95	0.96	62.81	331	L1
transcript:AT5G11770.1	Cau.Cau4BG000468	1.00	1.00	78.03	174	L1
transcript:AT1G60995.1	Cau.Cau3BG002135	0.99	0.99	66.08	450	L1
transcript:AT5G16460.1	Cau.Cau6BG001850	0.89	0.76	49.12	167	L1
transcript:AT1G12500.1	Cau.Cau5AG000861	0.99	0.99	75.35	269	L1
transcript:AT4G30060.2	Cau.Cau4AG002040	0.98	0.99	66.84	264	L1
transcript:AT4G29060.1	Cau.Cau4AG000749	1.00	0.99	60.99	618	L1
transcript:AT1G02790.1	Cau.Cau5BG003083	0.98	1.00	45.67	190	L1
transcript:AT4G36380.1	Cau.Cau1AG000219	0.93	0.99	67.61	334	L1
transcript:AT2G05620.2	Cau.Cau9AG001161	1.00	1.00	68.15	92	L1
transcript:AT1G05190.1	Cau.Cau2BG001204	1.00	1.00	76.99	174	L1
transcript:AT2G43870.1	Cau.Cau5AG002046	1.00	0.89	69.17	267	L1
transcript:AT4G08300.1	Cau.Cau3BG000878	0.98	0.96	63.56	239	L1
transcript:AT5G13910.1	Cau.Cau2BG000761	0.98	0.97	47.46	131	L1
transcript:AT1G78600.1	Cau.Cau5AG001400	0.99	0.99	54.79	166	L1
transcript:AT1G48880.1	Cau.Cau1BG001892	0.99	0.98	63.74	283	L1
transcript:AT2G33510.2	Cau.Cau7BG000169	1.00	0.99	51.64	110	L1
transcript:AT1G71210.1	Cau.Cau5BG001689	0.93	0.95	46.00	380	L1
transcript:AT1G74340.2	Cau.Cau3AG001756	1.00	1.00	78.75	63	L1
transcript:AT5G18120.1	Cau.Cau5BG002451	0.99	0.96	54.64	159	L1
transcript:AT1G75690.1	Cau.Cau3AG000220	0.97	0.98	74.19	115	L1
transcript:AT3G48480.1	Cau.Cau5BG000582	0.91	0.95	45.55	133	L1
transcript:AT5G27110.1	Cau.Cau2BG000331	1.00	0.99	58.32	403	L1
transcript:AT5G46070.1	Cau.Cau2BG002415	0.98	1.00	68.18	735	L1
transcript:AT3G24495.1	Cau.Cau4BG000675	1.00	1.00	64.57	720	L1
transcript:AT2G22260.9	Cau.Cau2BG002789	0.74	0.88	73.06	160	L1
transcript:AT2G26890.1	Cau.Cau4AG000645	0.99	0.99	77.32	1988	L1
transcript:AT5G26230.1	Cau.Cau9AG001477	0.92	0.90	51.23	166	L1
transcript:AT2G45730.1	Cau.Cau3AG000217	0.98	0.99	64.43	288	L1
transcript:AT3G24730.1	Cau.Cau5BG002593	0.95	1.00	85.43	129	L1
transcript:AT1G76670.2	Cau.Cau3BG000003	0.99	0.99	83.67	287	L1
transcript:AT5G66200.1	Cau.Cau1AG000145	1.00	1.00	73.87	492	L1
transcript:AT5G06030.1	Cau.Cau9BG001108	0.87	0.95	38.89	56	L1
transcript:AT3G48195.1	Cau.Cau5BG000460	0.99	0.98	54.33	454	L1
transcript:AT5G03120.1	Cau.Cau6AG001673	0.86	0.77	50.75	34	L1
transcript:AT3G07420.1	Cau.Cau7AG001204	0.97	0.97	55.82	350	L1
transcript:AT5G50210.1	Cau.Cau5AG000528	0.97	0.94	71.96	503	L1
transcript:AT5G53220.6	Cau.Cau9AG000133	0.98	0.76	37.41	156	L1
transcript:AT1G59760.1	Cau.Cau8AG000754	1.00	1.00	76.81	765	L1
transcript:AT5G18920.1	Cau.Cau9BG001659	0.77	0.55	75.00	45	L1
transcript:AT5G22320.1	Cau.Cau8BG001357	0.87	0.99	46.79	197	L1
transcript:AT5G05520.1	Cau.Cau7AG002206	0.99	0.98	63.98	334	L1
transcript:AT4G02340.1	Cau.Cau5AG003119	0.98	1.00	71.20	225	L1
transcript:AT1G54050.2	Cau.Cau1BG001000	0.99	0.95	59.48	91	L1
transcript:AT1G54350.1	Cau.Cau9AG000004	0.92	0.86	68.38	465	L1
transcript:AT1G28690.1	Cau.Cau2AG002459	0.98	0.96	64.26	329	L1
transcript:AT5G14850.1	Cau.Cau4AG002157	0.96	0.99	67.48	359	L1
transcript:AT1G68750.1	Cau.Cau7BG000849	1.00	1.00	77.05	816	L1
transcript:AT3G01100.1	Cau.Cau6AG000073	0.99	0.99	64.54	455	L1
transcript:AT2G22400.1	Cau.Cau1AG000720	0.96	0.94	64.08	512	L1
transcript:AT4G37840.1	Cau.Cau1AG000600	0.99	1.00	58.10	287	L1
transcript:AT2G46850.1	Cau.Cau5AG003344	0.98	1.00	55.09	357	L1
transcript:AT5G56590.1	Cau.Cau4BG000820	0.98	0.98	71.66	354	L1
transcript:AT1G05790.3	Cau.Cau5BG002306	1.00	1.00	54.96	410	L1
transcript:AT2G01950.1	Cau.Cau8BG001146	0.98	0.98	72.27	813	L1
transcript:AT3G02030.2	Cau.Cau2BG000815	0.95	0.91	58.97	378	L1
transcript:AT3G02870.1	Cau.Cau2AG002750	0.99	0.99	79.78	213	L1
transcript:AT5G65560.3	Cau.Cau5AG002089	0.96	0.96	55.34	492	L1
transcript:AT3G44730.3	Cau.Cau4BG001654	1.00	0.99	61.59	728	L1
transcript:AT5G43680.2	Cau.Cau9BG001402	0.93	0.98	48.68	111	L1
transcript:AT1G50710.1	Cau.Cau4BG001460	0.99	0.98	80.85	342	L1
transcript:AT4G03240.1	Cau.Cau2BG001127	1.00	0.98	59.20	119	L1
transcript:AT1G56570.2	Cau.Cau3BG001262	0.97	0.97	60.10	357	L1
transcript:AT1G20830.1	Cau.Cau3AG000050	1.00	1.00	57.22	210	L1
transcript:AT5G53020.10	Cau.Cau5BG001520	0.98	0.95	46.30	357	L1
transcript:AT3G15395.5	Cau.Cau4BG001198	1.00	1.00	74.58	44	L1
transcript:AT5G05120.1	Cau.Cau2BG000820	0.65	0.70	32.39	46	L1
transcript:AT4G11660.1	Cau.Cau5AG000922	0.87	0.95	60.18	198	L1
transcript:AT4G34490.1	Cau.Cau8BG000611	1.00	1.00	72.07	351	L1
transcript:AT1G70830.4	Cau.Cau2AG001643	0.52	0.96	49.67	75	L1
transcript:AT1G04300.1	Cau.Cau9AG001293	1.00	1.00	54.59	636	L1
transcript:AT5G15050.1	Cau.Cau6AG000180	1.00	1.00	74.31	324	L1
transcript:AT5G24670.4	Cau.Cau5BG001160	0.99	0.96	53.55	226	L1
transcript:AT5G02140.2	Cau.Cau6BG001477	0.99	0.97	80.83	194	L1
transcript:AT5G43130.2	Cau.Cau3BG001219	1.00	0.99	50.82	498	L1
transcript:AT2G27410.1	Cau.Cau8AG001491	0.76	0.50	29.03	63	L1
transcript:AT3G13845.2	Cau.Cau1AG000848	0.94	0.97	71.21	47	L1
transcript:AT4G22270.2	Cau.Cau2AG002716	0.92	0.93	63.95	259	L1
transcript:AT2G33855.1	Cau.Cau2BG002405	0.99	0.97	60.27	88	L1
transcript:AT1G15320.2	Cau.Cau1BG001365	0.56	0.97	56.29	94	L1
transcript:AT2G26870.1	Cau.Cau2BG000359	1.00	0.98	74.90	385	L1
transcript:AT3G23980.1	Cau.Cau9BG001155	1.00	1.00	44.02	361	L1
transcript:AT5G63830.1	Cau.Cau5AG003596	0.99	0.99	55.31	229	L1
transcript:AT1G48320.1	Cau.Cau9BG002001	0.97	0.97	58.29	102	L1
transcript:AT2G39570.1	Cau.Cau7BG002023	1.00	1.00	71.60	300	L1
transcript:AT3G18140.1	Cau.Cau9BG000597	1.00	0.98	85.11	263	L1
transcript:AT1G24610.1	Cau.Cau2AG001622	1.00	0.99	69.18	330	L1
transcript:AT1G12100.1	Cau.Cau5AG000784	0.92	0.92	74.59	91	L1
transcript:AT3G47850.1	Cau.Cau5AG000362	0.91	1.00	43.78	169	L1
transcript:AT5G49560.1	Cau.Cau1BG000281	0.93	0.94	57.25	154	L1
transcript:AT3G10130.1	Cau.Cau6BG000752	0.96	0.98	66.11	199	L1
transcript:AT3G04950.1	Cau.Cau3BG001552	0.88	0.97	69.27	142	L1
transcript:AT3G07140.1	Cau.Cau5BG002555	0.95	0.94	67.09	426	L1
transcript:AT2G29125.1	Cau.Cau8AG001845	1.00	1.00	57.14	68	L1
transcript:AT3G06040.3	Cau.Cau6BG001526	1.00	1.00	58.03	112	L1
transcript:AT5G24710.1	Cau.Cau5AG001991	0.95	0.99	78.23	1053	L1
transcript:AT3G07100.1	Cau.Cau4BG001570	1.00	1.00	69.26	739	L1
transcript:AT3G25590.1	Cau.Cau7AG000817	0.97	0.95	36.01	175	L1
transcript:AT2G22750.3	Cau.Cau1BG000616	0.95	1.00	43.06	155	L1
transcript:AT2G29680.2	Cau.Cau8BG001960	1.00	1.00	61.25	324	L1
transcript:AT1G69120.1	Cau.Cau7AG000761	1.00	1.00	70.31	180	L1
transcript:AT1G02380.1	Cau.Cau5BG003184	0.97	0.97	38.98	99	L1
transcript:AT4G29830.1	Cau.Cau4BG000960	1.00	1.00	78.50	252	L1
transcript:AT5G28650.1	Cau.Cau8BG001246	1.00	1.00	53.58	202	L1
transcript:AT4G00720.1	Cau.Cau5BG003581	0.99	1.00	80.77	378	L1
transcript:AT1G30840.2	Cau.Cau2BG001862	0.97	0.95	62.70	232	L1
transcript:AT4G08685.1	Cau.Cau3BG000968	0.98	0.98	60.90	95	L1
transcript:AT4G39300.2	Cau.Cau8BG000615	1.00	1.00	64.58	62	L1
transcript:AT2G29590.1	Cau.Cau8AG001926	0.99	1.00	64.78	103	L1
transcript:AT4G34320.1	Cau.Cau8AG000593	0.99	1.00	76.15	281	L1
transcript:AT4G30110.2	Cau.Cau4BG002065	0.85	0.80	63.94	523	L1
transcript:AT2G32640.1	Cau.Cau2AG001251	1.00	1.00	71.65	422	L1
transcript:AT5G37055.1	Cau.Cau8BG002045	1.00	1.00	73.99	128	L1
transcript:AT3G12830.1	Cau.Cau9BG000071	0.96	0.94	75.94	101	L1
transcript:AT2G20740.1	Cau.Cau2BG001059	0.96	0.97	65.12	140	L1
transcript:AT5G65540.1	Cau.Cau1BG000664	1.00	1.00	52.26	322	L1
transcript:AT3G54610.1	Cau.Cau5BG002794	1.00	0.99	75.00	426	L1
transcript:AT1G77460.4	Cau.Cau3BG000837	1.00	1.00	69.43	1483	L1
transcript:AT3G01570.1	Cau.Cau2AG000539	0.83	0.92	54.78	86	L1
transcript:AT3G50420.1	Cau.Cau1BG000378	0.89	1.00	57.00	403	L1
transcript:AT4G33940.1	Cau.Cau8AG000483	0.76	0.60	62.81	125	L1
transcript:AT4G18930.1	Cau.Cau2BG002534	1.00	0.95	62.98	114	L1
transcript:AT5G17510.2	Cau.Cau7BG001123	0.86	0.87	69.00	227	L1
transcript:AT4G36520.1	Cau.Cau1AG000251	1.00	1.00	42.47	549	L1
transcript:AT5G57490.1	Cau.Cau4BG002123	1.00	1.00	66.06	181	L1
transcript:AT2G18330.1	Cau.Cau1BG000269	1.00	0.99	74.92	481	L1
transcript:AT1G72830.1	Cau.Cau1AG000889	0.97	0.97	45.77	157	L1
transcript:AT1G80570.3	Cau.Cau1BG001438	1.00	1.00	72.59	339	L1
transcript:AT5G37790.1	Cau.Cau6AG000480	0.93	0.93	61.36	316	L1
transcript:AT2G20310.1	Cau.Cau5AG002698	0.51	0.45	40.91	99	L1
transcript:AT1G27385.1	Cau.Cau7BG000670	1.00	1.00	62.84	137	L1
transcript:AT2G23450.2	Cau.Cau1BG000362	0.92	0.94	62.48	413	L1
transcript:AT3G24840.6	Cau.Cau5BG002564	0.98	0.99	58.19	348	L1
transcript:AT4G09830.1	Cau.Cau3BG000646	1.00	1.00	64.90	135	L1
transcript:AT1G25440.1	Cau.Cau2AG001820	0.99	0.98	46.64	215	L1
transcript:AT2G41520.3	Cau.Cau9AG000717	0.79	0.64	48.72	413	L1
transcript:AT4G26190.5	Cau.Cau5AG001069	0.21	0.28	52.27	115	L1
transcript:AT5G54920.2	Cau.Cau4BG001430	1.00	1.00	40.62	234	L1
transcript:AT4G14720.1	Cau.Cau9BG001454	0.98	0.97	47.86	168	L1
transcript:AT3G27820.1	Cau.Cau2AG000506	1.00	1.00	78.07	381	L1
transcript:AT4G25500.4	Cau.Cau9BG000317	1.00	1.00	63.25	241	L1
transcript:AT1G61120.1	Cau.Cau2AG002321	0.94	0.94	48.04	404	L1
transcript:AT1G14440.2	Cau.Cau3AG002369	0.93	1.00	49.26	167	L1
transcript:AT2G32720.1	Cau.Cau9BG001029	0.99	0.98	84.09	111	L1
transcript:AT1G19210.1	Cau.Cau4BG001751	1.00	0.97	52.71	107	L1
transcript:AT4G32000.3	Cau.Cau4AG000165	0.93	0.89	59.37	263	L1
transcript:AT3G13226.1	Cau.Cau4AG001631	1.00	1.00	37.66	151	L1
transcript:AT1G14000.1	Cau.Cau7BG000231	1.00	1.00	79.11	356	L1
transcript:AT5G11670.1	Cau.Cau4BG000422	1.00	0.95	81.23	476	L1
transcript:AT1G17440.2	Cau.Cau1AG000905	0.77	0.86	63.35	337	L1
transcript:AT2G01190.1	Cau.Cau2AG001770	1.00	0.99	48.63	374	L1
transcript:AT4G26790.2	Cau.Cau4AG001495	1.00	1.00	65.71	230	L1
transcript:AT4G20090.2	Cau.Cau2AG001894	0.95	0.94	65.98	415	L1
transcript:AT1G07060.2	Cau.Cau8BG002031	0.86	0.94	47.92	115	L1
transcript:AT5G42480.1	Cau.Cau3BG000246	1.00	0.99	60.71	493	L1
transcript:AT1G34000.1	Cau.Cau3AG000649	1.00	1.00	63.59	117	L1
transcript:AT2G15270.2	Cau.Cau8AG000384	0.66	0.70	65.89	85	L1
transcript:AT2G05590.2	Cau.Cau9BG001216	1.00	1.00	53.73	180	L1
transcript:AT3G04710.1	Cau.Cau8BG001249	0.98	0.99	71.37	324	L1
transcript:AT1G75340.1	Cau.Cau4BG002337	1.00	0.99	42.01	184	L1
transcript:AT1G55840.1	Cau.Cau4BG001630	0.98	0.96	73.04	233	L1
transcript:AT4G38890.1	Cau.Cau8BG000728	0.98	0.98	65.61	454	L1
transcript:AT1G09575.2	Cau.Cau1AG001664	0.85	0.73	67.61	167	L1
transcript:AT3G20430.1	Cau.Cau4BG000457	0.98	1.00	48.92	136	L1
transcript:AT3G55520.1	Cau.Cau7BG002305	0.93	0.94	82.39	145	L1
transcript:AT1G76240.1	Cau.Cau3AG000105	1.00	1.00	52.10	161	L1
transcript:AT5G06910.1	Cau.Cau9BG000586	1.00	1.00	67.13	192	L1
transcript:AT1G33390.1	Cau.Cau5BG000083	0.97	0.97	53.95	704	L1
transcript:AT5G40440.4	Cau.Cau2AG000542	1.00	1.00	79.34	411	L1
transcript:AT5G62310.1	Cau.Cau9AG000402	0.99	1.00	65.26	787	L1
transcript:AT3G05510.1	Cau.Cau3BG001374	0.99	0.97	60.75	274	L1
transcript:AT1G34340.1	Cau.Cau3AG000571	0.98	0.97	60.07	337	L1
transcript:AT5G62640.1	Cau.Cau5BG000354	0.33	0.32	70.72	128	L1
transcript:AT1G05060.1	Cau.Cau2BG001254	1.00	0.99	66.67	172	L1
transcript:AT2G14825.1	Cau.Cau8AG000322	0.93	0.92	67.15	92	L1
transcript:AT2G20495.1	Cau.Cau5AG002767	1.00	1.00	70.21	198	L1
transcript:AT5G37540.1	Cau.Cau6AG000536	0.93	0.93	71.50	296	L1
transcript:AT3G22450.2	Cau.Cau9AG001445	0.84	0.80	57.39	163	L1
transcript:AT4G19220.1	Cau.Cau6BG000287	0.95	0.97	49.51	455	L1
transcript:AT1G58280.1	Cau.Cau3BG001140	1.00	0.94	63.00	206	L1
transcript:AT3G12530.1	Cau.Cau7BG002375	1.00	1.00	71.30	154	L1
transcript:AT2G24230.1	Cau.Cau4BG002273	0.99	1.00	72.35	615	L1
transcript:AT4G20410.1	Cau.Cau2AG002022	1.00	0.99	74.49	219	L1
transcript:AT3G25190.1	Cau.Cau8AG000946	0.97	0.97	66.36	146	L1
transcript:AT3G16240.1	Cau.Cau1AG001094	0.98	0.98	84.84	207	L1
transcript:AT1G07645.1	Cau.Cau8BG001798	1.00	0.98	74.45	102	L1
transcript:AT2G45650.1	Cau.Cau5AG003658	1.00	1.00	71.54	181	L1
transcript:AT1G61790.2	Cau.Cau2AG002201	1.00	1.00	65.13	226	L1
transcript:AT3G45740.1	Cau.Cau8BG001724	0.97	0.99	68.06	260	L1
transcript:AT4G37790.1	Cau.Cau1BG000599	1.00	1.00	60.70	190	L1
transcript:AT5G61450.1	Cau.Cau9BG000461	0.99	0.97	62.58	291	L1
transcript:AT2G44990.3	Cau.Cau1AG000182	1.00	0.97	63.10	395	L1
transcript:AT1G08190.1	Cau.Cau8AG001494	0.95	0.96	78.40	737	L1
transcript:AT5G14340.1	Cau.Cau2AG000958	0.95	0.99	53.85	147	L1
transcript:AT5G28050.1	Cau.Cau9BG001998	1.00	1.00	84.41	157	L1
transcript:AT4G34670.1	Cau.Cau6AG002035	1.00	1.00	83.59	219	L1
transcript:AT5G01010.1	Cau.Cau6BG001097	0.98	0.98	72.33	311	L1
transcript:AT5G63890.1	Cau.Cau2AG002078	1.00	0.93	83.59	377	L1
transcript:AT2G36460.1	Cau.Cau6BG000687	1.00	1.00	89.11	319	L1
transcript:AT5G43600.1	Cau.Cau9AG001305	0.99	0.99	76.26	363	L1
transcript:AT5G26210.1	Cau.Cau4AG001837	1.00	1.00	82.28	209	L1
transcript:AT3G11530.1	Cau.Cau6BG000786	1.00	1.00	92.04	104	L1
transcript:AT5G67470.1	Cau.Cau1BG000539	0.96	0.96	60.15	551	L1
transcript:AT3G26990.2	Cau.Cau2AG000843	1.00	1.00	53.86	300	L1
transcript:AT2G33360.1	Cau.Cau9BG001219	0.99	0.99	41.72	272	L1
transcript:AT4G31840.1	Cau.Cau4AG000132	0.99	0.96	53.93	96	L1
transcript:AT1G63700.2	Cau.Cau5AG000246	1.00	1.00	61.72	561	L1
transcript:AT1G01710.1	Cau.Cau5AG003574	1.00	1.00	70.53	304	L1
transcript:AT3G07270.1	Cau.Cau5AG002587	0.98	0.99	65.24	304	L1
transcript:AT3G61750.1	Cau.Cau5BG003383	0.90	0.83	57.34	207	L1
transcript:AT2G17980.1	Cau.Cau8AG000060	0.99	1.00	81.35	506	L1
transcript:AT2G12646.2	Cau.Cau4BG002333	1.00	0.99	64.81	175	L1
transcript:AT2G19950.2	Cau.Cau4AG000779	0.99	0.98	61.19	443	L1
transcript:AT3G46130.1	Cau.Cau8BG001770	0.94	0.96	63.20	158	L1
transcript:AT4G10020.1	Cau.Cau5AG001838	0.92	0.95	69.64	250	L1
transcript:AT3G24220.1	Cau.Cau9AG001007	0.97	0.97	64.12	370	L1
transcript:AT1G61795.1	Cau.Cau2BG002181	1.00	0.62	45.71	64	L1
transcript:AT1G60200.1	Cau.Cau7AG000433	1.00	1.00	52.48	507	L1
transcript:AT1G68185.1	Cau.Cau2BG001745	0.99	0.98	52.49	116	L1
transcript:AT3G56850.1	Cau.Cau6AG000628	1.00	0.98	58.31	193	L1
transcript:AT3G24240.1	Cau.Cau9BG001092	0.96	0.96	68.95	755	L1
transcript:AT5G50970.1	Cau.Cau7AG001360	1.00	1.00	61.69	335	L1
transcript:AT5G22220.2	Cau.Cau8AG001324	0.97	0.97	60.26	282	L1
transcript:AT2G20420.1	Cau.Cau5AG002743	1.00	1.00	86.90	365	L1
transcript:AT5G57330.1	Cau.Cau4BG002078	1.00	0.99	78.53	245	L1
transcript:AT3G17770.1	Cau.Cau5BG001635	1.00	1.00	81.82	486	L1
transcript:AT2G13690.1	Cau.Cau1BG001872	0.99	0.99	55.26	315	L1
transcript:AT3G24590.2	Cau.Cau4BG000722	0.96	0.86	62.13	187	L1
transcript:AT2G30370.2	Cau.Cau1AG001640	0.37	0.53	91.23	52	L1
transcript:AT2G32520.4	Cau.Cau2AG001229	0.99	1.00	77.62	215	L1
transcript:AT4G23850.1	Cau.Cau5BG000130	0.98	0.99	75.38	493	L1
transcript:AT1G33440.1	Cau.Cau5AG001942	0.99	0.99	70.98	433	L1
transcript:AT5G62580.2	Cau.Cau5AG000377	0.94	0.97	50.16	310	L1
transcript:AT2G16800.1	Cau.Cau8BG000150	1.00	1.00	64.34	249	L1
transcript:AT4G25540.1	Cau.Cau9BG000285	1.00	1.00	64.00	713	L1
transcript:AT3G15040.1	Cau.Cau8AG001368	0.89	0.65	43.89	97	L1
transcript:AT4G38690.1	Cau.Cau8AG000196	1.00	1.00	79.25	252	L1
transcript:AT2G35050.2	Cau.Cau2BG001921	0.77	0.99	43.34	399	L1
transcript:AT1G78860.1	Cau.Cau5BG001274	0.97	0.97	50.12	217	L1
transcript:AT5G05010.2	Cau.Cau2AG001937	1.00	1.00	76.82	411	L1
transcript:AT5G59440.1	Cau.Cau2BG000921	1.00	1.00	68.30	181	L1
transcript:AT1G29170.2	Cau.Cau2BG002479	0.99	0.97	36.31	411	L1
transcript:AT3G54650.1	Cau.Cau5AG002842	1.00	0.99	61.06	367	L1
transcript:AT3G46220.1	Cau.Cau8AG001733	1.00	1.00	66.99	550	L1
transcript:AT1G26230.1	Cau.Cau7BG000811	0.94	0.94	72.94	434	L1
transcript:AT5G57950.1	Cau.Cau4AG002248	1.00	1.00	60.85	143	L1
transcript:AT5G11550.1	Cau.Cau4AG000367	0.95	0.95	55.49	177	L1
transcript:AT3G09860.1	Cau.Cau6AG001755	1.00	1.00	75.76	75	L1
transcript:AT5G07440.2	Cau.Cau7BG001335	1.00	1.00	86.86	357	L1
transcript:AT1G65230.1	Cau.Cau6BG001901	0.89	0.82	67.43	176	L1
transcript:AT4G29940.2	Cau.Cau4AG002021	0.67	0.71	53.06	286	L1
transcript:AT5G19550.1	Cau.Cau4BG000730	1.00	0.99	86.39	349	L1
transcript:AT1G51450.1	Cau.Cau2BG000274	0.74	0.68	68.97	260	L1
transcript:AT1G69630.1	Cau.Cau6BG001139	0.97	0.98	31.50	143	L1
transcript:AT1G24706.7	Cau.Cau2BG001579	1.00	1.00	69.10	1306	L1
transcript:AT4G25225.1	Cau.Cau9AG000431	0.98	0.96	78.18	43	L1
transcript:AT1G30220.1	Cau.Cau2BG002137	0.99	1.00	78.58	455	L1
transcript:AT5G48170.1	Cau.Cau2BG001358	0.90	0.94	57.86	92	L1
transcript:AT3G06790.2	Cau.Cau9AG001730	0.92	0.83	63.00	143	L1
transcript:AT5G63440.2	Cau.Cau5BG000623	1.00	1.00	90.09	209	L1
transcript:AT4G02800.1	Cau.Cau5AG002931	0.90	0.88	61.41	191	L1
transcript:AT1G29320.1	Cau.Cau5AG000599	0.84	0.91	61.01	241	L1
transcript:AT4G24400.1	Cau.Cau3AG001133	1.00	1.00	82.33	368	L1
transcript:AT1G16650.1	Cau.Cau5AG001489	0.99	0.99	59.57	330	L1
transcript:AT2G16730.1	Cau.Cau8AG000167	0.98	0.99	56.58	473	L1
transcript:AT4G18440.1	Cau.Cau7BG002299	1.00	0.98	70.82	381	L1
transcript:AT3G02300.1	Cau.Cau6AG000264	0.98	0.97	80.60	374	L1
transcript:AT2G27290.1	Cau.Cau8BG001340	0.98	1.00	62.69	126	L1
transcript:AT4G28390.2	Cau.Cau2BG001002	1.00	0.99	82.01	310	L1
transcript:AT5G16760.1	Cau.Cau5AG002416	0.97	0.96	59.37	187	L1
transcript:AT1G53670.1	Cau.Cau5BG001432	0.80	0.82	77.91	127	L1
transcript:AT1G08250.1	Cau.Cau8AG001447	0.92	0.89	80.98	315	L1
transcript:AT1G22110.1	Cau.Cau3BG000956	0.52	0.54	45.70	69	L1
transcript:AT2G20870.1	Cau.Cau2AG001048	0.95	0.93	33.83	45	L1
transcript:AT1G72790.1	Cau.Cau1AG000882	0.98	1.00	39.32	243	L1
transcript:AT1G07890.3	Cau.Cau8BG001714	1.00	1.00	82.40	206	L1
transcript:AT3G61460.1	Cau.Cau5AG003532	0.95	0.94	77.78	126	L1
transcript:AT5G15860.1	Cau.Cau6AG000333	0.91	0.95	77.84	302	L1
transcript:AT4G32150.1	Cau.Cau4BG000210	1.00	1.00	80.82	177	L1
transcript:AT3G62810.2	Cau.Cau5BG003050	0.96	0.92	74.51	76	L1
transcript:AT4G25370.1	Cau.Cau9AG000378	0.98	1.00	59.00	141	L1
transcript:AT3G59420.1	Cau.Cau5AG002306	1.00	1.00	69.88	645	L1
transcript:AT4G08980.3	Cau.Cau3AG001021	1.00	1.00	64.53	211	L1
transcript:AT4G03560.1	Cau.Cau2AG001031	0.96	0.95	74.05	525	L1
transcript:AT1G75125.1	Cau.Cau4AG000599	0.99	0.99	65.38	68	L1
transcript:AT4G30330.1	Cau.Cau1BG001564	1.00	1.00	95.45	84	L1
transcript:AT5G55510.1	Cau.Cau4BG001554	0.90	0.96	59.72	129	L1
transcript:AT1G26340.1	Cau.Cau7BG000755	0.99	0.99	65.67	88	L1
transcript:AT4G27120.2	Cau.Cau4BG001350	1.00	1.00	71.85	217	L1
transcript:AT2G40460.1	Cau.Cau7BG002152	0.99	0.99	74.31	431	L1
transcript:AT3G13224.2	Cau.Cau4BG001635	1.00	1.00	73.33	264	L1
transcript:AT3G10140.1	Cau.Cau9BG000747	0.99	0.97	60.36	233	L1
transcript:AT4G08630.2	Cau.Cau3BG001523	1.00	1.00	46.70	410	L1
transcript:AT5G15550.1	Cau.Cau6BG000022	0.99	0.97	73.07	312	L1
transcript:AT1G57820.3	Cau.Cau4BG001048	0.99	0.89	69.38	469	L1
transcript:AT5G52900.1	Cau.Cau9BG000165	0.97	0.98	48.29	113	L1
transcript:AT5G19900.5	Cau.Cau2AG000115	0.84	0.87	54.42	240	L1
transcript:AT4G01790.1	Cau.Cau5AG003291	0.87	0.80	55.70	88	L1
transcript:AT5G44440.1	Cau.Cau2AG002057	0.96	0.89	51.34	269	L1
transcript:AT2G26990.1	Cau.Cau2AG000425	1.00	1.00	87.90	385	L1
transcript:AT1G52780.1	Cau.Cau1BG001271	0.99	0.98	57.21	607	L1
transcript:AT4G02460.1	Cau.Cau5BG003034	0.97	0.98	60.66	566	L1
transcript:AT3G25160.1	Cau.Cau5BG002534	1.00	1.00	67.28	183	L1
transcript:AT1G66150.1	Cau.Cau9BG000881	0.99	0.98	67.88	636	L1
transcript:AT1G31070.2	Cau.Cau2BG001913	1.00	1.00	81.03	410	L1
transcript:AT2G42610.2	Cau.Cau2BG000692	0.93	0.96	81.18	138	L1
transcript:AT4G39970.1	Cau.Cau1AG000730	0.90	0.90	75.43	218	L1
transcript:AT1G15510.1	Cau.Cau1AG001243	0.97	0.96	68.13	573	L1
transcript:AT4G22830.1	Cau.Cau5AG000853	0.95	0.97	57.07	105	L1
transcript:AT3G62330.1	Cau.Cau5AG003234	1.00	1.00	63.47	304	L1
transcript:AT5G20740.1	Cau.Cau4BG001756	0.95	0.93	52.02	103	L1
transcript:AT1G74110.1	Cau.Cau5AG001076	1.00	0.99	67.71	369	L1
transcript:AT1G11890.1	Cau.Cau1BG000987	1.00	1.00	93.58	204	L1
transcript:AT4G37760.1	Cau.Cau1BG000586	0.97	0.84	77.61	402	L1
transcript:AT3G15410.1	Cau.Cau4BG001205	1.00	1.00	72.90	425	L1
transcript:AT5G24620.1	Cau.Cau9BG001557	0.66	0.92	66.90	190	L1
transcript:AT2G27100.1	Cau.Cau2BG000412	0.91	0.91	72.31	504	L1
transcript:AT4G15560.1	Cau.Cau9BG001681	1.00	0.99	83.70	601	L1
transcript:AT5G04610.1	Cau.Cau7BG001724	1.00	1.00	53.32	257	L1
transcript:AT2G29970.1	Cau.Cau8AG001973	0.99	0.99	42.64	475	L1
transcript:AT3G28920.1	Cau.Cau6AG000113	0.87	0.84	48.30	156	L1
transcript:AT3G07880.1	Cau.Cau2AG001321	1.00	1.00	67.48	166	L1
transcript:AT1G10310.1	Cau.Cau3BG002360	1.00	1.00	76.45	185	L1
transcript:AT5G24030.1	Cau.Cau9BG000164	0.98	0.97	54.73	353	L1
transcript:AT3G59360.1	Cau.Cau5BG002285	1.00	1.00	82.67	334	L1
transcript:AT3G22520.1	Cau.Cau9AG001433	0.79	0.95	35.72	133	L1
transcript:AT1G76130.1	Cau.Cau3AG000129	1.00	1.00	82.08	339	L1
transcript:AT1G30360.1	Cau.Cau2AG002131	0.99	0.99	67.13	484	L1
transcript:AT3G05070.1	Cau.Cau5AG001752	0.92	0.92	60.26	91	L1
transcript:AT2G36250.3	Cau.Cau6AG000745	1.00	1.00	80.45	391	L1
transcript:AT2G27980.1	Cau.Cau8AG001503	0.76	0.73	53.13	433	L1
transcript:AT5G66180.1	Cau.Cau1BG000138	0.97	0.99	67.09	263	L1
transcript:AT5G66810.1	Cau.Cau1BG000413	0.93	1.00	62.76	450	L1
transcript:AT4G12610.1	Cau.Cau2BG002732	1.00	1.00	69.33	382	L1
transcript:AT3G23255.2	Cau.Cau8AG001054	1.00	0.99	54.47	128	L1
transcript:AT4G14770.1	Cau.Cau9BG001471	1.00	1.00	42.75	333	L1
transcript:AT2G30990.1	Cau.Cau2BG000696	1.00	1.00	35.15	245	L1
transcript:AT5G45760.1	Cau.Cau2AG002511	1.00	1.00	67.46	255	L1
transcript:AT1G69390.1	Cau.Cau7BG000213	0.98	0.98	69.16	157	L1
transcript:AT2G39760.1	Cau.Cau7BG002325	0.95	0.98	71.11	283	L1
transcript:AT3G45870.1	Cau.Cau6AG000281	0.99	1.00	68.99	267	L1
transcript:AT3G42660.1	Cau.Cau5BG001109	1.00	1.00	61.21	598	L1
transcript:AT5G48060.1	Cau.Cau7AG000042	1.00	1.00	70.71	741	L1
transcript:AT1G08770.1	Cau.Cau8BG001250	0.94	0.94	50.76	100	L1
transcript:AT5G19840.1	Cau.Cau5BG002812	0.96	0.97	54.36	287	L1
transcript:AT2G20820.1	Cau.Cau4AG001221	0.91	0.88	56.04	51	L1
transcript:AT1G47490.1	Cau.Cau3AG000433	0.88	0.99	69.15	278	L1
transcript:AT5G06370.1	Cau.Cau6AG000849	0.97	0.98	77.38	195	L1
transcript:AT4G35730.1	Cau.Cau1BG000065	0.97	0.99	55.95	268	L1
transcript:AT3G43540.1	Cau.Cau4BG001806	0.90	0.83	71.56	239	L1
transcript:AT3G54320.3	Cau.Cau3AG001858	0.81	0.74	57.95	204	L1
transcript:AT1G14810.1	Cau.Cau2AG001606	1.00	1.00	83.82	316	L1
transcript:AT3G05675.3	Cau.Cau6BG000851	0.98	1.00	65.59	284	L1
transcript:AT3G15540.1	Cau.Cau1BG001246	0.96	0.97	58.50	117	L1
transcript:AT4G21820.2	Cau.Cau2AG002174	1.00	1.00	51.29	713	L1
transcript:AT3G44110.1	Cau.Cau8BG001298	1.00	1.00	85.00	357	L1
transcript:AT3G52500.1	Cau.Cau6BG000827	0.97	0.95	59.00	272	L1
transcript:AT3G62580.1	Cau.Cau5AG003175	0.98	0.82	83.65	174	L1
transcript:AT3G15790.3	Cau.Cau4AG000540	0.55	0.46	60.43	84	L1
transcript:AT3G25070.2	Cau.Cau5BG002547	0.95	1.00	42.70	114	L1
transcript:AT4G20110.1	Cau.Cau2AG001889	0.98	0.98	73.74	455	L1
transcript:AT5G67640.1	Cau.Cau1BG000547	0.94	0.84	42.71	85	L1
transcript:AT4G34880.2	Cau.Cau8BG000817	0.99	1.00	62.81	326	L1
transcript:AT2G05940.1	Cau.Cau4AG001699	0.84	0.85	67.80	278	L1
transcript:AT1G15380.2	Cau.Cau1BG001316	0.94	0.98	74.39	122	L1
transcript:AT1G19290.2	Cau.Cau3BG000379	0.96	0.92	53.27	473	L1
transcript:AT3G55646.1	Cau.Cau7AG002343	0.86	0.89	48.91	67	L1
transcript:AT3G23750.1	Cau.Cau9BG000905	0.97	0.97	65.33	601	L1
transcript:AT1G13920.1	Cau.Cau7AG000202	1.00	1.00	36.34	153	L1
transcript:AT5G57440.1	Cau.Cau4AG002081	0.97	0.99	77.78	182	L1
transcript:AT5G51140.1	Cau.Cau7BG001423	1.00	0.99	66.83	266	L1
transcript:AT5G10930.1	Cau.Cau4BG000150	1.00	0.97	71.88	322	L1
transcript:AT5G40610.1	Cau.Cau2BG000610	0.91	0.89	82.04	306	L1
transcript:AT4G23330.4	Cau.Cau5AG000257	0.88	0.83	66.41	87	L1
transcript:AT1G15240.2	Cau.Cau1BG001155	1.00	1.00	55.26	625	L1
transcript:AT4G16850.1	Cau.Cau4BG002169	0.90	0.87	44.44	128	L1
transcript:AT4G03440.3	Cau.Cau5BG002058	0.78	0.88	27.42	184	L1
transcript:AT1G30610.1	Cau.Cau2BG002018	0.93	0.90	49.17	475	L1
transcript:AT1G73965.1	Cau.Cau7AG000851	0.96	0.98	45.16	56	L1
transcript:AT2G32070.1	Cau.Cau1BG001475	1.00	1.00	78.18	215	L1
transcript:AT5G03770.1	Cau.Cau6AG000668	0.98	0.91	67.58	296	L1
transcript:AT4G14930.1	Cau.Cau9BG001528	0.97	0.96	64.59	197	L1
transcript:AT1G56450.1	Cau.Cau8BG001678	0.91	0.93	84.00	189	L1
transcript:AT1G06680.1	Cau.Cau7BG001309	1.00	1.00	77.36	205	L1
transcript:AT2G42060.1	Cau.Cau6AG000969	1.00	1.00	51.85	140	L1
transcript:AT3G17580.1	Cau.Cau9BG002003	0.94	0.91	57.89	44	L1
transcript:AT4G00210.1	Cau.Cau5BG003647	0.99	0.99	54.59	119	L1
transcript:AT5G45120.1	Cau.Cau2BG001964	0.98	0.97	68.23	335	L1
transcript:AT3G21250.4	Cau.Cau1BG000838	0.99	0.99	67.26	986	L1
transcript:AT1G59600.1	Cau.Cau3BG001199	1.00	1.00	64.62	221	L1
transcript:AT2G33630.1	Cau.Cau3BG000041	0.99	1.00	72.38	346	L1
transcript:AT5G13580.1	Cau.Cau7BG001956	1.00	1.00	73.23	558	L1
transcript:AT2G25180.1	Cau.Cau4BG000164	0.97	0.99	47.99	322	L1
transcript:AT4G13870.2	Cau.Cau9BG000927	0.97	0.90	55.99	159	L1
transcript:AT3G07330.1	Cau.Cau7BG001208	1.00	0.99	71.21	502	L1
transcript:AT3G05710.2	Cau.Cau3AG001321	1.00	1.00	77.18	257	L1
transcript:AT1G27410.1	Cau.Cau2AG001125	0.85	0.84	63.56	232	L1
transcript:AT4G33240.4	Cau.Cau4BG001783	0.99	0.99	57.94	1065	L1
transcript:AT2G15080.2	Cau.Cau6BG001266	0.98	0.98	35.18	374	L1
transcript:AT3G15920.1	Cau.Cau1BG001370	1.00	1.00	48.54	381	L1
transcript:AT3G05290.1	Cau.Cau3BG001423	1.00	1.00	79.75	256	L1
transcript:AT3G14840.1	Cau.Cau5BG001356	0.82	0.94	46.32	44	L1
transcript:AT1G33410.2	Cau.Cau3BG002451	0.99	0.99	53.90	815	L1
transcript:AT3G21190.1	Cau.Cau1AG001515	1.00	1.00	67.54	285	L1
transcript:ATCG00790.1	Cau.Cau5AG001903	0.87	0.99	83.90	99	L1
transcript:AT2G17580.1	Cau.Cau1AG000046	0.72	0.75	49.91	278	L1
transcript:AT3G58770.1	Cau.Cau7BG001233	0.71	0.63	31.74	132	L1
transcript:AT1G11780.1	Cau.Cau7BG000669	1.00	1.00	69.06	250	L1
transcript:AT5G09680.2	Cau.Cau7BG000045	0.97	0.99	59.71	123	L1
transcript:AT1G76070.1	Cau.Cau3AG000144	0.93	0.95	38.46	105	L1
transcript:AT1G11250.1	Cau.Cau2AG002293	1.00	0.99	76.57	232	L1
transcript:AT3G04800.1	Cau.Cau3BG001616	1.00	1.00	59.57	112	L1
transcript:AT3G18970.1	Cau.Cau3BG001651	0.99	0.97	52.55	247	L1
transcript:AT2G42140.1	Cau.Cau6BG000977	0.86	0.90	47.31	79	L1
transcript:AT3G16200.1	Cau.Cau1BG001121	0.99	1.00	73.92	343	L1
transcript:AT2G19080.1	Cau.Cau4AG002046	1.00	0.99	62.93	202	L1
transcript:AT2G33740.2	Cau.Cau3AG001073	1.00	1.00	66.32	126	L1
transcript:AT4G02750.1	Cau.Cau6AG001057	0.79	0.90	41.96	287	L1
transcript:AT3G53200.1	Cau.Cau6BG001796	0.82	0.70	51.79	101	L1
transcript:AT1G08350.4	Cau.Cau8BG001418	0.96	0.96	56.60	296	L1
transcript:AT2G35150.1	Cau.Cau2AG001957	0.96	0.93	64.24	203	L1
transcript:AT3G63140.1	Cau.Cau5BG002878	0.85	0.86	80.28	285	L1
transcript:AT2G37660.1	Cau.Cau6AG001487	0.74	0.94	86.25	207	L1
transcript:AT1G11510.1	Cau.Cau2AG002237	0.98	0.99	35.84	143	L1
transcript:AT5G24910.1	Cau.Cau7AG002053	0.98	0.99	60.04	317	L1
transcript:AT2G19860.1	Cau.Cau4BG000806	0.99	1.00	80.28	399	L1
transcript:AT1G20720.2	Cau.Cau3AG000071	0.98	0.99	55.91	695	L1
transcript:AT2G40935.9	Cau.Cau6AG001081	1.00	0.99	68.42	130	L1
transcript:AT4G29910.1	Cau.Cau5BG003506	0.99	0.99	61.27	329	L1
transcript:AT3G58490.1	Cau.Cau6BG000925	0.97	0.99	68.07	275	L1
transcript:AT1G73530.1	Cau.Cau5BG001648	0.70	0.74	54.89	73	L1
transcript:AT5G14140.1	Cau.Cau2AG000873	0.97	0.98	67.84	173	L1
transcript:AT5G54600.1	Cau.Cau4BG001314	0.97	1.00	72.02	139	L1
transcript:AT5G55970.2	Cau.Cau4BG001643	1.00	1.00	69.77	240	L1
transcript:AT3G06140.1	Cau.Cau9BG001596	0.82	0.78	59.55	184	L1
transcript:AT1G75200.1	Cau.Cau3BG000336	0.98	0.99	71.17	464	L1
transcript:AT3G55160.1	Cau.Cau6AG000130	0.99	1.00	60.47	1351	L1
transcript:AT4G16480.1	Cau.Cau2BG002750	0.99	0.99	71.06	410	L1
transcript:AT2G19990.1	Cau.Cau8AG000239	0.95	0.97	50.30	84	L1
transcript:AT5G49950.1	Cau.Cau3AG002192	0.99	0.99	57.75	324	L1
transcript:AT5G08400.1	Cau.Cau2AG001842	0.85	0.81	72.45	213	L1
transcript:AT5G01310.1	Cau.Cau6BG001267	0.99	0.99	58.84	446	L1
transcript:AT4G38760.1	Cau.Cau8BG000808	1.00	1.00	54.98	1088	L1
transcript:AT1G55590.1	Cau.Cau4BG001710	0.99	0.99	58.61	354	L1
transcript:AT3G15520.3	Cau.Cau4BG001229	0.97	0.98	69.09	313	L1
transcript:AT2G24360.1	Cau.Cau4AG000011	1.00	0.99	86.75	360	L1
transcript:AT2G21870.1	Cau.Cau1BG002003	1.00	1.00	72.08	173	L1
transcript:AT1G43850.2	Cau.Cau3BG000747	0.99	0.99	62.27	599	L1
transcript:AT2G19410.2	Cau.Cau4BG000947	0.96	0.98	54.55	432	L1
transcript:AT1G52080.2	Cau.Cau1AG001040	1.00	1.00	39.12	248	L1
transcript:AT5G55180.1	Cau.Cau4AG001489	0.97	0.97	71.18	326	L1
transcript:AT2G35500.1	Cau.Cau3AG001763	0.99	0.98	65.63	254	L1
transcript:AT1G49340.2	Cau.Cau8BG000582	1.00	1.00	77.56	1586	L1
transcript:AT1G30790.1	Cau.Cau6AG000600	0.93	0.94	25.81	103	L1
transcript:AT1G65810.3	Cau.Cau8AG001116	0.95	0.36	40.60	421	L1
transcript:AT4G17970.1	Cau.Cau7AG001516	0.99	0.98	61.12	371	L1
transcript:AT1G61250.1	Cau.Cau2BG002297	1.00	1.00	72.52	227	L1
transcript:AT5G14030.4	Cau.Cau2AG000818	0.99	1.00	65.46	127	L1
transcript:AT3G48590.1	Cau.Cau7BG001466	0.89	0.91	87.74	186	L1
transcript:AT4G20430.3	Cau.Cau2BG002002	0.99	0.97	70.59	600	L1
transcript:AT4G39040.2	Cau.Cau8AG000718	0.40	0.42	70.80	80	L1
transcript:AT1G16240.2	Cau.Cau4AG001506	1.00	1.00	74.25	173	L1
transcript:AT4G36690.1	Cau.Cau1BG000311	0.99	0.98	70.09	403	L1
transcript:AT5G09330.4	Cau.Cau1AG001802	0.70	0.81	50.27	184	L1
transcript:AT2G47810.1	Cau.Cau5AG003060	0.89	0.86	67.61	96	L1
transcript:AT5G43822.1	Cau.Cau3BG000069	0.99	0.99	55.33	109	L1
transcript:AT3G06470.1	Cau.Cau3AG002073	0.96	0.97	65.31	177	L1
transcript:AT4G35440.1	Cau.Cau8BG000976	0.93	0.92	61.10	435	L1
transcript:AT5G54130.2	Cau.Cau5AG001642	1.00	0.99	81.90	362	L1
transcript:AT5G40810.1	Cau.Cau5AG001775	1.00	1.00	87.42	271	L1
transcript:AT3G48820.1	Cau.Cau7AG001383	0.97	0.97	78.82	335	L1
transcript:AT4G28010.1	Cau.Cau2AG000360	0.98	0.95	48.12	333	L1
transcript:AT4G02530.1	Cau.Cau4AG000539	0.80	0.72	69.54	121	L1
transcript:AT1G32090.1	Cau.Cau3AG001808	0.99	1.00	72.57	598	L1
transcript:AT3G03620.1	Cau.Cau7AG001153	0.98	1.00	55.20	276	L1
transcript:AT5G40020.1	Cau.Cau6BG000182	0.97	0.92	64.66	161	L1
transcript:AT1G77280.2	Cau.Cau3AG000800	1.00	1.00	63.55	497	L1
transcript:AT3G15140.1	Cau.Cau4BG001111	0.97	0.99	57.57	194	L1
transcript:AT5G18650.1	Cau.Cau9AG001639	1.00	1.00	83.90	224	L1
transcript:AT5G44650.1	Cau.Cau2BG001863	1.00	1.00	54.20	155	L1
transcript:AT5G14180.1	Cau.Cau2BG000896	0.95	0.98	65.93	267	L1
transcript:AT3G52070.1	Cau.Cau7AG000052	0.71	0.66	51.19	43	L1
transcript:AT3G53190.1	Cau.Cau6BG001795	1.00	1.00	72.73	352	L1
transcript:AT5G02540.1	Cau.Cau6AG001528	0.97	0.99	76.01	244	L1
transcript:AT1G51730.1	Cau.Cau1BG000823	1.00	0.99	74.61	191	L1
transcript:AT2G38020.1	Cau.Cau7BG001280	1.00	1.00	76.44	662	L1
transcript:AT1G49320.1	Cau.Cau8AG000611	0.97	0.96	43.17	120	L1
transcript:AT5G51180.2	Cau.Cau9BG000530	0.99	0.99	60.34	216	L1
transcript:AT1G68740.1	Cau.Cau7AG000835	1.00	1.00	72.57	582	L1
transcript:AT1G12830.1	Cau.Cau2AG000814	0.93	0.94	38.69	77	L1
transcript:AT1G20200.1	Cau.Cau8BG000138	1.00	1.00	82.82	405	L1
transcript:AT5G20540.1	Cau.Cau4AG000998	1.00	1.00	70.60	281	L1
transcript:AT2G13650.3	Cau.Cau1AG001788	1.00	0.83	80.12	270	L1
transcript:AT1G36310.2	Cau.Cau3BG000946	0.98	0.98	64.29	261	L1
transcript:AT2G24820.1	Cau.Cau4BG000113	0.99	0.99	70.83	386	L1
transcript:AT5G55560.1	Cau.Cau4BG001560	0.95	1.00	79.93	239	L1
transcript:AT1G02970.1	Cau.Cau5AG003063	0.97	0.97	62.91	307	L1
transcript:AT5G44280.1	Cau.Cau2BG000999	0.79	0.83	60.10	250	L1
transcript:AT2G21950.1	Cau.Cau1AG001972	0.99	1.00	58.22	216	L1
transcript:AT5G42260.1	Cau.Cau7AG000031	0.99	0.97	51.95	267	L1
transcript:AT2G17350.1	Cau.Cau8BG000027	1.00	1.00	94.87	111	L1
transcript:AT5G30510.1	Cau.Cau9BG001940	1.00	1.00	79.86	333	L1
transcript:AT5G37490.1	Cau.Cau2BG001576	0.95	0.95	46.71	199	L1
transcript:ATCG01120.1	Cau.Cau3AG001871	0.51	0.75	57.78	26	L1
transcript:AT2G30140.1	Cau.Cau8BG002034	0.99	1.00	54.09	251	L1
transcript:AT5G03160.1	Cau.Cau6AG001693	0.97	0.96	76.28	357	L1
transcript:AT5G52260.1	Cau.Cau9BG000282	0.97	0.82	44.57	119	L1
transcript:AT5G24690.1	Cau.Cau3BG002106	0.99	1.00	68.33	369	L1
transcript:AT1G55460.1	Cau.Cau9AG000774	1.00	1.00	71.33	296	L1
transcript:AT1G74220.1	Cau.Cau5AG001058	0.84	0.74	35.89	103	L1
transcript:AT2G22430.1	Cau.Cau1BG000718	0.99	1.00	46.26	173	L1
transcript:AT1G67500.5	Cau.Cau3BG001406	1.00	1.00	60.92	1049	L1
transcript:AT4G00060.4	Cau.Cau5BG003707	0.99	0.99	57.80	911	L1
transcript:AT1G20980.1	Cau.Cau3AG000023	1.00	1.00	55.64	622	L1
transcript:AT4G38840.1	Cau.Cau8AG000766	1.00	0.98	69.70	69	L1
transcript:AT2G03810.7	Cau.Cau7BG000778	0.81	0.84	40.70	135	L1
transcript:AT1G04555.1	Cau.Cau9AG001116	0.96	0.97	66.22	98	L1
transcript:AT3G01780.1	Cau.Cau2AG000927	1.00	1.00	83.53	984	L1
transcript:AT5G14370.1	Cau.Cau2BG000968	0.87	0.92	41.19	138	L1
transcript:AT2G34590.1	Cau.Cau2AG002636	1.00	1.00	87.47	356	L1
transcript:AT1G49290.1	Cau.Cau7BG001924	0.95	0.96	35.93	120	L1
transcript:AT3G58050.1	Cau.Cau6AG000952	1.00	1.00	59.31	761	L1
transcript:AT1G43770.3	Cau.Cau3BG000710	0.98	0.90	31.36	159	L1
transcript:AT2G41250.1	Cau.Cau9BG000855	1.00	0.99	72.60	212	L1
transcript:AT5G59350.3	Cau.Cau8BG001807	0.87	0.87	48.95	140	L1
transcript:AT4G39955.1	Cau.Cau1BG000747	0.95	0.97	66.56	207	L1
transcript:AT2G32460.1	Cau.Cau2BG001221	1.00	0.99	38.66	220	L1
transcript:AT3G17880.2	Cau.Cau4AG000992	0.92	0.86	62.40	229	L1
transcript:AT3G51780.1	Cau.Cau6AG001263	0.99	0.95	53.93	151	L1
transcript:AT1G63410.1	Cau.Cau5AG000272	0.91	0.98	53.04	96	L1
transcript:AT1G56090.1	Cau.Cau9AG000077	0.99	1.00	58.67	176	L1
transcript:AT3G14420.2	Cau.Cau5BG001426	1.00	0.99	90.76	334	L1
transcript:AT5G20220.4	Cau.Cau7BG000314	0.98	0.97	60.25	244	L1
transcript:AT5G35690.1	Cau.Cau2BG001297	0.98	0.99	53.38	355	L1
transcript:AT1G27670.1	Cau.Cau3AG000304	0.98	0.89	31.54	82	L1
transcript:AT1G13900.1	Cau.Cau7AG000199	0.99	0.99	66.72	441	L1
transcript:AT5G08300.1	Cau.Cau5AG001737	0.99	0.91	83.09	290	L1
transcript:AT1G07960.4	Cau.Cau8AG001660	0.92	0.90	73.91	102	L1
transcript:AT1G08580.1	Cau.Cau5BG002335	1.00	1.00	46.56	61	L1
transcript:AT1G70370.1	Cau.Cau7AG000440	1.00	1.00	64.13	404	L1
transcript:AT4G14746.1	Cau.Cau9AG001390	0.94	0.97	48.33	101	L1
transcript:AT3G49100.1	Cau.Cau5AG002833	1.00	1.00	90.29	93	L1
transcript:AT4G21070.1	Cau.Cau2BG002121	0.99	0.99	50.44	415	L1
transcript:AT5G26850.3	Cau.Cau3AG001286	1.00	1.00	62.82	632	L1
transcript:AT5G60580.3	Cau.Cau8BG001651	0.95	0.94	63.67	305	L1
transcript:AT3G54640.1	Cau.Cau5BG002791	0.91	0.91	81.63	231	L1
transcript:AT4G34140.2	Cau.Cau5BG000488	0.99	0.98	49.53	241	L1
transcript:AT1G34220.1	Cau.Cau3AG000553	1.00	1.00	52.34	304	L1
transcript:AT2G47115.1	Cau.Cau5AG003265	1.00	0.99	54.14	183	L1
transcript:AT5G66530.3	Cau.Cau1AG000260	0.94	0.93	74.57	217	L1
transcript:AT2G26230.1	Cau.Cau7BG001646	1.00	1.00	71.20	220	L1
transcript:AT5G52010.1	Cau.Cau3AG000498	0.99	0.99	58.21	241	L1
transcript:AT2G46915.1	Cau.Cau5BG003272	0.90	0.90	60.64	416	L1
transcript:AT1G75560.2	Cau.Cau3BG000249	0.90	0.92	67.07	165	L1
transcript:AT1G72610.1	Cau.Cau1BG000933	0.98	0.97	67.65	138	L1
transcript:AT1G23170.2	Cau.Cau2BG001649	0.92	0.94	59.86	349	L1
transcript:AT3G02100.1	Cau.Cau6BG000025	0.98	0.99	46.19	218	L1
transcript:AT3G46560.1	Cau.Cau8BG001827	1.00	1.00	83.87	78	L1
transcript:AT2G46150.1	Cau.Cau5AG000196	0.98	0.97	43.69	97	L1
transcript:AT4G32280.1	Cau.Cau4BG000219	0.96	0.96	35.22	87	L1
transcript:AT3G20790.1	Cau.Cau2BG000161	0.99	1.00	74.86	265	L1
transcript:AT3G61980.1	Cau.Cau5BG001611	0.95	0.93	47.41	55	L1
transcript:AT1G54115.1	Cau.Cau1AG000932	0.99	0.99	66.62	431	L1
transcript:AT4G28703.1	Cau.Cau5BG002635	0.97	0.92	64.49	69	L1
transcript:AT5G03320.1	Cau.Cau6BG001741	1.00	1.00	64.52	280	L1
transcript:AT5G60910.1	Cau.Cau5BG001084	0.98	0.99	63.82	157	L1
transcript:AT5G28460.1	Cau.Cau5BG003460	0.96	0.97	47.98	356	L1
transcript:AT5G23540.1	Cau.Cau3BG000438	1.00	0.99	95.15	294	L1
transcript:AT4G32810.1	Cau.Cau4BG000394	1.00	1.00	66.03	381	L1
transcript:AT5G66840.2	Cau.Cau1AG000965	0.54	0.67	43.17	139	L1
transcript:AT1G49180.2	Cau.Cau1BG001924	0.68	0.89	58.53	151	L1
transcript:AT5G17580.1	Cau.Cau7AG001074	0.82	0.99	42.41	204	L1
transcript:AT1G12050.1	Cau.Cau2BG002733	0.99	1.00	79.90	334	L1
transcript:AT5G11470.2	Cau.Cau4AG000335	1.00	1.00	40.54	283	L1
transcript:AT3G49890.2	Cau.Cau1BG000566	0.91	0.96	40.08	95	L1
transcript:AT3G57680.1	Cau.Cau9AG000595	0.87	0.87	69.96	319	L1
transcript:AT5G16660.1	Cau.Cau7BG001092	0.99	0.99	60.00	102	L1
transcript:AT2G43120.1	Cau.Cau5AG002367	0.94	0.91	71.15	217	L1
transcript:AT1G04550.2	Cau.Cau9AG001134	0.87	0.78	56.79	138	L1
transcript:AT3G49400.1	Cau.Cau5AG001616	1.00	1.00	49.57	456	L1
transcript:AT5G04320.5	Cau.Cau7AG001781	0.96	0.89	35.32	160	L1
transcript:AT5G54180.1	Cau.Cau5BG001590	0.82	0.81	59.41	243	L1
transcript:AT4G35490.2	Cau.Cau1BG000026	0.99	0.99	80.52	124	L1
transcript:AT4G00740.2	Cau.Cau5AG003626	0.99	1.00	82.24	491	L1
transcript:AT2G37510.1	Cau.Cau6AG001520	0.99	0.99	65.28	94	L1
transcript:AT1G50200.1	Cau.Cau7BG000997	0.98	0.98	77.66	765	L1
transcript:AT1G55350.3	Cau.Cau2BG000034	1.00	1.00	82.11	1776	L1
transcript:AT4G34215.1	Cau.Cau8AG000388	0.97	0.97	65.75	167	L1
transcript:AT3G60370.1	Cau.Cau5AG003784	0.88	0.85	75.34	165	L1
transcript:AT1G75785.1	Cau.Cau4AG000965	0.73	1.00	63.77	44	L1
transcript:AT4G32660.3	Cau.Cau4AG000331	0.99	0.99	75.70	299	L1
transcript:AT1G51140.1	Cau.Cau2AG000186	0.99	0.99	40.76	172	L1
transcript:AT1G35680.1	Cau.Cau3AG000589	0.95	0.94	59.45	129	L1
transcript:AT4G15880.1	Cau.Cau9BG001761	1.00	1.00	50.37	274	L1
transcript:AT4G29590.1	Cau.Cau4BG000899	0.94	0.94	72.91	218	L1
transcript:AT5G12230.1	Cau.Cau2BG001461	1.00	1.00	69.96	156	L1
transcript:AT1G16290.2	Cau.Cau9AG000040	0.98	0.77	62.53	267	L1
transcript:AT5G03620.1	Cau.Cau6AG000713	0.98	0.98	52.20	350	L1
transcript:AT1G80650.1	Cau.Cau1AG001399	0.89	0.87	43.09	78	L1
transcript:AT3G66654.2	Cau.Cau9AG001807	0.99	0.99	63.71	151	L1
transcript:AT3G25400.1	Cau.Cau7AG001206	0.82	0.90	78.26	90	L1
transcript:AT5G35840.1	Cau.Cau2AG001372	1.00	0.98	64.57	718	L1
transcript:AT1G31940.1	Cau.Cau3AG001800	0.94	0.98	70.59	108	L1
transcript:AT3G10230.1	Cau.Cau9BG000822	1.00	1.00	80.67	409	L1
transcript:AT1G64050.1	Cau.Cau5BG000198	0.83	0.84	39.93	230	L1
transcript:AT5G57280.1	Cau.Cau4AG002048	1.00	1.00	76.98	224	L1
transcript:AT1G48560.1	Cau.Cau3BG001931	0.25	0.25	37.06	63	L1
transcript:AT1G06460.1	Cau.Cau2AG001533	0.99	1.00	33.86	107	L1
transcript:AT5G58140.1	Cau.Cau8AG000007	0.99	0.99	69.74	680	L1
transcript:AT4G24550.2	Cau.Cau3BG001087	1.00	1.00	88.03	397	L1
transcript:AT5G66870.1	Cau.Cau1BG000392	0.78	0.80	59.92	157	L1
transcript:AT4G17905.1	Cau.Cau7AG001557	0.77	0.78	50.20	123	L1
transcript:AT2G44430.1	Cau.Cau7BG000022	0.90	0.96	42.14	268	L1
transcript:AT3G17300.3	Cau.Cau1BG000497	1.00	1.00	76.92	70	L1
transcript:AT2G02570.4	Cau.Cau3AG002365	1.00	1.00	72.33	217	L1
transcript:AT5G37510.1	Cau.Cau5AG001694	1.00	1.00	81.61	608	L1
transcript:AT5G26180.5	Cau.Cau4AG001853	0.84	0.95	64.62	316	L1
transcript:AT4G29660.1	Cau.Cau4BG000902	0.91	0.97	68.09	64	L1
transcript:AT1G36160.1	Cau.Cau3AG000964	1.00	0.99	81.83	1847	L1
transcript:AT1G08260.1	Cau.Cau8BG001448	1.00	1.00	72.47	1598	L1
transcript:AT5G52520.1	Cau.Cau9AG000206	0.99	1.00	81.12	451	L1
transcript:AT3G26360.2	Cau.Cau7AG000537	1.00	1.00	59.82	67	L1
transcript:AT1G29670.1	Cau.Cau2AG002546	0.99	0.99	73.90	269	L1
transcript:AT2G30880.1	Cau.Cau7AG001273	1.00	1.00	73.62	374	L1
transcript:AT4G29840.1	Cau.Cau4AG001011	0.99	0.99	83.94	439	L1
transcript:AT2G27590.1	Cau.Cau8BG001432	0.86	0.81	69.79	231	L1
transcript:AT5G23890.1	Cau.Cau9BG000250	1.00	1.00	49.55	494	L1
transcript:AT5G47490.1	Cau.Cau5AG000756	1.00	1.00	49.36	738	L1
transcript:AT5G25060.1	Cau.Cau4BG000127	1.00	1.00	73.87	721	L1
transcript:AT5G20900.1	Cau.Cau4AG001780	0.89	0.83	45.16	84	L1
transcript:AT2G25810.1	Cau.Cau4AG000379	0.98	0.99	86.07	210	L1
transcript:AT3G03810.2	Cau.Cau5BG002459	1.00	1.00	72.70	482	L1
transcript:AT5G24810.2	Cau.Cau4AG000028	0.64	0.99	73.81	496	L1
transcript:AT2G17220.1	Cau.Cau8AG000047	1.00	0.98	68.60	284	L1
transcript:AT5G02520.2	Cau.Cau6AG001537	0.95	0.93	47.53	87	L1
transcript:AT3G42640.1	Cau.Cau4AG002283	1.00	1.00	84.90	804	L1
transcript:AT4G17080.1	Cau.Cau5AG003823	0.99	0.99	56.40	291	L1
transcript:AT1G68090.1	Cau.Cau2BG001559	1.00	1.00	55.87	176	L1
transcript:AT4G20940.1	Cau.Cau2AG002082	1.00	0.98	73.93	774	L1
transcript:AT4G01600.1	Cau.Cau5AG003319	0.85	0.90	53.30	105	L1
transcript:AT3G28970.1	Cau.Cau6BG000096	0.99	0.95	54.29	171	L1
transcript:AT1G70480.1	Cau.Cau7BG000453	0.96	0.94	62.81	201	L1
transcript:AT5G42200.1	Cau.Cau3AG000151	0.83	1.00	52.21	71	L1
transcript:ATCG00350.1	Cau.Cau9BG001087	0.66	1.00	81.65	405	L1
transcript:AT1G23220.1	Cau.Cau2BG001629	0.99	1.00	79.69	102	L1
transcript:AT1G26170.1	Cau.Cau7BG000830	1.00	0.99	68.64	709	L1
transcript:AT1G29640.1	Cau.Cau2AG002551	1.00	1.00	46.15	72	L1
transcript:AT5G04820.1	Cau.Cau7AG001630	0.99	0.98	50.00	135	L1
transcript:AT1G17350.5	Cau.Cau1AG000976	0.99	0.97	82.22	185	L1
transcript:AT5G27090.2	Cau.Cau9AG000750	0.40	0.69	49.21	31	L1
transcript:AT5G08410.1	Cau.Cau2BG001835	0.77	0.85	54.17	78	L1
transcript:AT1G54310.2	Cau.Cau9BG000030	0.95	0.99	71.69	314	L1
transcript:AT1G01920.1	Cau.Cau5BG003602	0.98	0.99	63.28	374	L1
transcript:AT1G75980.1	Cau.Cau3AG000156	0.88	0.94	69.54	137	L1
transcript:ATCG00490.1	Cau.Cau8AG000964	0.19	1.00	61.80	55	L1
transcript:AT3G55480.2	Cau.Cau7BG002367	1.00	1.00	61.85	707	L1
transcript:AT3G05390.1	Cau.Cau3BG001397	1.00	1.00	75.43	353	L1
transcript:AT1G65470.1	Cau.Cau3BG001251	0.98	0.96	55.31	448	L1
transcript:AT2G03760.1	Cau.Cau7AG000770	0.99	0.97	53.80	177	L1
transcript:AT4G30390.1	Cau.Cau6BG001864	0.93	1.00	67.05	59	L1
transcript:AT2G27900.2	Cau.Cau8AG001495	1.00	1.00	67.40	767	L1
transcript:AT1G10890.3	Cau.Cau3BG002113	1.00	0.85	66.67	162	L1
transcript:AT5G46060.1	Cau.Cau2AG002423	0.97	0.92	51.67	124	L1
transcript:AT3G45900.1	Cau.Cau3BG001711	0.96	1.00	56.69	233	L1
transcript:AT1G56440.2	Cau.Cau3AG001285	0.99	1.00	49.15	230	L1
transcript:AT3G61050.1	Cau.Cau5BG003628	1.00	0.99	78.39	399	L1
transcript:AT1G22770.1	Cau.Cau3BG000645	1.00	1.00	76.41	897	L1
transcript:AT1G53400.1	Cau.Cau5BG001326	1.00	1.00	86.84	99	L1
transcript:AT3G04820.1	Cau.Cau3AG001628	0.98	0.98	66.90	483	L1
transcript:AT5G48730.1	Cau.Cau5BG002562	1.00	0.99	68.86	356	L1
transcript:AT5G61370.1	Cau.Cau5AG000982	0.88	0.87	66.05	284	L1
transcript:AT2G39960.1	Cau.Cau7AG002282	1.00	1.00	75.36	159	L1
transcript:AT2G43810.3	Cau.Cau5BG002022	1.00	1.00	87.91	80	L1
transcript:AT1G80150.1	Cau.Cau1BG001321	1.00	0.99	62.68	257	L1
transcript:AT5G60760.1	Cau.Cau8BG001586	0.99	0.99	65.60	492	L1
transcript:AT3G49910.1	Cau.Cau1BG000570	1.00	1.00	90.41	132	L1
transcript:AT5G24314.2	Cau.Cau5AG001560	0.87	0.96	60.54	89	L1
transcript:AT3G62990.1	Cau.Cau5AG003016	1.00	1.00	32.89	50	L1
transcript:AT5G45320.1	Cau.Cau3BG001667	0.96	0.95	56.02	107	L1
transcript:AT4G01395.1	Cau.Cau5BG003307	0.98	0.97	82.78	601	L1
transcript:AT5G38730.1	Cau.Cau6BG000307	0.99	0.99	61.53	363	L1
transcript:AT1G07590.1	Cau.Cau8BG001825	0.99	0.99	64.17	342	L1
transcript:AT2G29570.1	Cau.Cau8BG001927	1.00	1.00	90.19	239	L1
transcript:AT1G79800.1	Cau.Cau1BG001106	0.83	0.83	49.69	80	L1
transcript:AT4G37270.1	Cau.Cau1BG000485	0.88	0.90	80.25	581	L1
transcript:AT3G14410.1	Cau.Cau5BG001427	1.00	0.87	81.76	278	L1
transcript:AT5G08110.3	Cau.Cau5AG001099	0.99	0.98	57.17	702	L1
transcript:AT3G01370.1	Cau.Cau6AG000215	1.00	0.99	52.74	577	L1
transcript:AT1G67910.1	Cau.Cau7BG000513	0.89	0.91	53.57	45	L1
transcript:AT4G15180.1	Cau.Cau2AG001150	1.00	1.00	56.77	1433	L1
transcript:AT1G67680.1	Cau.Cau7AG000596	0.98	0.97	66.86	452	L1
transcript:AT4G23950.1	Cau.Cau5BG000106	0.95	0.95	46.60	281	L1
transcript:AT2G47760.5	Cau.Cau5BG003027	0.94	0.96	71.46	293	L1
transcript:AT5G47840.1	Cau.Cau5AG001796	0.92	0.85	71.26	186	L1
transcript:AT5G49830.3	Cau.Cau1BG001567	1.00	0.99	74.49	587	L1
transcript:AT4G01140.1	Cau.Cau5BG003429	0.87	0.89	40.07	113	L1
transcript:AT1G79120.2	Cau.Cau5AG001516	0.92	0.98	69.97	268	L1
transcript:AT5G59780.3	Cau.Cau8AG001751	0.92	0.92	64.20	156	L1
transcript:AT3G50660.1	Cau.Cau1AG000290	0.93	0.94	74.54	363	L1
transcript:AT1G79150.1	Cau.Cau9AG000070	0.97	0.96	61.27	500	L1
transcript:AT5G35460.2	Cau.Cau4BG000962	0.95	0.86	84.76	306	L1
transcript:AT3G12270.1	Cau.Cau3BG001990	0.98	0.97	57.30	361	L1
transcript:AT1G08840.4	Cau.Cau5AG003848	0.99	0.99	60.59	815	L1
transcript:AT1G33420.1	Cau.Cau1BG000762	0.99	0.98	51.11	369	L1
transcript:AT1G79080.1	Cau.Cau5AG001495	1.00	0.99	68.11	393	L1
transcript:AT4G32105.1	Cau.Cau4AG000187	0.94	0.95	40.68	48	L1
transcript:AT4G24320.1	Cau.Cau3AG002194	0.97	0.97	62.50	240	L1
transcript:AT3G16630.2	Cau.Cau9BG001762	1.00	1.00	73.66	604	L1
transcript:AT2G41620.1	Cau.Cau9BG000712	1.00	1.00	76.25	658	L1
transcript:AT1G09010.1	Cau.Cau3AG001421	0.99	0.99	72.61	705	L1
transcript:AT5G19290.1	Cau.Cau7AG001848	1.00	1.00	72.40	244	L1
transcript:AT3G51710.1	Cau.Cau6BG001196	0.95	0.95	53.81	247	L1
transcript:AT5G63970.1	Cau.Cau1AG001742	0.99	0.83	73.22	268	L1
transcript:AT3G13170.1	Cau.Cau4BG001594	0.99	0.96	67.87	245	L1
transcript:AT1G11915.1	Cau.Cau2BG002678	0.98	0.93	70.28	227	L1
transcript:AT3G09032.1	Cau.Cau6BG001345	0.89	0.91	41.18	56	L1
transcript:AT1G66170.1	Cau.Cau9AG000830	0.98	0.98	52.00	364	L1
transcript:AT4G36710.1	Cau.Cau1BG000316	0.95	0.85	53.08	267	L1
transcript:AT4G11570.1	Cau.Cau5BG000262	1.00	0.99	65.79	250	L1
transcript:AT2G38870.1	Cau.Cau5AG001366	0.96	0.56	59.70	40	L1
transcript:AT3G54390.1	Cau.Cau3AG001961	0.90	0.88	63.79	192	L1
transcript:AT4G35420.1	Cau.Cau8BG000002	0.98	1.00	76.09	245	L1
transcript:AT4G27790.1	Cau.Cau5AG001566	1.00	1.00	46.20	164	L1
transcript:AT4G28590.1	Cau.Cau5BG002681	0.88	0.88	63.75	204	L1
transcript:AT3G19000.1	Cau.Cau8AG000511	1.00	0.96	61.93	218	L1
transcript:AT5G65165.1	Cau.Cau1BG002150	0.90	0.91	76.53	212	L1
transcript:AT2G35350.1	Cau.Cau7AG001511	1.00	1.00	58.95	481	L1
transcript:AT3G60650.1	Cau.Cau5BG003696	0.96	0.98	31.06	50	L1
transcript:AT4G33280.3	Cau.Cau3AG000405	0.95	0.96	43.91	130	L1
transcript:AT1G61600.1	Cau.Cau6BG000318	1.00	1.00	50.23	217	L1
transcript:AT2G44500.1	Cau.Cau7BG000032	0.96	0.98	76.23	420	L1
transcript:AT2G44440.1	Cau.Cau7BG000023	0.99	0.97	61.48	265	L1
transcript:AT4G13540.1	Cau.Cau9AG001093	0.76	0.75	40.91	72	L1
transcript:AT5G01580.1	Cau.Cau6AG001244	0.89	0.93	53.74	115	L1
transcript:AT4G11740.1	Cau.Cau5AG000909	1.00	1.00	56.17	337	L1
transcript:AT5G26610.3	Cau.Cau6BG002409	1.00	1.00	67.73	212	L1
transcript:AT4G37290.1	Cau.Cau1AG000477	0.73	0.54	48.44	31	L1
transcript:AT3G09040.4	Cau.Cau3BG000729	0.95	0.96	58.16	570	L1
transcript:AT2G46910.1	Cau.Cau5BG003274	0.93	0.95	71.27	191	L1
transcript:AT5G57785.2	Cau.Cau4AG002161	0.95	0.88	39.13	27	L1
transcript:AT5G55070.2	Cau.Cau4BG001479	1.00	1.00	73.46	346	L1
transcript:AT2G37678.1	Cau.Cau6BG001487	0.44	0.31	45.05	41	L1
transcript:AT2G01200.2	Cau.Cau2BG001760	0.96	0.99	52.94	99	L1
transcript:AT1G65580.1	Cau.Cau2AG001853	0.99	0.99	67.41	751	L1
transcript:ATCG00120.1	Cau.Cau7BG000536	0.93	1.00	46.29	184	L1
transcript:AT2G43360.1	Cau.Cau5AG002336	1.00	1.00	82.08	316	L1
transcript:AT3G48500.1	Cau.Cau5AG000589	0.99	0.98	71.22	480	L1
transcript:AT5G67050.1	Cau.Cau1AG000426	0.96	0.97	54.01	249	L1
transcript:AT5G55250.1	Cau.Cau4AG001502	1.00	1.00	70.95	276	L1
transcript:AT3G24520.1	Cau.Cau4AG000707	0.56	0.56	72.36	144	L1
transcript:AT4G34710.2	Cau.Cau8BG000720	1.00	0.98	68.51	507	L1
transcript:AT5G01340.1	Cau.Cau6AG001282	0.98	0.96	87.09	263	L1
transcript:AT2G34790.1	Cau.Cau9AG000530	0.98	0.97	68.70	360	L1
transcript:AT1G10700.1	Cau.Cau7BG000503	0.92	0.97	76.80	298	L1
transcript:AT5G06920.1	Cau.Cau2BG001143	0.99	0.99	46.70	170	L1
transcript:AT2G28100.1	Cau.Cau8BG001563	0.90	0.87	73.68	336	L1
transcript:AT3G25780.1	Cau.Cau7BG000876	1.00	1.00	63.40	168	L1
transcript:AT5G04660.1	Cau.Cau7AG001695	0.98	0.99	75.10	377	L1
transcript:AT5G25460.1	Cau.Cau4BG000276	1.00	0.99	73.91	272	L1
transcript:AT4G00050.1	Cau.Cau5AG003747	0.96	0.97	51.93	242	L1
transcript:AT1G75730.2	Cau.Cau3BG000208	0.99	0.99	28.79	226	L1
transcript:AT2G42920.1	Cau.Cau7AG001234	0.92	0.97	62.67	324	L1
transcript:AT4G11450.1	Cau.Cau5AG000261	1.00	0.99	43.93	333	L1
transcript:AT1G02120.1	Cau.Cau5BG003766	0.99	1.00	48.86	321	L1
transcript:AT4G26100.1	Cau.Cau4AG000932	1.00	1.00	75.99	364	L1
transcript:AT3G52940.1	Cau.Cau6BG000679	0.99	1.00	76.15	281	L1
transcript:AT5G40670.1	Cau.Cau2BG000953	0.96	0.98	71.04	184	L1
transcript:AT4G29400.1	Cau.Cau4AG000845	0.69	0.72	72.04	152	L1
transcript:AT3G12960.1	Cau.Cau5BG001465	0.84	0.86	58.82	50	L1
transcript:AT5G14420.2	Cau.Cau2AG000589	1.00	1.00	69.62	330	L1
transcript:AT4G13450.1	Cau.Cau9BG001193	0.95	0.98	59.05	124	L1
transcript:AT5G53730.1	Cau.Cau5BG001593	1.00	1.00	62.79	135	L1
transcript:AT2G41530.1	Cau.Cau9AG000712	1.00	1.00	80.63	229	L1
transcript:AT1G62340.1	Cau.Cau2AG002699	0.98	0.98	62.39	511	L1
transcript:AT5G05000.2	Cau.Cau6AG001078	0.99	0.99	69.68	216	L1
transcript:AT4G04190.1	Cau.Cau8BG001447	1.00	1.00	74.05	137	L1
transcript:AT3G46540.1	Cau.Cau8BG001819	0.98	0.97	48.97	166	L1
transcript:AT2G33180.1	Cau.Cau9BG001123	1.00	1.00	51.81	86	L1
transcript:AT5G59790.1	Cau.Cau8AG001752	0.94	0.90	60.00	252	L1
transcript:AT4G24100.1	Cau.Cau5AG000062	0.99	0.99	67.58	492	L1
transcript:AT2G16575.1	Cau.Cau4BG001076	0.65	0.22	46.49	53	L1
transcript:AT3G24420.1	Cau.Cau4BG000656	1.00	1.00	60.51	167	L1
transcript:AT5G14870.1	Cau.Cau2AG000467	0.95	0.95	62.89	427	L1
transcript:AT3G05060.1	Cau.Cau1BG001654	0.97	0.98	73.00	392	L1
transcript:AT3G10915.4	Cau.Cau7AG002108	1.00	0.98	62.82	147	L1
transcript:AT4G28910.3	Cau.Cau4BG000761	0.97	0.96	48.62	246	L1
transcript:AT1G19740.1	Cau.Cau3BG000269	0.99	0.99	73.33	209	L1
transcript:AT1G32990.1	Cau.Cau5BG000025	0.91	0.94	81.73	170	L1
transcript:AT1G75717.1	Cau.Cau3AG000215	0.77	0.59	57.53	42	L1
transcript:AT5G39360.1	Cau.Cau6AG000060	0.99	0.99	81.78	202	L1
transcript:AT5G42800.1	Cau.Cau3AG000308	0.88	0.99	74.48	251	L1
transcript:AT2G35770.1	Cau.Cau7BG001887	0.97	0.97	61.21	284	L1
transcript:AT1G18030.1	Cau.Cau4AG001041	0.85	0.89	74.83	223	L1
transcript:AT2G01913.1	Cau.Cau2BG001554	0.96	0.84	31.51	46	L1
transcript:AT5G52780.1	Cau.Cau9AG000182	0.99	0.99	41.90	75	L1
transcript:AT1G28460.1	Cau.Cau1BG001012	0.96	0.75	38.76	69	L1
transcript:AT5G50400.1	Cau.Cau5AG000627	1.00	1.00	74.59	458	L1
transcript:AT2G24430.2	Cau.Cau4BG000033	0.97	0.99	54.05	187	L1
transcript:AT4G16160.2	Cau.Cau9AG001791	0.97	0.96	68.39	119	L1
transcript:AT4G16295.1	Cau.Cau5BG002612	0.98	0.97	41.61	62	L1
transcript:AT1G04200.1	Cau.Cau9AG001377	1.00	1.00	72.62	533	L1
transcript:AT5G22450.3	Cau.Cau8BG001421	1.00	1.00	51.03	643	L1
transcript:AT1G01170.1	Cau.Cau2BG000253	0.92	0.95	73.68	56	L1
transcript:AT3G57120.1	Cau.Cau8BG001598	0.96	1.00	57.17	271	L1
transcript:AT1G01540.2	Cau.Cau5AG003523	0.93	0.90	78.43	349	L1
transcript:AT5G09590.1	Cau.Cau3AG002210	1.00	1.00	83.72	571	L1
transcript:AT3G51860.1	Cau.Cau6BG001309	0.99	0.99	72.87	333	L1
transcript:AT3G11945.1	Cau.Cau6BG000912	1.00	1.00	72.05	281	L1
transcript:AT5G37590.1	Cau.Cau6AG000499	0.99	0.98	57.86	324	L1
transcript:AT4G32960.1	Cau.Cau4BG000459	0.92	0.93	66.53	161	L1
transcript:AT5G17370.1	Cau.Cau2AG001884	0.96	0.99	46.59	239	L1
transcript:AT2G37195.1	Cau.Cau6AG001710	0.92	0.97	57.26	71	L1
transcript:AT1G29980.1	Cau.Cau2BG002606	0.98	0.98	73.76	298	L1
transcript:AT5G22670.1	Cau.Cau6AG001142	0.97	0.97	31.03	144	L1
transcript:AT5G42250.1	Cau.Cau3BG000120	0.98	0.98	74.15	284	L1
transcript:AT3G20490.1	Cau.Cau4BG001434	0.99	0.99	45.79	223	L1
transcript:AT3G13310.1	Cau.Cau4AG001657	0.60	0.64	64.21	61	L1
transcript:AT4G27720.1	Cau.Cau5BG001558	1.00	1.00	87.61	403	L1
transcript:AT5G57460.1	Cau.Cau4BG002111	1.00	1.00	71.17	469	L1
transcript:AT2G44160.1	Cau.Cau5AG001994	1.00	1.00	82.66	491	L1
transcript:AT3G46610.2	Cau.Cau2BG000966	1.00	0.95	60.08	438	L1
transcript:AT5G58600.1	Cau.Cau8BG001997	0.99	0.99	55.75	223	L1
transcript:AT1G07980.1	Cau.Cau8BG001660	0.54	0.54	49.55	55	L1
transcript:AT1G22850.1	Cau.Cau5AG001865	0.98	1.00	72.06	245	L1
transcript:AT1G67040.1	Cau.Cau6AG000381	1.00	0.99	34.16	345	L1
transcript:AT5G19530.1	Cau.Cau4BG001847	1.00	0.99	76.40	259	L1
transcript:AT2G42760.1	Cau.Cau2BG000715	1.00	1.00	41.73	116	L1
transcript:AT4G24490.2	Cau.Cau3AG001110	0.99	1.00	56.67	395	L1
transcript:AT1G28760.1	Cau.Cau5AG002556	0.95	0.96	52.86	259	L1
transcript:AT3G27150.1	Cau.Cau2BG000884	0.95	0.91	56.79	230	L1
transcript:AT2G15980.1	Cau.Cau8AG000563	1.00	1.00	52.39	263	L1
transcript:AT1G16030.1	Cau.Cau1AG001459	1.00	1.00	86.81	566	L1
transcript:AT3G12060.1	Cau.Cau6BG000956	0.95	0.96	42.55	234	L1
transcript:AT5G03970.2	Cau.Cau8BG001213	0.96	0.97	53.25	213	L1
transcript:AT5G22070.1	Cau.Cau8BG001300	1.00	1.00	63.78	236	L1
transcript:AT3G29185.1	Cau.Cau6BG000042	0.99	1.00	63.83	263	L1
transcript:AT5G66500.1	Cau.Cau1BG000253	0.98	0.98	57.39	299	L1
transcript:AT3G54170.1	Cau.Cau5BG000487	0.92	0.91	69.03	214	L1
transcript:AT1G04900.1	Cau.Cau9AG000953	0.95	0.95	79.06	336	L1
transcript:AT1G71020.1	Cau.Cau2AG001705	0.99	0.98	66.14	416	L1
transcript:AT3G27550.2	Cau.Cau2BG000581	1.00	0.97	58.32	347	L1
transcript:AT1G10417.1	Cau.Cau7BG000354	0.88	0.81	44.78	176	L1
transcript:AT5G51770.1	Cau.Cau9AG000352	1.00	0.99	51.37	357	L1
transcript:AT2G39445.3	Cau.Cau5AG003844	0.92	0.98	63.86	106	L1
transcript:AT4G00290.1	Cau.Cau8BG001381	0.90	0.83	64.97	293	L1
transcript:AT3G02830.1	Cau.Cau6BG001885	0.98	1.00	61.80	275	L1
transcript:AT2G19520.1	Cau.Cau4AG000903	0.95	0.99	81.56	407	L1
transcript:AT3G18860.1	Cau.Cau8BG000568	1.00	1.00	73.52	558	L1
transcript:AT3G60850.1	Cau.Cau5AG003686	1.00	1.00	66.97	444	L1
transcript:AT2G23945.1	Cau.Cau4BG002206	0.97	0.98	43.21	194	L1
transcript:AT3G06895.1	Cau.Cau4BG000396	0.92	0.59	63.83	30	L1
transcript:AT1G12250.1	Cau.Cau5AG000805	1.00	1.00	71.53	206	L1
transcript:AT3G56150.2	Cau.Cau6BG000914	1.00	1.00	71.85	661	L1
transcript:AT1G68010.1	Cau.Cau8BG000149	1.00	1.00	90.93	351	L1
transcript:AT3G27310.1	Cau.Cau2AG000949	1.00	1.00	62.60	159	L1
transcript:AT1G12640.1	Cau.Cau5AG000901	1.00	0.99	83.37	386	L1
transcript:AT3G10190.1	Cau.Cau9BG000810	1.00	1.00	54.87	124	L1
transcript:AT5G55400.3	Cau.Cau4BG001543	0.97	0.99	68.78	509	L1
transcript:AT3G20820.1	Cau.Cau2AG000188	0.98	0.97	73.46	263	L1
transcript:AT4G35320.1	Cau.Cau8AG000027	0.97	0.89	49.33	74	L1
transcript:AT4G26415.1	Cau.Cau2BG000009	0.79	0.94	43.90	108	L1
transcript:AT2G31190.2	Cau.Cau5BG002728	1.00	1.00	78.01	337	L1
transcript:AT1G64760.2	Cau.Cau5AG002482	0.94	0.94	75.99	345	L1
transcript:AT5G51350.1	Cau.Cau4AG002288	0.99	0.99	56.87	542	L1
transcript:AT1G31600.4	Cau.Cau3BG001671	0.98	0.89	65.42	227	L1
transcript:AT2G02955.1	Cau.Cau7BG000271	0.98	0.95	41.77	307	L1
transcript:AT5G07960.1	Cau.Cau5BG001030	0.96	0.97	81.55	84	L1
transcript:AT5G52240.1	Cau.Cau9AG000278	0.97	0.86	68.06	147	L1
transcript:AT4G36210.3	Cau.Cau1AG000194	0.99	0.99	70.12	467	L1
transcript:AT5G18110.1	Cau.Cau5AG002514	1.00	1.00	76.68	171	L1
transcript:AT2G01290.1	Cau.Cau2AG001719	0.91	0.92	77.37	188	L1
transcript:AT2G47390.1	Cau.Cau5BG003146	1.00	1.00	75.98	737	L1
transcript:AT2G32710.2	Cau.Cau9AG000965	1.00	1.00	38.75	112	L1
transcript:AT2G01720.1	Cau.Cau7AG001837	0.97	0.89	73.07	331	L1
transcript:AT1G02860.1	Cau.Cau5BG003042	1.00	1.00	68.45	230	L1
transcript:AT2G43420.1	Cau.Cau5AG002261	0.93	0.91	59.02	314	L1
transcript:AT4G33000.2	Cau.Cau4AG000487	0.97	0.93	70.95	171	L1
transcript:AT4G10430.1	Cau.Cau5AG000006	0.97	0.86	76.74	264	L1
transcript:AT3G13400.2	Cau.Cau2BG000003	1.00	1.00	66.43	372	L1
transcript:AT5G13180.1	Cau.Cau7AG000181	1.00	0.97	62.60	164	L1
transcript:AT5G50260.1	Cau.Cau5BG000554	1.00	0.97	65.19	236	L1
transcript:AT4G11640.1	Cau.Cau5BG000278	0.99	1.00	79.57	261	L1
transcript:AT3G17630.2	Cau.Cau5AG001982	0.98	0.97	72.17	573	L1
transcript:AT1G78310.1	Cau.Cau3AG001026	1.00	1.00	52.91	182	L1
transcript:AT1G76740.1	Cau.Cau3BG000668	0.06	0.06	42.34	47	L1
transcript:AT5G63390.1	Cau.Cau5AG000602	0.98	0.99	64.52	371	L1
transcript:AT1G34380.2	Cau.Cau3AG000577	0.95	0.89	64.52	220	L1
transcript:AT3G60900.1	Cau.Cau5BG003639	1.00	1.00	72.60	310	L1
transcript:AT2G17790.1	Cau.Cau1BG000114	1.00	1.00	78.10	617	L1
transcript:AT2G34670.2	Cau.Cau2BG002093	0.98	0.97	51.99	353	L1
transcript:AT1G33260.1	Cau.Cau5AG000002	0.92	0.87	57.01	187	L1
transcript:AT4G14570.1	Cau.Cau9BG001413	0.97	0.96	64.28	520	L1
transcript:AT5G16040.1	Cau.Cau6BG000347	0.99	1.00	83.54	330	L1
transcript:AT1G05030.1	Cau.Cau2BG001267	0.98	0.95	73.55	381	L1
transcript:AT4G15910.1	Cau.Cau9BG001776	0.98	0.99	48.62	53	L1
transcript:AT4G39260.3	Cau.Cau8AG000642	0.98	0.54	76.67	69	L1
transcript:AT5G28640.1	Cau.Cau8BG001217	1.00	1.00	59.58	143	L1
transcript:AT3G17730.1	Cau.Cau5AG001678	1.00	0.97	77.33	191	L1
transcript:AT1G43245.1	Cau.Cau3AG000674	1.00	0.98	36.41	229	L1
transcript:AT2G26500.2	Cau.Cau8AG000528	0.98	1.00	57.25	75	L1
transcript:AT4G00026.1	Cau.Cau5AG003776	0.74	0.68	75.25	149	L1
transcript:AT3G06560.1	Cau.Cau9BG001921	0.96	0.85	63.01	310	L1
transcript:AT4G29540.2	Cau.Cau4BG000883	0.98	0.98	73.49	244	L1
transcript:AT1G07150.1	Cau.Cau8AG001989	0.71	0.79	55.65	207	L1
transcript:AT5G28500.1	Cau.Cau8AG001178	1.00	1.00	57.30	255	L1
transcript:AT5G17010.1	Cau.Cau5BG002334	1.00	1.00	76.88	389	L1
transcript:AT1G06210.1	Cau.Cau5BG002718	0.80	0.78	65.90	201	L1
transcript:AT4G05410.1	Cau.Cau2BG002084	1.00	1.00	59.16	310	L1
transcript:AT3G62880.1	Cau.Cau5BG003055	0.95	0.99	68.99	89	L1
transcript:AT1G70620.3	Cau.Cau7AG000496	0.76	0.82	34.31	294	L1
transcript:AT2G41760.1	Cau.Cau9BG000660	0.95	0.97	69.67	147	L1
transcript:AT3G22620.1	Cau.Cau9AG001414	0.97	0.96	52.38	110	L1
transcript:AT5G04590.1	Cau.Cau2BG000250	1.00	0.92	80.12	516	L1
transcript:AT4G33510.1	Cau.Cau8BG000965	0.97	0.98	82.90	412	L1
transcript:AT5G63530.2	Cau.Cau7AG001421	0.94	0.95	55.65	187	L1
transcript:AT5G11070.1	Cau.Cau4AG000172	0.91	0.87	33.81	47	L1
transcript:AT1G80130.1	Cau.Cau1AG001307	1.00	1.00	41.52	142	L1
transcript:AT2G45050.1	Cau.Cau5BG003718	0.97	0.92	56.93	152	L1
transcript:AT3G58610.2	Cau.Cau9BG000434	1.00	1.00	84.26	498	L1
transcript:AT1G68480.1	Cau.Cau2AG001811	0.88	0.95	43.87	118	L1
transcript:AT3G18190.1	Cau.Cau4AG001039	1.00	1.00	90.07	481	L1
transcript:AT3G53740.3	Cau.Cau5AG003573	1.00	1.00	78.57	88	L1
transcript:AT4G36050.3	Cau.Cau1BG000150	1.00	1.00	58.37	373	L1
transcript:AT1G04500.4	Cau.Cau9AG001146	1.00	1.00	50.88	230	L1
transcript:AT1G08960.1	Cau.Cau3AG001458	0.99	0.99	65.68	354	L1
transcript:AT2G28670.1	Cau.Cau8BG001761	0.54	0.77	67.77	164	L1
transcript:AT1G12060.1	Cau.Cau2AG002735	0.96	0.91	55.35	119	L1
transcript:AT5G41270.1	Cau.Cau3BG001986	1.00	1.00	41.16	121	L1
transcript:AT1G30090.1	Cau.Cau2BG002627	1.00	1.00	73.95	298	L1
transcript:AT1G78620.2	Cau.Cau5BG001363	0.81	0.82	73.19	202	L1
transcript:AT5G61060.1	Cau.Cau5BG001040	0.97	0.98	70.16	348	L1
transcript:AT1G69480.1	Cau.Cau7BG000237	1.00	1.00	61.89	484	L1
transcript:AT3G59470.2	Cau.Cau5BG002225	0.96	0.93	62.45	158	L1
transcript:AT4G38360.2	Cau.Cau8BG000054	0.99	1.00	78.51	380	L1
transcript:AT3G46880.2	Cau.Cau8AG001884	1.00	1.00	43.75	70	L1
transcript:AT2G44850.3	Cau.Cau5BG003757	1.00	1.00	58.73	195	L1
transcript:AT5G53420.1	Cau.Cau5AG001522	0.99	0.98	53.76	150	L1
transcript:AT4G27630.2	Cau.Cau7BG001095	1.00	1.00	85.26	399	L1
transcript:AT2G03340.1	Cau.Cau6BG000041	0.97	0.98	48.07	249	L1
transcript:AT5G42870.1	Cau.Cau3AG000456	1.00	1.00	47.00	410	L1
transcript:AT1G04590.2	Cau.Cau5BG002316	0.61	0.80	61.97	145	L1
transcript:AT5G25190.1	Cau.Cau1AG001401	0.97	0.78	65.75	119	L1
transcript:AT2G31305.1	Cau.Cau3BG001586	0.93	0.98	63.00	63	L1
transcript:AT1G80360.4	Cau.Cau1BG001252	1.00	0.98	73.10	288	L1
transcript:AT3G18110.1	Cau.Cau6BG001836	0.98	0.97	69.70	989	L1
transcript:AT4G17910.4	Cau.Cau7AG001758	0.98	1.00	54.39	254	L1
transcript:AT1G50670.3	Cau.Cau4BG001437	1.00	1.00	82.69	172	L1
transcript:AT4G31040.1	Cau.Cau1AG001581	1.00	1.00	64.71	286	L1
transcript:AT4G15000.1	Cau.Cau5AG001512	1.00	1.00	82.22	111	L1
transcript:AT2G45290.2	Cau.Cau5AG003707	1.00	1.00	82.53	619	L1
transcript:AT1G75270.1	Cau.Cau7BG001978	1.00	1.00	76.06	162	L1
transcript:AT5G60860.1	Cau.Cau2BG002428	1.00	1.00	95.39	207	L1
transcript:AT1G19130.1	Cau.Cau4AG001713	0.98	1.00	73.02	138	L1
transcript:AT2G32950.1	Cau.Cau2AG001276	1.00	1.00	81.38	555	L1
transcript:AT1G05960.4	Cau.Cau5BG002254	1.00	1.00	59.35	600	L1
transcript:AT1G25540.1	Cau.Cau7AG000872	0.80	0.82	67.29	465	L1
transcript:AT4G10320.1	Cau.Cau5AG002335	0.82	1.00	79.98	787	L1
transcript:AT2G19870.1	Cau.Cau4AG000797	0.58	0.59	69.05	241	L1
transcript:AT2G20390.1	Cau.Cau5BG002656	0.91	0.93	66.86	115	L1
transcript:AT1G77710.1	Cau.Cau3BG000901	0.94	0.89	96.55	84	L1
transcript:AT3G54630.1	Cau.Cau4AG000947	1.00	0.98	49.31	284	L1
transcript:AT3G08010.1	Cau.Cau7AG000059	0.98	0.98	72.99	273	L1
transcript:AT3G26750.1	Cau.Cau1AG000230	0.97	0.99	45.09	262	L1
transcript:AT2G47930.1	Cau.Cau5AG003029	0.81	0.79	53.15	59	L1
transcript:AT5G61040.1	Cau.Cau5AG001053	1.00	1.00	38.97	281	L1
transcript:AT4G26510.4	Cau.Cau4BG001655	1.00	0.98	87.13	413	L1
transcript:AT1G53190.2	Cau.Cau4AG001086	0.99	1.00	44.09	250	L1
transcript:AT5G43820.1	Cau.Cau3AG000070	0.95	0.94	60.00	315	L1
transcript:AT3G01590.2	Cau.Cau2AG000567	0.99	0.99	80.26	244	L1
transcript:AT4G10750.1	Cau.Cau5AG000066	0.89	0.89	70.09	225	L1
transcript:AT2G26170.1	Cau.Cau4BG000514	0.98	0.99	73.36	391	L1
transcript:AT1G09790.1	Cau.Cau3AG002161	0.91	0.96	63.48	266	L1
transcript:AT5G40080.1	Cau.Cau6AG000115	0.95	0.96	78.65	70	L1
transcript:AT2G34520.1	Cau.Cau5AG003165	0.59	0.77	63.92	62	L1
transcript:AT5G66880.2	Cau.Cau1BG000387	1.00	1.00	84.02	305	L1
transcript:AT2G22360.1	Cau.Cau1AG000733	0.99	1.00	77.48	344	L1
transcript:AT1G59530.1	Cau.Cau3BG001179	0.82	0.87	44.26	54	L1
transcript:AT2G46870.1	Cau.Cau5BG003292	0.99	0.80	45.81	164	L1
transcript:AT1G67785.1	Cau.Cau7BG000551	0.98	1.00	77.42	48	L1
transcript:AT1G62280.1	Cau.Cau2BG001230	0.97	0.97	57.47	223	L1
transcript:AT4G01470.1	Cau.Cau7AG001988	1.00	1.00	84.13	212	L1
transcript:AT4G13970.1	Cau.Cau5BG003741	0.94	0.74	66.62	505	L1
transcript:AT5G16950.1	Cau.Cau5AG003410	1.00	1.00	52.53	52	L1
transcript:AT3G13040.3	Cau.Cau8BG002060	0.97	0.97	50.41	245	L1
transcript:AT2G17840.1	Cau.Cau1BG000131	0.98	0.96	66.59	299	L1
transcript:AT5G37800.1	Cau.Cau6BG000468	0.94	0.96	42.72	132	L1
transcript:AT5G64816.2	Cau.Cau3BG001091	0.98	1.00	78.74	100	L1
transcript:AT3G58170.1	Cau.Cau5BG002753	1.00	1.00	81.97	100	L1
transcript:AT4G02560.2	Cau.Cau5AG003056	0.97	0.95	44.57	476	L1
transcript:AT3G58530.1	Cau.Cau6BG000931	0.97	0.96	73.31	250	L1
transcript:AT2G44640.1	Cau.Cau5BG003800	1.00	1.00	58.00	279	L1
transcript:AT4G28610.1	Cau.Cau5BG002667	0.98	0.94	50.99	231	L1
transcript:AT2G40435.1	Cau.Cau7BG002155	0.98	0.99	62.66	99	L1
transcript:AT4G21890.1	Cau.Cau2AG002172	0.95	0.40	69.84	176	L1
transcript:AT5G17210.1	Cau.Cau6BG001823	1.00	1.00	62.91	134	L1
transcript:AT3G11210.1	Cau.Cau7BG002252	1.00	1.00	73.44	188	L1
transcript:AT3G59690.1	Cau.Cau5AG002139	1.00	1.00	57.63	321	L1
transcript:AT5G18170.1	Cau.Cau5BG002442	1.00	1.00	90.75	373	L1
transcript:AT1G52760.1	Cau.Cau1BG001277	0.95	0.97	83.76	263	L1
transcript:AT2G18410.1	Cau.Cau6AG000377	0.97	0.97	57.65	211	L1
transcript:AT3G02280.3	Cau.Cau3AG000872	1.00	1.00	66.40	417	L1
transcript:AT2G30390.1	Cau.Cau1BG000787	0.95	0.95	76.92	400	L1
transcript:AT2G29640.1	Cau.Cau8BG001951	0.47	0.93	68.82	117	L1
transcript:AT5G20120.2	Cau.Cau4AG000581	1.00	1.00	70.74	133	L1
transcript:AT1G02160.1	Cau.Cau5BG003787	0.87	0.85	83.87	52	L1
transcript:AT1G12410.1	Cau.Cau5AG000844	1.00	1.00	72.95	205	L1
transcript:AT4G22330.1	Cau.Cau2BG002729	1.00	1.00	83.92	214	L1
transcript:AT4G24960.1	Cau.Cau7BG001440	0.99	1.00	56.94	82	L1
transcript:AT1G04635.1	Cau.Cau9AG001481	1.00	1.00	64.52	100	L1
transcript:AT5G58340.2	Cau.Cau8AG000099	0.32	0.34	38.89	56	L1
transcript:AT5G25320.1	Cau.Cau4AG000199	1.00	1.00	63.47	318	L1
transcript:AT3G03740.1	Cau.Cau5BG002499	0.89	0.97	77.65	330	L1
transcript:AT4G32770.1	Cau.Cau4BG000371	0.96	0.97	70.73	331	L1
transcript:AT4G00585.1	Cau.Cau5BG003568	0.93	0.99	82.14	69	L1
transcript:AT4G18710.1	Cau.Cau2BG002496	1.00	1.00	93.16	354	L1
transcript:AT2G40370.1	Cau.Cau7BG002177	0.99	0.97	78.05	448	L1
transcript:AT1G21350.3	Cau.Cau3BG000717	0.98	0.99	71.20	178	L1
transcript:AT3G21270.1	Cau.Cau1BG000828	0.87	0.74	48.98	96	L1
transcript:AT1G17840.1	Cau.Cau5BG001731	1.00	0.98	84.07	591	L1
transcript:AT5G41810.2	Cau.Cau5BG000148	0.62	0.84	50.57	89	L1
transcript:AT1G10780.1	Cau.Cau3BG002110	1.00	1.00	68.02	285	L1
transcript:AT3G63440.1	Cau.Cau7BG000129	1.00	0.93	70.92	378	L1
transcript:AT1G48850.1	Cau.Cau7AG001863	0.99	0.99	82.19	360	L1
transcript:AT1G23000.1	Cau.Cau2BG001701	1.00	1.00	41.30	171	L1
transcript:AT3G57950.1	Cau.Cau6BG000992	0.90	0.85	47.25	86	L1
transcript:AT5G05170.1	Cau.Cau7AG000070	1.00	1.00	85.91	927	L1
transcript:AT4G29658.2	Cau.Cau4BG000901	0.94	0.89	43.02	77	L1
transcript:AT3G53170.1	Cau.Cau5AG002114	0.85	0.90	65.80	279	L1
transcript:AT3G12410.1	Cau.Cau6BG000582	0.97	0.96	31.25	70	L1
transcript:AT2G21045.1	Cau.Cau8AG000181	0.84	0.79	58.45	83	L1
transcript:AT2G39740.1	Cau.Cau7AG002316	0.80	0.93	56.06	236	L1
transcript:AT5G49660.1	Cau.Cau8AG001197	0.97	0.97	63.55	508	L1
transcript:AT3G25900.1	Cau.Cau7AG000909	0.97	0.97	80.76	256	L1
transcript:AT1G79050.1	Cau.Cau5AG001485	0.97	0.95	75.00	318	L1
transcript:AT5G64270.1	Cau.Cau4BG000374	1.00	1.00	86.79	1110	L1
transcript:AT5G16890.1	Cau.Cau5AG002404	0.97	0.97	72.14	360	L1
transcript:AT2G44920.2	Cau.Cau7BG002317	0.78	0.78	86.29	151	L1
transcript:AT2G29670.2	Cau.Cau8AG001947	0.98	0.98	59.34	324	L1
transcript:AT1G16730.1	Cau.Cau8AG002052	0.80	0.90	46.20	79	L1
transcript:AT2G39270.1	Cau.Cau7BG001938	0.92	0.90	72.46	200	L1
transcript:AT1G03380.1	Cau.Cau5BG002951	1.00	1.00	55.41	558	L1
transcript:AT5G22210.2	Cau.Cau8BG001338	1.00	1.00	65.06	54	L1
transcript:AT1G65295.1	Cau.Cau6AG001892	0.80	0.79	73.12	68	L1
transcript:AT2G43040.1	Cau.Cau2BG000728	0.98	0.99	77.23	536	L1
transcript:AT3G12685.1	Cau.Cau9AG000007	0.99	0.94	45.90	123	L1
transcript:AT4G14220.1	Cau.Cau9AG001497	0.84	0.84	48.14	155	L1
transcript:AT2G36740.1	Cau.Cau6BG001839	0.95	0.94	68.01	236	L1
transcript:AT3G62760.1	Cau.Cau5BG003016	0.96	0.96	61.90	130	L1
transcript:AT2G29190.2	Cau.Cau8AG001850	0.99	1.00	63.05	669	L1
transcript:AT3G52850.1	Cau.Cau6AG001157	1.00	1.00	76.05	473	L1
transcript:AT5G11240.1	Cau.Cau9BG001822	0.98	1.00	57.55	362	L1
transcript:AT1G51130.1	Cau.Cau2BG000140	0.99	1.00	54.92	229	L1
transcript:AT3G19830.4	Cau.Cau7AG001011	1.00	1.00	65.57	459	L1
transcript:AT1G05620.1	Cau.Cau5BG001981	0.98	0.98	79.43	251	L1
transcript:AT1G07750.1	Cau.Cau8BG001763	1.00	1.00	78.09	278	L1
transcript:AT1G59750.4	Cau.Cau3BG002386	0.99	0.97	75.67	507	L1
transcript:AT5G25800.1	Cau.Cau3BG000754	1.00	1.00	66.03	379	L1
transcript:AT2G41290.1	Cau.Cau9AG000803	0.87	0.90	58.73	195	L1
transcript:AT5G07280.1	Cau.Cau1BG001627	1.00	0.98	52.69	657	L1
transcript:AT5G26730.1	Cau.Cau2AG001346	0.61	0.91	43.53	74	L1
transcript:AT5G44210.1	Cau.Cau2BG000991	0.86	0.90	48.58	103	L1
transcript:AT1G15910.1	Cau.Cau1AG001423	1.00	0.99	58.00	366	L1
transcript:AT5G14895.1	Cau.Cau5AG000416	0.93	0.92	40.72	68	L1
transcript:AT1G30910.1	Cau.Cau2BG001883	0.95	0.99	69.87	211	L1
transcript:AT3G60300.1	Cau.Cau5BG003769	0.92	0.95	54.25	185	L1
transcript:AT5G64610.1	Cau.Cau3BG000925	1.00	1.00	86.06	389	L1
transcript:AT1G51550.1	Cau.Cau1AG001535	0.92	0.95	61.62	281	L1
transcript:AT2G01080.1	Cau.Cau3BG002059	0.84	0.76	76.35	155	L1
transcript:AT2G40930.1	Cau.Cau6BG000568	0.99	0.98	69.42	647	L1
transcript:AT5G66550.2	Cau.Cau1BG000277	0.89	0.95	64.44	145	L1
transcript:AT1G24160.2	Cau.Cau7AG000377	0.86	0.88	41.05	204	L1
transcript:AT2G39810.1	Cau.Cau5BG000724	1.00	1.00	52.54	518	L1
transcript:AT3G20970.1	Cau.Cau7BG001698	0.78	0.80	82.73	182	L1
transcript:AT5G23850.1	Cau.Cau9AG000260	0.98	0.96	60.49	323	L1
transcript:AT1G54790.3	Cau.Cau3BG001505	0.97	0.98	73.12	272	L1
transcript:AT1G15930.1	Cau.Cau1AG001428	1.00	1.00	74.31	107	L1
transcript:AT5G02310.3	Cau.Cau6AG001500	0.99	0.99	53.29	1100	L1
transcript:AT3G15190.1	Cau.Cau4BG001120	0.92	0.97	61.78	118	L1
transcript:AT5G67260.1	Cau.Cau1AG000467	0.96	0.95	54.95	200	L1
transcript:AT3G54900.1	Cau.Cau2AG000737	0.77	0.73	73.13	98	L1
transcript:AT5G43068.1	Cau.Cau3BG000519	0.94	0.83	40.23	35	L1
transcript:AT3G42050.1	Cau.Cau7BG001055	1.00	1.00	78.98	357	L1
transcript:AT4G19180.2	Cau.Cau6AG000282	1.00	1.00	65.94	513	L1
transcript:AT3G22480.2	Cau.Cau9AG001441	0.93	0.94	71.22	99	L1
transcript:AT3G55760.2	Cau.Cau9BG001433	0.92	0.91	61.06	345	L1
transcript:AT4G14960.2	Cau.Cau3BG001154	0.98	0.98	97.95	431	L1
transcript:AT5G15240.1	Cau.Cau6BG000103	1.00	0.99	61.56	261	L1
transcript:AT4G29210.1	Cau.Cau4BG000836	1.00	1.00	62.71	402	L1
transcript:AT3G12690.2	Cau.Cau9AG000010	0.99	0.92	63.34	375	L1
transcript:AT3G56810.1	Cau.Cau6BG000618	0.96	0.97	26.67	104	L1
transcript:AT3G26060.1	Cau.Cau4AG001735	0.98	1.00	71.03	152	L1
transcript:AT1G13500.1	Cau.Cau7BG000916	1.00	1.00	47.33	195	L1
transcript:AT1G10522.2	Cau.Cau7AG000396	0.66	0.65	78.81	93	L1
transcript:AT1G19980.1	Cau.Cau3AG000204	0.92	0.93	36.36	132	L1
transcript:AT2G21790.1	Cau.Cau1AG001886	1.00	1.00	86.41	646	L1
transcript:AT1G09360.1	Cau.Cau6AG001994	0.90	0.92	32.18	56	L1
transcript:AT4G13400.1	Cau.Cau4BG000651	1.00	0.90	73.31	261	L1
transcript:AT5G41920.1	Cau.Cau6BG001045	1.00	0.96	66.43	285	L1
transcript:AT4G12560.3	Cau.Cau2AG002746	1.00	1.00	51.44	214	L1
transcript:AT4G38640.1	Cau.Cau8AG000180	1.00	1.00	68.27	383	L1
transcript:AT1G03840.1	Cau.Cau2AG000633	0.93	0.96	54.71	273	L1
transcript:AT1G68890.1	Cau.Cau7AG000800	0.96	0.96	59.77	1006	L1
transcript:AT2G20990.1	Cau.Cau8BG000161	1.00	1.00	77.22	417	L1
transcript:AT2G17525.1	Cau.Cau1BG000027	0.98	0.99	60.45	373	L1
transcript:AT2G25430.1	Cau.Cau4AG000215	1.00	0.99	74.96	500	L1
transcript:AT5G22875.1	Cau.Cau8BG001522	1.00	1.00	82.86	58	L1
transcript:AT3G57600.1	Cau.Cau9BG000606	0.97	0.99	56.70	165	L1
transcript:AT1G65020.1	Cau.Cau5BG002353	1.00	1.00	70.19	226	L1
transcript:AT1G48650.1	Cau.Cau4BG001059	0.98	0.99	74.14	883	L1
transcript:AT1G53460.1	Cau.Cau5BG001337	0.87	0.87	48.62	141	L1
transcript:AT3G14000.2	Cau.Cau1BG000912	1.00	1.00	68.81	267	L1
transcript:AT1G55915.4	Cau.Cau1AG001497	0.99	1.00	48.51	196	L1
transcript:AT5G47230.1	Cau.Cau5AG000711	0.97	0.99	46.56	149	L1
transcript:AT1G53730.2	Cau.Cau1AG001016	1.00	1.00	68.40	500	L1
transcript:AT5G36110.1	Cau.Cau8AG002039	0.99	0.98	57.38	280	L1
transcript:AT1G80830.2	Cau.Cau1AG001433	1.00	1.00	76.61	416	L1
transcript:AT1G69380.1	Cau.Cau7AG000216	1.00	0.98	64.80	243	L1
transcript:AT5G21070.1	Cau.Cau2AG000406	1.00	1.00	86.58	200	L1
transcript:AT5G56940.1	Cau.Cau6BG001065	1.00	0.99	77.04	104	L1
transcript:AT4G32175.1	Cau.Cau5AG000437	0.63	0.86	76.47	117	L1
transcript:AT5G06940.1	Cau.Cau9AG000585	0.98	0.96	64.90	562	L1
transcript:AT1G28510.1	Cau.Cau2BG000644	0.91	0.92	65.38	102	L1
transcript:AT3G51140.1	Cau.Cau1BG000185	1.00	1.00	62.11	177	L1
transcript:AT1G67170.2	Cau.Cau6BG000320	0.91	0.66	58.79	204	L1
transcript:AT5G54062.1	Cau.Cau4BG001868	0.95	0.98	34.13	86	L1
transcript:AT4G29990.1	Cau.Cau1AG001023	0.98	0.98	52.41	457	L1
transcript:AT2G02070.2	Cau.Cau8AG001095	0.82	0.86	49.32	290	L1
transcript:AT4G12910.1	Cau.Cau2AG001500	0.93	0.95	52.69	245	L1
transcript:AT3G05975.1	Cau.Cau6BG001111	0.99	0.90	40.00	76	L1
transcript:AT1G21340.1	Cau.Cau3BG000715	1.00	0.94	36.33	109	L1
transcript:AT5G64680.3	Cau.Cau8AG001039	0.90	0.89	37.62	79	L1
transcript:AT5G18790.1	Cau.Cau9BG001680	1.00	1.00	89.66	52	L1
transcript:AT2G37460.1	Cau.Cau6AG001550	0.94	0.97	65.19	236	L1
transcript:AT2G43090.1	Cau.Cau5AG000736	0.76	0.75	78.53	150	L1
transcript:AT2G24440.1	Cau.Cau4BG000041	0.54	0.48	67.35	66	L1
transcript:AT1G47870.1	Cau.Cau3AG000218	0.98	1.00	46.87	202	L1
transcript:AT3G21760.1	Cau.Cau6BG001031	1.00	1.00	54.56	269	L1
transcript:AT1G12360.1	Cau.Cau8AG000222	0.98	0.98	81.31	535	L1
transcript:AT5G45950.1	Cau.Cau2BG002434	0.97	0.96	53.89	187	L1
transcript:AT4G25330.1	Cau.Cau2BG001396	0.74	0.46	37.65	64	L1
transcript:AT3G21540.1	Cau.Cau6AG001807	0.98	0.98	71.47	669	L1
transcript:AT5G67500.3	Cau.Cau1AG000559	1.00	1.00	77.90	215	L1
transcript:AT2G15790.1	Cau.Cau8AG000485	1.00	1.00	81.94	295	L1
transcript:AT5G55850.3	Cau.Cau4BG001620	1.00	1.00	75.95	60	L1
transcript:AT5G09220.1	Cau.Cau1AG001712	1.00	1.00	80.53	397	L1
transcript:AT5G33340.1	Cau.Cau7AG001116	1.00	1.00	58.77	258	L1
transcript:AT1G03560.1	Cau.Cau2AG001045	0.99	1.00	69.21	454	L1
transcript:AT2G40100.1	Cau.Cau7AG002251	1.00	1.00	75.54	210	L1
transcript:AT5G14920.1	Cau.Cau6AG000205	0.52	0.73	50.00	71	L1
transcript:AT5G58290.1	Cau.Cau1BG001769	0.99	1.00	89.29	367	L1
transcript:AT1G08980.1	Cau.Cau3BG001433	0.98	0.96	68.97	289	L1
transcript:AT5G50890.1	Cau.Cau7BG001277	0.92	0.93	73.54	278	L1
transcript:AT1G55020.1	Cau.Cau3AG001415	0.49	0.99	66.59	293	L1
transcript:AT1G28540.1	Cau.Cau2AG002431	0.93	0.88	59.62	62	L1
transcript:AT4G21200.1	Cau.Cau2AG002209	0.99	0.89	59.06	152	L1
transcript:AT2G25950.1	Cau.Cau4AG000469	1.00	1.00	85.29	174	L1
transcript:AT3G18630.1	Cau.Cau8AG001131	1.00	1.00	66.67	226	L1
transcript:AT4G31270.1	Cau.Cau4BG000019	1.00	1.00	40.66	124	L1
transcript:AT5G45800.1	Cau.Cau2AG002500	0.99	0.99	57.25	395	L1
transcript:AT5G42630.1	Cau.Cau3BG000400	0.95	0.95	46.90	159	L1
transcript:AT5G09650.1	Cau.Cau8BG000209	0.98	1.00	78.16	229	L1
transcript:AT5G15510.1	Cau.Cau6BG000034	0.98	0.99	60.69	315	L1
transcript:AT3G49240.1	Cau.Cau5BG001504	0.97	0.96	65.14	398	L1
transcript:AT1G73960.1	Cau.Cau5AG001174	1.00	1.00	62.19	875	L1
transcript:AT5G24850.1	Cau.Cau4AG000036	0.98	0.98	66.72	383	L1
transcript:AT5G56680.1	Cau.Cau4BG000848	1.00	1.00	75.00	429	L1
transcript:AT5G63490.2	Cau.Cau7BG001460	1.00	1.00	71.56	395	L1
transcript:AT3G55605.1	Cau.Cau7BG002329	1.00	1.00	55.73	146	L1
transcript:AT4G22740.2	Cau.Cau5AG000830	0.76	0.71	58.89	159	L1
transcript:AT4G14310.1	Cau.Cau9AG001185	0.97	0.98	53.75	494	L1
transcript:AT5G47500.1	Cau.Cau5BG000763	0.98	0.98	73.46	263	L1
transcript:AT4G01290.2	Cau.Cau5BG003470	1.00	1.00	44.13	433	L1
transcript:AT5G26110.1	Cau.Cau5AG002891	1.00	1.00	81.86	185	L1
transcript:AT1G80060.5	Cau.Cau1BG001360	0.90	0.96	39.45	101	L1
transcript:AT1G32330.2	Cau.Cau7AG001570	0.98	0.97	53.17	277	L1
transcript:AT1G75670.1	Cau.Cau3AG000231	0.99	0.83	57.73	112	L1
transcript:AT2G38310.1	Cau.Cau6AG001236	0.87	0.75	73.51	136	L1
transcript:AT4G17140.3	Cau.Cau5AG000648	1.00	1.00	68.10	2747	L1
transcript:AT5G14760.1	Cau.Cau2BG000497	0.99	0.99	76.65	499	L1
transcript:AT5G28150.1	Cau.Cau3BG001587	1.00	1.00	68.44	206	L1
transcript:AT5G47890.1	Cau.Cau1AG001098	0.96	0.95	69.15	65	L1
transcript:ATCG01050.1	Cau.Cau2BG000119	0.21	0.99	64.55	71	L1
transcript:AT3G01350.1	Cau.Cau2AG000438	0.98	0.99	62.93	348	L1
transcript:AT1G25380.2	Cau.Cau2AG001786	0.91	0.88	66.47	224	L1
transcript:AT4G11680.1	Cau.Cau5AG000919	0.93	0.97	70.24	262	L1
transcript:AT4G26490.1	Cau.Cau4AG001637	0.87	0.92	58.09	140	L1
transcript:AT1G71810.1	Cau.Cau3AG000614	1.00	1.00	71.33	500	L1
transcript:AT5G47400.1	Cau.Cau5BG000731	0.92	0.99	57.97	469	L1
transcript:AT3G05520.1	Cau.Cau3AG001381	0.97	0.99	75.92	227	L1
transcript:AT3G63250.3	Cau.Cau5AG002889	0.98	0.97	77.13	253	L1
transcript:AT5G12180.1	Cau.Cau2AG000364	0.99	1.00	83.11	443	L1
transcript:AT3G03530.1	Cau.Cau7BG001128	0.99	0.99	65.87	359	L1
transcript:AT5G14260.2	Cau.Cau2AG000929	1.00	1.00	75.00	390	L1
transcript:AT1G56230.1	Cau.Cau3BG001341	1.00	1.00	57.44	440	L1
transcript:AT3G17660.2	Cau.Cau5BG001684	0.99	0.99	57.53	149	L1
transcript:AT2G41680.1	Cau.Cau9BG000697	1.00	1.00	76.98	418	L1
transcript:AT3G03300.1	Cau.Cau6BG001944	1.00	1.00	59.91	837	L1
transcript:AT3G17680.1	Cau.Cau5BG001679	0.73	0.65	41.08	99	L1
transcript:AT1G64295.1	Cau.Cau9BG000661	0.97	0.84	34.78	128	L1
transcript:AT5G59770.1	Cau.Cau8BG001769	0.98	0.97	52.78	114	L1
transcript:AT2G44760.1	Cau.Cau5BG003774	0.99	0.99	61.28	315	L1
transcript:AT1G09790.2	Cau.Cau3BG002203	0.95	0.97	62.65	265	L1
transcript:AT1G55630.1	Cau.Cau9AG000265	1.00	1.00	64.27	313	L1
transcript:AT2G29540.1	Cau.Cau8AG001904	0.80	0.91	71.13	69	L1
transcript:AT1G49570.1	Cau.Cau1AG000389	0.87	0.92	61.44	196	L1
transcript:AT5G14240.1	Cau.Cau2BG000914	1.00	1.00	72.66	186	L1
transcript:AT1G11360.3	Cau.Cau2AG002259	1.00	0.97	69.51	171	L1
transcript:AT2G14830.1	Cau.Cau2BG001057	0.57	0.33	53.67	117	L1
transcript:AT5G38690.2	Cau.Cau6AG000348	0.95	0.94	46.25	271	L1
transcript:AT3G02820.1	Cau.Cau8AG001134	0.98	0.96	47.99	143	L1
transcript:AT3G13275.1	Cau.Cau4BG001676	0.94	0.97	52.17	36	L1
transcript:AT5G14050.1	Cau.Cau5AG002840	1.00	1.00	64.24	370	L1
transcript:AT1G27530.1	Cau.Cau3BG001147	1.00	1.00	93.10	162	L1
transcript:AT1G24110.1	Cau.Cau7BG000386	0.99	0.96	59.39	196	L1
transcript:AT2G02240.1	Cau.Cau6BG001857	0.81	1.00	50.18	142	L1
transcript:AT5G05610.2	Cau.Cau6BG001298	0.98	0.99	77.64	184	L1
transcript:AT5G23810.1	Cau.Cau4BG001684	0.96	0.97	63.98	286	L1
transcript:AT4G20790.1	Cau.Cau2AG002045	0.99	0.94	58.51	299	L1
transcript:AT2G03440.1	Cau.Cau7AG000203	0.71	0.85	49.65	71	L1
transcript:AT5G46390.2	Cau.Cau2BG002563	0.99	0.99	63.37	308	L1
transcript:AT4G02725.1	Cau.Cau5BG002863	0.78	0.72	57.03	73	L1
transcript:AT3G11150.1	Cau.Cau7AG002227	0.98	0.99	47.21	186	L1
transcript:AT4G00820.1	Cau.Cau5AG003366	1.00	1.00	57.58	323	L1
transcript:AT3G07940.1	Cau.Cau8BG001087	0.89	0.96	71.71	251	L1
transcript:AT2G33640.1	Cau.Cau3BG000057	1.00	1.00	56.70	368	L1
transcript:AT5G45030.1	Cau.Cau2BG001951	1.00	1.00	72.80	447	L1
transcript:AT5G27640.3	Cau.Cau4AG000104	0.99	0.99	80.82	569	L1
transcript:AT3G53970.1	Cau.Cau5AG001612	1.00	1.00	57.79	178	L1
transcript:AT1G04870.2	Cau.Cau4AG000604	0.99	0.99	68.30	265	L1
transcript:AT5G52200.1	Cau.Cau9BG000294	0.85	0.87	51.48	87	L1
transcript:AT3G18240.1	Cau.Cau5AG001265	1.00	1.00	63.93	273	L1
transcript:AT4G02550.5	Cau.Cau3AG001906	1.00	1.00	68.40	210	L1
transcript:AT3G19090.1	Cau.Cau8BG000485	0.91	0.86	55.74	233	L1
transcript:AT1G22760.1	Cau.Cau3AG000626	0.98	0.98	53.50	352	L1
transcript:AT3G07120.1	Cau.Cau5BG002561	1.00	1.00	43.35	176	L1
transcript:AT3G22850.1	Cau.Cau9BG001445	1.00	1.00	77.11	192	L1
transcript:AT1G65620.5	Cau.Cau2AG001849	0.99	0.99	70.09	157	L1
transcript:AT5G41960.1	Cau.Cau5AG000063	0.79	0.67	56.25	99	L1
transcript:AT1G10200.1	Cau.Cau3BG001197	0.96	0.91	84.62	154	L1
transcript:AT5G05940.1	Cau.Cau7AG002346	0.90	0.92	61.32	344	L1
transcript:AT3G12870.1	Cau.Cau9AG000073	1.00	1.00	79.61	164	L1
transcript:AT5G65640.1	Cau.Cau1BG000630	1.00	1.00	50.00	188	L1
transcript:AT2G37050.1	Cau.Cau6BG001646	0.98	0.97	66.45	606	L1
transcript:AT3G63310.1	Cau.Cau5AG002880	1.00	1.00	79.34	192	L1
transcript:AT2G38100.3	Cau.Cau6BG001340	0.99	0.97	42.49	232	L1
transcript:AT2G33100.2	Cau.Cau9AG000991	1.00	1.00	78.19	821	L1
transcript:AT1G50430.1	Cau.Cau1AG001561	1.00	0.99	85.38	368	L1
transcript:AT4G00400.1	Cau.Cau5BG003509	0.99	1.00	79.68	396	L1
transcript:AT2G35760.1	Cau.Cau2BG002759	1.00	1.00	72.77	147	L1
transcript:AT3G02550.1	Cau.Cau6BG000361	1.00	0.99	60.07	179	L1
transcript:AT5G58480.1	Cau.Cau8BG002028	0.95	0.94	72.71	333	L1
transcript:AT1G68230.2	Cau.Cau2AG001777	0.91	0.95	46.67	91	L1
transcript:AT2G16365.6	Cau.Cau8BG000643	0.65	0.51	36.11	130	L1
transcript:AT1G75580.1	Cau.Cau3BG000225	1.00	1.00	81.48	88	L1
transcript:AT4G27190.1	Cau.Cau4AG001302	0.99	0.98	46.53	463	L1
transcript:AT1G06430.1	Cau.Cau2BG000719	1.00	1.00	85.39	596	L1
transcript:AT1G69430.1	Cau.Cau7AG000225	0.93	0.91	66.16	217	L1
transcript:AT5G19450.1	Cau.Cau2BG000249	0.99	1.00	82.83	439	L1
transcript:AT1G28110.1	Cau.Cau7BG000158	1.00	1.00	78.88	366	L1
transcript:AT1G28305.1	Cau.Cau5AG002668	0.98	0.98	31.47	45	L1
transcript:AT3G53010.1	Cau.Cau3BG000513	0.90	0.91	59.86	167	L1
transcript:AT5G65500.2	Cau.Cau1BG000668	0.97	0.99	53.36	429	L1
transcript:AT5G54570.1	Cau.Cau4BG001305	0.89	0.96	76.47	364	L1
transcript:AT3G20000.1	Cau.Cau7BG000924	1.00	1.00	75.00	234	L1
transcript:AT5G49210.2	Cau.Cau9BG000955	0.95	0.93	56.68	106	L1
transcript:AT1G49910.1	Cau.Cau8BG000306	1.00	1.00	87.13	298	L1
transcript:AT1G71850.1	Cau.Cau3AG000567	0.79	0.59	57.18	223	L1
transcript:AT1G31020.1	Cau.Cau2BG001911	0.92	0.75	53.74	79	L1
transcript:AT5G56780.1	Cau.Cau4AG000869	0.96	0.98	37.96	197	L1
transcript:AT5G62620.1	Cau.Cau5BG000360	0.98	1.00	65.78	446	L1
transcript:AT4G18130.1	Cau.Cau2AG002563	0.98	0.97	65.50	729	L1
transcript:AT1G03090.2	Cau.Cau5BG002833	1.00	1.00	73.24	542	L1
transcript:AT1G54710.1	Cau.Cau3BG001476	0.98	0.98	56.90	565	L1
transcript:AT5G52230.2	Cau.Cau9AG000282	0.91	0.85	35.27	146	L1
transcript:AT4G02990.2	Cau.Cau5BG002937	0.99	1.00	67.84	365	L1
transcript:AT2G04900.1	Cau.Cau2AG001343	0.97	0.95	75.81	94	L1
transcript:AT5G22800.1	Cau.Cau8BG000104	0.99	0.97	75.72	739	L1
transcript:AT2G01660.1	Cau.Cau2AG001632	0.98	0.96	60.00	171	L1
transcript:AT5G65790.1	Cau.Cau1BG000595	0.98	0.94	49.09	189	L1
transcript:AT3G62410.1	Cau.Cau5AG003194	1.00	1.00	56.72	76	L1
transcript:AT2G47590.1	Cau.Cau5BG003058	0.99	0.99	70.74	324	L1
transcript:AT1G33170.1	Cau.Cau5BG000007	1.00	1.00	71.07	457	L1
transcript:AT5G58280.2	Cau.Cau1BG001774	0.98	0.79	45.75	140	L1
transcript:AT1G61210.1	Cau.Cau2BG002300	1.00	1.00	46.74	567	L1
transcript:AT5G15450.1	Cau.Cau6AG000063	0.99	1.00	78.92	771	L1
transcript:AT5G44370.1	Cau.Cau8BG000015	0.99	1.00	80.09	350	L1
transcript:AT1G17760.1	Cau.Cau6AG001086	1.00	0.98	67.81	514	L1
transcript:AT2G41970.1	Cau.Cau6BG000949	1.00	1.00	83.06	304	L1
transcript:AT3G01860.1	Cau.Cau2BG000897	0.95	0.97	35.90	84	L1
transcript:AT4G13940.2	Cau.Cau5BG000559	0.67	0.85	68.72	167	L1
transcript:AT5G48840.1	Cau.Cau5AG002644	0.99	0.88	69.01	216	L1
transcript:AT1G55760.1	Cau.Cau4BG001671	1.00	1.00	75.99	250	L1
transcript:AT2G32030.1	Cau.Cau9AG001419	0.86	0.88	62.20	102	L1
transcript:AT5G62950.1	Cau.Cau9AG001383	0.98	0.84	57.25	79	L1
transcript:AT2G29070.2	Cau.Cau8BG001851	0.98	0.97	65.18	204	L1
transcript:AT1G75210.1	Cau.Cau3BG000331	0.99	0.98	70.36	451	L1
transcript:AT1G35720.1	Cau.Cau3BG000988	1.00	1.00	73.19	232	L1
transcript:AT5G07710.1	Cau.Cau8BG000852	1.00	1.00	59.26	304	L1
transcript:AT3G06180.1	Cau.Cau9BG001608	0.82	0.88	67.17	133	L1
transcript:AT5G50200.1	Cau.Cau5BG000527	1.00	1.00	55.45	117	L1
transcript:AT1G54100.1	Cau.Cau1BG000953	1.00	1.00	82.48	419	L1
transcript:AT2G28500.1	Cau.Cau8AG001673	1.00	1.00	60.26	141	L1
transcript:AT1G09060.1	Cau.Cau3BG001393	0.98	0.99	58.41	552	L1
transcript:AT5G47390.1	Cau.Cau5BG000726	1.00	1.00	64.25	239	L1
transcript:ATCG00810.1	Cau.Cau9BG001646	0.77	0.61	64.23	79	L1
transcript:AT1G72660.3	Cau.Cau1BG000919	1.00	1.00	90.95	362	L1
transcript:AT1G26180.1	Cau.Cau7BG000829	0.97	0.95	62.15	179	L1
transcript:AT1G74900.1	Cau.Cau5BG000388	0.98	0.95	63.29	300	L1
transcript:AT1G20823.1	Cau.Cau3BG000052	1.00	1.00	61.27	125	L1
transcript:AT5G40450.1	Cau.Cau2BG000554	0.03	0.02	59.74	46	L1
transcript:AT1G79960.1	Cau.Cau1AG001166	0.98	0.98	40.58	127	L1
transcript:AT3G62790.1	Cau.Cau7BG001264	0.98	1.00	83.13	69	L1
transcript:AT3G12920.1	Cau.Cau5AG001517	1.00	1.00	49.01	174	L1
transcript:AT3G46020.1	Cau.Cau8AG001765	0.83	0.90	68.24	58	L1
transcript:AT3G07950.1	Cau.Cau7BG001883	1.00	1.00	74.92	230	L1
transcript:AT2G37035.1	Cau.Cau6BG001735	0.97	0.98	52.61	242	L1
transcript:AT4G11790.1	Cau.Cau5BG000898	1.00	1.00	49.69	242	L1
transcript:AT1G12450.1	Cau.Cau5AG000855	0.98	1.00	61.26	185	L1
transcript:AT4G24040.1	Cau.Cau3BG002234	0.89	0.90	60.68	338	L1
transcript:AT1G79650.2	Cau.Cau1AG001479	1.00	1.00	75.20	285	L1
transcript:AT3G22104.1	Cau.Cau2BG001152	1.00	1.00	50.00	273	L1
transcript:AT1G67810.1	Cau.Cau7BG000528	0.77	0.93	55.88	114	L1
transcript:AT3G06500.1	Cau.Cau9AG001861	0.99	0.99	69.66	473	L1
transcript:AT2G22300.1	Cau.Cau1AG002103	0.99	1.00	54.04	602	L1
transcript:AT2G20890.1	Cau.Cau2BG001105	0.96	0.99	67.67	203	L1
transcript:AT4G34040.1	Cau.Cau8AG000420	1.00	1.00	42.40	315	L1
transcript:AT1G08560.1	Cau.Cau5BG002398	1.00	1.00	71.97	226	L1
transcript:AT3G19615.1	Cau.Cau8AG000304	0.98	0.77	52.04	51	L1
transcript:AT1G20220.1	Cau.Cau3AG000153	1.00	1.00	56.01	177	L1
transcript:AT1G77300.1	Cau.Cau3AG000803	0.80	0.67	41.02	681	L1
transcript:AT1G68390.1	Cau.Cau2AG001789	0.95	0.95	59.90	233	L1
transcript:AT4G00570.1	Cau.Cau5AG003609	1.00	1.00	80.62	491	L1
transcript:AT5G40390.1	Cau.Cau2BG000542	0.99	0.98	71.68	562	L1
transcript:AT3G14770.1	Cau.Cau5AG001404	0.96	0.96	68.72	156	L1
transcript:AT1G73010.1	Cau.Cau1BG000832	0.95	0.99	67.86	190	L1
transcript:AT5G48470.1	Cau.Cau2BG001507	0.90	0.90	76.52	277	L1
transcript:AT4G14210.2	Cau.Cau9BG000890	0.93	0.96	85.26	451	L1
transcript:AT2G36720.2	Cau.Cau6AG001842	0.93	0.94	47.85	467	L1
transcript:AT2G31400.1	Cau.Cau5AG003223	0.94	0.98	67.20	588	L1
transcript:AT2G16900.6	Cau.Cau8AG000151	0.99	0.77	38.11	157	L1
transcript:AT1G24530.1	Cau.Cau7BG000549	0.89	0.86	66.58	251	L1
transcript:AT1G66840.2	Cau.Cau6AG000409	0.98	0.98	42.95	268	L1
transcript:AT2G21530.1	Cau.Cau2BG000620	0.75	0.71	54.76	92	L1
transcript:AT2G05310.1	Cau.Cau2BG001374	1.00	1.00	60.00	75	L1
transcript:AT5G05310.7	Cau.Cau7BG002137	0.98	0.99	68.41	353	L1
transcript:AT2G36780.1	Cau.Cau6BG001749	0.99	0.96	46.15	228	L1
transcript:AT1G17870.1	Cau.Cau8AG000266	0.97	0.93	75.58	427	L1
transcript:AT4G32820.1	Cau.Cau4BG000439	1.00	0.97	57.56	1131	L1
transcript:AT1G53760.1	Cau.Cau1BG001036	0.99	0.99	60.36	166	L1
transcript:AT1G31240.1	Cau.Cau2BG001976	0.82	0.81	37.55	92	L1
transcript:AT2G40080.1	Cau.Cau7AG002243	0.73	0.55	67.90	55	L1
transcript:AT5G48490.1	Cau.Cau5BG002314	0.97	0.95	43.27	45	L1
transcript:AT2G34770.1	Cau.Cau2AG002073	1.00	1.00	75.95	180	L1
transcript:AT4G24130.1	Cau.Cau5BG000054	0.93	0.94	74.66	109	L1
transcript:AT4G12670.2	Cau.Cau6AG001455	0.94	0.95	38.11	85	L1
transcript:AT5G66420.2	Cau.Cau1AG000240	1.00	1.00	75.83	574	L1
transcript:AT4G14147.3	Cau.Cau9BG000953	1.00	1.00	92.31	156	L1
transcript:AT2G38000.1	Cau.Cau6AG001377	1.00	1.00	64.35	278	L1
transcript:AT3G11550.1	Cau.Cau6BG000791	0.99	0.99	70.79	143	L1
transcript:AT3G45400.1	Cau.Cau7AG001163	1.00	1.00	64.34	323	L1
transcript:AT1G16390.1	Cau.Cau9BG000023	0.99	0.98	66.86	345	L1
transcript:AT1G27310.1	Cau.Cau7BG000684	1.00	1.00	87.80	108	L1
transcript:AT1G65930.1	Cau.Cau3BG001969	1.00	0.99	89.29	367	L1
transcript:AT5G27430.1	Cau.Cau3BG001627	1.00	1.00	86.83	145	L1
transcript:AT5G58230.1	Cau.Cau5BG001940	1.00	1.00	92.92	394	L1
transcript:AT5G08280.1	Cau.Cau7BG000964	0.98	0.99	75.67	283	L1
transcript:AT5G35730.1	Cau.Cau5BG003603	0.92	1.00	81.65	347	L1
transcript:AT4G03180.1	Cau.Cau5BG002989	0.86	0.84	53.61	89	L1
transcript:AT3G27210.1	Cau.Cau2AG000905	0.73	0.83	38.92	79	L1
transcript:AT2G39200.1	Cau.Cau7BG001885	0.96	0.96	67.14	380	L1
transcript:AT1G03430.1	Cau.Cau5BG002952	0.94	0.97	68.92	102	L1
transcript:AT1G53530.1	Cau.Cau5BG001389	0.95	0.99	56.22	104	L1
transcript:AT3G26120.1	Cau.Cau7AG000557	0.97	0.92	46.15	318	L1
transcript:AT3G13850.1	Cau.Cau1BG000868	0.89	0.93	50.97	132	L1
transcript:AT5G48130.1	Cau.Cau2BG001340	0.97	0.97	54.70	355	L1
transcript:AT1G14180.1	Cau.Cau7BG000252	0.88	0.94	40.82	160	L1
transcript:AT4G25670.1	Cau.Cau9BG000198	0.99	0.96	53.99	115	L1
transcript:AT2G22660.2	Cau.Cau1AG000621	0.94	0.91	54.57	436	L1
transcript:AT1G12390.1	Cau.Cau5AG000842	1.00	1.00	73.72	101	L1
transcript:AT4G32760.1	Cau.Cau4BG000360	1.00	1.00	60.45	428	L1
transcript:AT1G76405.2	Cau.Cau3BG000053	1.00	1.00	61.08	102	L1
transcript:AT4G35980.1	Cau.Cau1BG000125	1.00	1.00	67.82	59	L1
transcript:AT4G17070.1	Cau.Cau5BG000669	0.97	0.95	65.77	219	L1
transcript:AT2G01918.1	Cau.Cau6AG000521	0.97	0.93	36.81	67	L1
transcript:AT1G14150.1	Cau.Cau7AG000252	0.81	0.82	59.15	97	L1
transcript:AT2G37740.1	Cau.Cau6BG001467	0.99	0.99	35.42	119	L1
transcript:AT1G75640.1	Cau.Cau3AG000248	0.99	1.00	62.97	716	L1
transcript:AT3G25280.1	Cau.Cau7BG001220	0.99	0.98	56.87	298	L1
transcript:AT3G20830.1	Cau.Cau2BG000198	0.94	0.95	64.32	256	L1
transcript:AT4G34450.1	Cau.Cau8BG000608	1.00	1.00	84.89	753	L1
transcript:AT2G39560.1	Cau.Cau7BG002034	1.00	0.76	45.19	122	L1
transcript:AT4G34380.1	Cau.Cau8AG000573	0.95	0.98	61.57	306	L1
transcript:AT4G35890.1	Cau.Cau1AG000101	0.83	0.93	42.56	203	L1
transcript:AT5G26760.2	Cau.Cau6AG002005	0.99	0.99	41.07	322	L1
transcript:AT2G39840.1	Cau.Cau7BG002335	0.99	1.00	88.09	281	L1
transcript:AT5G58700.1	Cau.Cau8AG001968	0.99	1.00	63.27	391	L1
transcript:AT2G40140.2	Cau.Cau7AG002232	0.96	0.99	53.08	353	L1
transcript:AT1G76065.1	Cau.Cau3BG000146	1.00	0.99	75.00	60	L1
transcript:AT1G07700.4	Cau.Cau3AG000468	0.72	0.67	78.91	116	L1
transcript:AT1G03150.1	Cau.Cau5BG002868	1.00	0.81	97.13	169	L1
transcript:AT1G47250.1	Cau.Cau3AG000311	1.00	1.00	77.70	223	L1
transcript:AT2G35900.1	Cau.Cau6AG000875	1.00	1.00	48.48	96	L1
transcript:AT5G61240.1	Cau.Cau5BG001012	1.00	1.00	86.50	282	L1
transcript:AT5G16260.1	Cau.Cau3AG001249	0.97	0.98	61.32	325	L1
transcript:AT5G64840.1	Cau.Cau1AG001965	0.99	0.99	80.61	553	L1
transcript:AT5G22010.1	Cau.Cau8AG001270	1.00	1.00	69.04	669	L1
transcript:AT4G25610.3	Cau.Cau9AG000235	0.99	0.97	46.49	318	L1
transcript:AT2G01470.1	Cau.Cau2AG001680	0.99	0.99	50.62	205	L1
transcript:AT5G27740.1	Cau.Cau5AG002561	1.00	1.00	82.20	291	L1
transcript:AT4G32930.1	Cau.Cau4BG000451	1.00	0.99	65.27	109	L1
transcript:AT1G48310.1	Cau.Cau9BG001995	0.99	0.98	72.11	481	L1
transcript:AT3G43590.1	Cau.Cau8AG001254	0.83	0.88	41.87	206	L1
transcript:AT5G16770.2	Cau.Cau5AG002418	0.97	0.97	49.46	182	L1
transcript:AT2G30100.1	Cau.Cau8AG002003	0.96	0.96	64.23	316	L1
transcript:AT4G28025.1	Cau.Cau4AG002144	0.97	0.99	53.25	82	L1
transcript:AT2G01140.1	Cau.Cau2BG001739	1.00	1.00	86.33	341	L1
transcript:AT4G39660.1	Cau.Cau1BG002086	1.00	0.99	81.76	390	L1
transcript:AT3G14290.1	Cau.Cau1BG001021	1.00	1.00	95.36	226	L1
transcript:AT1G55280.1	Cau.Cau2BG000067	0.94	0.93	52.07	201	L1
transcript:AT2G14740.2	Cau.Cau8BG000302	0.98	0.98	83.25	517	L1
transcript:AT1G13630.4	Cau.Cau7BG000788	1.00	0.99	52.42	444	L1
transcript:AT1G05940.1	Cau.Cau5AG003785	0.97	0.95	71.58	398	L1
transcript:AT3G11130.1	Cau.Cau7AG002221	0.98	0.98	93.43	1564	L1
transcript:AT3G45050.2	Cau.Cau8BG001581	1.00	1.00	62.05	103	L1
transcript:AT5G37360.1	Cau.Cau5BG002373	0.95	0.94	64.85	190	L1
transcript:AT2G26290.1	Cau.Cau4BG001821	0.87	0.87	66.15	256	L1
transcript:AT5G46630.1	Cau.Cau7AG001528	1.00	1.00	95.21	417	L1
transcript:AT3G45300.1	Cau.Cau8BG001675	1.00	1.00	85.12	349	L1
transcript:AT1G13710.1	Cau.Cau7AG000718	0.99	0.99	67.81	356	L1
transcript:AT3G27180.1	Cau.Cau2BG000889	0.92	0.94	72.14	347	L1
transcript:AT4G15820.1	Cau.Cau9AG001673	0.92	0.87	35.84	181	L1
transcript:AT5G40480.1	Cau.Cau2BG000566	1.00	1.00	59.64	1175	L1
transcript:AT1G05055.1	Cau.Cau6BG001820	0.92	0.91	79.95	311	L1
transcript:AT4G33360.1	Cau.Cau3AG000452	0.97	1.00	75.75	253	L1
transcript:AT1G10470.1	Cau.Cau7BG000376	0.68	0.76	66.85	121	L1
transcript:AT5G01670.1	Cau.Cau6BG001220	1.00	1.00	72.98	235	L1
transcript:AT2G46520.1	Cau.Cau5BG003368	1.00	1.00	74.36	725	L1
transcript:AT1G76620.1	Cau.Cau3BG000017	0.85	0.84	49.25	231	L1
transcript:AT5G67380.1	Cau.Cau1BG000523	0.95	0.94	84.37	340	L1
transcript:AT5G04070.1	Cau.Cau3BG001978	0.98	0.96	63.56	225	L1
transcript:AT3G11940.1	Cau.Cau6AG000914	1.00	1.00	86.96	180	L1
transcript:AT5G59700.1	Cau.Cau8AG001729	0.99	0.99	67.98	569	L1
transcript:AT1G34430.1	Cau.Cau3BG000574	1.00	1.00	78.06	363	L1
transcript:AT2G23530.1	Cau.Cau1BG000374	0.96	0.96	42.07	228	L1
transcript:AT2G36930.1	Cau.Cau6AG001775	0.59	0.98	71.55	83	L1
transcript:AT2G37260.1	Cau.Cau6AG001620	0.99	0.98	45.80	218	L1
transcript:AT5G01970.1	Cau.Cau6AG001123	0.96	0.86	54.93	223	L1
transcript:AT1G15660.1	Cau.Cau1AG001210	0.99	1.00	42.47	192	L1
transcript:AT5G64320.1	Cau.Cau8BG000451	0.92	0.91	64.08	430	L1
transcript:AT5G57710.1	Cau.Cau4AG002140	1.00	1.00	56.82	608	L1
transcript:AT4G39150.2	Cau.Cau8BG000663	0.99	1.00	72.35	246	L1
transcript:AT5G47670.3	Cau.Cau2AG002787	0.65	0.65	71.70	114	L1
transcript:AT4G03280.1	Cau.Cau2AG001111	1.00	0.99	74.78	172	L1
transcript:AT2G39170.1	Cau.Cau7BG001814	0.70	0.55	60.48	101	L1
transcript:AT1G13310.1	Cau.Cau7AG000871	0.91	0.96	44.96	156	L1
transcript:AT5G13950.3	Cau.Cau2AG000785	1.00	1.00	37.97	382	L1
transcript:AT1G08520.1	Cau.Cau2AG000299	1.00	0.99	81.99	633	L1
transcript:AT5G05670.2	Cau.Cau7BG000471	1.00	0.98	76.06	197	L1
transcript:AT1G80000.3	Cau.Cau1BG001236	0.74	0.98	44.69	223	L1
transcript:AT3G20910.1	Cau.Cau2BG000246	0.89	0.93	48.32	158	L1
transcript:AT3G13230.2	Cau.Cau8BG001345	0.98	0.98	81.40	175	L1
transcript:AT2G20480.1	Cau.Cau2BG000104	0.73	0.61	73.91	34	L1
transcript:AT3G55850.6	Cau.Cau8AG001088	1.00	1.00	67.70	394	L1
transcript:AT4G10110.1	Cau.Cau5BG001858	1.00	0.96	57.37	109	L1
transcript:AT5G26570.1	Cau.Cau9BG000885	0.96	0.95	66.29	763	L1
transcript:AT4G14420.1	Cau.Cau9BG001350	0.99	0.99	74.36	116	L1
transcript:AT1G06660.1	Cau.Cau7BG001303	0.99	0.99	46.12	238	L1
transcript:AT1G44170.1	Cau.Cau3AG000846	0.99	0.97	70.71	338	L1
transcript:AT1G33810.1	Cau.Cau5AG001824	0.98	0.97	74.10	103	L1
transcript:AT1G66670.1	Cau.Cau6BG000440	0.87	0.81	72.49	195	L1
transcript:AT2G25737.1	Cau.Cau4BG000349	1.00	1.00	75.58	359	L1
transcript:AT5G66900.1	Cau.Cau1AG000381	0.98	0.98	42.66	346	L1
transcript:AT2G21540.4	Cau.Cau8AG000683	0.98	0.97	64.99	375	L1
transcript:AT5G57815.1	Cau.Cau4BG002192	0.97	0.96	89.47	68	L1
transcript:AT5G52860.1	Cau.Cau9AG000154	0.99	0.94	68.78	412	L1
transcript:AT1G26470.1	Cau.Cau7BG000723	0.98	0.95	79.55	105	L1
transcript:AT5G61930.1	Cau.Cau7AG001361	1.00	1.00	63.27	267	L1
transcript:AT5G14510.1	Cau.Cau2BG000572	1.00	1.00	58.41	198	L1
transcript:AT1G03530.1	Cau.Cau2BG001028	0.54	0.67	43.61	208	L1
transcript:AT1G32520.1	Cau.Cau7AG001515	0.90	0.86	76.82	169	L1
transcript:AT2G37690.1	Cau.Cau8BG001224	0.92	0.92	75.50	450	L1
transcript:AT3G58500.1	Cau.Cau6BG000926	1.00	1.00	96.81	303	L1
transcript:AT1G01770.1	Cau.Cau5AG003597	0.98	0.98	68.45	436	L1
transcript:AT2G47770.1	Cau.Cau5AG003077	1.00	1.00	45.96	91	L1
transcript:AT3G06810.1	Cau.Cau9AG001716	1.00	1.00	75.57	625	L1
transcript:AT5G65910.1	Cau.Cau1AG000531	1.00	0.99	47.07	241	L1
transcript:AT2G35840.3	Cau.Cau6AG000883	1.00	1.00	69.83	294	L1
transcript:AT1G32490.1	Cau.Cau5BG001020	1.00	1.00	74.50	783	L1
transcript:AT5G47090.2	Cau.Cau5BG000660	0.95	0.99	64.72	200	L1
transcript:AT4G31780.2	Cau.Cau4AG000114	1.00	1.00	74.03	399	L1
transcript:AT2G43410.3	Cau.Cau5AG002267	0.98	0.97	45.98	457	L1
transcript:AT1G49960.1	Cau.Cau8BG000283	1.00	0.98	71.05	373	L1
transcript:AT5G16550.1	Cau.Cau8AG001259	0.81	0.83	60.89	123	L1
transcript:AT4G37870.1	Cau.Cau1BG000623	0.99	1.00	84.30	564	L1
transcript:AT2G31220.1	Cau.Cau5BG003828	0.99	0.98	39.96	197	L1
transcript:AT3G06950.1	Cau.Cau9BG001987	1.00	1.00	65.86	218	L1
transcript:AT5G64940.2	Cau.Cau1AG001997	0.98	0.98	77.94	597	L1
transcript:AT1G67900.6	Cau.Cau7BG000514	1.00	1.00	77.97	499	L1
transcript:AT1G33430.2	Cau.Cau5BG001898	1.00	0.96	68.46	280	L1
transcript:AT5G37350.2	Cau.Cau5AG000631	0.79	1.00	69.70	230	L1
transcript:AT4G30710.2	Cau.Cau4BG002227	0.97	0.98	56.14	361	L1
transcript:AT2G36630.1	Cau.Cau6AG000652	0.98	0.99	76.32	348	L1
transcript:AT5G19690.1	Cau.Cau4BG000772	0.98	0.98	86.53	668	L1
transcript:AT3G12090.1	Cau.Cau7AG001877	1.00	1.00	71.28	201	L1
transcript:AT3G26020.2	Cau.Cau7AG000594	0.99	0.96	78.26	396	L1
transcript:AT1G72640.1	Cau.Cau1BG000921	0.98	0.99	60.52	187	L1
transcript:AT3G09320.1	Cau.Cau6AG001479	0.99	0.99	71.99	203	L1
transcript:AT1G07910.2	Cau.Cau8BG001691	0.98	0.99	68.19	808	L1
transcript:AT1G54850.1	Cau.Cau3AG001453	0.87	0.89	65.78	123	L1
transcript:AT5G63810.1	Cau.Cau1BG001740	0.99	0.95	69.96	517	L1
transcript:AT3G57040.1	Cau.Cau8AG001081	0.97	0.91	53.07	121	L1
transcript:AT2G44580.2	Cau.Cau5BG003813	0.98	0.97	59.95	235	L1
transcript:AT5G13770.1	Cau.Cau8AG001109	0.86	0.87	57.12	301	L1
transcript:AT3G25250.1	Cau.Cau7AG001195	0.99	0.99	59.15	252	L1
transcript:AT3G03520.1	Cau.Cau7AG001102	0.98	0.99	68.14	355	L1
transcript:AT4G11270.2	Cau.Cau5AG000203	1.00	1.00	55.84	856	L1
transcript:AT3G15500.1	Cau.Cau4BG001224	1.00	0.99	58.36	206	L1
transcript:AT5G20520.1	Cau.Cau4BG000969	0.99	0.97	79.74	244	L1
transcript:AT3G03890.1	Cau.Cau5AG002509	0.92	0.88	77.36	229	L1
transcript:AT1G29195.1	Cau.Cau2BG002483	0.97	0.97	59.04	111	L1
transcript:AT4G33480.1	Cau.Cau1AG001710	0.99	0.92	62.02	209	L1
transcript:AT5G06290.1	Cau.Cau6AG000828	0.77	0.77	88.57	186	L1
transcript:AT3G47833.1	Cau.Cau5AG000401	0.98	0.91	72.04	67	L1
transcript:AT3G17950.1	Cau.Cau4BG000992	0.94	0.93	46.60	96	L1
transcript:AT1G09530.6	Cau.Cau6BG002426	0.95	0.83	36.92	240	L1
transcript:AT1G54500.1	Cau.Cau3AG001593	0.92	0.93	57.71	116	L1
transcript:AT1G28490.1	Cau.Cau4AG001460	1.00	1.00	73.58	181	L1
transcript:AT3G02070.1	Cau.Cau2AG000755	0.95	0.92	83.09	172	L1
transcript:AT5G46795.1	Cau.Cau7AG001544	0.98	1.00	40.70	81	L1
transcript:AT4G14965.1	Cau.Cau4AG002050	1.00	1.00	75.82	185	L1
transcript:AT5G41140.1	Cau.Cau5BG000268	1.00	1.00	48.54	564	L1
transcript:AT2G27510.1	Cau.Cau8AG001389	0.99	0.99	64.94	100	L1
transcript:AT1G24050.1	Cau.Cau7BG000401	0.94	0.96	57.06	101	L1
transcript:AT2G20830.4	Cau.Cau3BG002341	0.99	0.94	63.18	187	L1
transcript:AT5G13990.1	Cau.Cau2BG000834	0.88	0.91	52.00	338	L1
transcript:AT4G34530.1	Cau.Cau8AG000651	0.74	0.57	39.42	108	L1
transcript:AT5G51950.3	Cau.Cau9BG000335	0.98	0.99	62.05	358	L1
transcript:AT5G35630.2	Cau.Cau9AG001551	0.92	1.00	88.19	351	L1
transcript:AT4G03120.1	Cau.Cau5AG003019	0.91	0.96	62.63	124	L1
transcript:AT5G22260.1	Cau.Cau2AG001561	0.98	0.99	51.88	345	L1
transcript:AT3G03120.1	Cau.Cau5BG002327	0.99	0.99	92.15	176	L1
transcript:AT4G08570.1	Cau.Cau3AG000958	1.00	1.00	74.17	112	L1
transcript:AT2G28060.4	Cau.Cau8BG001585	1.00	1.00	68.38	80	L1
transcript:AT2G42600.2	Cau.Cau2BG000690	1.00	1.00	89.54	865	L1
transcript:AT2G07680.3	Cau.Cau1BG001491	0.98	0.98	66.67	956	L1
transcript:AT3G60830.1	Cau.Cau7BG000060	1.00	1.00	85.16	310	L1
transcript:AT4G01660.1	Cau.Cau5BG003257	1.00	1.00	65.38	408	L1
transcript:AT1G22690.3	Cau.Cau3BG000581	0.97	0.80	47.46	56	L1
transcript:AT3G63540.1	Cau.Cau7AG000085	0.97	0.58	80.43	111	L1
transcript:AT5G25480.1	Cau.Cau4BG000271	0.97	0.97	70.45	267	L1
transcript:AT2G48070.3	Cau.Cau5BG002938	0.84	0.76	74.71	127	L1
transcript:AT4G13395.1	Cau.Cau4BG000650	0.91	0.85	56.00	28	L1
transcript:AT5G61760.2	Cau.Cau7AG001333	1.00	0.99	60.13	184	L1
transcript:AT2G42910.1	Cau.Cau7BG001252	0.93	0.96	86.71	274	L1
transcript:AT5G33280.1	Cau.Cau4BG001917	0.99	0.96	76.70	586	L1
transcript:AT1G64110.3	Cau.Cau5BG000189	1.00	1.00	76.81	646	L1
transcript:AT5G62360.1	Cau.Cau9BG000421	0.92	0.96	57.59	110	L1
transcript:AT2G18540.1	Cau.Cau1AG000313	0.59	0.69	51.85	224	L1
transcript:AT1G72560.2	Cau.Cau1BG000940	1.00	1.00	75.23	744	L1
transcript:AT5G64430.1	Cau.Cau8AG000206	0.99	1.00	46.44	261	L1
transcript:AT5G17910.2	Cau.Cau7BG001174	0.83	0.87	39.66	489	L1
transcript:AT3G07070.1	Cau.Cau5BG002578	0.98	0.99	67.38	285	L1
transcript:AT4G24460.2	Cau.Cau3BG001118	0.92	0.95	62.38	257	L1
transcript:AT3G12570.3	Cau.Cau7AG002021	0.99	0.97	71.89	353	L1
transcript:AT1G03687.1	Cau.Cau2AG001072	0.97	0.97	62.96	238	L1
transcript:AT5G04885.3	Cau.Cau7BG001614	0.98	0.99	74.28	488	L1
transcript:AT2G40430.1	Cau.Cau7AG002150	1.00	1.00	59.84	221	L1
transcript:AT2G33040.1	Cau.Cau5BG001046	0.99	1.00	82.41	267	L1
transcript:AT2G29180.1	Cau.Cau8AG001851	0.93	0.97	40.44	74	L1
transcript:AT3G11500.2	Cau.Cau6BG000768	1.00	0.99	89.87	71	L1
transcript:AT5G65140.1	Cau.Cau1BG002143	0.99	0.97	65.41	242	L1
transcript:AT1G16700.1	Cau.Cau8AG000637	1.00	1.00	87.61	198	L1
transcript:AT3G25940.1	Cau.Cau3BG000178	0.91	0.78	58.18	64	L1
transcript:AT3G13160.1	Cau.Cau2AG002246	0.97	1.00	51.57	197	L1
transcript:AT5G26749.1	Cau.Cau6BG002363	1.00	1.00	52.53	83	L1
transcript:AT1G04040.1	Cau.Cau5AG002723	1.00	1.00	55.72	151	L1
transcript:AT5G19950.3	Cau.Cau4AG000638	0.93	0.94	47.78	204	L1
transcript:AT4G34220.1	Cau.Cau8BG000382	0.98	0.98	53.06	425	L1
transcript:AT1G63850.1	Cau.Cau5AG000228	1.00	0.80	70.05	386	L1
transcript:AT1G21060.2	Cau.Cau3AG000017	0.86	0.84	49.67	228	L1
transcript:AT3G63430.1	Cau.Cau5AG002859	0.99	0.99	35.34	282	L1
transcript:AT3G07160.1	Cau.Cau2AG000116	0.84	0.92	59.81	857	L1
transcript:AT1G56670.1	Cau.Cau6AG001997	0.99	0.97	64.15	238	L1
transcript:AT5G19050.1	Cau.Cau9BG001602	0.90	0.91	80.12	262	L1
transcript:AT1G62420.1	Cau.Cau2BG002728	0.98	0.97	41.64	132	L1
transcript:AT3G61800.2	Cau.Cau5BG003375	0.99	0.99	55.70	376	L1
transcript:AT5G52270.2	Cau.Cau9BG000281	0.98	1.00	56.25	126	L1
transcript:AT4G15920.1	Cau.Cau9AG001700	0.95	0.98	66.09	152	L1
transcript:AT3G07580.1	Cau.Cau2BG001440	0.89	0.83	36.30	53	L1
transcript:AT1G79430.2	Cau.Cau9AG000027	1.00	1.00	58.82	230	L1
transcript:AT1G03475.1	Cau.Cau6BG001011	1.00	0.98	80.26	313	L1
transcript:AT1G72280.1	Cau.Cau5AG001479	0.99	0.98	74.26	349	L1
transcript:AT5G60550.1	Cau.Cau8AG001633	0.95	0.97	65.27	265	L1
transcript:AT2G03670.1	Cau.Cau7AG000740	0.97	0.99	74.33	446	L1
transcript:AT2G17210.1	Cau.Cau8BG000044	0.98	0.96	52.80	386	L1
transcript:AT3G24740.6	Cau.Cau5AG002649	1.00	1.00	54.89	219	L1
transcript:AT1G02810.1	Cau.Cau5AG003125	1.00	1.00	65.70	387	L1
transcript:AT5G04270.1	Cau.Cau7BG001831	1.00	1.00	61.01	169	L1
transcript:AT3G52610.1	Cau.Cau6BG000771	0.99	0.98	54.70	262	L1
transcript:AT1G67550.1	Cau.Cau7AG000621	0.65	0.94	76.97	421	L1
transcript:AT2G42200.1	Cau.Cau6BG000999	1.00	1.00	42.45	177	L1
transcript:AT4G23620.2	Cau.Cau5AG000194	0.95	0.97	69.81	185	L1
transcript:AT1G27460.1	Cau.Cau3AG001203	1.00	1.00	60.77	440	L1
transcript:AT5G23870.4	Cau.Cau9BG000253	0.94	0.98	70.66	277	L1
transcript:AT5G22130.3	Cau.Cau3AG001941	0.99	0.92	73.66	316	L1
transcript:AT2G25720.1	Cau.Cau5AG001675	1.00	1.00	58.14	75	L1
transcript:AT1G75100.1	Cau.Cau3BG000359	1.00	1.00	34.34	262	L1
transcript:AT5G08380.1	Cau.Cau2AG001839	1.00	1.00	74.82	312	L1
transcript:AT5G37850.4	Cau.Cau6BG000456	0.99	0.90	84.97	260	L1
transcript:AT1G73940.1	Cau.Cau5AG000011	0.75	0.77	65.52	76	L1
transcript:AT3G07930.4	Cau.Cau6AG002088	0.77	0.60	53.70	145	L1
transcript:AT1G01100.4	Cau.Cau5AG003360	0.98	0.99	69.09	76	L1
transcript:AT5G53950.1	Cau.Cau4BG001118	1.00	1.00	51.71	212	L1
transcript:AT3G19553.1	Cau.Cau8AG000325	0.99	0.95	74.53	357	L1
transcript:AT3G55510.1	Cau.Cau7BG001903	0.98	0.93	53.73	318	L1
transcript:AT4G37660.1	Cau.Cau1AG000547	0.96	0.94	53.61	89	L1
transcript:AT4G31930.1	Cau.Cau4AG000158	1.00	1.00	48.13	116	L1
transcript:AT5G56450.1	Cau.Cau4BG000511	0.98	0.99	72.84	236	L1
transcript:AT4G34430.3	Cau.Cau8BG000605	1.00	1.00	50.53	529	L1
transcript:AT5G01590.1	Cau.Cau6AG001243	0.95	0.97	71.46	363	L1
transcript:AT3G57290.1	Cau.Cau9AG000716	0.98	0.99	85.78	374	L1
transcript:AT2G35635.1	Cau.Cau9BG000208	1.00	1.00	97.40	150	L1
transcript:AT5G64210.1	Cau.Cau8BG000979	0.79	0.85	79.29	222	L1
transcript:AT5G64970.1	Cau.Cau1AG002101	1.00	1.00	65.26	293	L1
transcript:AT2G31870.2	Cau.Cau5AG002019	0.99	0.99	61.76	344	L1
transcript:AT2G03510.1	Cau.Cau7BG000728	0.97	0.98	74.50	263	L1
transcript:AT3G01750.2	Cau.Cau2AG000939	1.00	0.98	55.38	376	L1
transcript:AT5G40380.1	Cau.Cau2AG000524	0.91	0.89	54.36	265	L1
transcript:AT4G16760.1	Cau.Cau5BG000728	1.00	1.00	82.68	549	L1
transcript:AT5G03795.1	Cau.Cau6BG000652	0.95	0.97	59.63	319	L1
transcript:AT5G15800.1	Cau.Cau6AG000267	1.00	1.00	78.49	197	L1
transcript:AT3G25480.1	Cau.Cau2AG001478	0.97	0.83	54.61	148	L1
transcript:AT5G23710.1	Cau.Cau1AG001287	1.00	1.00	48.73	115	L1
transcript:AT5G35330.2	Cau.Cau4AG001974	0.89	0.76	54.26	140	L1
transcript:AT1G11840.4	Cau.Cau2AG002663	1.00	0.99	80.62	233	L1
transcript:ATCG00730.1	Cau.Cau9BG000964	0.62	0.97	90.91	90	L1
transcript:AT1G60550.1	Cau.Cau7BG000459	0.99	0.99	78.01	259	L1
transcript:AT5G01890.1	Cau.Cau6BG001157	0.99	0.98	66.04	632	L1
transcript:AT4G25640.1	Cau.Cau9BG000212	0.99	0.99	73.05	355	L1
transcript:AT3G48000.1	Cau.Cau7AG000427	1.00	1.00	74.59	408	L1
transcript:AT5G60160.1	Cau.Cau5BG000607	0.99	0.97	78.90	374	L1
transcript:AT3G23150.1	Cau.Cau9BG001361	1.00	1.00	61.45	483	L1
transcript:AT3G56880.1	Cau.Cau6BG000599	1.00	1.00	45.42	119	L1
transcript:AT2G26810.1	Cau.Cau2BG000380	0.97	1.00	63.85	166	L1
transcript:AT5G22580.1	Cau.Cau8BG001464	0.94	0.91	63.46	66	L1
transcript:AT2G34860.2	Cau.Cau2AG000095	0.99	0.99	63.64	119	L1
transcript:AT1G56140.1	Cau.Cau9BG000072	0.96	0.97	52.92	435	L1
transcript:AT5G27720.1	Cau.Cau3BG001727	0.87	0.78	88.89	104	L1
transcript:AT5G19400.5	Cau.Cau2AG000355	1.00	1.00	48.45	515	L1
transcript:AT5G65980.1	Cau.Cau1AG000018	1.00	1.00	63.12	267	L1
transcript:AT4G36940.1	Cau.Cau1BG000443	1.00	1.00	84.11	471	L1
transcript:AT2G39780.1	Cau.Cau2BG001460	1.00	1.00	57.55	160	L1
transcript:AT2G36000.1	Cau.Cau6AG000827	0.95	0.93	54.66	176	L1
transcript:AT3G27380.1	Cau.Cau2BG000961	1.00	0.99	78.06	217	L1
transcript:AT4G37890.2	Cau.Cau1AG000612	1.00	1.00	49.07	368	L1
transcript:AT2G38640.1	Cau.Cau6BG001104	1.00	0.98	52.91	118	L1
transcript:AT3G21580.1	Cau.Cau9AG001555	1.00	1.00	66.17	264	L1
transcript:AT2G37430.1	Cau.Cau6AG001554	0.93	0.92	50.00	83	L1
transcript:AT3G21290.1	Cau.Cau1BG000825	0.98	0.98	40.00	516	L1
transcript:AT2G01818.1	Cau.Cau2AG001592	0.96	0.95	51.39	111	L1
transcript:AT5G56360.1	Cau.Cau2BG000015	1.00	1.00	58.75	396	L1
transcript:AT1G49590.1	Cau.Cau8AG000479	0.99	0.99	58.27	148	L1
transcript:AT3G60310.2	Cau.Cau4BG000911	0.98	0.98	40.97	286	L1
transcript:AT2G03800.1	Cau.Cau7BG000777	1.00	1.00	75.32	238	L1
transcript:AT5G64630.2	Cau.Cau1AG001813	1.00	1.00	64.78	344	L1
transcript:AT3G57380.1	Cau.Cau9AG000688	0.94	0.92	60.16	308	L1
transcript:AT3G05040.1	Cau.Cau3BG001538	0.99	0.99	67.73	808	L1
transcript:AT1G63800.1	Cau.Cau2AG000460	1.00	1.00	70.05	131	L1
transcript:AT1G23450.1	Cau.Cau7AG000464	0.99	0.56	54.64	206	L1
transcript:AT5G64440.1	Cau.Cau1AG001694	0.96	0.95	43.63	257	L1
transcript:AT5G04130.1	Cau.Cau9BG000866	0.93	0.95	81.31	557	L1
transcript:AT1G75150.1	Cau.Cau3AG000353	0.98	0.97	36.54	300	L1
transcript:AT4G39790.1	Cau.Cau1BG002139	0.98	0.99	57.86	391	L1
transcript:AT3G05680.1	Cau.Cau6AG000857	1.00	1.00	57.35	1268	L1
transcript:AT1G55260.2	Cau.Cau2AG000076	0.76	0.95	45.00	81	L1
transcript:AT2G45720.5	Cau.Cau5AG003633	1.00	1.00	70.41	395	L1
transcript:AT5G01930.1	Cau.Cau6BG001138	0.91	0.95	74.20	302	L1
transcript:AT1G34300.1	Cau.Cau3AG000565	0.94	0.93	63.62	509	L1
transcript:AT3G18800.1	Cau.Cau1BG001957	1.00	1.00	70.85	141	L1
transcript:AT3G52155.3	Cau.Cau2AG002802	0.94	0.87	61.65	127	L1
transcript:AT5G60640.1	Cau.Cau8AG001625	0.97	0.96	63.75	306	L1
transcript:AT1G30190.1	Cau.Cau2AG002162	0.89	0.86	38.10	96	L1
transcript:AT4G34480.1	Cau.Cau8BG000610	0.89	0.97	74.51	342	L1
transcript:AT1G69030.1	Cau.Cau7BG000780	0.98	0.98	57.58	190	L1
transcript:AT1G29400.3	Cau.Cau2AG002562	0.99	0.96	60.94	507	L1
transcript:AT2G46060.1	Cau.Cau5BG003489	0.96	0.94	58.42	465	L1
transcript:AT1G50910.1	Cau.Cau4BG001368	1.00	1.00	51.04	194	L1
transcript:AT5G04250.1	Cau.Cau7BG001838	1.00	1.00	56.70	203	L1
transcript:AT2G36360.1	Cau.Cau7AG001686	1.00	1.00	71.49	361	L1
transcript:AT5G09310.1	Cau.Cau1BG001856	0.52	0.72	53.95	41	L1
transcript:AT1G78110.1	Cau.Cau3BG000982	0.95	0.97	53.09	189	L1
transcript:AT4G02020.1	Cau.Cau5AG003201	0.97	0.98	58.43	506	L1
transcript:AT2G44810.2	Cau.Cau5AG003801	1.00	0.94	66.09	304	L1
transcript:AT2G41870.1	Cau.Cau9AG000622	0.97	0.95	55.75	160	L1
transcript:AT4G38213.1	Cau.Cau8BG000029	0.99	0.96	44.56	86	L1
transcript:AT3G51790.1	Cau.Cau6AG001265	0.98	0.99	62.84	164	L1
transcript:AT3G53760.1	Cau.Cau5BG003060	0.98	0.98	76.96	568	L1
transcript:AT1G21750.1	Cau.Cau3BG000846	1.00	1.00	69.52	349	L1
transcript:AT3G52580.1	Cau.Cau6BG000777	0.93	0.93	92.81	129	L1
transcript:AT4G22600.1	Cau.Cau5AG000799	1.00	0.99	50.00	140	L1
transcript:AT4G03250.1	Cau.Cau2BG000346	0.99	1.00	43.28	232	L1
transcript:AT4G02070.1	Cau.Cau5BG003136	1.00	1.00	64.46	867	L1
transcript:AT5G43140.1	Cau.Cau3AG001221	0.97	0.93	54.00	135	L1
transcript:AT2G20690.1	Cau.Cau6AG000247	0.96	0.97	64.60	177	L1
transcript:AT1G42480.1	Cau.Cau3AG000064	0.92	0.91	66.67	112	L1
transcript:AT1G60490.1	Cau.Cau7BG000458	1.00	1.00	83.39	683	L1
transcript:AT3G56140.3	Cau.Cau7BG002173	0.99	0.98	68.47	506	L1
transcript:AT2G01100.3	Cau.Cau2AG001733	0.95	0.67	49.03	126	L1
transcript:AT1G03470.4	Cau.Cau5AG003030	0.96	0.97	41.10	127	L1
transcript:AT4G20070.1	Cau.Cau2AG001910	0.94	0.99	71.69	352	L1
transcript:AT3G55830.1	Cau.Cau7AG002269	0.95	0.96	66.87	216	L1
transcript:AT4G01100.2	Cau.Cau5BG003416	1.00	1.00	79.95	295	L1
transcript:AT3G13890.1	Cau.Cau1BG000879	0.57	0.50	65.44	142	L1
transcript:AT1G60060.1	Cau.Cau7AG000414	0.80	0.80	73.23	227	L1
transcript:AT2G18260.2	Cau.Cau1AG000259	1.00	1.00	64.40	199	L1
transcript:AT3G18215.1	Cau.Cau4BG001065	0.97	0.99	71.43	170	L1
transcript:AT1G70210.1	Cau.Cau7AG000399	0.96	1.00	69.18	229	L1
transcript:AT5G58950.1	Cau.Cau2AG002376	1.00	1.00	61.29	323	L1
transcript:AT5G35735.1	Cau.Cau2AG001330	0.95	0.96	58.81	227	L1
transcript:AT2G18860.1	Cau.Cau4BG002116	0.99	0.99	47.32	159	L1
transcript:AT5G15740.1	Cau.Cau6AG000253	0.99	0.96	77.47	392	L1
transcript:AT3G13120.2	Cau.Cau4BG001585	1.00	1.00	67.02	128	L1
transcript:AT1G78530.1	Cau.Cau5BG001384	0.98	0.98	56.61	197	L1
transcript:AT1G09380.1	Cau.Cau6BG002352	0.95	0.93	62.43	221	L1
transcript:AT5G17050.1	Cau.Cau5BG002328	0.97	0.97	53.63	244	L1
transcript:AT2G18900.1	Cau.Cau4AG002068	1.00	1.00	61.41	506	L1
transcript:AT5G09230.7	Cau.Cau1BG001727	0.99	0.93	72.94	275	L1
transcript:AT5G51550.1	Cau.Cau9BG000406	1.00	1.00	80.83	274	L1
transcript:AT3G25840.1	Cau.Cau7AG000890	1.00	1.00	51.28	522	L1
transcript:AT5G59970.2	Cau.Cau8BG001792	1.00	1.00	100.00	103	L1
transcript:AT2G37025.3	Cau.Cau6BG001739	0.91	0.91	35.62	161	L1
transcript:AT1G12800.1	Cau.Cau5AG000940	1.00	1.00	55.63	440	L1
transcript:AT4G30690.1	Cau.Cau4AG002223	0.95	0.98	63.64	175	L1
transcript:AT5G14820.1	Cau.Cau5BG003137	0.93	0.90	62.31	367	L1
transcript:AT5G09390.1	Cau.Cau1BG002113	0.99	1.00	52.85	204	L1
transcript:AT1G68907.1	Cau.Cau7AG000797	0.98	0.99	34.23	38	L1
transcript:AT3G15420.1	Cau.Cau4BG001206	0.96	0.86	53.28	65	L1
transcript:AT3G50690.1	Cau.Cau1BG000302	0.96	0.92	61.45	271	L1
transcript:AT1G63000.1	Cau.Cau5BG000889	0.97	0.98	88.14	260	L1
transcript:AT1G14740.1	Cau.Cau2AG001580	1.00	1.00	56.54	467	L1
transcript:AT3G14830.4	Cau.Cau5BG001348	1.00	1.00	64.74	314	L1
transcript:AT2G38840.1	Cau.Cau5BG002795	1.00	1.00	78.90	475	L1
transcript:AT1G05170.2	Cau.Cau2BG001217	1.00	1.00	82.06	334	L1
transcript:AT5G54190.1	Cau.Cau4BG001214	1.00	1.00	84.44	342	L1
transcript:AT5G46290.1	Cau.Cau2BG002593	1.00	1.00	87.53	414	L1
transcript:AT1G30370.1	Cau.Cau2BG002115	0.97	0.97	54.96	316	L1
transcript:AT5G43500.2	Cau.Cau9AG001277	1.00	1.00	62.96	374	L1
transcript:AT1G35180.1	Cau.Cau3AG000288	0.97	0.98	62.05	139	L1
transcript:AT3G09470.2	Cau.Cau6AG001526	0.99	0.99	72.77	318	L1
transcript:AT1G21000.2	Cau.Cau3AG000020	0.98	0.97	74.37	177	L1
transcript:AT1G44575.3	Cau.Cau3AG000862	1.00	1.00	73.05	206	L1
transcript:AT1G50030.1	Cau.Cau8AG000256	0.99	1.00	83.37	2066	L1
transcript:AT1G79510.2	Cau.Cau9AG000046	1.00	1.00	66.19	184	L1
transcript:AT4G17550.1	Cau.Cau5AG000689	1.00	1.00	70.52	390	L1
transcript:AT1G23740.1	Cau.Cau7BG000444	0.82	0.80	80.95	255	L1
transcript:AT2G20210.1	Cau.Cau5AG002674	1.00	1.00	52.94	324	L1
transcript:AT4G08180.4	Cau.Cau3AG000911	1.00	1.00	74.36	612	L1
transcript:AT1G62050.1	Cau.Cau2BG002653	0.96	0.97	66.24	412	L1
transcript:AT5G20620.1	Cau.Cau6BG001622	1.00	1.00	99.74	381	L1
transcript:AT1G58110.1	Cau.Cau3AG002160	1.00	1.00	56.05	213	L1
transcript:AT4G35740.2	Cau.Cau1AG000070	0.60	0.95	52.43	205	L1
transcript:AT3G23350.2	Cau.Cau9BG001289	0.95	0.96	40.00	128	L1
transcript:AT4G25230.3	Cau.Cau9BG000437	1.00	1.00	71.21	418	L1
transcript:AT5G47150.1	Cau.Cau9AG000562	0.95	0.73	35.26	116	L1
transcript:AT2G38090.1	Cau.Cau6BG001348	1.00	0.98	62.50	200	L1
transcript:AT1G32130.1	Cau.Cau3BG001763	1.00	1.00	63.47	344	L1
transcript:AT4G17370.1	Cau.Cau5AG000739	0.98	0.96	75.90	274	L1
transcript:AT2G15560.1	Cau.Cau8BG000431	0.98	0.99	54.70	291	L1
transcript:AT1G24480.1	Cau.Cau7AG000571	0.95	0.94	74.38	180	L1
transcript:AT2G05990.2	Cau.Cau2BG000139	0.99	0.98	77.00	298	L1
transcript:AT4G37830.1	Cau.Cau1BG000606	0.95	0.96	68.37	67	L1
transcript:AT1G32583.2	Cau.Cau2BG002767	0.70	0.68	62.32	86	L1
transcript:AT5G17190.1	Cau.Cau2BG001623	1.00	1.00	86.92	113	L1
transcript:AT4G36480.2	Cau.Cau1AG000737	0.99	0.99	77.87	373	L1
transcript:AT1G01700.1	Cau.Cau5AG003565	1.00	1.00	69.67	340	L1
transcript:AT4G05460.1	Cau.Cau2BG002104	0.94	0.96	56.57	168	L1
transcript:AT2G45660.1	Cau.Cau5BG003613	1.00	0.95	68.08	145	L1
transcript:AT3G05870.7	Cau.Cau9BG000979	0.99	0.59	98.70	76	L1
transcript:AT1G31650.1	Cau.Cau3AG001703	0.99	0.97	64.49	376	L1
transcript:AT4G17000.1	Cau.Cau8AG000227	0.97	0.99	36.99	293	L1
transcript:AT5G25560.6	Cau.Cau4BG000323	0.97	0.94	70.57	211	L1
transcript:AT5G63100.1	Cau.Cau5BG000498	0.96	0.97	64.26	205	L1
transcript:AT1G54290.1	Cau.Cau4BG001348	1.00	1.00	88.50	100	L1
transcript:AT1G27740.1	Cau.Cau3BG001211	0.73	0.59	52.25	116	L1
transcript:AT5G27550.2	Cau.Cau3BG001417	0.95	0.96	66.01	503	L1
transcript:AT2G20650.1	Cau.Cau2BG001004	0.99	0.97	78.06	434	L1
transcript:AT2G25920.1	Cau.Cau5BG003119	0.91	0.98	54.98	149	L1
transcript:AT2G21385.1	Cau.Cau8BG000687	0.92	0.90	70.86	214	L1
transcript:AT1G70200.1	Cau.Cau7BG000396	0.78	0.73	49.21	149	L1
transcript:AT5G23120.1	Cau.Cau7AG000970	1.00	1.00	75.54	312	L1
transcript:AT5G01850.1	Cau.Cau6AG001175	0.98	0.87	80.30	265	L1
transcript:AT4G27700.1	Cau.Cau5AG001590	0.96	0.93	67.86	152	L1
transcript:AT1G26100.1	Cau.Cau7AG000847	1.00	1.00	65.71	161	L1
transcript:ATCG00380.1	Cau.Cau4BG000775	1.00	1.00	85.07	171	L1
transcript:AT2G39450.1	Cau.Cau7AG001968	1.00	1.00	86.77	341	L1
transcript:AT1G29220.1	Cau.Cau2BG002493	0.99	0.99	51.39	203	L1
transcript:AT3G03900.2	Cau.Cau5AG002507	0.99	1.00	83.98	173	L1
transcript:AT1G20670.1	Cau.Cau3BG000078	0.86	0.76	49.75	298	L1
transcript:AT3G11950.5	Cau.Cau6BG000915	0.67	0.71	57.18	219	L1
transcript:AT1G68370.1	Cau.Cau2AG001794	1.00	1.00	83.57	346	L1
transcript:AT2G02590.1	Cau.Cau7BG000327	0.75	0.71	69.55	169	L1
transcript:AT3G60410.3	Cau.Cau5BG003745	0.84	0.87	37.33	109	L1
transcript:AT4G30890.3	Cau.Cau7BG000135	1.00	1.00	56.94	324	L1
transcript:AT1G15440.1	Cau.Cau1BG001296	1.00	1.00	73.16	657	L1
transcript:AT4G19100.1	Cau.Cau3BG001893	1.00	0.99	58.72	128	L1
transcript:AT5G60960.1	Cau.Cau5BG001075	0.95	0.97	62.78	312	L1
transcript:AT1G77090.1	Cau.Cau3BG000742	1.00	1.00	73.08	190	L1
transcript:AT5G08120.1	Cau.Cau5AG001102	0.99	0.98	51.59	178	L1
transcript:AT4G30720.1	Cau.Cau4AG002207	0.99	1.00	69.49	492	L1
transcript:AT5G35560.1	Cau.Cau4BG000965	1.00	1.00	65.45	521	L1
transcript:AT2G02710.2	Cau.Cau7AG000328	0.95	0.96	65.19	251	L1
transcript:AT4G32600.2	Cau.Cau4AG000309	0.97	0.97	62.11	277	L1
transcript:AT5G05740.2	Cau.Cau7BG002268	0.98	0.99	69.57	368	L1
transcript:AT5G35980.1	Cau.Cau7BG001107	0.97	0.98	66.31	622	L1
transcript:AT2G27950.3	Cau.Cau8BG001518	1.00	1.00	48.62	422	L1
transcript:AT5G16250.1	Cau.Cau3AG001251	0.97	0.96	73.18	131	L1
transcript:AT2G22530.1	Cau.Cau1BG000682	0.98	0.98	59.80	586	L1
transcript:AT5G39530.1	Cau.Cau6BG000074	0.90	0.83	67.59	146	L1
transcript:AT5G45920.4	Cau.Cau2AG002458	0.99	0.98	68.31	166	L1
transcript:AT5G23340.1	Cau.Cau7AG000923	1.00	1.00	75.56	306	L1
transcript:AT5G64620.1	Cau.Cau1AG001812	0.99	0.98	51.09	94	L1
transcript:AT1G53710.1	Cau.Cau1BG001130	1.00	1.00	56.20	299	L1
transcript:AT1G02400.1	Cau.Cau5AG003244	0.99	0.97	57.49	188	L1
transcript:AT5G53450.1	Cau.Cau9AG000097	0.99	1.00	67.31	451	L1
transcript:AT4G14600.1	Cau.Cau3AG001060	1.00	1.00	75.91	104	L1
transcript:AT2G44980.3	Cau.Cau5BG003733	0.98	1.00	68.86	606	L1
transcript:AT4G28890.1	Cau.Cau4BG000760	0.99	0.98	49.02	224	L1
transcript:AT2G40470.1	Cau.Cau7BG002151	1.00	1.00	68.42	156	L1
transcript:AT3G22800.1	Cau.Cau9BG001468	0.75	0.88	67.90	239	L1
transcript:AT5G18540.2	Cau.Cau9BG001729	0.96	0.97	62.26	99	L1
transcript:AT4G23500.1	Cau.Cau5BG000219	0.90	0.90	70.98	257	L1
transcript:AT5G17430.1	Cau.Cau6AG001958	0.99	1.00	43.58	329	L1
transcript:AT4G17100.2	Cau.Cau5AG000649	0.97	0.70	71.90	220	L1
transcript:AT1G15080.1	Cau.Cau2BG001754	1.00	0.89	82.35	238	L1
transcript:AT5G21050.1	Cau.Cau2AG000428	0.92	0.90	62.01	204	L1
transcript:AT4G39690.1	Cau.Cau1BG002104	1.00	1.00	52.74	356	L1
transcript:AT1G80400.1	Cau.Cau1BG001244	0.99	0.98	61.19	257	L1
transcript:AT1G64385.2	Cau.Cau5AG000136	0.75	0.66	43.77	116	L1
transcript:AT5G16650.1	Cau.Cau7BG001059	0.92	0.95	80.51	95	L1
transcript:AT1G67630.1	Cau.Cau7AG000608	1.00	1.00	65.17	406	L1
transcript:AT4G31400.1	Cau.Cau6BG000841	0.97	1.00	52.54	186	L1
transcript:AT3G48530.1	Cau.Cau5AG000623	0.99	0.99	71.23	302	L1
transcript:ATMG00560.1	Cau.Cau9BG000060	0.96	0.96	64.31	227	L1
transcript:AT4G16765.6	Cau.Cau5BG000725	1.00	0.79	69.51	171	L1
transcript:AT5G28850.2	Cau.Cau8BG001163	0.99	0.99	83.55	447	L1
transcript:AT3G10200.1	Cau.Cau9BG000815	1.00	1.00	73.62	441	L1
transcript:AT5G09610.1	Cau.Cau5AG002130	0.80	0.98	27.77	123	L1
transcript:AT3G16490.1	Cau.Cau1AG001052	0.91	0.95	56.48	231	L1
transcript:AT3G59840.1	Cau.Cau7BG001509	1.00	1.00	71.57	73	L1
transcript:AT4G11720.1	Cau.Cau5BG000915	0.97	0.96	68.38	480	L1
transcript:AT1G54920.2	Cau.Cau3AG001439	0.99	0.98	33.57	335	L1
transcript:AT5G67140.1	Cau.Cau1BG000449	0.96	0.96	74.31	162	L1
transcript:AT4G14880.4	Cau.Cau9AG001443	1.00	0.99	82.87	266	L1
transcript:AT4G06744.1	Cau.Cau3BG001255	0.92	0.83	64.15	238	L1
transcript:AT2G01340.1	Cau.Cau2BG001695	1.00	1.00	57.40	128	L1
transcript:AT1G55690.1	Cau.Cau4AG001671	1.00	1.00	63.20	395	L1
transcript:AT1G71740.1	Cau.Cau3AG000631	0.96	0.93	50.39	65	L1
transcript:AT1G29395.1	Cau.Cau2AG002566	0.95	0.93	56.48	122	L1
transcript:AT5G27700.1	Cau.Cau3BG001385	0.99	1.00	83.95	68	L1
transcript:AT1G20460.1	Cau.Cau3BG000115	1.00	1.00	86.79	92	L1
transcript:AT2G39805.1	Cau.Cau7AG002325	1.00	1.00	67.39	186	L1
transcript:AT1G12460.1	Cau.Cau5BG000859	1.00	1.00	66.40	591	L1
transcript:AT2G47500.1	Cau.Cau5AG003143	0.97	0.97	67.47	672	L1
transcript:AT1G79350.1	Cau.Cau9AG000018	0.98	0.99	78.84	1002	L1
transcript:AT2G31040.1	Cau.Cau2AG000694	0.97	0.99	68.99	238	L1
transcript:AT1G76020.1	Cau.Cau3BG000154	0.94	0.89	60.38	128	L1
transcript:AT1G78900.2	Cau.Cau1BG001639	1.00	1.00	94.06	586	L1
transcript:AT5G23000.1	Cau.Cau8AG001536	0.62	0.56	61.14	129	L1
transcript:AT1G07110.1	Cau.Cau8BG002006	1.00	1.00	72.82	552	L1
transcript:AT1G15215.2	Cau.Cau1BG001089	0.97	0.99	52.19	131	L1
transcript:AT2G43190.2	Cau.Cau6BG001656	0.98	1.00	50.32	156	L1
transcript:AT1G49510.3	Cau.Cau8AG000501	0.78	0.75	63.64	119	L1
transcript:AT3G08590.2	Cau.Cau6AG001107	0.99	0.99	81.88	452	L1
transcript:AT1G62305.1	Cau.Cau2AG002689	0.99	0.97	62.77	236	L1
transcript:AT5G66050.3	Cau.Cau1AG000078	0.92	0.92	53.57	165	L1
transcript:AT4G14990.1	Cau.Cau6AG001059	1.00	1.00	58.59	481	L1
transcript:AT3G51270.4	Cau.Cau4BG001420	1.00	1.00	69.60	332	L1
transcript:AT4G16566.3	Cau.Cau5BG000769	0.99	0.98	74.15	109	L1
transcript:AT4G28230.1	Cau.Cau2BG001092	1.00	0.99	48.10	215	L1
transcript:AT1G09040.1	Cau.Cau3AG001404	0.95	0.99	33.54	326	L1
transcript:AT1G18740.1	Cau.Cau3AG000685	1.00	0.98	63.33	247	L1
transcript:AT1G67820.2	Cau.Cau7BG000521	0.90	0.93	56.60	223	L1
transcript:AT5G58260.1	Cau.Cau1BG001778	0.83	0.80	78.98	139	L1
transcript:AT3G25905.1	Cau.Cau2BG001810	0.90	0.82	43.01	40	L1
transcript:AT2G34450.4	Cau.Cau2BG002592	0.68	0.66	70.87	73	L1
transcript:AT1G64380.1	Cau.Cau5BG000134	0.98	0.99	51.32	175	L1
transcript:AT1G08510.1	Cau.Cau4BG000640	0.98	0.96	68.66	276	L1
transcript:AT3G53470.1	Cau.Cau6BG001634	0.79	0.72	71.96	77	L1
transcript:AT3G57150.1	Cau.Cau9AG000765	0.81	0.80	80.50	388	L1
transcript:AT5G45170.1	Cau.Cau2BG001960	0.98	0.97	58.81	217	L1
transcript:AT2G25970.1	Cau.Cau4AG000475	0.92	0.92	57.79	371	L1
transcript:ATCG00170.1	Cau.Cau8BG002071	0.16	0.59	84.96	192	L1
transcript:AT1G79400.1	Cau.Cau7AG001738	0.98	0.98	42.84	341	L1
transcript:AT4G38120.3	Cau.Cau5BG000008	0.92	0.97	53.61	587	L1
transcript:AT4G21570.1	Cau.Cau2BG002287	1.00	1.00	74.58	220	L1
transcript:AT1G65320.1	Cau.Cau6AG001883	1.00	1.00	73.68	322	L1
transcript:AT5G51840.1	Cau.Cau9BG000343	1.00	1.00	64.59	166	L1
transcript:AT2G21490.1	Cau.Cau8AG000692	0.99	1.00	45.02	95	L1
transcript:AT1G02630.1	Cau.Cau4BG000543	0.98	0.97	67.36	260	L1
transcript:AT3G27100.1	Cau.Cau2BG000876	0.99	0.92	64.91	74	L1
transcript:AT2G32290.1	Cau.Cau2AG001157	0.91	0.98	67.61	357	L1
transcript:AT5G03455.1	Cau.Cau6BG001800	0.85	0.92	78.23	97	L1
transcript:AT3G04720.1	Cau.Cau8BG001255	0.90	0.99	72.77	139	L1
transcript:AT2G04540.1	Cau.Cau2AG001299	0.99	0.99	74.63	350	L1
transcript:AT5G37600.1	Cau.Cau6BG000495	1.00	1.00	91.01	324	L1
transcript:AT5G14460.1	Cau.Cau2BG000586	1.00	1.00	67.15	368	L1
transcript:AT5G58620.1	Cau.Cau8BG001986	0.98	0.96	55.09	379	L1
transcript:AT5G56820.1	Cau.Cau4BG001797	0.94	0.97	28.12	126	L1
transcript:AT5G16715.1	Cau.Cau6BG000492	0.99	1.00	80.52	781	L1
transcript:AT2G29530.2	Cau.Cau8BG001916	1.00	1.00	83.33	70	L1
transcript:AT5G19540.2	Cau.Cau4BG000701	0.39	0.85	75.42	135	L1
transcript:AT4G29670.1	Cau.Cau4AG000888	1.00	1.00	59.68	148	L1
transcript:AT3G07760.5	Cau.Cau2BG001354	0.99	0.99	91.94	114	L1
transcript:AT5G64390.1	Cau.Cau8AG000875	0.97	1.00	42.94	377	L1
transcript:AT4G39920.1	Cau.Cau5AG001722	0.94	0.91	59.52	197	L1
transcript:AT2G31340.1	Cau.Cau2AG001272	1.00	1.00	71.23	401	L1
transcript:AT4G22756.1	Cau.Cau5BG000842	0.99	0.97	76.61	226	L1
transcript:AT3G54300.2	Cau.Cau7AG001643	0.99	1.00	88.66	211	L1
transcript:AT5G54840.1	Cau.Cau4BG001367	0.99	1.00	64.58	186	L1
transcript:AT1G17455.2	Cau.Cau2BG001850	1.00	1.00	77.19	88	L1
transcript:AT1G14710.2	Cau.Cau2BG001563	0.95	0.91	45.35	273	L1
transcript:AT5G22330.1	Cau.Cau6BG000550	1.00	1.00	89.30	409	L1
transcript:AT1G08315.1	Cau.Cau5AG002994	0.97	0.98	61.71	195	L1
transcript:AT1G10950.1	Cau.Cau3BG002159	0.99	1.00	88.74	520	L1
transcript:AT1G17500.2	Cau.Cau1BG000884	1.00	1.00	72.07	880	L1
transcript:AT3G62950.1	Cau.Cau5BG002995	1.00	1.00	82.52	85	L1
transcript:AT2G15695.1	Cau.Cau8BG000459	0.99	0.98	58.19	245	L1
transcript:AT1G55860.1	Cau.Cau4BG001618	1.00	1.00	65.67	2516	L1
transcript:AT4G26780.1	Cau.Cau4AG001496	0.97	0.97	56.59	189	L1
transcript:AT3G55260.1	Cau.Cau7BG001982	0.99	0.98	74.03	402	L1
transcript:AT4G13370.1	Cau.Cau4BG000645	1.00	1.00	58.83	433	L1
transcript:AT2G45350.1	Cau.Cau5AG003702	0.97	0.93	65.66	390	L1
transcript:AT5G24840.1	Cau.Cau4AG000033	1.00	1.00	81.03	205	L1
transcript:AT4G38660.1	Cau.Cau8AG000187	0.97	0.95	63.45	217	L1
transcript:AT5G14670.3	Cau.Cau9BG001955	1.00	1.00	98.90	179	L1
transcript:AT4G24020.1	Cau.Cau5AG000091	1.00	1.00	57.42	592	L1
transcript:AT1G07430.1	Cau.Cau8BG001882	0.98	0.99	51.00	230	L1
transcript:AT5G03340.1	Cau.Cau6BG001755	1.00	1.00	92.48	750	L1
transcript:AT4G19020.2	Cau.Cau3BG001851	0.62	0.85	60.63	502	L1
transcript:AT5G58220.1	Cau.Cau5BG003823	1.00	0.99	56.93	189	L1
transcript:AT5G50960.1	Cau.Cau2AG000946	1.00	0.98	82.29	288	L1
transcript:AT1G16590.1	Cau.Cau5BG001483	0.92	0.98	68.34	136	L1
transcript:AT2G26270.1	Cau.Cau4BG001816	0.98	0.99	55.44	311	L1
transcript:AT5G22620.1	Cau.Cau8AG001445	1.00	0.98	63.57	328	L1
transcript:AT1G18750.4	Cau.Cau5BG000963	1.00	0.99	52.26	208	L1
transcript:AT5G01210.1	Cau.Cau6AG001352	0.99	1.00	69.60	332	L1
transcript:AT5G17850.2	Cau.Cau5BG002507	0.97	0.96	55.58	314	L1
transcript:AT1G73875.1	Cau.Cau5AG001209	1.00	0.99	56.71	262	L1
transcript:AT2G47800.1	Cau.Cau5BG003039	1.00	1.00	71.59	1091	L1
transcript:AT1G04880.1	Cau.Cau9AG000940	0.89	0.88	60.44	246	L1
transcript:AT5G66590.1	Cau.Cau1AG000347	0.84	0.90	59.35	92	L1
transcript:AT4G13420.1	Cau.Cau1AG000922	0.99	0.99	64.48	512	L1
transcript:AT5G53370.1	Cau.Cau5AG001529	1.00	1.00	67.00	408	L1
transcript:AT4G17050.1	Cau.Cau5BG000674	0.98	0.98	78.16	229	L1
transcript:AT2G43250.1	Cau.Cau5AG002339	0.99	0.99	59.11	370	L1
transcript:AT1G79915.2	Cau.Cau1BG001175	0.68	0.97	57.67	124	L1
transcript:AT5G17220.1	Cau.Cau6BG000641	0.99	1.00	60.38	128	L1
transcript:AT4G01690.1	Cau.Cau5AG003297	1.00	0.99	79.41	428	L1
transcript:AT5G40030.1	Cau.Cau6BG000183	0.97	0.99	72.91	366	L1
transcript:AT3G24760.2	Cau.Cau5AG002647	0.97	1.00	57.18	227	L1
transcript:AT1G22050.1	Cau.Cau3BG000952	1.00	1.00	68.91	82	L1
transcript:AT3G19330.4	Cau.Cau2AG000778	0.98	0.99	48.48	191	L1
transcript:AT2G41710.3	Cau.Cau9AG000673	1.00	1.00	61.44	290	L1
transcript:AT5G19670.2	Cau.Cau4BG000766	1.00	1.00	59.10	406	L1
transcript:AT4G26930.1	Cau.Cau4BG001470	0.99	0.97	50.00	177	L1
transcript:AT4G38600.3	Cau.Cau8AG000168	1.00	1.00	73.88	1417	L1
transcript:AT4G29870.1	Cau.Cau4BG002012	1.00	1.00	82.66	143	L1
transcript:AT3G57190.1	Cau.Cau9AG000747	0.96	0.93	55.58	219	L1
transcript:AT2G31130.5	Cau.Cau2BG000676	1.00	1.00	33.41	152	L1
transcript:AT1G32540.3	Cau.Cau7AG001521	0.86	0.89	92.42	122	L1
transcript:AT1G70530.3	Cau.Cau7BG000478	0.81	0.96	61.52	243	L1
transcript:AT4G14455.1	Cau.Cau9BG001360	0.96	0.98	64.57	82	L1
transcript:AT1G01650.1	Cau.Cau5BG003511	0.97	0.98	75.05	394	L1
transcript:AT1G56010.2	Cau.Cau5BG001459	0.96	0.96	55.73	180	L1
transcript:AT1G49850.1	Cau.Cau8BG000326	0.99	0.98	46.79	131	L1
transcript:AT3G11591.1	Cau.Cau6BG000802	0.92	0.94	72.41	42	L1
transcript:AT4G26200.1	Cau.Cau4AG000856	0.97	0.97	76.27	331	L1
transcript:AT1G19025.1	Cau.Cau1BG001861	1.00	0.99	50.99	308	L1
transcript:AT2G33590.1	Cau.Cau3BG001472	0.99	0.99	69.18	220	L1
transcript:AT5G08060.1	Cau.Cau5BG001064	1.00	1.00	62.60	82	L1
transcript:AT2G46490.1	Cau.Cau4BG002317	0.69	0.94	48.91	45	L1
transcript:AT3G01160.1	Cau.Cau1BG000100	0.95	0.94	53.46	379	L1
transcript:AT5G65940.4	Cau.Cau5BG003822	1.00	1.00	72.63	276	L1
transcript:AT2G24490.1	Cau.Cau4BG000043	0.99	0.99	55.71	156	L1
transcript:AT5G10200.3	Cau.Cau1BG002155	0.97	0.99	85.32	529	L1
transcript:AT4G37200.1	Cau.Cau1BG000361	0.87	0.84	71.93	164	L1
transcript:AT2G21270.2	Cau.Cau8BG000719	1.00	1.00	77.02	248	L1
transcript:AT3G14250.1	Cau.Cau1AG001487	0.97	0.98	38.03	116	L1
transcript:AT5G04080.1	Cau.Cau9AG000777	0.98	0.93	56.45	35	L1
transcript:AT3G10290.1	Cau.Cau9AG000698	0.86	1.00	83.66	256	L1
transcript:AT1G06400.1	Cau.Cau2AG000724	1.00	1.00	84.40	184	L1
transcript:AT1G30290.1	Cau.Cau2AG002124	0.98	0.93	65.15	516	L1
transcript:AT3G16660.1	Cau.Cau9BG001775	0.69	0.70	46.46	59	L1
transcript:AT3G46200.1	Cau.Cau8BG001755	0.95	0.99	65.54	194	L1
transcript:AT4G31590.1	Cau.Cau4BG000083	1.00	1.00	81.87	569	L1
transcript:AT2G45630.2	Cau.Cau5BG003623	0.94	0.96	63.41	201	L1
transcript:AT1G22170.2	Cau.Cau3BG000969	0.91	0.89	77.27	238	L1
transcript:AT3G58690.1	Cau.Cau2AG000712	0.98	0.99	57.82	244	L1
transcript:AT2G44670.1	Cau.Cau5BG003795	1.00	1.00	63.44	59	L1
transcript:AT5G55710.1	Cau.Cau4BG001605	0.80	0.79	75.00	126	L1
transcript:AT5G56030.1	Cau.Cau4AG001627	1.00	1.00	92.99	650	L1
transcript:AT5G36880.2	Cau.Cau2BG000733	0.93	0.89	85.47	594	L1
transcript:AT5G12930.1	Cau.Cau2AG000185	0.78	0.71	52.17	192	L1
transcript:AT5G51660.1	Cau.Cau9BG000386	1.00	1.00	76.85	1122	L1
transcript:AT4G33890.2	Cau.Cau8BG000319	0.99	0.98	55.71	200	L1
transcript:AT5G57410.1	Cau.Cau4AG002077	0.99	0.98	75.40	282	L1
transcript:AT1G57765.2	Cau.Cau3BG002296	1.00	1.00	59.32	70	L1
transcript:AT1G11440.1	Cau.Cau2AG002249	0.70	0.73	37.55	98	L1
transcript:AT4G38190.1	Cau.Cau8BG000012	1.00	1.00	81.87	926	L1
transcript:AT1G12770.2	Cau.Cau5BG000926	0.99	0.99	64.22	359	L1
transcript:AT1G09795.1	Cau.Cau3BG002219	0.94	0.96	76.50	306	L1
transcript:AT1G65060.1	Cau.Cau5AG002397	1.00	0.99	71.96	408	L1
transcript:AT4G08310.1	Cau.Cau3BG000876	0.82	0.86	51.95	226	L1
transcript:AT3G28630.1	Cau.Cau6AG000175	0.88	0.98	59.56	184	L1
transcript:AT5G11720.1	Cau.Cau2AG001963	0.97	0.97	68.59	605	L1
transcript:AT2G30270.1	Cau.Cau1BG001826	0.90	0.93	51.41	91	L1
transcript:AT2G41040.1	Cau.Cau4AG002310	1.00	1.00	63.92	225	L1
transcript:AT3G50870.1	Cau.Cau1BG000275	0.88	0.90	50.57	134	L1
transcript:AT1G61670.2	Cau.Cau6BG001152	0.99	0.98	67.98	344	L1
transcript:AT1G77690.1	Cau.Cau3BG000899	1.00	1.00	87.85	412	L1
transcript:AT4G15930.1	Cau.Cau9BG001782	0.95	0.96	71.79	84	L1
transcript:AT1G75380.1	Cau.Cau3BG000293	1.00	1.00	74.55	249	L1
transcript:AT2G28210.1	Cau.Cau8AG001586	0.99	0.97	61.23	169	L1
transcript:AT3G07990.1	Cau.Cau7AG001879	1.00	1.00	75.93	347	L1
transcript:AT1G67300.1	Cau.Cau4AG000736	1.00	1.00	74.80	368	L1
transcript:AT1G30000.1	Cau.Cau2BG002610	1.00	1.00	76.08	474	L1
transcript:AT3G21350.2	Cau.Cau1BG000807	0.91	0.92	60.44	165	L1
transcript:AT4G17830.1	Cau.Cau7AG001535	1.00	1.00	82.19	360	L1
transcript:AT4G11110.1	Cau.Cau5BG000159	1.00	1.00	52.73	580	L1
transcript:AT4G10170.2	Cau.Cau5AG001926	1.00	1.00	53.24	148	L1
transcript:AT1G56590.1	Cau.Cau3AG001260	1.00	1.00	80.92	335	L1
transcript:AT5G28770.2	Cau.Cau3BG001650	0.98	0.97	41.71	176	L1
transcript:AT1G34550.2	Cau.Cau3BG000579	0.97	0.96	60.20	428	L1
transcript:AT3G13410.1	Cau.Cau2AG000006	0.98	0.98	54.43	172	L1
transcript:AT3G59310.2	Cau.Cau5AG002352	0.96	0.85	65.80	229	L1
transcript:AT1G78100.1	Cau.Cau3BG000980	1.00	1.00	49.41	168	L1
transcript:AT3G06060.1	Cau.Cau9BG001573	0.98	0.96	70.62	226	L1
transcript:AT1G06110.1	Cau.Cau5BG002208	1.00	1.00	61.00	269	L1
transcript:AT1G02420.1	Cau.Cau5AG003250	1.00	0.97	66.80	330	L1
transcript:AT5G59470.1	Cau.Cau3BG000506	0.99	0.99	62.03	147	L1
transcript:AT3G54970.1	Cau.Cau7BG001923	0.99	1.00	54.52	205	L1
transcript:AT5G24760.1	Cau.Cau5AG001756	0.99	1.00	76.39	288	L1
transcript:AT1G15370.1	Cau.Cau1BG001335	0.99	0.99	86.99	127	L1
transcript:AT4G32020.1	Cau.Cau4BG000175	0.99	0.99	41.86	90	L1
transcript:AT3G07290.1	Cau.Cau5BG002524	1.00	1.00	53.72	484	L1
transcript:AT5G60880.1	Cau.Cau5BG001094	1.00	1.00	34.33	92	L1
transcript:AT1G33520.1	Cau.Cau3BG001709	1.00	0.99	48.02	177	L1
transcript:AT1G31817.1	Cau.Cau7BG001606	0.58	0.71	57.07	105	L1
transcript:AT5G06860.1	Cau.Cau7AG001302	0.93	0.93	69.90	216	L1
transcript:AT5G22900.1	Cau.Cau4BG002174	0.97	0.97	37.53	304	L1
transcript:AT1G76150.1	Cau.Cau3BG000126	1.00	1.00	68.06	211	L1
transcript:AT1G11660.4	Cau.Cau2BG002149	1.00	1.00	66.71	515	L1
transcript:AT3G23170.1	Cau.Cau9BG001357	0.85	0.93	52.00	52	L1
transcript:AT3G06330.1	Cau.Cau9AG001601	0.92	0.93	57.46	231	L1
transcript:AT2G27040.2	Cau.Cau2BG000422	1.00	1.00	72.79	674	L1
transcript:AT4G38510.2	Cau.Cau8BG000124	1.00	1.00	95.29	465	L1
transcript:AT4G34412.1	Cau.Cau8AG000446	1.00	1.00	75.00	129	L1
transcript:AT5G53990.1	Cau.Cau4AG001095	0.98	0.96	59.73	270	L1
transcript:AT3G13772.1	Cau.Cau1BG000857	1.00	1.00	85.80	550	L1
transcript:AT4G11175.1	Cau.Cau5BG000179	0.99	0.97	47.59	69	L1
transcript:AT4G18372.2	Cau.Cau2BG002144	1.00	1.00	74.78	86	L1
transcript:AT2G36305.1	Cau.Cau6BG000730	1.00	1.00	62.42	196	L1
transcript:AT5G58070.1	Cau.Cau4BG002281	1.00	1.00	75.81	141	L1
transcript:AT3G13350.1	Cau.Cau4AG001676	0.87	0.87	56.75	164	L1
transcript:AT4G39900.1	Cau.Cau1AG002100	0.98	0.97	56.20	136	L1
transcript:AT3G02950.2	Cau.Cau5BG002364	1.00	1.00	71.90	174	L1
transcript:AT5G57670.2	Cau.Cau4AG002128	0.98	0.98	54.67	290	L1
transcript:AT3G18020.1	Cau.Cau5BG001454	0.89	0.90	63.18	386	L1
transcript:AT4G15510.1	Cau.Cau3AG001261	0.74	0.76	73.83	158	L1
transcript:AT5G23170.1	Cau.Cau3BG002214	0.95	0.91	46.07	164	L1
transcript:AT1G19670.1	Cau.Cau5AG002878	0.99	0.95	43.08	140	L1
transcript:AT3G06960.1	Cau.Cau9BG001988	1.00	1.00	57.29	275	L1
transcript:AT1G52320.2	Cau.Cau1BG001176	0.99	1.00	54.16	436	L1
transcript:AT5G18840.1	Cau.Cau9AG001591	1.00	1.00	55.62	272	L1
transcript:AT5G07130.1	Cau.Cau8AG002033	0.99	0.97	76.02	428	L1
transcript:AT1G49770.1	Cau.Cau8AG000422	0.81	0.70	46.22	116	L1
transcript:AT2G23310.1	Cau.Cau1AG000461	0.90	0.93	65.62	126	L1
transcript:AT3G13882.1	Cau.Cau1AG000860	1.00	1.00	61.74	92	L1
transcript:AT5G55730.2	Cau.Cau4AG001581	0.93	0.94	62.56	249	L1
transcript:AT3G08880.1	Cau.Cau6BG001248	0.99	0.99	44.72	89	L1
transcript:AT1G73090.2	Cau.Cau1AG001510	0.84	0.80	60.93	170	L1
transcript:AT3G44190.1	Cau.Cau8BG001330	0.99	0.98	69.15	251	L1
transcript:AT3G03130.1	Cau.Cau5BG002323	0.35	0.20	37.04	70	L1
transcript:AT1G20430.1	Cau.Cau3BG000123	0.98	0.99	58.97	69	L1
transcript:AT4G34460.1	Cau.Cau8BG000609	1.00	0.99	84.08	317	L1
transcript:AT2G37370.3	Cau.Cau6AG001577	0.99	0.99	55.96	380	L1
transcript:AT5G59380.1	Cau.Cau8AG001819	0.96	0.87	38.94	88	L1
transcript:AT3G04290.1	Cau.Cau5BG002380	0.99	0.98	76.52	277	L1
transcript:AT4G01880.1	Cau.Cau3BG000639	0.97	0.98	62.42	284	L1
transcript:AT5G12430.1	Cau.Cau2BG000289	0.98	0.99	45.23	574	L1
transcript:AT3G49055.1	Cau.Cau9AG000237	0.94	0.91	41.20	206	L1
transcript:AT4G34800.1	Cau.Cau8AG000787	0.89	0.97	67.42	60	L1
transcript:AT5G54430.4	Cau.Cau4AG001258	0.93	0.96	71.79	168	L1
transcript:AT1G54140.1	Cau.Cau7BG001032	0.99	0.99	74.03	134	L1
transcript:AT5G13520.1	Cau.Cau7AG001925	1.00	1.00	75.61	468	L1
transcript:AT4G07940.1	Cau.Cau5BG003515	0.73	0.93	40.16	51	L1
transcript:AT5G42660.1	Cau.Cau3BG000388	0.99	0.98	68.41	327	L1
transcript:AT3G44620.1	Cau.Cau8BG001454	1.00	0.98	61.51	155	L1
transcript:AT2G48020.2	Cau.Cau5AG002995	0.99	0.98	57.88	279	L1
transcript:AT5G12850.1	Cau.Cau2AG000245	1.00	1.00	53.43	397	L1
transcript:AT1G52530.1	Cau.Cau1BG001372	1.00	1.00	80.25	256	L1
transcript:AT4G27090.1	Cau.Cau7BG001686	1.00	1.00	87.31	117	L1
transcript:AT5G04050.2	Cau.Cau9BG000811	0.97	1.00	62.93	434	L1
transcript:AT4G30510.1	Cau.Cau4BG002207	0.99	0.99	74.93	272	L1
transcript:AT3G43240.1	Cau.Cau4BG001782	0.99	1.00	71.54	533	L1
transcript:AT2G27500.1	Cau.Cau8BG001412	0.97	0.99	68.13	263	L1
transcript:AT4G08540.1	Cau.Cau3BG000941	1.00	1.00	72.23	346	L1
transcript:AT2G42160.1	Cau.Cau4BG000523	1.00	1.00	63.93	312	L1
transcript:AT1G01360.1	Cau.Cau5BG003400	0.99	0.97	81.18	151	L1
transcript:AT5G64150.1	Cau.Cau5AG001472	0.94	0.94	59.60	211	L1
transcript:AT3G14640.1	Cau.Cau4BG001841	0.99	0.99	45.42	238	L1
transcript:AT5G61350.1	Cau.Cau5BG000984	0.95	0.90	69.22	560	L1
transcript:AT1G04570.1	Cau.Cau9BG001181	0.87	0.83	64.44	308	L1
transcript:AT3G10360.1	Cau.Cau7BG001835	1.00	1.00	55.52	578	L1
transcript:AT5G11480.1	Cau.Cau4BG000342	1.00	1.00	76.10	242	L1
transcript:AT1G22860.1	Cau.Cau2BG001986	1.00	0.99	66.53	670	L1
transcript:AT3G49410.3	Cau.Cau1BG001982	0.97	0.99	50.17	304	L1
transcript:AT5G04895.1	Cau.Cau1BG001594	0.95	0.96	82.83	912	L1
transcript:AT5G13590.5	Cau.Cau7AG001942	0.98	0.98	28.31	381	L1
transcript:AT3G13220.1	Cau.Cau4AG001618	1.00	1.00	75.78	432	L1
transcript:AT5G14480.1	Cau.Cau2AG000574	1.00	1.00	79.33	307	L1
transcript:AT1G26690.1	Cau.Cau7AG000236	0.96	0.97	69.76	143	L1
transcript:AT2G30330.1	Cau.Cau2AG000570	0.99	1.00	52.60	81	L1
transcript:AT3G10920.1	Cau.Cau7BG002125	0.99	0.99	76.86	176	L1
transcript:AT1G73885.1	Cau.Cau5BG001196	0.48	0.43	69.57	64	L1
transcript:AT1G71680.1	Cau.Cau5BG001795	0.97	0.99	71.56	312	L1
transcript:AT4G02260.2	Cau.Cau5AG003132	1.00	1.00	72.81	648	L1
transcript:AT1G25210.2	Cau.Cau2BG001608	0.93	0.96	64.05	196	L1
transcript:AT5G27650.1	Cau.Cau3AG001399	1.00	1.00	45.34	545	L1
transcript:AT1G53903.1	Cau.Cau1AG000992	0.90	0.79	45.24	57	L1
transcript:AT3G58680.1	Cau.Cau5AG001316	1.00	1.00	86.62	123	L1
transcript:AT1G79230.1	Cau.Cau9AG000061	0.99	0.99	71.47	268	L1
transcript:AT4G20270.1	Cau.Cau2AG001866	1.00	0.99	64.45	640	L1
transcript:AT5G53180.1	Cau.Cau9BG000126	1.00	1.00	76.55	346	L1
transcript:AT1G59740.1	Cau.Cau3BG002389	0.96	0.94	77.02	439	L1
transcript:AT1G21880.2	Cau.Cau3AG000875	0.97	1.00	67.15	278	L1
transcript:AT1G03330.1	Cau.Cau5BG002921	1.00	1.00	96.77	90	L1
transcript:AT5G06850.1	Cau.Cau7BG001323	0.99	0.99	82.93	651	L1
transcript:AT2G30800.1	Cau.Cau7BG001307	0.88	0.94	63.16	739	L1
transcript:AT3G52120.1	Cau.Cau7BG000092	1.00	1.00	65.03	292	L1
transcript:AT2G41700.1	Cau.Cau9BG000695	1.00	1.00	73.38	1400	L1
transcript:AT1G16330.1	Cau.Cau9BG000048	0.97	0.93	46.64	305	L1
transcript:AT1G13980.1	Cau.Cau7AG000232	0.99	0.98	84.13	1209	L1
transcript:AT1G13680.1	Cau.Cau6AG000273	0.97	0.95	59.77	208	L1
transcript:AT5G54270.1	Cau.Cau4BG001258	1.00	0.99	87.17	231	L1
transcript:AT1G34670.1	Cau.Cau3AG000995	1.00	1.00	55.26	210	L1
transcript:AT3G49000.1	Cau.Cau9BG000259	1.00	1.00	50.19	268	L1
transcript:AT5G58760.1	Cau.Cau8BG001969	0.98	0.99	70.38	385	L1
transcript:AT4G30310.2	Cau.Cau4BG002136	1.00	0.93	82.90	480	L1
transcript:AT1G61870.1	Cau.Cau2AG002182	1.00	1.00	59.31	242	L1
transcript:AT1G21410.2	Cau.Cau3AG000767	0.99	1.00	74.93	281	L1
transcript:AT2G47560.1	Cau.Cau5AG003120	0.93	0.92	45.20	113	L1
transcript:AT1G30620.6	Cau.Cau2BG002016	0.98	0.99	84.60	346	L1
transcript:AT2G36985.1	Cau.Cau6BG001754	0.74	0.66	79.49	31	L1
transcript:AT4G39860.4	Cau.Cau1BG002158	0.99	0.99	73.24	219	L1
transcript:AT5G66960.1	Cau.Cau1BG000372	0.97	0.98	74.64	577	L1
transcript:AT4G27435.1	Cau.Cau4AG001199	1.00	0.93	73.41	127	L1
transcript:AT5G18980.1	Cau.Cau9BG001629	1.00	1.00	67.34	569	L1
transcript:AT5G60540.1	Cau.Cau8BG001656	1.00	1.00	81.47	211	L1
transcript:AT1G51460.1	Cau.Cau2BG000273	0.99	0.96	68.05	458	L1
transcript:AT3G06860.1	Cau.Cau9BG001780	1.00	1.00	78.62	570	L1
transcript:AT5G63200.1	Cau.Cau5BG000563	0.98	0.98	67.43	441	L1
transcript:AT2G17760.1	Cau.Cau1BG000099	0.87	0.86	60.98	275	L1
transcript:AT2G23300.1	Cau.Cau1BG000482	1.00	1.00	61.93	501	L1
transcript:AT3G46810.1	Cau.Cau2BG001865	0.93	0.72	25.50	180	L1
transcript:AT5G51010.1	Cau.Cau7BG001367	0.95	0.88	59.46	88	L1
transcript:AT5G21930.2	Cau.Cau4BG001830	1.00	0.99	72.68	649	L1
transcript:AT5G52960.1	Cau.Cau9BG000149	0.69	0.70	78.15	93	L1
transcript:AT4G10340.1	Cau.Cau5AG001957	1.00	0.96	85.46	241	L1
transcript:AT2G31980.1	Cau.Cau9AG000849	0.73	0.78	49.07	53	L1
transcript:AT5G43810.4	Cau.Cau9AG001368	1.00	1.00	83.81	844	L1
transcript:AT1G67570.1	Cau.Cau7AG000618	0.98	0.98	64.04	292	L1
transcript:AT1G80510.1	Cau.Cau1AG001365	1.00	1.00	68.28	338	L1
transcript:AT3G53940.1	Cau.Cau6BG001420	1.00	0.99	71.51	261	L1
transcript:AT1G51540.1	Cau.Cau1AG001536	0.98	0.96	76.27	315	L1
transcript:AT3G57080.1	Cau.Cau9BG000839	0.98	0.92	64.68	141	L1
transcript:AT3G09290.1	Cau.Cau6BG001468	0.76	0.68	44.44	60	L1
transcript:AT3G02540.1	Cau.Cau6BG000357	1.00	1.00	72.54	309	L1
transcript:AT5G24920.1	Cau.Cau4BG000095	0.85	0.80	50.72	70	L1
transcript:AT3G16250.1	Cau.Cau1AG001090	0.97	0.98	62.81	125	L1
transcript:AT5G54510.1	Cau.Cau4BG001299	1.00	0.97	83.01	508	L1
transcript:AT1G55520.2	Cau.Cau5BG002424	1.00	0.91	93.53	188	L1
transcript:AT4G32360.1	Cau.Cau4BG000748	0.99	1.00	73.03	352	L1
transcript:AT5G65200.1	Cau.Cau5BG000395	0.98	0.98	58.35	325	L1
transcript:AT2G35040.1	Cau.Cau2BG001916	0.99	0.99	82.61	494	L1
transcript:AT4G27520.1	Cau.Cau4BG001145	0.75	0.79	46.05	140	L1
transcript:AT2G16030.1	Cau.Cau2BG001142	0.97	0.97	55.11	124	L1
transcript:AT2G02180.1	Cau.Cau5BG002473	0.90	0.97	86.76	236	L1
transcript:AT2G01220.2	Cau.Cau2BG001762	0.99	1.00	69.53	267	L1
transcript:AT1G51440.1	Cau.Cau2AG000263	0.96	0.96	66.86	349	L1
transcript:AT4G33300.1	Cau.Cau3BG000412	0.54	0.94	59.91	266	L1
transcript:AT2G32280.2	Cau.Cau2BG001156	0.99	0.96	69.57	112	L1
transcript:AT1G06240.1	Cau.Cau2AG000674	0.93	0.92	69.10	246	L1
transcript:AT5G43290.1	Cau.Cau6AG001484	0.97	0.83	43.01	117	L1
transcript:AT3G01330.1	Cau.Cau2AG000447	0.99	0.97	56.10	207	L1
transcript:AT1G80030.3	Cau.Cau1BG001367	0.93	0.94	72.86	349	L1
transcript:AT2G32230.2	Cau.Cau7BG001021	1.00	0.98	63.54	373	L1
transcript:AT1G64980.3	Cau.Cau7BG001098	0.96	0.98	83.53	208	L1
transcript:AT5G59980.1	Cau.Cau8AG001725	0.67	0.51	58.27	229	L1
transcript:AT3G28480.1	Cau.Cau6AG000188	0.99	0.98	65.51	207	L1
transcript:AT5G18500.6	Cau.Cau9AG001899	0.98	0.97	60.53	296	L1
transcript:AT2G36620.1	Cau.Cau5AG001988	0.96	0.96	85.35	134	L1
transcript:AT4G23730.1	Cau.Cau5BG000168	0.99	0.99	75.17	227	L1
transcript:AT3G09630.1	Cau.Cau6BG001638	1.00	1.00	84.41	341	L1
transcript:AT1G65900.1	Cau.Cau6AG000639	0.97	0.97	65.58	261	L1
transcript:AT3G20210.1	Cau.Cau1BG001845	0.99	1.00	53.80	255	L1
transcript:AT2G47340.1	Cau.Cau9BG001878	0.82	0.96	21.86	54	L1
transcript:AT3G07680.1	Cau.Cau4BG001621	0.96	0.94	76.00	152	L1
transcript:AT5G19590.2	Cau.Cau4BG000660	0.89	0.89	71.11	96	L1
transcript:AT5G39790.3	Cau.Cau6BG000481	0.96	0.89	59.93	166	L1
transcript:AT1G52260.1	Cau.Cau1BG001149	0.99	0.97	59.41	322	L1
transcript:AT5G54750.1	Cau.Cau4AG001313	1.00	1.00	91.40	170	L1
transcript:AT3G17220.1	Cau.Cau3AG002247	0.98	0.99	26.23	48	L1
transcript:AT2G05760.1	Cau.Cau2BG001269	1.00	1.00	88.27	459	L1
transcript:AT1G49000.1	Cau.Cau5AG001169	0.99	0.99	41.11	74	L1
transcript:AT3G47620.1	Cau.Cau5AG000300	0.78	0.75	45.76	189	L1
transcript:AT4G37480.1	Cau.Cau1AG000505	0.99	1.00	59.40	316	L1
transcript:AT4G25240.2	Cau.Cau9BG000429	0.99	0.99	73.51	433	L1
transcript:AT5G62930.1	Cau.Cau5AG000450	1.00	0.98	74.07	180	L1
transcript:AT5G63450.1	Cau.Cau5BG000626	0.97	0.99	63.22	318	L1
transcript:AT5G44170.1	Cau.Cau2AG000631	1.00	1.00	74.47	175	L1
transcript:AT5G59960.1	Cau.Cau8AG001773	0.98	0.98	76.42	269	L1
transcript:AT5G13300.1	Cau.Cau8BG001061	0.99	1.00	79.14	660	L1
transcript:AT1G67730.1	Cau.Cau7AG000574	1.00	1.00	65.94	211	L1
transcript:AT2G07360.2	Cau.Cau4AG001949	1.00	1.00	80.73	976	L1
transcript:AT5G28040.2	Cau.Cau3AG001591	0.99	1.00	44.78	206	L1
transcript:AT4G27910.1	Cau.Cau5AG001521	1.00	1.00	67.52	738	L1
transcript:AT5G42740.2	Cau.Cau3BG000344	0.99	0.98	86.18	480	L1
transcript:AT3G05970.1	Cau.Cau9AG001475	0.98	0.99	79.16	547	L1
transcript:AT1G19220.1	Cau.Cau4AG001729	0.44	0.43	84.06	406	L1
transcript:AT4G23030.1	Cau.Cau5AG000899	0.95	0.93	71.97	344	L1
transcript:AT1G27390.1	Cau.Cau7AG000656	1.00	1.00	53.81	113	L1
transcript:AT4G32295.1	Cau.Cau4BG000224	0.95	0.72	55.80	154	L1
transcript:AT4G03510.4	Cau.Cau2BG002349	0.91	0.98	40.16	98	L1
transcript:AT1G75440.1	Cau.Cau3BG000278	1.00	1.00	90.06	145	L1
transcript:AT4G09140.1	Cau.Cau5AG001985	0.99	1.00	74.46	548	L1
transcript:AT3G56190.2	Cau.Cau7BG002162	0.75	1.00	80.00	144	L1
transcript:AT1G26880.1	Cau.Cau6BG000115	1.00	1.00	87.10	108	L1
transcript:AT1G21370.1	Cau.Cau3AG000720	1.00	1.00	70.20	245	L1
transcript:AT3G62900.1	Cau.Cau5BG003006	0.99	0.98	42.42	616	L1
transcript:AT1G31840.1	Cau.Cau3AG001743	0.92	0.96	48.28	378	L1
transcript:AT3G09925.1	Cau.Cau9AG000756	0.93	0.89	52.44	86	L1
transcript:AT3G15020.1	Cau.Cau4BG001081	0.99	1.00	84.96	288	L1
transcript:AT1G58420.1	Cau.Cau3AG001186	0.96	0.99	42.13	75	L1
transcript:AT2G04842.2	Cau.Cau2AG001328	0.98	0.98	81.93	535	L1
transcript:AT1G80920.1	Cau.Cau1BG001509	0.99	0.98	59.28	99	L1
transcript:AT3G48670.2	Cau.Cau7AG002367	0.99	1.00	58.10	373	L1
transcript:AT4G16563.1	Cau.Cau5BG000770	0.94	0.95	67.64	324	L1
transcript:AT1G60790.1	Cau.Cau7AG000478	0.99	0.99	56.30	335	L1
transcript:AT5G23260.2	Cau.Cau7BG000955	0.99	1.00	57.71	146	L1
transcript:AT2G31260.1	Cau.Cau5AG002799	0.99	0.99	67.72	600	L1
transcript:AT3G45970.1	Cau.Cau8AG000085	0.97	0.97	66.41	170	L1
transcript:AT5G18100.1	Cau.Cau5AG002515	0.96	0.97	71.97	113	L1
transcript:AT5G46160.2	Cau.Cau2AG002155	1.00	1.00	68.93	122	L1
transcript:AT1G19330.3	Cau.Cau3BG000369	0.94	1.00	78.97	184	L1
transcript:AT1G13890.2	Cau.Cau7AG000198	1.00	1.00	66.67	184	L1
transcript:AT5G27280.1	Cau.Cau3AG000137	0.97	0.98	69.63	149	L1
transcript:AT1G29200.2	Cau.Cau2AG002503	0.96	0.99	62.38	378	L1
transcript:AT2G19900.1	Cau.Cau4BG000783	0.99	0.98	82.87	479	L1
transcript:AT1G13810.1	Cau.Cau7AG001096	0.89	0.79	47.27	130	L1
transcript:AT5G51430.1	Cau.Cau9BG000443	1.00	1.00	79.50	667	L1
transcript:AT3G52890.4	Cau.Cau6AG000708	1.00	1.00	57.57	529	L1
transcript:AT1G30260.1	Cau.Cau1BG001191	0.46	0.52	67.39	31	L1
transcript:AT2G01730.1	Cau.Cau2BG001606	1.00	0.99	66.15	426	L1
transcript:AT5G42560.1	Cau.Cau3BG000216	0.99	0.98	55.76	179	L1
transcript:AT5G58430.1	Cau.Cau8AG002036	0.99	0.99	73.63	458	L1
transcript:AT4G03620.2	Cau.Cau2AG002137	1.00	0.94	53.18	167	L1
transcript:AT4G11090.1	Cau.Cau5AG000154	0.99	1.00	56.76	256	L1
transcript:AT2G19180.1	Cau.Cau4BG002045	0.83	0.91	43.23	67	L1
transcript:AT2G22790.1	Cau.Cau1BG000608	0.89	0.91	40.35	140	L1
transcript:AT2G36710.1	Cau.Cau6BG001844	0.94	0.94	59.90	239	L1
transcript:AT3G16480.1	Cau.Cau1AG001042	1.00	0.99	66.00	332	L1
transcript:AT5G20710.1	Cau.Cau4AG001724	0.90	0.98	53.60	409	L1
transcript:AT4G21150.1	Cau.Cau5AG002766	1.00	1.00	66.76	462	L1
transcript:AT2G47180.1	Cau.Cau5AG003248	0.99	0.99	78.65	269	L1
transcript:AT2G37680.1	Cau.Cau6BG001473	1.00	1.00	84.19	181	L1
transcript:AT3G12200.1	Cau.Cau9BG000587	0.98	0.99	45.24	290	L1
transcript:AT2G43820.1	Cau.Cau5AG002068	0.99	0.99	57.08	262	L1
transcript:AT5G13630.1	Cau.Cau9AG000648	1.00	1.00	87.78	1214	L1
transcript:AT4G16820.1	Cau.Cau5AG000697	0.98	0.98	58.09	316	L1
transcript:AT2G42880.1	Cau.Cau7AG001228	1.00	1.00	75.68	470	L1
transcript:AT1G30440.1	Cau.Cau2BG002092	0.99	0.99	76.07	499	L1
transcript:AT1G71697.1	Cau.Cau3AG000637	0.99	0.93	65.99	227	L1
transcript:AT3G45320.1	Cau.Cau8BG001692	0.53	0.58	50.00	44	L1
transcript:AT1G24100.1	Cau.Cau5BG000402	0.98	0.97	47.69	217	L1
transcript:AT2G36640.1	Cau.Cau6BG000651	0.98	0.97	52.00	234	L1
transcript:AT2G01180.8	Cau.Cau2AG001769	0.92	0.94	64.91	209	L1
transcript:AT3G11890.7	Cau.Cau6BG000896	0.20	0.42	51.43	54	L1
transcript:AT2G30695.2	Cau.Cau5BG002121	0.99	0.99	47.12	98	L1
transcript:AT3G12955.1	Cau.Cau5BG001473	0.94	0.97	50.38	66	L1
transcript:AT1G12020.1	Cau.Cau2AG002723	1.00	0.99	44.94	111	L1
transcript:AT4G21720.1	Cau.Cau2BG002338	0.73	0.74	72.55	74	L1
transcript:AT1G21630.3	Cau.Cau1BG000029	0.99	0.99	47.11	619	L1
transcript:AT1G43900.1	Cau.Cau3AG000764	0.84	0.99	70.38	221	L1
transcript:AT4G18060.1	Cau.Cau2BG002552	0.94	0.86	68.80	171	L1
transcript:AT2G44520.1	Cau.Cau5BG003782	0.79	0.83	69.94	249	L1
transcript:AT4G01650.2	Cau.Cau5AG003308	0.88	0.64	65.59	122	L1
transcript:AT3G26000.1	Cau.Cau7BG000594	0.98	0.95	50.10	244	L1
transcript:AT1G73480.1	Cau.Cau5BG001627	0.87	0.98	61.52	251	L1
transcript:AT3G50410.1	Cau.Cau1BG000376	0.90	0.87	45.15	107	L1
transcript:AT3G52660.3	Cau.Cau6AG000766	1.00	1.00	61.20	306	L1
transcript:AT5G60990.1	Cau.Cau9AG000063	0.97	1.00	77.03	342	L1
transcript:AT1G53320.1	Cau.Cau5AG001317	1.00	1.00	71.68	281	L1
transcript:AT1G10340.1	Cau.Cau1AG001398	1.00	0.99	34.52	233	L1
transcript:AT3G20720.2	Cau.Cau4BG001334	1.00	1.00	64.18	783	L1
transcript:AT2G43000.1	Cau.Cau7BG001296	1.00	0.96	53.82	162	L1
transcript:AT2G26800.1	Cau.Cau9AG001746	1.00	1.00	73.96	321	L1
transcript:AT1G48580.1	Cau.Cau4AG000974	0.55	0.45	46.46	118	L1
transcript:AT4G00030.1	Cau.Cau5AG003753	0.99	0.96	69.01	147	L1
transcript:AT3G27440.1	Cau.Cau2BG000594	0.97	0.95	78.22	352	L1
transcript:AT2G30860.1	Cau.Cau7BG001299	0.98	1.00	66.98	142	L1
transcript:AT1G17210.1	Cau.Cau2BG002126	0.94	0.97	56.44	526	L1
transcript:AT3G21650.1	Cau.Cau2BG001257	0.99	0.99	76.16	412	L1
transcript:AT1G28480.1	Cau.Cau2AG002420	0.77	0.74	66.67	70	L1
transcript:AT5G24800.1	Cau.Cau4BG000028	0.78	0.62	50.20	126	L1
transcript:AT3G02630.1	Cau.Cau3BG001249	0.99	0.99	81.82	324	L1
transcript:AT5G64810.1	Cau.Cau1BG002019	0.96	0.92	46.63	90	L1
transcript:AT2G35320.1	Cau.Cau7AG001520	0.93	0.98	61.77	181	L1
transcript:AT1G16970.1	Cau.Cau5BG001342	1.00	1.00	70.56	441	L1
transcript:AT5G17170.1	Cau.Cau6AG001822	0.91	0.95	75.81	188	L1
transcript:AT5G10630.1	Cau.Cau4BG000045	0.95	0.95	62.37	416	L1
transcript:AT1G70140.1	Cau.Cau7BG000375	1.00	1.00	49.15	403	L1
transcript:AT5G08335.2	Cau.Cau2BG000565	1.00	0.99	71.57	141	L1
transcript:AT5G43745.1	Cau.Cau9BG001409	0.90	0.88	71.39	539	L1
transcript:AT3G24515.1	Cau.Cau4BG000710	0.67	0.50	58.06	162	L1
transcript:AT3G54690.1	Cau.Cau5AG002770	1.00	1.00	74.29	260	L1
transcript:AT1G01950.1	Cau.Cau5AG003682	1.00	1.00	77.61	700	L1
transcript:AT5G40990.1	Cau.Cau1BG001005	0.98	0.97	53.24	197	L1
transcript:AT3G10310.2	Cau.Cau9BG000705	1.00	0.99	57.31	596	L1
transcript:AT5G10190.1	Cau.Cau1AG002087	0.99	0.93	75.41	368	L1
transcript:AT3G25545.1	Cau.Cau7AG000808	1.00	1.00	61.19	164	L1
transcript:AT1G48600.2	Cau.Cau4BG001019	1.00	1.00	81.91	403	L1
transcript:AT2G30395.1	Cau.Cau1BG001801	1.00	0.94	46.46	92	L1
transcript:AT2G47240.3	Cau.Cau5BG003188	0.99	0.99	69.66	457	L1
transcript:AT1G14160.1	Cau.Cau7BG000248	0.91	0.98	57.07	109	L1
transcript:AT5G18820.1	Cau.Cau2BG001936	0.99	1.00	72.84	429	L1
transcript:AT3G19650.1	Cau.Cau8BG000295	0.99	1.00	41.76	142	L1
transcript:AT3G61960.1	Cau.Cau5BG003297	0.99	0.97	55.27	372	L1
transcript:AT3G02490.1	Cau.Cau6BG000305	0.97	0.98	50.60	340	L1
transcript:AT3G26780.1	Cau.Cau2BG000797	1.00	1.00	68.72	290	L1
transcript:AT5G05600.1	Cau.Cau7AG002233	0.96	0.94	69.17	249	L1
transcript:AT2G01860.1	Cau.Cau3AG000074	0.99	0.98	60.74	297	L1
transcript:AT5G18280.1	Cau.Cau5BG002400	0.98	0.97	71.49	331	L1
transcript:AT5G62740.1	Cau.Cau5BG000331	0.99	0.99	92.20	260	L1
transcript:AT5G41480.1	Cau.Cau9AG000132	0.99	0.98	57.25	316	L1
transcript:AT3G23100.2	Cau.Cau9BG001386	0.91	0.99	65.75	167	L1
transcript:AT4G18760.1	Cau.Cau2AG002509	0.90	0.86	58.63	231	L1
transcript:AT3G24460.2	Cau.Cau4BG000665	0.99	0.99	72.95	294	L1
transcript:AT4G24110.1	Cau.Cau5AG000061	0.95	0.98	46.56	122	L1
transcript:AT3G56120.1	Cau.Cau4AG000652	0.99	0.96	62.25	310	L1
transcript:AT4G02620.1	Cau.Cau3BG001649	0.98	0.97	84.92	107	L1
transcript:AT1G80610.1	Cau.Cau1BG001440	0.95	0.95	45.08	119	L1
transcript:AT5G39280.1	Cau.Cau6AG000031	0.89	0.94	65.73	163	L1
transcript:AT5G27470.1	Cau.Cau3AG001438	0.84	0.93	77.95	297	L1
transcript:AT5G13210.1	Cau.Cau9AG001642	0.99	1.00	62.33	422	L1
transcript:AT1G30135.1	Cau.Cau2BG002632	0.95	1.00	42.75	56	L1
transcript:AT2G35530.1	Cau.Cau3AG001781	0.98	0.99	65.45	269	L1
transcript:AT5G07180.1	Cau.Cau9BG000379	0.99	0.99	76.36	743	L1
transcript:AT3G28140.1	Cau.Cau2AG000453	1.00	1.00	68.48	126	L1
transcript:AT4G10930.2	Cau.Cau5AG000110	0.98	0.99	50.56	542	L1
transcript:AT5G40270.1	Cau.Cau2BG000488	1.00	1.00	74.89	355	L1
transcript:AT5G15460.4	Cau.Cau6BG000062	0.97	1.00	68.33	82	L1
transcript:AT3G02050.1	Cau.Cau2AG000769	1.00	1.00	76.81	606	L1
transcript:AT5G14590.1	Cau.Cau2AG000520	0.99	0.98	79.83	384	L1
transcript:AT5G19410.1	Cau.Cau5BG000766	1.00	1.00	64.34	424	L1
transcript:AT3G14960.1	Cau.Cau5AG001282	1.00	1.00	70.99	252	L1
transcript:AT1G03360.1	Cau.Cau5AG002983	0.99	1.00	66.97	219	L1
transcript:AT5G08340.1	Cau.Cau7AG000925	1.00	0.99	63.03	237	L1
transcript:AT1G78790.4	Cau.Cau5AG000544	1.00	1.00	73.39	80	L1
transcript:AT5G05370.1	Cau.Cau7BG002080	1.00	1.00	76.39	55	L1
transcript:AT1G71990.1	Cau.Cau3BG000596	1.00	0.99	70.88	297	L1
transcript:AT2G46420.3	Cau.Cau5AG003442	1.00	1.00	80.27	297	L1
transcript:AT1G71440.1	Cau.Cau2AG001659	0.99	0.99	65.04	346	L1
transcript:AT5G23300.1	Cau.Cau7AG000933	0.98	0.99	84.14	382	L1
transcript:AT3G51120.1	Cau.Cau1AG000193	0.85	0.89	44.08	500	L1
transcript:AT2G22590.1	Cau.Cau1AG000650	0.98	0.97	56.50	265	L1
transcript:AT5G51510.1	Cau.Cau9BG000422	1.00	1.00	54.34	94	L1
transcript:AT5G64930.1	Cau.Cau1BG002063	0.83	0.83	40.90	200	L1
transcript:AT2G21150.1	Cau.Cau8BG000802	1.00	1.00	86.05	290	L1
transcript:AT5G04460.6	Cau.Cau7AG001762	1.00	1.00	66.78	587	L1
transcript:AT4G24830.1	Cau.Cau5BG000613	1.00	1.00	78.50	387	L1
transcript:AT1G28140.1	Cau.Cau8AG001051	0.99	1.00	66.22	198	L1
transcript:AT2G26100.1	Cau.Cau4BG000497	0.99	1.00	69.79	261	L1
transcript:AT1G79810.1	Cau.Cau1BG001124	1.00	0.99	77.48	258	L1
transcript:AT4G33950.1	Cau.Cau8BG000489	1.00	1.00	89.01	324	L1
transcript:AT5G19680.1	Cau.Cau4AG000774	0.96	0.94	79.75	252	L1
transcript:AT5G39000.1	Cau.Cau1BG001934	0.98	0.98	50.28	451	L1
transcript:AT3G22330.1	Cau.Cau6BG001088	1.00	1.00	61.53	395	L1
transcript:AT3G48110.1	Cau.Cau5BG003770	1.00	1.00	74.12	796	L1
transcript:AT2G28610.1	Cau.Cau8BG001736	0.98	0.97	46.72	114	L1
transcript:AT1G32750.1	Cau.Cau8BG000930	0.98	0.98	58.08	1121	L1
transcript:AT1G04010.1	Cau.Cau5AG002737	0.99	0.98	76.39	482	L1
transcript:AT1G08530.1	Cau.Cau5AG002453	0.64	0.61	78.44	131	L1
transcript:AT5G54260.1	Cau.Cau4AG001240	1.00	0.99	76.57	562	L1
transcript:AT5G07990.1	Cau.Cau5BG001035	0.99	0.99	60.50	218	L1
transcript:AT2G25760.1	Cau.Cau4AG000418	1.00	1.00	78.51	548	L1
transcript:AT3G02520.2	Cau.Cau6BG000348	0.97	0.98	89.92	232	L1
transcript:AT3G27960.3	Cau.Cau2AG000488	0.97	0.95	64.33	449	L1
transcript:AT3G16910.1	Cau.Cau9BG001858	0.99	0.99	78.69	443	L1
transcript:AT2G17940.1	Cau.Cau4AG002067	0.99	0.94	38.57	81	L1
transcript:AT5G52570.1	Cau.Cau9AG000192	0.86	0.85	76.14	201	L1
transcript:AT3G28880.1	Cau.Cau6BG000132	0.91	0.71	37.63	194	L1
transcript:AT5G05270.2	Cau.Cau7BG002118	0.97	1.00	68.97	140	L1
transcript:AT5G47760.1	Cau.Cau2BG002823	0.99	0.97	78.86	235	L1
transcript:AT5G65740.2	Cau.Cau1AG000588	0.98	0.91	60.54	178	L1
transcript:AT1G06870.1	Cau.Cau3BG000406	1.00	1.00	56.32	214	L1
transcript:AT3G01480.1	Cau.Cau2AG000479	0.97	0.98	75.58	328	L1
transcript:AT5G67350.1	Cau.Cau1AG000502	0.87	0.94	29.89	113	L1
transcript:AT3G16760.1	Cau.Cau9AG001731	1.00	1.00	51.23	271	L1
transcript:AT2G34650.1	Cau.Cau2BG002103	0.99	0.98	69.89	311	L1
transcript:AT1G17630.2	Cau.Cau1AG000851	0.95	0.97	53.42	375	L1
transcript:AT1G26160.1	Cau.Cau7AG000826	0.99	0.99	70.04	187	L1
transcript:AT5G67440.1	Cau.Cau1AG000525	1.00	1.00	57.43	367	L1
transcript:AT4G38140.1	Cau.Cau8BG000005	0.75	0.88	44.63	54	L1
transcript:AT1G22130.1	Cau.Cau3BG000959	0.82	0.86	54.96	155	L1
transcript:AT5G53190.1	Cau.Cau9AG000127	0.96	1.00	57.94	146	L1
transcript:AT2G26830.1	Cau.Cau4AG000579	1.00	0.98	69.87	262	L1
transcript:AT2G14835.1	Cau.Cau8BG000305	1.00	1.00	70.23	243	L1
transcript:AT2G33620.1	Cau.Cau3BG000040	1.00	1.00	53.83	204	L1
transcript:AT1G70780.1	Cau.Cau2BG001656	1.00	1.00	67.13	96	L1
transcript:AT1G01750.1	Cau.Cau5AG000278	0.99	0.99	82.61	114	L1
transcript:AT4G13270.1	Cau.Cau4BG000695	0.99	0.99	57.53	126	L1
transcript:AT3G13070.1	Cau.Cau4BG001575	0.99	1.00	69.96	468	L1
transcript:AT5G43860.1	Cau.Cau9BG001465	1.00	1.00	60.68	196	L1
transcript:AT4G18530.3	Cau.Cau3BG002353	1.00	0.94	64.54	253	L1
transcript:AT4G00430.1	Cau.Cau7AG002270	1.00	1.00	74.65	215	L1
transcript:AT4G31570.2	Cau.Cau4BG000072	1.00	1.00	40.81	1183	L1
transcript:AT5G64510.1	Cau.Cau8AG000223	0.97	0.97	71.80	303	L1
transcript:AT4G02090.1	Cau.Cau5AG003179	0.95	0.92	40.48	85	L1
transcript:AT1G73930.2	Cau.Cau5AG001178	1.00	0.99	74.39	488	L1
transcript:AT2G26460.1	Cau.Cau4BG001775	0.97	0.98	71.03	407	L1
transcript:AT1G31330.1	Cau.Cau2BG001984	1.00	1.00	76.62	177	L1
transcript:AT5G23420.1	Cau.Cau2BG001813	0.83	0.91	56.44	114	L1
transcript:AT2G30720.1	Cau.Cau5BG002023	0.90	0.78	74.16	310	L1
transcript:AT3G17790.1	Cau.Cau5AG001666	0.96	0.96	63.33	209	L1
transcript:AT1G73150.2	Cau.Cau4BG001082	0.96	0.82	40.29	197	L1
transcript:AT2G20815.1	Cau.Cau2BG001084	0.77	0.64	42.86	168	L1
transcript:AT5G22790.1	Cau.Cau8BG001490	0.69	0.73	80.13	238	L1
transcript:AT2G23460.1	Cau.Cau1AG000364	0.99	0.98	64.69	612	L1
transcript:AT5G46280.1	Cau.Cau2BG002594	1.00	1.00	73.15	572	L1
transcript:AT1G53490.2	Cau.Cau2BG001540	1.00	1.00	80.87	241	L1
transcript:AT2G24240.1	Cau.Cau8BG001722	1.00	1.00	84.04	374	L1
transcript:AT5G33320.1	Cau.Cau5BG000456	1.00	1.00	67.96	280	L1
transcript:AT2G22880.1	Cau.Cau1AG000533	0.71	0.44	43.96	40	L1
transcript:AT5G45290.1	Cau.Cau3AG001706	0.86	0.94	50.97	262	L1
transcript:AT5G57700.4	Cau.Cau4BG002162	0.89	0.86	78.96	244	L1
transcript:AT4G28600.1	Cau.Cau5BG002678	0.97	0.97	60.47	436	L1
transcript:AT2G16485.1	Cau.Cau8AG000732	0.84	0.90	45.12	753	L1
transcript:AT3G12110.1	Cau.Cau6BG000972	1.00	1.00	97.08	366	L1
transcript:AT3G48330.4	Cau.Cau5AG000541	0.84	0.78	75.21	179	L1
transcript:AT1G08820.1	Cau.Cau3BG001525	0.99	1.00	43.79	194	L1
transcript:AT4G27650.3	Cau.Cau6BG001867	1.00	1.00	82.80	313	L1
transcript:AT4G31480.5	Cau.Cau4BG000067	1.00	1.00	85.99	816	L1
transcript:AT1G47830.1	Cau.Cau3BG000209	1.00	1.00	95.77	136	L1
transcript:AT3G57630.3	Cau.Cau9AG000601	0.99	1.00	73.36	581	L1
transcript:AT3G61770.1	Cau.Cau5BG003379	0.98	0.98	60.94	181	L1
transcript:AT3G44280.1	Cau.Cau8BG001347	1.00	0.99	67.89	74	L1
transcript:AT1G35710.1	Cau.Cau5AG002727	0.91	0.98	39.08	431	L1
transcript:AT4G31180.2	Cau.Cau9AG000106	0.79	1.00	64.46	283	L1
transcript:AT4G21610.1	Cau.Cau2BG002353	0.76	0.79	62.71	74	L1
transcript:AT4G33865.1	Cau.Cau8BG000314	1.00	1.00	87.50	49	L1
transcript:AT3G03330.1	Cau.Cau6BG001934	0.99	0.99	70.86	231	L1
transcript:AT5G46220.1	Cau.Cau2BG002614	1.00	1.00	62.96	294	L1
transcript:AT2G31140.1	Cau.Cau5BG002717	1.00	1.00	61.95	127	L1
transcript:AT4G00750.1	Cau.Cau5AG003629	1.00	0.99	69.98	443	L1
transcript:AT2G22490.1	Cau.Cau3AG001072	0.94	0.91	47.28	165	L1
transcript:AT3G55770.7	Cau.Cau7BG002361	0.96	1.00	70.40	157	L1
transcript:AT3G52790.1	Cau.Cau6BG000718	0.95	0.92	53.85	56	L1
transcript:AT3G04040.1	Cau.Cau5AG002479	0.77	0.69	84.11	90	L1
transcript:AT3G18000.1	Cau.Cau4AG000967	0.98	0.98	83.64	404	L1
transcript:AT2G23360.1	Cau.Cau1BG000454	1.00	1.00	46.61	438	L1
transcript:AT3G18270.1	Cau.Cau5AG001261	0.97	0.98	67.98	276	L1
transcript:AT1G53025.1	Cau.Cau4BG001165	0.99	1.00	47.33	257	L1
transcript:AT5G48370.1	Cau.Cau2BG001463	0.98	0.98	80.28	350	L1
transcript:AT1G65880.1	Cau.Cau6BG000643	0.98	0.98	61.75	352	L1
transcript:AT2G45360.1	Cau.Cau5BG003663	1.00	0.99	65.45	144	L1
transcript:AT3G11220.1	Cau.Cau4AG001050	0.96	0.97	66.10	232	L1
transcript:AT5G16160.1	Cau.Cau6BG000382	0.93	0.96	43.97	62	L1
transcript:AT1G74680.1	Cau.Cau5BG000948	0.97	0.99	58.93	287	L1
transcript:AT5G15130.1	Cau.Cau6AG000146	1.00	1.00	48.04	294	L1
transcript:AT1G04985.1	Cau.Cau2BG001285	0.98	0.94	63.27	124	L1
transcript:AT3G04340.1	Cau.Cau7BG001038	1.00	1.00	67.95	899	L1
transcript:AT1G77350.2	Cau.Cau3BG000816	1.00	1.00	78.69	96	L1
transcript:AT3G55280.2	Cau.Cau8BG001766	1.00	1.00	86.36	133	L1
transcript:AT4G17260.1	Cau.Cau5BG000783	1.00	1.00	78.75	278	L1
transcript:AT3G13380.1	Cau.Cau4AG001684	0.97	0.97	69.83	824	L1
transcript:AT5G56200.1	Cau.Cau4AG001677	0.93	0.88	35.37	138	L1
transcript:AT5G58320.5	Cau.Cau1BG001764	0.96	0.97	47.15	281	L1
transcript:AT2G41060.2	Cau.Cau6BG000625	1.00	1.00	57.08	278	L1
transcript:AT4G13440.1	Cau.Cau9BG001197	0.68	0.96	46.73	50	L1
transcript:AT4G10590.1	Cau.Cau5AG000037	1.00	0.99	62.61	581	L1
transcript:AT3G06350.1	Cau.Cau9AG001603	0.89	1.00	74.63	400	L1
transcript:AT5G23910.1	Cau.Cau9AG000238	0.99	0.97	42.34	307	L1
transcript:AT2G36885.1	Cau.Cau6BG001792	0.81	0.79	72.86	153	L1
transcript:AT2G35035.1	Cau.Cau2BG001918	1.00	0.98	67.92	199	L1
transcript:AT5G06839.3	Cau.Cau7BG001325	0.95	0.88	67.56	302	L1
transcript:AT5G20270.1	Cau.Cau4BG001914	0.91	0.95	60.24	203	L1
transcript:AT4G02010.1	Cau.Cau5AG003209	1.00	1.00	68.93	517	L1
transcript:AT5G61980.1	Cau.Cau7BG001392	1.00	1.00	68.07	567	L1
transcript:AT5G47060.2	Cau.Cau5BG000644	0.98	0.97	53.63	96	L1
transcript:AT1G28360.1	Cau.Cau2AG002400	1.00	1.00	50.75	102	L1
transcript:AT5G16280.2	Cau.Cau6BG000857	1.00	1.00	60.94	794	L1
transcript:AT5G11850.1	Cau.Cau4AG000491	1.00	0.99	64.78	572	L1
transcript:AT5G39960.1	Cau.Cau3BG002422	1.00	1.00	65.20	416	L1
transcript:AT5G49920.1	Cau.Cau3BG002270	0.95	0.92	49.84	154	L1
transcript:AT2G43200.2	Cau.Cau5BG002295	0.96	0.97	58.50	351	L1
transcript:AT1G05910.1	Cau.Cau5BG002255	1.00	1.00	72.16	884	L1
transcript:AT1G64970.1	Cau.Cau7AG001072	0.93	0.80	68.73	222	L1
transcript:AT4G00650.1	Cau.Cau7AG001325	0.85	0.45	39.72	114	L1
transcript:AT2G36660.1	Cau.Cau6BG000649	0.95	0.98	55.16	342	L1
transcript:AT2G47850.3	Cau.Cau5BG003001	1.00	0.99	70.44	336	L1
transcript:AT2G01900.3	Cau.Cau2AG001570	0.96	0.96	67.87	281	L1
transcript:AT2G18510.1	Cau.Cau1BG000309	0.80	0.81	76.87	236	L1
transcript:AT5G03290.1	Cau.Cau6BG001731	0.99	1.00	87.90	327	L1
transcript:ATMG00090.1	Cau.Cau7AG001539	1.00	1.00	59.32	331	L1
transcript:AT5G43940.1	Cau.Cau5BG002634	0.99	0.99	91.20	342	L1
transcript:AT5G05830.1	Cau.Cau4AG002189	0.88	0.92	59.12	107	L1
transcript:AT2G37580.1	Cau.Cau6BG001546	0.83	0.92	40.91	81	L1
transcript:AT5G50320.1	Cau.Cau5BG000579	1.00	1.00	92.20	520	L1
transcript:AT3G49080.1	Cau.Cau9BG000220	0.58	0.70	72.80	182	L1
transcript:AT1G64450.1	Cau.Cau5AG000114	1.00	1.00	67.50	133	L1
transcript:AT1G16916.1	Cau.Cau3AG001746	0.98	1.00	53.12	34	L1
transcript:AT2G43770.1	Cau.Cau5BG002042	1.00	1.00	87.03	302	L1
transcript:AT4G37210.1	Cau.Cau1BG000359	0.97	0.98	55.97	272	L1
transcript:AT1G73370.3	Cau.Cau5BG001645	0.99	0.99	66.74	624	L1
transcript:AT1G32440.1	Cau.Cau7BG001531	0.97	0.98	75.49	425	L1
transcript:AT4G30074.1	Cau.Cau4AG002041	0.93	0.94	49.19	61	L1
transcript:AT3G15470.1	Cau.Cau4BG001217	0.98	0.98	61.39	585	L1
transcript:AT5G25900.1	Cau.Cau3AG002261	0.94	0.92	68.62	328	L1
transcript:AT2G04235.2	Cau.Cau2AG001409	1.00	0.99	44.54	323	L1
transcript:AT3G53420.2	Cau.Cau6AG001706	1.00	1.00	70.14	202	L1
transcript:AT5G27710.1	Cau.Cau3AG001383	0.98	0.98	65.68	222	L1
transcript:AT5G08770.1	Cau.Cau1BG001748	0.97	0.99	55.56	160	L1
transcript:AT5G28780.1	Cau.Cau8BG001026	0.27	0.88	54.35	50	L1
transcript:AT4G23340.1	Cau.Cau9BG000481	0.97	1.00	66.14	211	L1
transcript:AT2G44860.1	Cau.Cau5BG001692	1.00	1.00	68.45	115	L1
transcript:AT5G03730.2	Cau.Cau6BG000681	1.00	1.00	67.57	596	L1
transcript:AT1G11380.1	Cau.Cau2AG002261	0.80	0.82	63.94	133	L1
transcript:AT1G49975.1	Cau.Cau8AG000279	1.00	1.00	66.43	93	L1
transcript:AT5G61750.1	Cau.Cau7AG001332	0.91	0.81	57.59	110	L1
transcript:AT3G15200.1	Cau.Cau4BG001122	0.93	0.90	54.88	270	L1
transcript:AT5G49840.2	Cau.Cau3BG002392	0.88	0.86	68.87	365	L1
transcript:AT5G52560.1	Cau.Cau3BG000796	1.00	1.00	77.92	487	L1
transcript:AT1G52140.1	Cau.Cau1AG001071	0.97	0.96	45.58	98	L1
transcript:AT3G11930.3	Cau.Cau6AG000906	0.89	0.90	51.94	107	L1
transcript:AT2G34660.1	Cau.Cau2AG002113	1.00	1.00	78.81	1283	L1
transcript:AT4G34540.1	Cau.Cau8AG000656	0.99	1.00	71.99	221	L1
transcript:AT3G56510.4	Cau.Cau2AG000593	0.86	0.71	62.61	144	L1
transcript:AT4G24710.3	Cau.Cau5BG000519	1.00	1.00	73.90	354	L1
transcript:AT4G10270.1	Cau.Cau2BG001097	1.00	1.00	61.11	55	L1
transcript:AT3G24120.1	Cau.Cau9BG001021	0.98	0.99	70.97	220	L1
transcript:AT5G21222.4	Cau.Cau4AG000721	0.54	0.74	67.26	304	L1
transcript:AT5G47120.1	Cau.Cau5BG000686	1.00	1.00	74.90	185	L1
transcript:AT2G39040.1	Cau.Cau9AG001597	0.88	0.93	55.37	170	L1
transcript:AT5G04620.2	Cau.Cau9BG000482	0.97	0.97	69.02	323	L1
transcript:AT5G52440.1	Cau.Cau9BG000228	1.00	0.99	51.86	153	L1
transcript:AT1G72175.1	Cau.Cau3BG000541	1.00	1.00	70.59	132	L1
transcript:AT5G67290.1	Cau.Cau1BG000483	0.97	0.93	70.65	284	L1
transcript:AT5G49550.1	Cau.Cau6BG000230	0.88	0.90	70.54	79	L1
transcript:AT4G16720.1	Cau.Cau5BG000738	1.00	1.00	90.69	185	L1
transcript:AT5G54680.1	Cau.Cau4BG001325	1.00	1.00	71.55	171	L1
transcript:AT3G54500.3	Cau.Cau8AG001067	0.91	0.90	42.73	291	L1
transcript:AT1G68000.1	Cau.Cau9BG000681	0.99	0.98	78.67	177	L1
transcript:AT4G28830.4	Cau.Cau4BG000751	1.00	0.98	78.85	164	L1
transcript:AT3G27580.2	Cau.Cau2BG000570	0.86	0.75	70.87	365	L1
transcript:AT4G21990.1	Cau.Cau2AG002664	1.00	1.00	75.00	351	L1
transcript:AT5G59830.3	Cau.Cau8BG001775	0.98	0.99	48.50	227	L1
transcript:AT3G48160.2	Cau.Cau5AG000385	0.92	0.98	57.62	223	L1
transcript:AT1G55000.2	Cau.Cau3BG001408	0.99	0.83	67.12	147	L1
transcript:AT1G27480.1	Cau.Cau3AG001185	0.97	0.95	61.45	263	L1
transcript:AT1G19360.2	Cau.Cau3AG000361	1.00	1.00	75.23	322	L1
transcript:AT5G36890.1	Cau.Cau2AG001858	0.98	0.97	63.25	315	L1
transcript:AT5G50670.1	Cau.Cau7AG001426	1.00	1.00	41.48	168	L1
transcript:AT5G07590.3	Cau.Cau9BG000519	1.00	1.00	83.84	384	L1
transcript:AT1G45230.1	Cau.Cau3AG000473	1.00	0.87	60.99	136	L1
transcript:AT1G62940.1	Cau.Cau7AG000673	0.99	0.97	75.09	404	L1
transcript:AT5G02220.1	Cau.Cau6BG001489	0.85	0.95	65.57	40	L1
transcript:AT1G08125.1	Cau.Cau8BG001562	0.98	1.00	67.41	213	L1
transcript:AT5G12250.1	Cau.Cau6BG000552	0.96	0.96	98.37	423	L1
transcript:AT5G17240.1	Cau.Cau6BG000639	0.98	0.98	56.11	280	L1
transcript:AT4G00525.1	Cau.Cau5BG003529	0.93	0.84	50.38	67	L1
transcript:AT3G04920.1	Cau.Cau5AG002910	1.00	0.99	92.54	124	L1
transcript:AT2G16060.1	Cau.Cau8AG000556	0.99	0.98	77.22	122	L1
transcript:AT2G30540.1	Cau.Cau5BG002994	0.96	0.97	73.47	72	L1
transcript:AT2G31083.1	Cau.Cau2BG000667	0.89	0.88	54.55	42	L1
transcript:AT1G54330.1	Cau.Cau9BG000021	0.97	0.95	56.36	186	L1
transcript:AT5G38760.1	Cau.Cau6BG000306	1.00	1.00	71.64	48	L1
transcript:AT3G19860.3	Cau.Cau8AG000813	0.91	0.85	64.41	190	L1
transcript:AT1G07050.1	Cau.Cau8AG002022	0.55	0.43	63.96	71	L1
transcript:AT2G34610.1	Cau.Cau2BG002146	1.00	0.97	31.19	92	L1
transcript:AT5G20190.1	Cau.Cau4BG000544	0.90	0.90	47.27	130	L1
transcript:AT4G08320.1	Cau.Cau3BG000865	0.99	0.98	55.73	243	L1
transcript:AT3G47520.1	Cau.Cau5BG000953	0.99	1.00	78.54	322	L1
transcript:AT3G13229.1	Cau.Cau4BG001653	0.94	0.86	49.82	135	L1
transcript:AT1G44835.1	Cau.Cau3BG000883	0.97	0.97	60.06	188	L1
transcript:AT3G15680.2	Cau.Cau1BG001303	0.96	0.92	68.94	111	L1
transcript:AT3G22810.1	Cau.Cau9AG001392	1.00	1.00	70.22	349	L1
transcript:AT4G27160.1	Cau.Cau4AG001318	0.98	1.00	38.55	64	L1
transcript:AT1G31230.1	Cau.Cau5AG001874	1.00	0.99	78.86	720	L1
transcript:AT5G27820.1	Cau.Cau8BG000951	1.00	1.00	81.58	93	L1
transcript:AT4G37920.1	Cau.Cau1BG000635	0.85	0.85	73.58	273	L1
transcript:AT1G10490.2	Cau.Cau1AG001929	1.00	1.00	72.17	747	L1
transcript:AT1G80690.1	Cau.Cau1BG001466	1.00	1.00	73.01	165	L1
transcript:AT5G22830.1	Cau.Cau8BG001499	1.00	1.00	70.41	326	L1
transcript:AT4G23885.1	Cau.Cau5BG000122	1.00	1.00	57.14	44	L1
transcript:AT3G47780.1	Cau.Cau5BG000315	0.99	0.99	66.63	627	L1
transcript:AT2G19570.1	Cau.Cau4BG000900	0.99	0.97	63.04	191	L1
transcript:AT3G06820.2	Cau.Cau1BG001302	1.00	1.00	69.66	303	L1
transcript:AT3G54660.1	Cau.Cau5AG001669	1.00	0.99	77.39	438	L1
transcript:AT4G27380.1	Cau.Cau4BG001256	0.55	0.88	41.76	38	L1
transcript:AT5G52970.2	Cau.Cau6AG001756	0.93	0.90	76.44	159	L1
transcript:AT2G37920.1	Cau.Cau6BG001415	0.71	0.80	71.11	128	L1
transcript:AT1G01180.1	Cau.Cau5BG003327	0.98	0.98	62.77	204	L1
transcript:AT4G29160.3	Cau.Cau4BG000844	1.00	1.00	88.18	194	L1
transcript:AT1G35670.1	Cau.Cau3BG000586	0.98	0.98	83.03	406	L1
transcript:AT2G32940.1	Cau.Cau2AG001280	0.99	0.98	66.40	583	L1
transcript:AT2G37130.1	Cau.Cau6AG001677	0.93	0.92	77.05	235	L1
transcript:AT5G18620.2	Cau.Cau9AG001636	1.00	1.00	87.73	944	L1
transcript:AT5G53080.1	Cau.Cau5BG001533	0.97	0.98	57.72	329	L1
transcript:AT3G51950.4	Cau.Cau7BG000126	1.00	1.00	48.18	268	L1
transcript:AT1G12740.1	Cau.Cau5BG000914	1.00	0.98	75.32	354	L1
transcript:AT4G09530.1	Cau.Cau3BG000597	0.75	0.70	54.55	42	L1
transcript:AT3G24630.1	Cau.Cau4AG000726	1.00	1.00	39.70	156	L1
transcript:AT2G38970.1	Cau.Cau7AG001834	1.00	1.00	64.43	471	L1
transcript:AT2G39000.1	Cau.Cau7BG001862	0.96	0.98	65.71	184	L1
transcript:AT1G48110.1	Cau.Cau9BG001953	1.00	0.92	48.52	328	L1
transcript:AT3G09880.1	Cau.Cau6BG001799	0.98	0.99	80.45	395	L1
transcript:AT2G30550.2	Cau.Cau5BG002783	1.00	0.99	61.21	333	L1
transcript:AT5G55500.1	Cau.Cau4BG001548	1.00	1.00	62.04	335	L1
transcript:AT2G47430.1	Cau.Cau5AG003187	0.98	0.98	42.78	501	L1
transcript:AT5G40600.2	Cau.Cau2AG000600	0.92	0.94	41.10	102	L1
transcript:AT5G21990.1	Cau.Cau9BG000876	1.00	1.00	59.90	354	L1
transcript:AT1G78010.1	Cau.Cau3BG000963	1.00	1.00	68.28	394	L1
transcript:AT4G12740.2	Cau.Cau2AG001443	0.80	0.95	61.73	271	L1
transcript:AT1G77700.2	Cau.Cau3BG000900	0.90	1.00	70.14	202	L1
transcript:AT1G44900.1	Cau.Cau8AG000962	0.98	0.99	76.62	711	L1
transcript:AT1G78520.1	Cau.Cau5BG001386	0.92	0.91	62.26	66	L1
transcript:AT3G08980.4	Cau.Cau5AG002417	1.00	0.94	59.38	95	L1
transcript:AT5G40780.1	Cau.Cau2AG000938	0.98	0.97	84.51	371	L1
transcript:AT1G18800.1	Cau.Cau5AG000298	0.86	0.85	79.73	177	L1
transcript:AT5G12190.1	Cau.Cau2BG000371	1.00	1.00	86.29	107	L1
transcript:AT1G10840.1	Cau.Cau9BG000877	0.99	0.99	82.39	276	L1
transcript:AT4G33040.1	Cau.Cau4BG000512	0.97	0.99	72.34	102	L1
transcript:AT1G48200.1	Cau.Cau3BG000867	1.00	0.98	53.39	63	L1
transcript:AT5G18700.1	Cau.Cau9AG001605	1.00	1.00	68.17	940	L1
transcript:AT3G47930.1	Cau.Cau9BG000819	0.90	0.91	83.24	457	L1
transcript:AT2G27680.1	Cau.Cau8BG001446	1.00	1.00	78.65	302	L1
transcript:AT4G30850.1	Cau.Cau4BG002222	0.99	0.99	60.43	226	L1
transcript:ATMG00280.1	Cau.Cau9BG001084	0.57	0.91	55.71	39	L1
transcript:AT3G11960.1	Cau.Cau6BG000917	0.98	0.98	68.12	940	L1
transcript:AT1G73660.1	Cau.Cau4BG001032	0.96	0.98	65.16	677	L1
transcript:AT5G12320.1	Cau.Cau2AG000349	0.94	0.87	64.44	87	L1
transcript:AT3G18180.1	Cau.Cau4BG001057	0.98	1.00	51.32	253	L1
transcript:AT1G69840.5	Cau.Cau7BG000319	0.99	0.99	91.17	258	L1
transcript:AT3G56990.1	Cau.Cau8AG000909	0.94	0.95	67.06	454	L1
transcript:AT3G61530.1	Cau.Cau5AG003506	0.95	0.88	86.65	292	L1
transcript:AT2G39060.1	Cau.Cau5BG002395	0.88	0.89	59.21	135	L1
transcript:AT3G16830.1	Cau.Cau9AG001743	1.00	1.00	76.90	872	L1
transcript:AT5G43950.1	Cau.Cau5AG002713	1.00	1.00	59.79	345	L1
transcript:AT1G74960.1	Cau.Cau4BG001755	1.00	1.00	72.74	419	L1
transcript:AT5G52810.1	Cau.Cau9AG000178	0.97	0.94	69.52	219	L1
transcript:AT1G62020.1	Cau.Cau8AG000712	1.00	1.00	86.79	1058	L1
transcript:AT1G26940.1	Cau.Cau7AG000297	0.96	0.96	79.63	172	L1
transcript:AT3G03380.1	Cau.Cau6AG000471	1.00	0.99	77.45	855	L1
transcript:AT3G04890.1	Cau.Cau3BG001582	0.81	0.78	64.57	113	L1
transcript:AT5G18570.1	Cau.Cau9AG001626	1.00	0.95	65.12	448	L1
transcript:AT2G23890.1	Cau.Cau4BG002201	0.99	0.99	77.01	422	L1
transcript:AT1G29260.1	Cau.Cau2BG002484	1.00	1.00	84.18	266	L1
transcript:AT3G14050.1	Cau.Cau1BG000939	0.99	0.99	69.26	516	L1
transcript:AT1G07380.1	Cau.Cau8AG001912	0.98	0.98	77.31	593	L1
transcript:AT5G01960.1	Cau.Cau6AG001124	1.00	1.00	72.35	335	L1
transcript:AT4G18880.1	Cau.Cau2BG002519	0.98	0.99	57.25	233	L1
transcript:AT1G31870.1	Cau.Cau7BG001506	1.00	1.00	55.40	323	L1
transcript:AT3G50810.3	Cau.Cau1AG000351	0.99	1.00	57.89	88	L1
transcript:AT1G56110.1	Cau.Cau5BG000609	0.82	0.78	85.35	367	L1
transcript:AT5G61865.1	Cau.Cau7AG001355	0.99	0.97	41.84	182	L1
transcript:AT2G01270.1	Cau.Cau2BG001716	0.99	0.98	66.86	339	L1
transcript:AT3G54850.1	Cau.Cau7BG001825	0.99	0.99	69.55	434	L1
transcript:AT3G48250.1	Cau.Cau5AG000519	1.00	0.97	54.92	346	L1
transcript:AT5G53860.2	Cau.Cau4AG001140	1.00	1.00	75.82	323	L1
transcript:AT3G24080.1	Cau.Cau6AG001917	1.00	0.99	49.18	330	L1
transcript:AT4G10810.1	Cau.Cau5BG000081	0.79	0.89	63.64	42	L1
transcript:AT3G13780.1	Cau.Cau1AG000840	0.88	0.93	41.92	122	L1
transcript:AT5G41620.1	Cau.Cau5BG000176	0.95	0.93	51.39	332	L1
transcript:AT1G58215.1	Cau.Cau3AG001103	1.00	1.00	51.41	512	L1
transcript:AT3G19680.1	Cau.Cau8AG000250	1.00	1.00	59.33	299	L1
transcript:AT1G05577.1	Cau.Cau7BG000004	0.88	0.88	51.90	141	L1
transcript:AT1G76810.1	Cau.Cau3BG000697	0.90	0.81	64.11	770	L1
transcript:AT3G54890.1	Cau.Cau7AG001872	0.99	0.98	85.48	206	L1
transcript:AT1G32240.1	Cau.Cau3BG001738	1.00	1.00	54.34	238	L1
transcript:AT3G23790.1	Cau.Cau9AG000861	1.00	1.00	68.26	499	L1
transcript:AT4G02120.1	Cau.Cau7AG001898	1.00	0.99	84.50	469	L1
transcript:AT5G13530.1	Cau.Cau3BG001997	1.00	1.00	77.37	1275	L1
transcript:AT1G32220.1	Cau.Cau3BG001743	0.99	0.99	69.67	209	L1
transcript:AT1G63970.1	Cau.Cau5BG000208	0.95	0.96	75.22	173	L1
transcript:AT1G54385.3	Cau.Cau5AG002495	1.00	1.00	58.31	358	L1
transcript:AT5G13970.1	Cau.Cau2AG000791	1.00	1.00	41.30	190	L1
transcript:AT1G10520.1	Cau.Cau7AG000395	1.00	1.00	68.52	370	L1
transcript:AT3G56910.1	Cau.Cau6AG000596	0.80	0.83	54.40	68	L1
transcript:AT4G32620.1	Cau.Cau4BG000318	1.00	1.00	39.06	718	L1
transcript:AT4G08350.1	Cau.Cau3BG000739	1.00	1.00	75.57	795	L1
transcript:AT1G72320.1	Cau.Cau1AG001004	0.99	0.98	56.31	437	L1
transcript:AT2G40810.2	Cau.Cau7BG002077	1.00	0.99	73.41	301	L1
transcript:AT5G16520.1	Cau.Cau6AG001879	1.00	0.99	57.38	373	L1
transcript:AT2G28230.1	Cau.Cau6BG001906	1.00	0.99	73.06	160	L1
transcript:AT5G24430.1	Cau.Cau5AG001605	1.00	1.00	68.52	407	L1
transcript:AT5G24010.1	Cau.Cau9BG000200	0.99	0.99	65.47	548	L1
transcript:AT1G35620.1	Cau.Cau3BG000593	0.96	0.94	65.49	279	L1
transcript:AT4G30160.4	Cau.Cau4BG002077	1.00	1.00	78.24	766	L1
transcript:AT4G21705.1	Cau.Cau2BG002346	0.97	0.96	59.12	282	L1
transcript:AT3G58110.2	Cau.Cau2BG000658	0.87	0.77	42.88	307	L1
transcript:AT2G16460.1	Cau.Cau8BG000707	1.00	1.00	75.65	174	L1
transcript:AT1G20810.1	Cau.Cau3BG000055	0.98	0.99	69.74	159	L1
transcript:AT4G01320.1	Cau.Cau5BG003475	1.00	1.00	87.20	368	L1
transcript:AT1G71180.1	Cau.Cau3AG002094	0.93	1.00	61.64	188	L1
transcript:AT1G20060.4	Cau.Cau3AG000185	0.98	0.98	55.80	374	L1
transcript:AT5G53980.1	Cau.Cau4AG001101	0.91	0.89	42.78	77	L1
transcript:AT1G73390.6	Cau.Cau5BG001707	0.98	0.96	83.25	343	L1
transcript:AT3G51740.1	Cau.Cau6BG001226	0.99	0.99	68.39	569	L1
transcript:AT5G52220.2	Cau.Cau9AG000283	0.97	0.98	64.71	77	L1
transcript:AT1G69400.1	Cau.Cau7BG000214	1.00	0.95	54.46	171	L1
transcript:AT1G76600.1	Cau.Cau3BG000019	0.98	0.99	45.89	106	L1
transcript:AT5G65770.1	Cau.Cau1AG000584	0.74	0.80	49.39	405	L1
transcript:AT1G63490.4	Cau.Cau5AG000288	1.00	1.00	53.73	808	L1
transcript:AT5G24610.1	Cau.Cau5BG001622	0.99	0.99	72.79	107	L1
transcript:AT4G29330.1	Cau.Cau4BG000823	1.00	1.00	68.05	181	L1
transcript:AT5G50090.1	Cau.Cau5BG000406	0.99	1.00	48.19	93	L1
transcript:AT4G01710.1	Cau.Cau8BG000390	0.98	0.96	86.82	112	L1
transcript:AT3G05380.1	Cau.Cau3BG001404	1.00	1.00	51.97	564	L1
transcript:AT5G43250.1	Cau.Cau7AG000654	0.93	0.87	61.60	77	L1
transcript:AT1G36380.1	Cau.Cau3AG000935	0.85	0.77	63.38	45	L1
transcript:AT2G45640.1	Cau.Cau5BG003618	0.99	0.97	73.68	112	L1
transcript:AT3G18430.3	Cau.Cau1AG001357	1.00	1.00	85.71	150	L1
transcript:AT1G55300.1	Cau.Cau2BG000057	1.00	1.00	69.12	141	L1
transcript:AT5G63110.1	Cau.Cau5AG000497	0.99	1.00	80.82	375	L1
transcript:AT2G17650.1	Cau.Cau1AG000052	0.95	0.94	69.12	394	L1
transcript:AT4G04180.1	Cau.Cau2AG002704	1.00	1.00	60.00	366	L1
transcript:AT2G44830.3	Cau.Cau5BG003765	0.92	0.95	72.49	519	L1
transcript:AT5G55610.1	Cau.Cau4AG001562	1.00	1.00	63.86	212	L1
transcript:AT1G59520.3	Cau.Cau3AG001083	1.00	1.00	69.04	272	L1
transcript:AT1G61770.1	Cau.Cau2BG002191	1.00	1.00	71.00	213	L1
transcript:AT1G80460.1	Cau.Cau1AG001352	1.00	1.00	81.64	427	L1
transcript:AT3G06868.1	Cau.Cau9BG001777	0.78	0.69	42.22	141	L1
transcript:AT3G54980.2	Cau.Cau4AG000260	1.00	1.00	47.43	406	L1
transcript:AT1G34420.1	Cau.Cau3BG000575	0.99	0.99	54.81	530	L1
transcript:AT2G24520.2	Cau.Cau4AG000051	0.96	1.00	86.11	818	L1
transcript:AT1G04080.4	Cau.Cau5AG002716	0.98	0.90	67.19	512	L1
transcript:AT1G20110.1	Cau.Cau3BG000170	1.00	1.00	63.31	390	L1
transcript:AT3G12670.1	Cau.Cau9AG000003	1.00	1.00	82.72	498	L1
transcript:AT5G56240.4	Cau.Cau4BG001703	0.93	0.80	34.21	312	L1
transcript:AT3G01680.1	Cau.Cau3AG001924	0.94	0.96	53.22	372	L1
transcript:AT3G48430.1	Cau.Cau5BG000568	1.00	1.00	53.01	745	L1
transcript:AT1G69070.2	Cau.Cau7BG000769	0.97	0.97	58.08	532	L1
transcript:AT1G10650.1	Cau.Cau7BG000464	1.00	1.00	59.94	208	L1
transcript:AT3G03630.1	Cau.Cau7AG001162	0.99	0.99	67.58	271	L1
transcript:AT5G46720.1	Cau.Cau5BG001835	0.95	0.91	52.63	90	L1
transcript:AT3G58130.1	Cau.Cau3BG000089	1.00	1.00	64.34	166	L1
transcript:AT3G20680.1	Cau.Cau4AG001297	0.99	0.93	57.76	201	L1
transcript:AT5G17540.1	Cau.Cau7AG001078	1.00	1.00	63.44	295	L1
transcript:AT4G29810.1	Cau.Cau4BG000955	0.99	1.00	72.85	263	L1
transcript:AT3G45600.1	Cau.Cau8BG001701	1.00	1.00	78.95	225	L1
transcript:AT3G54280.1	Cau.Cau7AG001144	1.00	1.00	71.80	1472	L1
transcript:AT2G01430.1	Cau.Cau2AG001691	0.65	0.88	63.51	134	L1
transcript:AT2G48000.1	Cau.Cau5BG002955	0.97	0.98	47.65	243	L1
transcript:AT5G43960.1	Cau.Cau5AG002715	1.00	1.00	59.08	270	L1
transcript:AT5G59890.1	Cau.Cau8BG001785	1.00	1.00	87.05	121	L1
transcript:AT2G02800.1	Cau.Cau7AG000305	1.00	1.00	73.68	322	L1
transcript:AT1G01580.1	Cau.Cau5BG003484	0.98	0.99	60.67	435	L1
transcript:AT2G46560.1	Cau.Cau5AG003412	0.99	1.00	49.94	1296	L1
transcript:AT5G40250.1	Cau.Cau2BG000468	0.95	0.98	66.76	251	L1
transcript:AT1G78070.1	Cau.Cau3AG000974	0.99	0.99	73.21	328	L1
transcript:AT3G26600.1	Cau.Cau7BG000499	0.99	0.99	64.54	395	L1
transcript:AT3G52990.1	Cau.Cau6AG000665	1.00	1.00	81.21	428	L1
transcript:AT3G49010.7	Cau.Cau5BG001907	0.94	0.94	85.49	165	L1
transcript:AT1G06690.1	Cau.Cau7BG001311	0.92	0.95	80.46	280	L1
transcript:AT5G57860.3	Cau.Cau4BG002237	1.00	0.92	77.89	74	L1
transcript:AT2G35640.1	Cau.Cau2BG001962	0.96	0.98	46.28	168	L1
transcript:AT5G55600.3	Cau.Cau4BG001587	0.85	0.84	60.59	349	L1
transcript:AT1G34760.2	Cau.Cau3BG001002	1.00	1.00	83.40	211	L1
transcript:AT5G45775.2	Cau.Cau2BG000712	0.99	0.99	96.11	173	L1
transcript:AT5G10720.1	Cau.Cau4AG000079	1.00	1.00	60.63	613	L1
transcript:ATCG00820.1	Cau.Cau2BG001075	0.53	1.00	87.76	43	L1
transcript:AT2G45910.1	Cau.Cau5BG003512	1.00	1.00	57.25	513	L1
transcript:AT4G09040.1	Cau.Cau3BG001040	0.78	0.77	62.45	148	L1
transcript:AT4G39070.1	Cau.Cau8BG000688	0.88	0.72	57.41	124	L1
transcript:AT1G12805.1	Cau.Cau5BG000266	0.99	0.99	45.45	35	L1
transcript:AT5G56130.1	Cau.Cau4BG001689	1.00	1.00	85.71	270	L1
transcript:AT5G27030.1	Cau.Cau3BG001333	1.00	1.00	77.08	871	L1
transcript:AT1G29040.1	Cau.Cau2BG002464	0.76	0.74	74.00	111	L1
transcript:AT5G50410.1	Cau.Cau5AG000630	0.98	0.98	55.39	149	L1
transcript:AT1G64500.1	Cau.Cau5AG000103	0.99	0.99	48.96	189	L1
transcript:AT5G08470.1	Cau.Cau2BG001987	0.99	1.00	62.62	712	L1
transcript:AT2G26040.1	Cau.Cau4BG000475	0.99	0.99	68.25	129	L1
transcript:AT5G48940.1	Cau.Cau5BG002604	0.96	0.97	66.60	656	L1
transcript:AT1G03920.3	Cau.Cau5BG002702	0.93	0.93	79.14	421	L1
transcript:AT5G57620.1	Cau.Cau4BG002138	0.98	0.98	52.59	193	L1
transcript:AT5G35170.1	Cau.Cau4BG002314	0.92	0.92	71.27	397	L1
transcript:AT1G28320.1	Cau.Cau2BG002389	1.00	1.00	53.03	403	L1
transcript:AT5G14020.5	Cau.Cau2BG000812	0.99	0.92	68.18	270	L1
transcript:AT4G36390.1	Cau.Cau1BG000214	1.00	0.95	70.39	454	L1
transcript:AT5G38610.1	Cau.Cau7AG001463	0.93	0.92	40.93	79	L1
transcript:AT2G45080.1	Cau.Cau5AG003746	0.91	0.91	81.55	168	L1
transcript:AT5G10980.1	Cau.Cau3BG000240	1.00	1.00	100.00	136	L1
transcript:AT1G75750.2	Cau.Cau3AG000208	1.00	1.00	73.27	74	L1
transcript:AT1G72220.1	Cau.Cau3BG001042	0.66	0.64	44.96	125	L1
transcript:AT4G02450.2	Cau.Cau5AG003087	0.53	0.67	68.75	88	L1
transcript:AT1G11040.1	Cau.Cau3AG002109	0.98	0.99	42.22	190	L1
transcript:AT2G18400.1	Cau.Cau2BG000642	0.91	0.90	86.02	80	L1
transcript:AT3G22750.1	Cau.Cau9BG001472	0.94	0.92	79.44	286	L1
transcript:AT2G41475.1	Cau.Cau4BG000559	0.88	0.95	65.19	103	L1
transcript:AT1G22940.1	Cau.Cau3BG002157	0.99	0.96	74.23	386	L1
transcript:AT3G29200.1	Cau.Cau6BG000045	1.00	1.00	61.18	208	L1
transcript:ATMG00080.1	Cau.Cau7AG001540	0.46	1.00	87.80	72	L1
transcript:AT5G42570.1	Cau.Cau2BG001229	1.00	1.00	69.72	152	L1
transcript:AT3G28007.1	Cau.Cau2AG000477	0.98	0.99	66.80	165	L1
transcript:AT3G62370.1	Cau.Cau5AG003218	0.97	0.73	73.39	262	L1
transcript:AT1G28100.6	Cau.Cau7AG000160	0.99	0.96	66.09	191	L1
transcript:AT1G80530.1	Cau.Cau1AG001372	1.00	1.00	62.83	355	L1
transcript:AT3G14172.1	Cau.Cau1AG000972	1.00	1.00	48.18	687	L1
transcript:AT5G39420.1	Cau.Cau6AG000042	0.99	0.98	50.14	350	L1
transcript:AT1G77320.1	Cau.Cau3BG000809	1.00	0.99	52.89	539	L1
transcript:AT1G18270.1	Cau.Cau4AG000986	1.00	1.00	73.96	1017	L1
transcript:AT4G33910.1	Cau.Cau8BG000324	0.96	0.96	75.09	208	L1
transcript:AT1G06500.3	Cau.Cau7BG001269	0.93	0.56	36.71	58	L1
transcript:AT1G69690.1	Cau.Cau7AG000290	1.00	0.99	42.20	173	L1
transcript:AT4G22430.1	Cau.Cau1AG001901	0.80	0.90	25.40	95	L1
transcript:AT5G53900.2	Cau.Cau4AG001126	1.00	1.00	64.45	272	L1
transcript:AT5G54380.1	Cau.Cau4BG001234	0.99	0.98	74.82	636	L1
transcript:AT4G19890.1	Cau.Cau2BG001945	0.93	0.92	67.49	438	L1
transcript:AT3G12640.3	Cau.Cau7BG000086	0.99	0.99	46.50	326	L1
transcript:AT4G31070.2	Cau.Cau4BG001962	0.96	0.99	50.83	307	L1
transcript:AT3G05090.3	Cau.Cau3AG001568	0.99	0.99	75.26	572	L1
transcript:AT3G51930.1	Cau.Cau7BG000137	0.84	0.80	75.43	264	L1
transcript:AT1G69600.1	Cau.Cau7BG000270	0.96	0.89	47.69	134	L1
transcript:AT2G05830.1	Cau.Cau4AG001708	0.97	0.97	77.69	282	L1
transcript:AT3G50590.2	Cau.Cau1BG000403	1.00	1.00	75.24	1234	L1
transcript:AT2G20880.1	Cau.Cau2BG001058	0.93	0.87	41.36	170	L1
transcript:AT1G67700.4	Cau.Cau7BG000585	0.98	1.00	76.65	174	L1
transcript:AT1G12650.1	Cau.Cau5AG000903	0.99	0.98	61.29	152	L1
transcript:AT1G30700.1	Cau.Cau2AG002051	1.00	0.99	69.42	370	L1
transcript:AT2G33840.1	Cau.Cau9AG001233	1.00	1.00	74.87	289	L1
transcript:AT1G72090.1	Cau.Cau3AG000525	1.00	1.00	70.28	447	L1
transcript:AT5G36230.1	Cau.Cau6BG001898	0.98	0.98	83.42	337	L1
transcript:AT1G70505.3	Cau.Cau7BG000470	1.00	0.98	58.66	193	L1
transcript:AT5G54110.1	Cau.Cau4BG001266	1.00	1.00	73.31	195	L1
transcript:AT3G13290.1	Cau.Cau2BG002811	0.99	0.98	52.50	736	L1
transcript:AT3G61113.1	Cau.Cau5BG003607	1.00	1.00	82.83	82	L1
transcript:AT5G43650.1	Cau.Cau9AG001318	0.84	0.88	42.65	90	L1
transcript:AT3G08860.1	Cau.Cau6BG001198	1.00	1.00	75.73	365	L1
transcript:AT3G29970.1	Cau.Cau6BG000271	1.00	0.93	68.97	60	L1
transcript:AT5G21940.1	Cau.Cau4AG001805	0.79	0.70	43.19	92	L1
transcript:AT3G07410.1	Cau.Cau7BG001224	1.00	1.00	77.73	171	L1
transcript:AT4G04770.1	Cau.Cau2BG002151	1.00	1.00	83.21	466	L1
transcript:AT5G40850.1	Cau.Cau7BG000033	1.00	1.00	72.77	278	L1
transcript:AT1G35510.1	Cau.Cau3AG000606	0.99	0.98	73.51	419	L1
transcript:AT5G54050.1	Cau.Cau1BG002037	0.81	0.94	30.51	155	L1
transcript:AT5G13730.1	Cau.Cau7BG000105	0.70	0.68	59.80	177	L1
transcript:AT1G02560.1	Cau.Cau5AG003205	1.00	0.97	79.67	239	L1
transcript:AT5G14430.1	Cau.Cau2BG000595	0.99	0.99	75.57	461	L1
transcript:AT2G42520.3	Cau.Cau6AG000931	0.92	0.94	80.38	471	L1
transcript:AT5G04830.1	Cau.Cau7BG001653	0.98	0.75	71.43	125	L1
transcript:AT5G39890.1	Cau.Cau6AG000149	1.00	1.00	61.84	177	L1
transcript:AT5G27990.2	Cau.Cau3BG001560	0.97	0.92	41.88	80	L1
transcript:AT2G19880.2	Cau.Cau4AG000795	0.56	1.00	85.27	249	L1
transcript:AT5G15900.1	Cau.Cau6AG000327	1.00	0.98	61.99	274	L1
transcript:AT1G27150.1	Cau.Cau7BG000346	0.99	0.99	64.66	300	L1
transcript:AT4G10955.2	Cau.Cau5BG000114	1.00	1.00	62.01	222	L1
transcript:AT4G02220.1	Cau.Cau5AG003141	0.98	0.98	64.23	264	L1
transcript:AT4G18400.1	Cau.Cau2AG002149	0.83	0.97	64.04	57	L1
transcript:AT3G19640.1	Cau.Cau8AG000277	0.94	0.95	68.74	321	L1
transcript:AT2G36480.2	Cau.Cau6BG000683	0.99	0.99	41.07	453	L1
transcript:AT2G01680.1	Cau.Cau2BG001611	1.00	0.99	74.34	397	L1
transcript:AT1G10585.1	Cau.Cau2AG000381	0.92	0.99	40.59	69	L1
transcript:AT4G38800.1	Cau.Cau8AG000801	0.91	0.96	73.55	178	L1
transcript:AT2G07180.2	Cau.Cau4AG001952	0.97	0.95	67.71	302	L1
transcript:AT5G02160.1	Cau.Cau6BG001481	0.98	0.98	61.94	83	L1
transcript:AT2G30200.1	Cau.Cau8AG002029	1.00	1.00	76.60	311	L1
transcript:AT1G19850.1	Cau.Cau3AG000232	0.99	0.99	62.29	598	L1
transcript:AT2G34970.1	Cau.Cau9BG000844	0.98	1.00	68.66	506	L1
transcript:AT5G62820.1	Cau.Cau5BG000437	0.99	0.92	49.67	152	L1
transcript:AT5G02250.1	Cau.Cau6BG001499	1.00	1.00	70.93	571	L1
transcript:AT5G58990.1	Cau.Cau8BG001920	0.91	0.92	66.90	97	L1
transcript:AT5G08370.2	Cau.Cau5BG001725	0.98	0.89	76.92	280	L1
transcript:AT4G29340.1	Cau.Cau4AG000814	1.00	1.00	81.34	109	L1
transcript:AT5G12400.1	Cau.Cau2AG000300	1.00	0.91	45.41	756	L1
transcript:AT5G10745.3	Cau.Cau4BG000101	1.00	1.00	71.15	37	L1
transcript:AT4G32570.1	Cau.Cau4AG000304	0.94	0.93	38.69	159	L1
transcript:AT3G47860.1	Cau.Cau4AG001344	0.95	0.95	65.09	220	L1
transcript:AT1G21560.1	Cau.Cau3BG000797	0.59	0.25	33.50	67	L1
transcript:AT1G51720.3	Cau.Cau1BG000824	1.00	1.00	84.62	539	L1
transcript:AT4G38130.1	Cau.Cau8AG000005	0.99	1.00	86.14	429	L1
transcript:AT2G25870.1	Cau.Cau4BG000434	1.00	1.00	68.49	413	L1
transcript:AT2G36240.1	Cau.Cau6BG000750	0.95	0.98	58.14	282	L1
transcript:AT3G11690.1	Cau.Cau6BG000880	0.67	0.88	42.78	77	L1
transcript:AT1G02920.1	Cau.Cau5AG003067	1.00	0.98	64.11	134	L1
transcript:AT5G19090.3	Cau.Cau9AG001521	1.00	1.00	56.33	207	L1
transcript:AT1G48270.2	Cau.Cau9AG001916	0.99	1.00	81.48	264	L1
transcript:AT1G26190.1	Cau.Cau7BG000819	1.00	1.00	75.15	508	L1
transcript:AT1G17620.1	Cau.Cau1BG000871	0.99	0.99	53.85	147	L1
transcript:AT2G38770.1	Cau.Cau7AG000149	1.00	0.99	78.60	1205	L1
transcript:AT5G67590.1	Cau.Cau1BG000557	0.93	0.90	72.73	104	L1
transcript:AT1G18265.1	Cau.Cau8BG000833	0.97	0.74	35.87	99	L1
transcript:AT2G26640.1	Cau.Cau4BG000615	0.99	0.98	85.91	433	L1
transcript:AT4G31390.1	Cau.Cau4BG000044	0.99	1.00	79.42	548	L1
transcript:AT5G08290.1	Cau.Cau7BG000962	1.00	1.00	97.18	138	L1
transcript:AT5G09840.1	Cau.Cau1BG001950	0.94	0.94	41.62	415	L1
transcript:AT3G18060.1	Cau.Cau4BG001041	1.00	1.00	78.78	479	L1
transcript:AT1G60360.1	Cau.Cau3AG000886	0.96	0.97	47.09	162	L1
transcript:AT5G18950.1	Cau.Cau9AG001560	0.99	0.81	47.33	230	L1
transcript:AT2G21500.2	Cau.Cau8BG000665	1.00	1.00	48.90	222	L1
transcript:AT5G38630.1	Cau.Cau6BG000333	0.99	0.98	76.32	174	L1
transcript:AT1G76510.2	Cau.Cau3AG000031	0.75	0.74	69.11	226	L1
transcript:AT4G38490.1	Cau.Cau8AG000136	0.66	0.62	57.43	58	L1
transcript:AT1G69280.2	Cau.Cau7AG000735	0.92	0.65	26.67	96	L1
transcript:AT3G53520.1	Cau.Cau6BG001572	0.99	1.00	78.72	344	L1
transcript:AT3G61590.1	Cau.Cau5BG003435	1.00	1.00	67.23	279	L1
transcript:AT2G45380.3	Cau.Cau5AG003699	1.00	0.95	48.83	146	L1
transcript:AT4G20930.1	Cau.Cau2BG002063	1.00	0.99	71.67	253	L1
transcript:AT3G08720.4	Cau.Cau6AG001145	0.99	0.99	69.01	334	L1
transcript:AT4G15890.1	Cau.Cau9BG001766	1.00	1.00	60.09	804	L1
transcript:AT1G69800.1	Cau.Cau7AG000315	0.99	1.00	71.40	317	L1
transcript:AT4G02060.1	Cau.Cau5BG003142	1.00	1.00	86.31	618	L1
transcript:AT3G17675.1	Cau.Cau5BG001678	1.00	1.00	59.69	77	L1
transcript:AT5G23530.1	Cau.Cau1AG000738	0.97	0.98	64.83	212	L1
transcript:AT5G61630.1	Cau.Cau9AG000555	0.99	0.99	54.36	81	L1
transcript:AT1G10220.2	Cau.Cau3AG001200	0.84	0.79	35.78	73	L1
transcript:AT1G80100.1	Cau.Cau1BG001352	1.00	0.99	79.87	123	L1
transcript:AT5G58740.1	Cau.Cau8BG001973	1.00	1.00	84.81	134	L1
transcript:AT1G03730.1	Cau.Cau2BG001019	0.97	0.92	70.37	114	L1
transcript:AT5G35370.1	Cau.Cau1BG000794	0.97	0.96	52.50	452	L1
transcript:AT5G62200.1	Cau.Cau9BG000371	0.93	0.94	60.80	107	L1
transcript:AT1G11050.1	Cau.Cau3BG002142	0.99	0.98	66.77	428	L1
transcript:AT1G08320.3	Cau.Cau8BG001420	1.00	1.00	67.18	350	L1
transcript:AT3G54260.1	Cau.Cau7BG001679	0.97	0.96	57.82	218	L1
transcript:AT1G54690.1	Cau.Cau3BG001468	1.00	1.00	93.66	133	L1
transcript:AT5G15750.1	Cau.Cau6BG000249	0.99	0.99	82.32	149	L1
transcript:AT1G71710.2	Cau.Cau3AG000635	1.00	0.97	57.86	379	L1
transcript:AT5G53210.1	Cau.Cau9AG000131	0.98	0.96	58.13	211	L1
transcript:AT5G67490.1	Cau.Cau9BG000226	1.00	1.00	42.74	50	L1
transcript:AT1G51660.1	Cau.Cau1AG001495	0.93	0.91	73.07	255	L1
transcript:AT4G13670.1	Cau.Cau9BG001041	0.99	0.99	57.18	227	L1
transcript:AT5G52380.1	Cau.Cau9BG000265	1.00	1.00	60.42	171	L1
transcript:AT5G39840.1	Cau.Cau6BG000133	1.00	0.99	66.42	534	L1
transcript:AT4G29440.1	Cau.Cau4BG000860	0.59	0.64	37.10	256	L1
transcript:AT2G18050.1	Cau.Cau1AG000178	0.89	0.77	48.99	73	L1
transcript:AT3G13810.5	Cau.Cau1BG000864	0.97	1.00	44.98	278	L1
transcript:AT4G25420.1	Cau.Cau9AG000337	0.99	0.99	67.20	254	L1
transcript:AT1G07180.1	Cau.Cau8BG001991	0.96	0.99	77.94	385	L1
transcript:AT5G64180.2	Cau.Cau8BG000985	0.93	0.91	78.23	115	L1
transcript:AT3G20475.1	Cau.Cau4BG001475	1.00	1.00	78.04	629	L1
transcript:AT4G18810.1	Cau.Cau2BG002510	1.00	0.99	73.04	439	L1
transcript:AT3G20260.1	Cau.Cau1BG001652	1.00	1.00	63.21	280	L1
transcript:AT5G47650.3	Cau.Cau2AG002784	0.99	0.87	61.87	172	L1
transcript:AT3G02570.1	Cau.Cau6AG000375	0.96	0.99	64.60	281	L1
transcript:AT4G39530.1	Cau.Cau1BG002046	1.00	0.99	54.92	463	L1
transcript:AT2G01890.1	Cau.Cau2AG001572	0.96	0.98	68.22	219	L1
transcript:AT1G61620.1	Cau.Cau2BG002246	0.99	0.99	77.60	239	L1
transcript:AT1G12400.2	Cau.Cau5BG000846	0.99	1.00	80.00	56	L1
transcript:AT1G11362.1	Cau.Cau3AG002240	0.96	0.95	26.37	48	L1
transcript:AT1G02640.1	Cau.Cau5AG003178	0.99	0.99	76.34	584	L1
transcript:AT5G66330.1	Cau.Cau1AG000200	0.99	0.98	65.39	274	L1
transcript:AT1G73840.1	Cau.Cau5AG001219	1.00	1.00	54.28	222	L1
transcript:AT5G65260.1	Cau.Cau1AG000723	1.00	1.00	85.91	189	L1
transcript:AT2G17265.1	Cau.Cau8BG000017	0.99	0.99	75.96	278	L1
transcript:AT4G24370.1	Cau.Cau7BG000925	0.93	0.86	45.12	74	L1
transcript:AT2G40220.1	Cau.Cau7AG002215	0.87	0.84	44.52	138	L1
transcript:AT3G28455.1	Cau.Cau6AG000193	0.98	0.97	46.67	42	L1
transcript:AT3G58600.1	Cau.Cau2BG000677	0.92	0.93	69.78	194	L1
transcript:AT4G12350.1	Cau.Cau5AG000817	0.98	0.97	58.95	168	L1
transcript:AT3G27090.3	Cau.Cau2BG000875	1.00	0.99	74.17	224	L1
transcript:AT5G57230.1	Cau.Cau4BG002050	1.00	1.00	74.38	119	L1
transcript:AT5G23070.1	Cau.Cau2BG002754	0.95	0.95	58.57	164	L1
transcript:AT1G32928.1	Cau.Cau5BG000031	0.98	0.98	44.68	42	L1
transcript:AT1G19110.1	Cau.Cau4BG001735	0.11	0.65	60.00	51	L1
transcript:AT1G29920.1	Cau.Cau2BG002578	1.00	1.00	85.77	229	L1
transcript:AT2G30050.1	Cau.Cau1AG001078	1.00	1.00	83.44	252	L1
transcript:AT4G33490.2	Cau.Cau1BG001745	0.99	0.99	65.36	283	L1
transcript:AT5G12290.4	Cau.Cau2AG000396	0.98	0.99	62.33	369	L1
transcript:AT1G62360.1	Cau.Cau2AG002702	0.68	0.71	75.48	197	L1
transcript:AT4G10970.7	Cau.Cau5AG000120	1.00	1.00	45.21	99	L1
transcript:AT1G75280.1	Cau.Cau3BG000312	0.99	0.99	75.57	232	L1
transcript:AT4G10050.1	Cau.Cau5BG001814	0.98	0.98	76.15	265	L1
transcript:AT1G77750.1	Cau.Cau5AG002264	0.99	1.00	59.48	91	L1
transcript:AT3G16840.2	Cau.Cau9AG001102	0.99	0.98	61.03	498	L1
transcript:AT1G79030.1	Cau.Cau5AG001480	1.00	1.00	74.69	419	L1
transcript:AT3G09520.1	Cau.Cau6AG001572	0.96	0.96	54.24	339	L1
transcript:AT3G15080.1	Cau.Cau4AG001088	0.90	0.89	69.60	174	L1
transcript:AT5G42120.1	Cau.Cau3BG000709	1.00	1.00	58.37	415	L1
transcript:AT4G24972.1	Cau.Cau7AG001406	0.99	0.97	48.39	90	L1
transcript:AT2G21080.1	Cau.Cau4BG000018	0.96	0.95	60.32	260	L1
transcript:AT5G04840.1	Cau.Cau7AG001613	1.00	1.00	47.15	149	L1
transcript:AT5G51560.1	Cau.Cau9AG000390	0.98	0.99	70.73	476	L1
transcript:AT1G47720.1	Cau.Cau3BG000414	0.94	0.88	40.24	101	L1
transcript:AT5G13820.2	Cau.Cau7AG002363	0.98	0.98	48.97	333	L1
transcript:AT5G52030.2	Cau.Cau9BG000323	0.95	0.96	67.62	259	L1
transcript:AT3G27700.2	Cau.Cau2BG000544	0.92	0.95	48.79	443	L1
transcript:AT1G75250.2	Cau.Cau8BG000629	1.00	0.99	62.24	61	L1
transcript:AT3G05540.1	Cau.Cau3BG001368	1.00	1.00	79.88	135	L1
transcript:AT1G34470.1	Cau.Cau3BG000576	0.94	0.98	81.74	282	L1
transcript:AT2G38660.3	Cau.Cau6AG001098	1.00	0.99	66.02	239	L1
transcript:AT1G22990.1	Cau.Cau2AG001711	1.00	1.00	63.82	97	L1
transcript:AT5G25510.1	Cau.Cau4BG000308	1.00	1.00	76.45	396	L1
transcript:AT1G45207.2	Cau.Cau3BG000472	0.97	0.97	53.03	306	L1
transcript:AT4G24250.1	Cau.Cau3BG002449	0.98	0.94	61.33	295	L1
transcript:AT1G11800.1	Cau.Cau2BG002660	0.96	0.99	61.12	261	L1
transcript:AT4G22320.2	Cau.Cau2BG002726	0.95	0.97	48.28	112	L1
transcript:AT4G16510.1	Cau.Cau5AG000779	0.97	1.00	62.23	145	L1
transcript:AT4G00310.2	Cau.Cau5BG003487	1.00	1.00	32.04	107	L1
transcript:AT2G43210.3	Cau.Cau5BG002293	0.98	0.99	46.34	266	L1
transcript:AT4G21300.1	Cau.Cau2BG002022	0.95	0.95	56.35	457	L1
transcript:AT3G25100.1	Cau.Cau5BG002546	1.00	1.00	76.01	453	L1
transcript:AT3G24010.1	Cau.Cau9AG001053	1.00	1.00	69.92	172	L1
transcript:AT1G56220.3	Cau.Cau3AG001372	0.81	0.94	63.16	84	L1
transcript:AT1G10930.1	Cau.Cau3AG002124	0.98	0.98	63.27	763	L1
transcript:AT4G33430.1	Cau.Cau3AG001982	0.99	0.98	79.24	481	L1
transcript:AT2G47900.1	Cau.Cau5AG003032	1.00	1.00	81.77	332	L1
transcript:AT4G33400.1	Cau.Cau3BG000460	1.00	1.00	71.19	467	L1
transcript:AT5G67360.1	Cau.Cau1BG000516	0.98	0.99	75.73	571	L1
transcript:AT4G01310.1	Cau.Cau5BG003471	1.00	0.99	74.81	199	L1
transcript:AT5G16820.1	Cau.Cau5AG002429	0.95	0.97	53.46	263	L1
transcript:AT1G23360.1	Cau.Cau7BG000477	0.93	0.97	69.48	173	L1
transcript:AT2G38740.1	Cau.Cau7BG001500	0.96	0.95	72.65	170	L1
transcript:AT5G48540.1	Cau.Cau7BG001225	0.95	0.95	59.84	149	L1
transcript:AT5G10690.1	Cau.Cau4AG000060	0.64	1.00	45.07	169	L1
transcript:AT1G13120.1	Cau.Cau7AG000547	0.90	0.89	47.47	281	L1
transcript:AT3G15360.1	Cau.Cau4BG001189	0.54	0.90	68.27	71	L1
transcript:AT5G54280.2	Cau.Cau4BG001257	1.00	1.00	66.80	823	L1
transcript:AT5G60830.1	Cau.Cau5AG001118	0.74	0.74	50.64	79	L1
transcript:AT5G03700.1	Cau.Cau6BG000685	0.97	0.96	53.22	256	L1
transcript:AT4G11650.1	Cau.Cau4AG002123	0.88	0.96	67.28	146	L1
transcript:AT1G09190.1	Cau.Cau3AG001306	0.99	0.99	60.33	289	L1
transcript:AT1G76980.2	Cau.Cau3AG000775	0.85	0.67	42.54	97	L1
transcript:AT3G12120.2	Cau.Cau6BG000978	1.00	1.00	76.50	293	L1
transcript:AT4G17570.3	Cau.Cau5BG000684	1.00	0.96	55.01	291	L1
transcript:AT3G04490.4	Cau.Cau8BG001175	0.99	0.98	71.64	831	L1
transcript:AT5G45140.2	Cau.Cau3BG001968	0.99	0.99	79.25	913	L1
transcript:AT5G08100.1	Cau.Cau5BG001092	0.99	0.99	77.85	246	L1
transcript:AT5G50110.1	Cau.Cau5BG000394	0.91	0.92	66.04	177	L1
transcript:AT3G13227.1	Cau.Cau4BG001645	0.91	0.77	47.06	48	L1
transcript:AT3G24430.1	Cau.Cau4BG000657	1.00	1.00	79.51	423	L1
transcript:AT5G54070.1	Cau.Cau4AG000926	0.63	0.44	58.06	126	L1
transcript:AT2G35010.2	Cau.Cau2AG001919	1.00	0.99	44.83	91	L1
transcript:AT2G38730.1	Cau.Cau3AG001955	0.93	0.99	88.17	164	L1
transcript:AT1G70260.1	Cau.Cau7AG000410	0.98	0.98	54.38	205	L1
transcript:AT5G41210.1	Cau.Cau5AG000283	0.98	0.95	73.22	175	L1
transcript:AT4G31830.1	Cau.Cau4BG000139	1.00	1.00	69.00	69	L1
transcript:AT5G20680.2	Cau.Cau4AG001709	1.00	1.00	59.93	329	L1
transcript:AT1G13570.3	Cau.Cau7AG000811	1.00	1.00	65.00	273	L1
transcript:AT1G42550.1	Cau.Cau3BG000048	0.99	0.99	57.72	512	L1
transcript:AT4G10720.1	Cau.Cau4AG001839	0.99	1.00	28.16	136	L1
transcript:AT4G37100.1	Cau.Cau1BG000373	0.99	1.00	68.15	657	L1
transcript:AT4G01040.1	Cau.Cau5AG003450	1.00	1.00	67.28	292	L1
transcript:AT2G30580.2	Cau.Cau5AG002835	0.98	0.83	59.21	254	L1
transcript:AT3G49160.1	Cau.Cau9AG000105	0.93	0.90	57.63	389	L1
transcript:AT5G54160.1	Cau.Cau5BG001770	0.95	0.98	54.89	191	L1
transcript:AT5G61670.2	Cau.Cau7AG001299	0.99	0.99	78.16	247	L1
transcript:AT1G03700.1	Cau.Cau2AG002365	0.64	0.83	56.19	59	L1
transcript:AT5G01020.1	Cau.Cau6BG001102	1.00	1.00	74.54	322	L1
transcript:AT3G24310.1	Cau.Cau9AG001108	0.99	0.99	60.36	166	L1
transcript:AT1G53250.1	Cau.Cau4BG001074	0.96	0.92	42.25	158	L1
transcript:AT4G31410.3	Cau.Cau4BG000046	1.00	1.00	71.66	225	L1
transcript:AT5G51590.1	Cau.Cau9AG000381	0.88	0.92	49.87	186	L1
transcript:AT3G11730.1	Cau.Cau3AG002305	1.00	1.00	86.76	177	L1
transcript:AT5G56280.1	Cau.Cau4BG001711	1.00	1.00	82.33	261	L1
transcript:AT3G57650.1	Cau.Cau9AG000599	0.98	0.99	78.59	301	L1
transcript:AT4G16740.1	Cau.Cau2BG002224	0.88	0.99	35.95	183	L1
transcript:AT1G77810.2	Cau.Cau3BG000929	0.99	0.99	71.17	279	L1
transcript:AT1G42440.1	Cau.Cau3AG000098	1.00	1.00	70.65	561	L1
transcript:AT5G01350.1	Cau.Cau6BG001282	0.96	0.96	65.22	45	L1
transcript:AT5G54630.1	Cau.Cau4BG001316	0.96	1.00	65.89	311	L1
transcript:AT4G15780.1	Cau.Cau9BG001745	0.97	0.81	88.27	158	L1
transcript:AT1G63020.1	Cau.Cau5BG000896	0.99	1.00	52.59	771	L1
transcript:AT1G75400.1	Cau.Cau3AG000290	0.97	1.00	55.87	257	L1
transcript:AT3G27260.4	Cau.Cau2AG000935	1.00	1.00	57.01	427	L1
transcript:AT2G37080.3	Cau.Cau6BG001655	1.00	1.00	51.63	332	L1
transcript:AT3G01800.1	Cau.Cau2BG000910	1.00	1.00	69.52	187	L1
transcript:AT1G71820.1	Cau.Cau3AG000549	1.00	1.00	81.48	616	L1
transcript:AT4G29080.1	Cau.Cau1AG001100	0.97	0.98	51.30	177	L1
transcript:AT3G17970.1	Cau.Cau4BG001013	1.00	0.99	72.74	427	L1
transcript:AT5G12370.1	Cau.Cau5AG003509	0.99	0.98	84.00	693	L1
transcript:AT3G52110.1	Cau.Cau7BG000075	1.00	1.00	47.12	188	L1
transcript:AT3G07770.3	Cau.Cau2AG001348	1.00	1.00	76.81	616	L1
transcript:AT3G15270.1	Cau.Cau4BG001135	0.71	1.00	55.97	75	L1
transcript:AT4G13590.2	Cau.Cau9BG001115	0.95	0.97	71.72	246	L1
transcript:AT3G55140.1	Cau.Cau7AG001953	0.98	0.98	84.05	274	L1
transcript:AT4G23100.1	Cau.Cau5AG000264	1.00	1.00	79.89	421	L1
transcript:AT4G14380.1	Cau.Cau9AG001243	0.96	0.96	38.58	76	L1
transcript:AT1G48830.2	Cau.Cau5BG001221	1.00	1.00	80.10	153	L1
transcript:AT5G46880.3	Cau.Cau3AG001759	0.98	0.95	61.40	509	L1
transcript:AT3G21215.4	Cau.Cau1BG001565	1.00	1.00	75.88	258	L1
transcript:AT3G57280.1	Cau.Cau9AG000722	0.97	0.97	62.28	142	L1
transcript:AT1G05720.1	Cau.Cau5AG002144	0.91	0.91	77.18	115	L1
transcript:AT5G53850.2	Cau.Cau4BG001148	0.98	0.97	76.18	387	L1
transcript:AT5G41940.1	Cau.Cau5AG000058	0.97	0.95	65.95	366	L1
transcript:AT3G05810.2	Cau.Cau3BG001269	1.00	1.00	64.60	73	L1
transcript:AT1G52640.1	Cau.Cau1AG001282	0.98	1.00	63.24	332	L1
transcript:AT5G36790.3	Cau.Cau6AG001988	1.00	1.00	78.49	292	L1
transcript:AT1G22530.1	Cau.Cau3BG000538	0.99	0.99	51.72	313	L1
transcript:AT1G13030.1	Cau.Cau7AG000538	0.99	0.99	41.07	285	L1
transcript:AT1G19910.1	Cau.Cau3BG000852	1.00	1.00	99.39	164	L1
transcript:AT1G54150.1	Cau.Cau1AG000915	1.00	1.00	48.61	193	L1
transcript:AT4G13360.1	Cau.Cau4BG000655	0.99	0.97	70.96	303	L1
transcript:AT5G50930.1	Cau.Cau7BG001386	0.55	0.93	59.40	79	L1
transcript:AT1G30300.4	Cau.Cau2BG002107	0.99	0.99	80.75	260	L1
transcript:AT5G49340.1	Cau.Cau9AG001773	0.91	0.92	62.76	268	L1
transcript:AT1G56300.1	Cau.Cau3AG001316	0.97	0.95	72.55	111	L1
transcript:AT1G67710.1	Cau.Cau7AG000585	0.99	0.98	50.86	297	L1
transcript:AT2G38500.1	Cau.Cau6BG001182	0.97	0.99	48.87	173	L1
transcript:AT1G08480.1	Cau.Cau8BG001288	0.98	0.90	67.63	94	L1
transcript:AT5G42810.1	Cau.Cau3AG000302	0.95	0.98	58.45	256	L1
transcript:AT3G61850.3	Cau.Cau2BG002319	0.51	0.46	39.62	63	L1
transcript:AT1G77030.1	Cau.Cau3BG000764	0.91	0.99	73.12	574	L1
transcript:AT4G00467.2	Cau.Cau5AG003567	0.95	0.94	51.91	95	L1
transcript:AT1G21380.1	Cau.Cau3AG000776	0.99	1.00	58.78	318	L1
transcript:AT5G63420.1	Cau.Cau5AG000612	0.96	0.95	72.77	644	L1
transcript:AT1G51940.1	Cau.Cau1BG001077	0.99	0.98	69.71	458	L1
transcript:AT5G14360.1	Cau.Cau2AG000974	1.00	1.00	55.36	93	L1
transcript:AT1G62975.1	Cau.Cau5AG000870	1.00	0.98	37.32	103	L1
transcript:AT3G51380.1	Cau.Cau1AG000074	0.99	0.96	50.75	68	L1
transcript:AT3G26570.2	Cau.Cau7BG000488	0.90	0.91	80.04	425	L1
transcript:AT5G51700.1	Cau.Cau9BG000377	0.96	0.96	69.68	154	L1
transcript:AT2G26520.1	Cau.Cau8AG000486	0.59	0.59	47.67	41	L1
transcript:AT2G19430.1	Cau.Cau4BG000943	1.00	1.00	64.34	240	L1
transcript:AT5G17670.1	Cau.Cau7BG001160	0.93	0.94	72.70	213	L1
transcript:AT2G26210.1	Cau.Cau4AG001779	0.97	0.70	54.85	113	L1
transcript:AT1G15490.1	Cau.Cau1AG001247	1.00	1.00	70.14	458	L1
transcript:AT1G29070.1	Cau.Cau2BG002466	0.83	0.84	64.75	90	L1
transcript:AT1G28340.1	Cau.Cau2AG002399	1.00	1.00	74.56	466	L1
transcript:AT5G13200.1	Cau.Cau7AG000171	0.91	0.94	68.83	170	L1
transcript:AT4G16650.2	Cau.Cau5AG000749	0.99	1.00	70.03	402	L1
transcript:AT4G26740.1	Cau.Cau9BG001224	0.96	0.92	75.21	176	L1
transcript:AT3G12050.1	Cau.Cau6BG000953	1.00	1.00	73.06	263	L1
transcript:AT5G39590.1	Cau.Cau3BG000232	1.00	1.00	59.96	325	L1
transcript:AT4G34160.1	Cau.Cau8BG000397	0.85	0.86	58.05	191	L1
transcript:AT1G62990.1	Cau.Cau5AG000881	1.00	1.00	74.10	226	L1
transcript:AT4G25830.1	Cau.Cau4BG002126	0.99	1.00	48.89	88	L1
transcript:AT3G11750.1	Cau.Cau6AG000870	0.93	0.94	59.56	81	L1
transcript:AT1G49950.3	Cau.Cau8BG000285	1.00	1.00	67.75	208	L1
transcript:AT1G49470.1	Cau.Cau8AG000529	0.98	0.99	54.15	163	L1
transcript:AT1G33250.1	Cau.Cau5AG000004	0.96	0.96	64.11	343	L1
transcript:AT4G00810.2	Cau.Cau5BG003311	0.98	0.99	68.47	76	L1
transcript:AT2G14520.2	Cau.Cau8BG000222	1.00	1.00	79.77	343	L1
transcript:AT2G46860.1	Cau.Cau5AG003343	1.00	1.00	84.86	185	L1
transcript:AT3G20150.1	Cau.Cau4BG001555	0.99	0.98	52.38	605	L1
transcript:AT4G39460.3	Cau.Cau5BG001668	1.00	1.00	80.62	262	L1
transcript:AT4G26450.1	Cau.Cau4BG001704	1.00	1.00	38.61	295	L1
transcript:AT2G37900.1	Cau.Cau6AG001414	0.99	0.97	65.80	381	L1
transcript:AT1G64065.1	Cau.Cau5AG000197	1.00	0.99	37.33	81	L1
transcript:AT2G04880.1	Cau.Cau2AG001342	0.64	0.58	50.32	159	L1
transcript:AT1G19715.1	Cau.Cau3AG000277	0.99	0.99	59.64	368	L1
transcript:AT1G48550.1	Cau.Cau4BG001005	0.97	1.00	72.56	230	L1
transcript:AT2G41190.1	Cau.Cau9BG000869	0.99	1.00	66.67	368	L1
transcript:AT1G70550.1	Cau.Cau7AG000488	1.00	0.99	69.14	336	L1
transcript:AT3G10740.3	Cau.Cau6AG000611	0.38	0.96	65.64	170	L1
transcript:AT2G20490.3	Cau.Cau5BG002706	1.00	1.00	78.12	50	L1
transcript:AT4G13030.2	Cau.Cau5BG002528	0.67	0.82	49.10	164	L1
transcript:AT1G03400.1	Cau.Cau2BG001618	0.99	0.98	48.88	175	L1
transcript:AT3G26100.6	Cau.Cau7BG000563	1.00	0.93	81.65	436	L1
transcript:AT3G57830.3	Cau.Cau9BG000574	0.96	0.97	63.18	405	L1
transcript:AT5G42010.1	Cau.Cau5BG000074	1.00	1.00	46.08	359	L1
transcript:AT4G01037.1	Cau.Cau5BG003402	1.00	1.00	66.23	357	L1
transcript:AT3G62630.1	Cau.Cau5BG003118	0.99	0.99	61.38	240	L1
transcript:AT1G10180.1	Cau.Cau2BG001959	1.00	1.00	63.83	503	L1
transcript:AT5G23520.2	Cau.Cau1AG000736	1.00	1.00	50.00	220	L1
transcript:AT4G17170.1	Cau.Cau2AG002812	1.00	1.00	99.05	209	L1
transcript:AT2G43235.1	Cau.Cau5AG002341	0.94	0.94	53.69	233	L1
transcript:AT5G35930.4	Cau.Cau7AG001101	1.00	0.99	54.79	641	L1
transcript:AT2G47990.1	Cau.Cau5BG002964	0.98	0.99	65.67	350	L1
transcript:AT3G11780.2	Cau.Cau6AG000866	0.91	0.91	64.33	101	L1
transcript:AT4G08455.1	Cau.Cau3AG000791	0.99	0.99	69.64	195	L1
transcript:AT4G04885.1	Cau.Cau2BG002176	1.00	1.00	46.21	457	L1
transcript:AT4G29510.1	Cau.Cau4BG000865	0.95	0.93	79.42	301	L1
transcript:AT4G25770.1	Cau.Cau4AG002120	0.89	0.89	62.06	247	L1
transcript:AT3G13940.1	Cau.Cau1BG000896	0.90	0.89	45.75	183	L1
transcript:AT4G03080.1	Cau.Cau5AG003009	1.00	1.00	82.90	737	L1
transcript:AT5G19151.1	Cau.Cau9BG001577	0.57	0.68	64.29	27	L1
transcript:AT5G26594.1	Cau.Cau5AG002672	0.86	0.83	64.17	77	L1
transcript:AT1G53820.1	Cau.Cau1BG001032	0.92	0.87	48.65	144	L1
transcript:AT5G66740.1	Cau.Cau1AG000303	0.99	0.98	83.42	307	L1
transcript:AT2G18850.1	Cau.Cau4BG002117	0.98	0.97	57.81	311	L1
transcript:AT5G20170.1	Cau.Cau4BG000581	0.99	1.00	59.67	395	L1
transcript:AT1G61040.3	Cau.Cau8BG000355	1.00	1.00	67.07	444	L1
transcript:AT4G26890.1	Cau.Cau4AG001463	0.97	0.97	45.13	204	L1
transcript:AT2G02410.6	Cau.Cau3BG002426	0.90	0.93	69.87	211	L1
transcript:AT3G18750.1	Cau.Cau1BG001914	0.91	0.76	73.37	383	L1
transcript:AT1G51340.5	Cau.Cau2BG000240	1.00	1.00	69.96	361	L1
transcript:AT4G38710.2	Cau.Cau8BG000812	0.91	0.98	50.59	216	L1
transcript:AT1G50620.1	Cau.Cau4BG001529	0.64	0.58	41.63	199	L1
transcript:AT2G42390.1	Cau.Cau2BG000651	0.92	0.96	59.69	117	L1
transcript:AT3G06590.1	Cau.Cau9BG001909	0.80	0.80	58.19	103	L1
transcript:AT5G60620.1	Cau.Cau8BG000062	0.99	0.99	87.94	328	L1
transcript:AT1G60760.1	Cau.Cau7BG000481	0.99	0.99	33.53	56	L1
transcript:AT4G04614.1	Cau.Cau5AG002890	0.73	0.80	52.55	72	L1
transcript:AT1G55535.3	Cau.Cau2BG000013	0.96	0.93	64.11	159	L1
transcript:AT3G57060.3	Cau.Cau9BG000841	0.92	0.98	71.42	942	L1
transcript:AT5G51290.1	Cau.Cau9BG000497	0.97	0.96	58.93	353	L1
transcript:AT3G15110.1	Cau.Cau4BG001106	0.98	0.99	54.04	154	L1
transcript:AT2G41900.1	Cau.Cau9AG000614	1.00	1.00	69.65	530	L1
transcript:AT1G67480.3	Cau.Cau7AG000645	0.99	0.99	62.83	240	L1
transcript:AT3G57230.4	Cau.Cau3AG001128	0.97	0.98	69.53	162	L1
transcript:AT3G02060.2	Cau.Cau2AG000765	0.99	0.99	79.09	658	L1
transcript:AT5G65400.1	Cau.Cau1AG000688	0.85	0.98	69.16	148	L1
transcript:AT3G52250.2	Cau.Cau7BG001889	0.97	0.92	38.89	591	L1
transcript:AT1G53163.1	Cau.Cau4AG001127	0.94	0.94	35.05	102	L1
transcript:AT1G07870.2	Cau.Cau8BG001728	0.76	0.94	68.86	283	L1
transcript:AT3G18890.1	Cau.Cau8AG000536	0.85	0.99	55.86	310	L1
transcript:AT1G32060.1	Cau.Cau3BG001832	0.95	0.90	86.05	327	L1
transcript:AT1G54870.1	Cau.Cau3AG001441	0.90	0.87	77.60	239	L1
transcript:AT2G20010.2	Cau.Cau4BG000771	1.00	0.97	67.12	645	L1
transcript:AT1G12330.1	Cau.Cau5BG000837	0.89	0.91	58.02	275	L1
transcript:AT4G37630.1	Cau.Cau1BG000541	0.98	0.99	37.79	130	L1
transcript:AT1G77470.1	Cau.Cau3AG000841	0.99	0.99	79.62	293	L1
transcript:AT5G35750.1	Cau.Cau2BG001346	1.00	1.00	58.86	731	L1
transcript:AT1G08410.1	Cau.Cau8BG001302	0.99	0.99	67.83	407	L1
transcript:AT4G34630.1	Cau.Cau8AG000711	1.00	1.00	37.28	85	L1
transcript:AT5G17930.1	Cau.Cau5AG002537	1.00	0.99	56.55	453	L1
transcript:AT3G26760.1	Cau.Cau2BG000795	1.00	0.98	64.67	194	L1
transcript:AT5G50180.1	Cau.Cau5AG000515	0.98	0.97	83.53	284	L1
transcript:AT5G44310.2	Cau.Cau2AG002388	0.89	0.86	33.22	99	L1
transcript:AT3G09870.1	Cau.Cau6AG001757	0.96	0.66	50.00	54	L1
transcript:AT1G49245.1	Cau.Cau7BG001136	0.85	0.80	52.38	33	L1
transcript:AT1G73380.1	Cau.Cau5AG001754	0.99	1.00	57.43	259	L1
transcript:AT5G38650.1	Cau.Cau6AG000339	1.00	1.00	68.09	96	L1
transcript:AT1G76140.1	Cau.Cau3BG000129	0.92	1.00	75.55	553	L1
transcript:AT4G16490.1	Cau.Cau2BG002749	1.00	1.00	74.00	350	L1
transcript:AT4G10890.3	Cau.Cau5BG000092	0.30	0.27	46.54	74	L1
transcript:AT4G36740.2	Cau.Cau1BG000319	0.99	0.96	51.80	115	L1
transcript:AT3G27230.1	Cau.Cau3BG000230	1.00	1.00	75.30	314	L1
transcript:AT3G07790.1	Cau.Cau2BG001342	1.00	0.98	66.67	344	L1
transcript:AT2G27285.1	Cau.Cau8BG001337	0.98	0.99	51.20	170	L1
transcript:AT1G29270.1	Cau.Cau2AG002514	0.99	0.96	47.17	75	L1
transcript:AT2G15570.2	Cau.Cau8BG000432	0.94	0.93	60.98	100	L1
transcript:AT1G42470.1	Cau.Cau3AG000081	0.99	0.97	77.62	971	L1
transcript:AT5G19875.1	Cau.Cau2BG000093	1.00	1.00	55.12	70	L1
transcript:AT3G52860.1	Cau.Cau5AG003110	0.85	0.89	67.67	90	L1
transcript:AT4G03030.1	Cau.Cau5AG002816	0.93	0.97	58.63	248	L1
transcript:AT3G47800.1	Cau.Cau5BG000314	0.96	0.96	64.55	224	L1
transcript:AT1G49740.1	Cau.Cau8BG000421	1.00	0.88	68.99	247	L1
transcript:AT5G54670.2	Cau.Cau4AG001293	1.00	0.94	71.99	545	L1
transcript:AT1G02330.1	Cau.Cau5BG003262	0.99	0.96	73.67	207	L1
transcript:AT5G44520.1	Cau.Cau2BG002001	0.86	0.82	58.82	150	L1
transcript:AT5G08710.1	Cau.Cau1BG001791	0.94	0.97	67.24	275	L1
transcript:AT1G14390.1	Cau.Cau7AG000312	0.98	0.99	56.68	424	L1
transcript:AT3G08570.1	Cau.Cau6AG001133	0.97	0.96	66.17	399	L1
transcript:AT3G20290.3	Cau.Cau4BG001518	1.00	1.00	83.49	455	L1
transcript:AT3G05560.3	Cau.Cau5BG003056	1.00	1.00	85.60	107	L1
transcript:AT5G27600.1	Cau.Cau3AG001420	0.99	0.99	75.29	524	L1
transcript:AT1G68180.1	Cau.Cau3BG002107	0.87	0.74	37.35	93	L1
transcript:AT1G05310.1	Cau.Cau6BG001033	0.99	0.99	66.00	266	L1
transcript:AT5G14650.1	Cau.Cau2AG000510	0.99	0.98	61.62	289	L1
transcript:AT1G68640.1	Cau.Cau7AG000879	0.90	0.81	67.39	281	L1
transcript:AT5G40580.2	Cau.Cau2BG000602	1.00	1.00	84.67	232	L1
transcript:AT2G15020.1	Cau.Cau8BG000349	0.99	0.99	57.49	311	L1
transcript:AT1G26120.1	Cau.Cau7BG000844	1.00	1.00	69.09	333	L1
transcript:AT1G11090.1	Cau.Cau2AG002319	0.97	0.98	70.29	220	L1
transcript:AT4G31540.1	Cau.Cau4BG000070	0.99	0.98	75.44	513	L1
transcript:AT2G27720.1	Cau.Cau6BG000707	1.00	1.00	73.04	84	L1
transcript:AT3G07660.1	Cau.Cau2AG001401	1.00	0.99	53.18	476	L1
transcript:AT4G21190.1	Cau.Cau9BG000178	0.95	0.95	65.68	199	L1
transcript:AT1G32320.1	Cau.Cau7AG001560	1.00	0.97	53.96	177	L1
transcript:AT5G03440.3	Cau.Cau6BG001794	1.00	1.00	42.86	45	L1
transcript:AT4G36800.2	Cau.Cau8BG000574	1.00	1.00	86.96	160	L1
transcript:AT3G05420.2	Cau.Cau3BG001392	0.99	0.99	77.66	518	L1
transcript:AT1G64405.1	Cau.Cau5AG000126	1.00	0.99	32.23	39	L1
transcript:AT4G20010.1	Cau.Cau2BG001997	0.78	0.87	47.55	155	L1
transcript:AT2G46400.1	Cau.Cau5AG003455	0.95	0.94	33.81	118	L1
transcript:AT1G05420.1	Cau.Cau9BG001513	0.97	1.00	44.54	102	L1
transcript:AT1G51650.1	Cau.Cau1BG001575	0.99	0.99	89.86	62	L1
transcript:AT5G13570.1	Cau.Cau7BG001864	0.99	0.99	63.34	235	L1
transcript:AT4G11070.1	Cau.Cau5AG000148	0.96	0.96	40.74	143	L1
transcript:AT3G49870.2	Cau.Cau1BG000561	1.00	1.00	93.94	155	L1
transcript:AT1G27840.1	Cau.Cau3BG000456	1.00	1.00	69.76	316	L1
transcript:AT1G26870.1	Cau.Cau7AG000279	0.88	0.85	53.52	205	L1
transcript:AT5G13740.2	Cau.Cau3BG001929	0.74	0.81	59.35	200	L1
transcript:AT1G52245.1	Cau.Cau1AG001125	1.00	0.96	85.11	80	L1
transcript:AT4G02030.1	Cau.Cau5AG003192	0.99	0.99	68.77	535	L1
transcript:AT1G29240.1	Cau.Cau2BG002486	1.00	1.00	37.24	254	L1
transcript:AT2G31970.1	Cau.Cau9AG000872	1.00	1.00	73.10	962	L1
transcript:AT1G64320.2	Cau.Cau5BG000156	0.99	0.99	31.90	260	L1
transcript:AT1G23400.1	Cau.Cau7AG000472	1.00	1.00	64.10	366	L1
transcript:AT1G07615.1	Cau.Cau8BG001823	1.00	1.00	63.00	315	L1
transcript:AT4G02110.1	Cau.Cau5BG003127	0.99	0.93	44.24	461	L1
transcript:AT3G50390.1	Cau.Cau1BG000366	0.94	0.89	63.74	283	L1
transcript:AT2G18360.1	Cau.Cau1AG000272	1.00	0.98	66.98	211	L1
transcript:AT5G63120.2	Cau.Cau5AG000502	0.82	0.80	80.54	389	L1
transcript:AT5G47730.4	Cau.Cau2AG002794	0.96	1.00	76.52	251	L1
transcript:AT1G28395.6	Cau.Cau2AG002406	1.00	0.98	64.95	63	L1
transcript:AT2G23470.1	Cau.Cau1BG000368	0.98	0.98	61.54	320	L1
transcript:AT4G21170.1	Cau.Cau2BG002185	0.98	0.98	43.92	253	L1
transcript:AT4G32270.1	Cau.Cau4BG000217	0.83	0.79	44.65	96	L1
transcript:AT1G60960.2	Cau.Cau4BG000498	0.93	0.97	56.75	164	L1
transcript:AT3G51850.1	Cau.Cau6AG001301	1.00	1.00	89.02	470	L1
transcript:AT3G12080.1	Cau.Cau2BG000235	0.90	0.89	71.69	428	L1
transcript:AT5G12330.1	Cau.Cau2AG000348	0.87	0.94	46.15	150	L1
transcript:AT2G04270.1	Cau.Cau2AG001405	0.97	0.96	61.33	609	L1
transcript:AT5G17860.1	Cau.Cau5BG002506	0.98	0.98	53.15	312	L1
transcript:AT3G15380.1	Cau.Cau4BG001196	1.00	1.00	80.17	562	L1
transcript:AT4G24800.1	Cau.Cau5BG000562	0.99	0.98	77.94	544	L1
transcript:AT2G39630.1	Cau.Cau7BG002064	0.99	0.99	72.07	240	L1
transcript:AT4G28540.1	Cau.Cau5BG002700	0.99	1.00	76.52	365	L1
transcript:AT3G60720.3	Cau.Cau5AG003720	0.94	0.90	63.97	174	L1
transcript:AT5G23880.1	Cau.Cau9BG000251	1.00	1.00	79.95	594	L1
transcript:AT4G38050.1	Cau.Cau1AG000656	1.00	0.99	63.71	481	L1
transcript:AT5G02040.1	Cau.Cau6BG001431	1.00	1.00	80.86	169	L1
transcript:AT5G62460.2	Cau.Cau5BG000950	0.98	0.99	65.46	199	L1
transcript:AT1G79860.1	Cau.Cau1BG001142	1.00	1.00	62.72	355	L1
transcript:AT5G05690.1	Cau.Cau7AG002249	0.98	0.98	79.48	368	L1
transcript:AT1G08540.1	Cau.Cau7BG001162	0.99	0.99	67.41	395	L1
transcript:AT3G53620.1	Cau.Cau6BG001551	1.00	1.00	84.72	183	L1
transcript:AT1G49630.3	Cau.Cau8BG000462	1.00	0.99	77.33	839	L1
transcript:AT1G74470.1	Cau.Cau5AG000951	1.00	1.00	83.73	391	L1
transcript:AT3G58140.1	Cau.Cau6AG000503	1.00	1.00	74.01	319	L1
transcript:AT3G53510.1	Cau.Cau6BG001588	0.98	0.99	74.23	553	L1
transcript:AT5G51970.2	Cau.Cau9BG000333	1.00	1.00	85.16	310	L1
transcript:AT3G03140.1	Cau.Cau5AG002381	0.98	0.97	42.23	329	L1
transcript:AT2G31540.1	Cau.Cau8BG002050	0.97	0.97	51.00	178	L1
transcript:AT1G80410.1	Cau.Cau1BG001243	1.00	1.00	77.25	696	L1
transcript:AT5G02580.1	Cau.Cau6BG001561	0.95	0.92	70.93	61	L1
transcript:AT4G19003.6	Cau.Cau3AG001787	1.00	1.00	85.47	153	L1
transcript:AT1G71780.1	Cau.Cau3BG000622	0.90	0.95	59.78	107	L1
transcript:AT4G34100.2	Cau.Cau8BG000410	0.99	1.00	76.54	855	L1
transcript:AT3G27010.1	Cau.Cau2BG000847	1.00	1.00	53.82	183	L1
transcript:AT4G27670.1	Cau.Cau5BG001578	1.00	1.00	61.11	143	L1
transcript:AT4G29850.1	Cau.Cau4BG002007	1.00	1.00	83.50	86	L1
transcript:AT1G09740.2	Cau.Cau8AG000124	0.98	1.00	67.05	116	L1
transcript:AT3G27520.1	Cau.Cau2AG000577	0.92	0.95	46.45	85	L1
transcript:AT1G66890.1	Cau.Cau6BG000392	0.99	0.99	50.90	85	L1
transcript:AT1G04680.1	Cau.Cau9AG001013	0.98	0.98	80.45	354	L1
transcript:AT5G52300.1	Cau.Cau9BG000274	1.00	1.00	34.73	240	L1
transcript:AT2G03430.1	Cau.Cau7AG000204	0.98	0.99	69.36	163	L1
transcript:AT1G20575.1	Cau.Cau3AG000092	0.98	1.00	91.74	222	L1
transcript:AT1G14780.1	Cau.Cau2AG001605	0.98	0.98	59.58	367	L1
transcript:AT3G08640.1	Cau.Cau6BG001124	0.99	0.95	61.00	208	L1
transcript:AT3G09050.1	Cau.Cau6BG001352	0.97	0.96	65.20	163	L1
transcript:AT1G54520.1	Cau.Cau3AG001599	1.00	1.00	62.25	254	L1
transcript:AT1G21090.1	Cau.Cau3AG000682	0.97	0.98	51.22	126	L1
transcript:AT3G16940.1	Cau.Cau9AG001785	0.99	0.99	56.68	522	L1
transcript:AT3G28430.1	Cau.Cau4BG002025	0.99	0.97	67.22	564	L1
transcript:AT5G40160.1	Cau.Cau6BG000202	0.94	0.94	61.41	191	L1
transcript:AT5G59500.1	Cau.Cau8BG001855	1.00	1.00	62.87	254	L1
transcript:AT3G16360.2	Cau.Cau1BG001083	1.00	0.96	72.41	105	L1
transcript:AT1G13970.1	Cau.Cau7AG000222	0.99	0.99	59.00	308	L1
transcript:AT1G01225.1	Cau.Cau5BG003352	1.00	0.99	72.80	190	L1
transcript:AT1G33340.1	Cau.Cau5AG001968	0.97	0.90	52.86	203	L1
transcript:AT3G51160.1	Cau.Cau1BG000171	1.00	1.00	87.17	326	L1
transcript:AT3G03660.2	Cau.Cau5AG002577	0.94	0.95	56.07	157	L1
transcript:AT5G27870.1	Cau.Cau3BG001348	0.76	0.99	46.73	279	L1
transcript:AT2G40610.1	Cau.Cau7AG002106	0.96	0.96	80.00	196	L1
transcript:AT1G02100.3	Cau.Cau5BG003763	0.96	0.99	77.54	252	L1
transcript:AT2G19910.1	Cau.Cau4AG000781	0.99	0.99	52.25	534	L1
transcript:AT5G10270.1	Cau.Cau1BG002170	1.00	1.00	80.23	418	L1
transcript:AT4G22240.1	Cau.Cau2BG002706	1.00	1.00	63.27	205	L1
transcript:AT3G48120.1	Cau.Cau5BG000384	1.00	1.00	52.21	177	L1
transcript:AT2G45600.1	Cau.Cau5BG003626	0.94	0.95	56.74	181	L1
transcript:AT3G28670.3	Cau.Cau3BG001135	0.99	0.99	55.03	268	L1
transcript:AT2G44040.1	Cau.Cau5AG002018	0.94	0.93	73.33	242	L1
transcript:AT3G11100.1	Cau.Cau7BG002219	0.94	0.92	56.30	134	L1
transcript:AT1G60160.1	Cau.Cau7BG000423	1.00	1.00	76.40	641	L1
transcript:AT5G43630.4	Cau.Cau9AG001314	0.78	0.74	39.90	292	L1
transcript:AT3G17440.1	Cau.Cau9BG001974	1.00	1.00	84.01	226	L1
transcript:AT1G59990.1	Cau.Cau7BG000392	1.00	1.00	60.03	356	L1
transcript:AT5G59010.1	Cau.Cau8AG001902	1.00	1.00	85.28	417	L1
transcript:AT4G25270.1	Cau.Cau9BG000414	0.95	0.95	63.87	320	L1
transcript:AT2G44065.1	Cau.Cau2BG000291	0.91	0.96	62.09	131	L1
transcript:AT4G25120.1	Cau.Cau7BG001316	0.99	0.98	63.57	733	L1
transcript:AT2G26300.2	Cau.Cau4BG001823	1.00	0.98	86.46	332	L1
transcript:AT1G18250.2	Cau.Cau4AG000961	0.95	0.93	76.82	179	L1
transcript:AT5G44200.1	Cau.Cau2BG000972	1.00	1.00	78.38	203	L1
transcript:AT1G21830.1	Cau.Cau3BG000863	0.97	0.92	47.83	110	L1
transcript:AT2G30490.1	Cau.Cau1BG001762	1.00	1.00	85.71	432	L1
transcript:AT1G24095.1	Cau.Cau7BG000395	0.87	0.88	64.86	120	L1
transcript:AT1G04110.1	Cau.Cau5AG002707	1.00	1.00	70.06	543	L1
transcript:AT2G45060.1	Cau.Cau5AG003749	0.87	0.91	63.29	150	L1
transcript:AT3G54670.1	Cau.Cau5BG002719	1.00	1.00	70.82	864	L1
transcript:AT1G11870.2	Cau.Cau3BG001029	0.98	0.98	75.73	387	L1
transcript:AT3G50740.1	Cau.Cau4BG000939	0.99	0.99	52.02	257	L1
transcript:AT1G02270.1	Cau.Cau5BG003287	0.89	0.94	67.82	295	L1
transcript:AT5G44250.1	Cau.Cau3AG000451	1.00	1.00	62.08	257	L1
transcript:AT3G11260.1	Cau.Cau7BG002283	0.99	0.97	54.85	113	L1
transcript:AT1G24510.1	Cau.Cau7BG000560	1.00	1.00	90.65	485	L1
transcript:AT1G09280.1	Cau.Cau3AG001267	0.98	0.99	67.82	411	L1
transcript:AT2G20930.1	Cau.Cau8AG000146	1.00	0.98	88.57	124	L1
transcript:AT3G07030.5	Cau.Cau5AG002646	0.34	0.65	69.94	114	L1
transcript:AT5G55740.1	Cau.Cau4AG000632	0.99	0.98	59.52	494	L1
transcript:AT1G04990.6	Cau.Cau2AG001281	0.96	0.96	48.28	211	L1
transcript:AT5G27380.1	Cau.Cau3AG001506	0.90	0.85	71.84	352	L1
transcript:AT4G00150.1	Cau.Cau5BG003701	0.99	1.00	44.52	317	L1
transcript:AT4G26150.1	Cau.Cau4AG000898	0.67	0.71	43.95	109	L1
transcript:AT1G78150.1	Cau.Cau3AG000985	1.00	1.00	67.43	207	L1
transcript:AT2G01505.1	Cau.Cau2BG001665	0.80	0.79	39.53	34	L1
transcript:AT4G22530.2	Cau.Cau1AG001735	1.00	0.99	67.69	176	L1
transcript:AT2G25480.1	Cau.Cau4BG000229	1.00	0.86	47.71	198	L1
transcript:AT4G20880.1	Cau.Cau2BG002057	0.98	0.98	34.62	161	L1
transcript:AT2G30470.1	Cau.Cau1AG001656	0.92	0.89	55.47	441	L1
transcript:AT4G22720.2	Cau.Cau3BG002418	0.96	0.95	89.38	303	L1
transcript:AT4G34280.1	Cau.Cau8BG000333	0.99	1.00	56.50	452	L1
transcript:AT1G24360.1	Cau.Cau7BG000607	0.99	1.00	66.77	215	L1
transcript:AT3G11090.1	Cau.Cau7AG002211	1.00	1.00	62.64	109	L1
transcript:AT3G49650.1	Cau.Cau1BG000618	0.85	0.85	72.82	517	L1
transcript:AT5G17800.1	Cau.Cau5AG002578	0.63	0.53	56.81	121	L1
transcript:AT5G19930.2	Cau.Cau4AG000639	1.00	1.00	77.78	224	L1
transcript:AT1G43580.1	Cau.Cau3BG000675	1.00	0.98	71.39	302	L1
transcript:AT2G32500.2	Cau.Cau2BG001231	0.92	0.87	59.45	151	L1
transcript:AT5G20130.1	Cau.Cau2AG002739	0.80	0.76	56.79	92	L1
transcript:AT5G42620.2	Cau.Cau3BG000371	0.95	0.99	80.35	683	L1
transcript:AT1G15330.1	Cau.Cau1BG001356	0.98	0.94	60.50	219	L1
transcript:AT3G52180.1	Cau.Cau7BG001768	1.00	1.00	67.02	254	L1
transcript:AT3G10370.1	Cau.Cau7BG001823	1.00	1.00	80.57	506	L1
transcript:AT1G72530.1	Cau.Cau1BG000942	0.78	0.82	65.07	95	L1
transcript:AT2G47680.1	Cau.Cau5BG003048	0.98	0.98	65.81	662	L1
transcript:AT3G60840.1	Cau.Cau5AG003687	1.00	0.99	52.11	371	L1
transcript:AT3G23840.1	Cau.Cau9AG000878	0.96	0.99	43.56	186	L1
transcript:AT5G42090.1	Cau.Cau5BG000044	0.97	0.98	83.41	357	L1
transcript:AT2G07050.2	Cau.Cau4AG001961	0.40	0.79	55.06	147	L1
transcript:AT4G36680.1	Cau.Cau1AG000308	0.95	0.97	66.16	260	L1
transcript:AT5G09790.1	Cau.Cau1BG001901	0.99	0.99	68.35	257	L1
transcript:AT4G13800.10	Cau.Cau9BG000939	0.97	0.99	74.23	242	L1
transcript:AT3G09310.1	Cau.Cau6BG001494	0.86	0.96	56.67	85	L1
transcript:AT1G12790.1	Cau.Cau5AG001868	1.00	1.00	64.80	162	L1
transcript:AT4G24290.3	Cau.Cau3AG002229	0.99	0.99	78.74	474	L1
transcript:AT2G34960.1	Cau.Cau2BG001886	0.99	0.96	79.51	450	L1
transcript:AT1G45221.1	Cau.Cau1BG002002	0.89	0.88	27.45	28	L1
transcript:AT5G20610.1	Cau.Cau5BG001608	0.99	0.98	51.96	635	L1
transcript:AT5G16630.1	Cau.Cau6BG000516	0.99	0.96	51.85	490	L1
transcript:AT3G21740.1	Cau.Cau2AG001184	0.94	0.95	57.37	183	L1
transcript:AT2G20180.6	Cau.Cau5BG002616	1.00	1.00	43.97	248	L1
transcript:AT3G02660.1	Cau.Cau2AG000753	0.91	0.94	72.34	340	L1
transcript:AT1G70940.1	Cau.Cau2AG001692	1.00	1.00	78.13	518	L1
transcript:AT3G03773.1	Cau.Cau5AG002543	0.99	0.98	73.68	112	L1
transcript:AT3G45090.1	Cau.Cau8AG001561	0.99	0.99	64.77	489	L1
transcript:AT5G27240.3	Cau.Cau7BG001391	0.99	0.99	29.81	175	L1
transcript:AT4G35850.1	Cau.Cau2BG000599	0.98	0.99	63.49	280	L1
transcript:AT4G04890.1	Cau.Cau2AG002194	0.99	0.99	82.43	610	L1
transcript:AT5G62410.1	Cau.Cau9AG000450	1.00	1.00	79.34	933	L1
transcript:AT3G21420.1	Cau.Cau9AG001647	0.99	0.98	71.12	261	L1
transcript:AT3G45290.1	Cau.Cau8BG001673	0.96	0.93	57.73	295	L1
transcript:AT5G64670.1	Cau.Cau1AG001859	0.99	0.99	60.49	173	L1
transcript:AT1G63460.1	Cau.Cau5BG000306	0.98	0.96	70.12	115	L1
transcript:AT5G11740.1	Cau.Cau4BG000453	1.00	1.00	52.31	34	L1
transcript:AT5G07040.1	Cau.Cau3BG001965	0.95	0.85	59.63	96	L1
transcript:AT3G03420.1	Cau.Cau2BG000612	1.00	1.00	69.23	135	L1
transcript:AT5G62180.1	Cau.Cau9AG000346	0.97	0.94	52.32	169	L1
transcript:AT5G41330.2	Cau.Cau5AG000243	0.98	0.97	64.96	291	L1
transcript:AT4G15570.3	Cau.Cau3BG002047	0.99	1.00	66.99	556	L1
transcript:AT1G80950.1	Cau.Cau3AG000364	1.00	1.00	61.33	249	L1
transcript:AT4G16830.1	Cau.Cau5BG000698	1.00	1.00	58.09	219	L1
transcript:AT3G43230.1	Cau.Cau4BG001776	1.00	1.00	70.67	347	L1
transcript:AT1G03750.1	Cau.Cau3AG001936	1.00	1.00	67.26	602	L1
transcript:AT5G26751.1	Cau.Cau6AG002004	1.00	1.00	90.71	371	L1
transcript:AT2G31600.5	Cau.Cau5BG002283	0.88	0.96	52.45	139	L1
transcript:AT5G10530.1	Cau.Cau1AG000637	1.00	0.99	62.27	406	L1
transcript:AT1G76490.1	Cau.Cau3AG000033	0.91	1.00	75.94	445	L1
transcript:AT5G27020.1	Cau.Cau3AG001329	0.64	0.80	41.13	51	L1
transcript:AT3G15690.2	Cau.Cau1BG001304	1.00	1.00	53.28	146	L1
transcript:AT5G65710.1	Cau.Cau1AG000597	0.98	0.98	55.57	544	L1
transcript:AT4G33520.2	Cau.Cau8AG000993	0.97	0.98	66.95	622	L1
transcript:AT3G05480.1	Cau.Cau3AG001387	0.99	0.99	65.26	293	L1
transcript:AT4G11120.1	Cau.Cau5BG002510	1.00	1.00	66.33	266	L1
transcript:AT2G41120.1	Cau.Cau6BG001079	0.93	0.93	55.20	138	L1
transcript:AT4G12340.1	Cau.Cau5AG000818	1.00	1.00	49.72	89	L1
transcript:AT1G35420.3	Cau.Cau3BG000543	0.96	0.87	61.71	166	L1
transcript:AT4G31320.1	Cau.Cau4AG000024	1.00	1.00	55.61	109	L1
transcript:AT5G58880.1	Cau.Cau8AG001933	0.50	0.52	34.50	165	L1
transcript:AT3G48070.1	Cau.Cau5AG000378	1.00	1.00	51.94	187	L1
transcript:AT3G17930.1	Cau.Cau4BG000998	0.82	0.80	61.73	100	L1
transcript:AT3G53990.1	Cau.Cau6BG001404	0.99	0.96	70.25	111	L1
transcript:AT3G22290.2	Cau.Cau6AG001093	1.00	0.99	81.92	290	L1
transcript:AT4G18593.2	Cau.Cau2AG002476	0.88	0.98	61.11	77	L1
transcript:ATCG01280.1	Cau.Cau5BG002463	0.04	0.92	90.70	78	L1
transcript:AT1G64780.1	Cau.Cau5AG002433	0.97	0.98	80.72	406	L1
transcript:AT5G35430.1	Cau.Cau4AG001885	1.00	1.00	52.16	447	L1
transcript:AT5G06680.1	Cau.Cau6AG000955	1.00	1.00	77.41	658	L1
transcript:AT5G65670.2	Cau.Cau1BG000627	0.99	0.97	66.58	245	L1
transcript:AT4G17616.1	Cau.Cau6AG001927	1.00	0.96	49.64	344	L1
transcript:AT2G18030.1	Cau.Cau1BG000166	0.93	0.97	71.73	170	L1
transcript:AT3G15120.2	Cau.Cau4AG001097	1.00	0.99	48.58	993	L1
transcript:AT4G25000.1	Cau.Cau3AG000466	1.00	1.00	69.95	298	L1
transcript:AT2G33320.1	Cau.Cau9BG001207	0.98	0.97	57.96	234	L1
transcript:AT3G29310.1	Cau.Cau6BG000066	0.93	0.89	37.11	173	L1
transcript:AT1G72210.1	Cau.Cau3BG001043	0.99	0.99	52.05	178	L1
transcript:AT4G36160.3	Cau.Cau1BG000177	0.87	0.97	70.66	236	L1
transcript:AT4G36360.1	Cau.Cau1AG000216	0.99	0.99	78.28	663	L1
transcript:AT5G42610.1	Cau.Cau3BG000370	0.98	0.94	45.66	158	L1
transcript:AT5G53650.1	Cau.Cau5AG001607	1.00	1.00	70.83	51	L1
transcript:AT4G27640.1	Cau.Cau7BG001011	1.00	1.00	78.74	826	L1
transcript:AT3G59110.1	Cau.Cau7AG001244	1.00	1.00	66.28	340	L1
transcript:AT1G54200.1	Cau.Cau4AG001000	0.94	0.97	37.27	142	L1
transcript:AT5G10310.1	Cau.Cau1BG000739	0.80	0.83	58.82	60	L1
transcript:AT2G43310.1	Cau.Cau5AG002311	0.88	0.81	56.67	68	L1
transcript:AT2G40890.1	Cau.Cau5AG000299	0.99	1.00	63.24	320	L1
transcript:AT1G14270.1	Cau.Cau7AG000280	0.88	0.83	65.06	203	L1
transcript:AT4G02160.1	Cau.Cau5AG003163	0.92	0.72	33.33	63	L1
transcript:AT1G29170.3	Cau.Cau2AG002483	1.00	0.99	35.75	415	L1
transcript:AT3G18400.1	Cau.Cau5AG001218	1.00	1.00	62.87	210	L1
transcript:AT3G58090.1	Cau.Cau6AG001604	0.38	0.62	66.36	71	L1
transcript:AT1G07950.1	Cau.Cau5BG001938	0.91	0.95	80.00	112	L1
transcript:AT5G13870.3	Cau.Cau2AG000754	1.00	1.00	78.05	127	L1
transcript:AT4G33680.1	Cau.Cau8AG000229	0.96	0.96	82.77	370	L1
transcript:AT5G40900.1	Cau.Cau2BG000887	0.97	0.94	37.86	131	L1
transcript:AT3G06530.5	Cau.Cau9BG000520	1.00	1.00	53.22	1190	L1
transcript:AT4G31290.1	Cau.Cau4AG000018	0.99	0.99	74.55	167	L1
transcript:AT3G02065.3	Cau.Cau2AG000757	0.97	0.96	67.32	346	L1
transcript:AT4G05400.3	Cau.Cau2BG002081	1.00	1.00	62.80	157	L1
transcript:AT3G29400.1	Cau.Cau6AG000021	0.99	0.99	53.56	354	L1
transcript:AT2G34980.1	Cau.Cau2BG001896	1.00	1.00	77.89	236	L1
transcript:AT1G26580.2	Cau.Cau7BG000191	1.00	1.00	43.43	238	L1
transcript:AT2G43180.3	Cau.Cau5BG002300	0.89	0.89	70.95	315	L1
transcript:AT4G11980.1	Cau.Cau5AG000863	0.97	0.98	71.48	218	L1
transcript:AT1G74240.1	Cau.Cau5AG001047	0.99	1.00	69.13	253	L1
transcript:AT5G43190.1	Cau.Cau3AG001205	0.90	0.98	52.69	196	L1
transcript:AT5G07500.1	Cau.Cau9BG000547	0.84	0.91	50.00	129	L1
transcript:AT1G08220.1	Cau.Cau8AG001490	0.88	0.91	61.57	149	L1
transcript:AT2G28790.1	Cau.Cau8AG001784	1.00	1.00	74.50	187	L1
transcript:AT2G16770.2	Cau.Cau8BG000155	1.00	1.00	62.45	168	L1
transcript:AT3G01500.2	Cau.Cau2BG000502	1.00	1.00	74.14	258	L1
transcript:AT1G72710.1	Cau.Cau1BG000885	1.00	0.98	78.46	368	L1
transcript:AT3G23600.1	Cau.Cau9AG001543	1.00	1.00	70.71	169	L1
transcript:AT3G22845.1	Cau.Cau9BG001446	1.00	1.00	81.86	176	L1
transcript:AT1G23750.1	Cau.Cau7BG000443	1.00	0.99	81.75	112	L1
transcript:AT1G76420.1	Cau.Cau3AG000044	0.69	0.57	66.95	156	L1
transcript:AT5G04930.1	Cau.Cau7BG001603	1.00	1.00	71.45	846	L1
transcript:AT5G16470.2	Cau.Cau6BG001889	1.00	1.00	74.53	79	L1
transcript:AT5G42020.1	Cau.Cau5AG000086	1.00	1.00	90.13	603	L1
transcript:AT1G62750.1	Cau.Cau5AG000810	1.00	1.00	84.52	666	L1
transcript:AT1G31910.1	Cau.Cau3BG001766	1.00	1.00	75.30	381	L1
transcript:AT5G16730.1	Cau.Cau7BG001048	0.99	0.99	53.91	483	L1
transcript:AT3G49640.1	Cau.Cau1BG000624	0.96	0.97	78.41	247	L1
transcript:AT1G71910.1	Cau.Cau3AG000581	0.98	0.93	29.41	55	L1
transcript:AT5G40300.1	Cau.Cau2AG000485	0.59	0.49	60.38	96	L1
transcript:AT4G36980.2	Cau.Cau1AG000420	0.93	0.88	73.33	352	L1
transcript:AT5G47080.1	Cau.Cau5BG003789	1.00	1.00	80.34	237	L1
transcript:AT3G13175.1	Cau.Cau4AG001572	0.92	0.68	50.51	50	L1
transcript:AT1G78922.1	Cau.Cau1BG001846	0.99	0.95	40.91	90	L1
transcript:AT5G49810.1	Cau.Cau3BG002408	0.59	0.99	79.92	410	L1
transcript:AT2G36070.1	Cau.Cau5BG002724	1.00	1.00	65.69	314	L1
transcript:AT5G19610.1	Cau.Cau4AG000674	0.99	0.98	68.95	948	L1
transcript:AT5G20260.2	Cau.Cau4BG001912	0.85	0.87	61.54	248	L1
transcript:AT5G25520.2	Cau.Cau4AG000310	0.92	0.87	41.89	426	L1
transcript:AT3G10470.1	Cau.Cau7AG001778	0.96	0.94	41.53	174	L1
transcript:AT1G28470.1	Cau.Cau2BG002414	0.98	1.00	59.27	195	L1
transcript:AT2G01110.1	Cau.Cau2BG001732	0.99	0.99	71.87	258	L1
transcript:AT1G18810.1	Cau.Cau5AG000297	0.87	0.83	29.12	129	L1
transcript:AT1G63160.1	Cau.Cau5AG000918	0.96	0.97	89.10	286	L1
transcript:AT5G06690.1	Cau.Cau6BG000954	0.88	1.00	56.48	109	L1
transcript:AT5G22510.2	Cau.Cau8AG001432	1.00	1.00	72.47	466	L1
transcript:AT1G13700.3	Cau.Cau7AG000748	1.00	1.00	70.15	188	L1
transcript:AT1G20990.1	Cau.Cau3AG000022	0.81	0.89	64.73	167	L1
transcript:AT3G59800.1	Cau.Cau5BG002057	1.00	1.00	60.80	121	L1
transcript:AT2G03370.2	Cau.Cau7AG000212	0.99	0.96	49.46	230	L1
transcript:AT3G58460.1	Cau.Cau6AG000909	1.00	1.00	67.73	277	L1
transcript:AT2G39050.1	Cau.Cau5BG002403	0.95	0.94	50.61	165	L1
transcript:AT4G31770.2	Cau.Cau4AG000106	0.95	0.95	72.35	280	L1
transcript:AT2G27600.1	Cau.Cau8BG001433	1.00	1.00	88.30	385	L1
transcript:AT2G42110.1	Cau.Cau6BG000974	0.91	0.95	57.55	80	L1
transcript:AT5G35220.1	Cau.Cau5AG002555	1.00	1.00	72.95	418	L1
transcript:AT1G56400.1	Cau.Cau4AG001341	0.94	0.94	33.99	155	L1
transcript:AT2G19460.1	Cau.Cau4BG000941	1.00	0.98	50.78	65	L1
transcript:AT3G03340.1	Cau.Cau6BG001920	0.85	0.82	80.06	281	L1
transcript:AT4G12410.1	Cau.Cau5AG000806	0.99	0.98	54.12	92	L1
transcript:AT5G51040.2	Cau.Cau7AG001344	0.99	0.99	63.39	116	L1
transcript:AT1G48420.3	Cau.Cau5BG001656	0.97	0.91	73.85	288	L1
transcript:AT3G10670.1	Cau.Cau7BG001619	0.96	1.00	69.00	227	L1
transcript:AT5G50850.1	Cau.Cau7AG000179	0.91	0.87	89.73	297	L1
transcript:AT3G46750.1	Cau.Cau8AG001857	0.98	0.97	38.19	160	L1
transcript:AT1G64660.1	Cau.Cau5BG000052	0.98	0.98	77.17	338	L1
transcript:AT2G34585.1	Cau.Cau2AG002632	0.93	0.95	62.67	47	L1
transcript:AT3G45850.1	Cau.Cau8BG001741	0.99	1.00	80.85	857	L1
transcript:AT2G39910.1	Cau.Cau7BG002360	0.94	0.94	52.30	216	L1
transcript:AT4G18170.1	Cau.Cau7AG001241	0.91	0.90	44.20	141	L1
transcript:AT5G67320.1	Cau.Cau1BG000496	1.00	1.00	69.49	426	L1
transcript:AT1G31460.1	Cau.Cau2BG000879	0.29	0.75	38.37	33	L1
transcript:AT3G21305.1	Cau.Cau1BG000821	0.96	0.81	44.44	36	L1
transcript:AT2G20875.1	Cau.Cau2AG001057	0.82	0.83	60.00	63	L1
transcript:AT5G64090.1	Cau.Cau8BG001010	0.90	0.93	60.34	245	L1
transcript:AT2G37320.1	Cau.Cau6AG001598	1.00	0.94	56.10	285	L1
transcript:AT1G48440.1	Cau.Cau5BG001633	1.00	1.00	74.42	96	L1
transcript:AT3G27740.1	Cau.Cau1BG001938	0.99	0.99	74.83	321	L1
transcript:AT4G33410.1	Cau.Cau9BG000252	1.00	1.00	84.41	314	L1
transcript:AT5G48020.1	Cau.Cau7BG000043	1.00	1.00	79.72	283	L1
transcript:ATCG01010.1	Cau.Cau1BG001179	0.15	0.80	75.65	87	L1
transcript:AT3G61620.2	Cau.Cau5BG002526	1.00	1.00	81.74	197	L1
transcript:AT3G48150.1	Cau.Cau5BG000386	1.00	1.00	79.76	461	L1
transcript:AT4G17430.1	Cau.Cau5AG000726	1.00	1.00	59.02	301	L1
transcript:AT1G55820.1	Cau.Cau4BG001636	0.99	0.99	35.33	216	L1
transcript:AT5G43310.2	Cau.Cau9BG001288	1.00	1.00	46.54	626	L1
transcript:AT5G06590.1	Cau.Cau6BG000899	1.00	1.00	53.63	170	L1
transcript:AT4G23895.2	Cau.Cau5BG000120	0.98	0.97	68.29	168	L1
transcript:AT2G30090.1	Cau.Cau8BG002009	0.97	0.99	56.41	220	L1
transcript:AT3G01280.1	Cau.Cau6AG000165	1.00	1.00	76.09	210	L1
transcript:AT1G73160.1	Cau.Cau4AG001070	1.00	0.97	62.88	310	L1
transcript:AT2G17550.1	Cau.Cau1AG000034	0.99	1.00	41.93	387	L1
transcript:AT3G57320.1	Cau.Cau9BG000732	0.95	0.77	40.88	56	L1
transcript:AT4G30600.1	Cau.Cau4BG002257	1.00	1.00	79.91	509	L1
transcript:AT1G58320.1	Cau.Cau7AG000881	1.00	1.00	51.33	77	L1
transcript:AT3G19510.2	Cau.Cau8BG000341	0.78	0.56	46.50	292	L1
transcript:AT1G05785.5	Cau.Cau5BG002304	0.99	1.00	71.43	95	L1
transcript:AT5G66020.1	Cau.Cau1AG000043	0.99	0.98	76.49	449	L1
transcript:AT4G15510.5	Cau.Cau3BG001260	0.99	0.99	75.61	155	L1
transcript:AT4G14723.1	Cau.Cau9BG001455	0.94	0.98	58.25	60	L1
transcript:AT3G27120.1	Cau.Cau2BG000882	0.91	0.98	69.16	453	L1
transcript:AT2G04340.1	Cau.Cau2BG001401	0.97	0.98	67.66	113	L1
transcript:AT1G69440.1	Cau.Cau7AG000227	0.87	0.86	71.52	638	L1
transcript:AT5G46790.2	Cau.Cau7AG001545	0.93	0.96	67.48	139	L1
transcript:AT3G01380.2	Cau.Cau6AG000207	0.99	1.00	72.95	720	L1
transcript:AT1G08970.4	Cau.Cau3AG001457	0.97	0.99	62.69	163	L1
transcript:AT4G10100.2	Cau.Cau5BG001840	0.86	0.79	66.27	55	L1
transcript:AT5G35870.1	Cau.Cau2BG001376	0.53	0.69	41.61	57	L1
transcript:AT5G59845.1	Cau.Cau3AG001235	1.00	1.00	67.42	60	L1
transcript:AT5G12920.1	Cau.Cau2BG000181	0.90	0.99	52.09	262	L1
transcript:AT2G22480.1	Cau.Cau1AG000683	1.00	1.00	78.81	424	L1
transcript:AT1G04290.1	Cau.Cau1AG000758	1.00	1.00	70.25	111	L1
transcript:AT1G13040.2	Cau.Cau7AG000542	0.98	0.98	60.12	306	L1
transcript:AT4G16060.1	Cau.Cau9AG001739	0.98	0.96	69.90	202	L1
transcript:AT4G03130.1	Cau.Cau5AG003020	1.00	0.98	33.59	291	L1
transcript:AT1G21080.3	Cau.Cau3AG000002	1.00	0.99	73.40	298	L1
transcript:AT1G12570.1	Cau.Cau5BG000894	0.98	0.97	67.13	384	L1
transcript:AT3G06420.1	Cau.Cau9BG001966	0.97	0.96	77.39	89	L1
transcript:AT2G42780.1	Cau.Cau2AG001526	0.73	0.95	46.33	101	L1
transcript:AT3G24100.1	Cau.Cau9AG000938	0.48	0.40	81.82	27	L1
transcript:AT5G16120.1	Cau.Cau6AG000368	0.96	0.97	72.70	245	L1
transcript:AT5G41120.1	Cau.Cau2AG000827	0.99	0.94	54.89	382	L1
transcript:AT5G12410.1	Cau.Cau2BG000296	0.99	0.99	58.03	224	L1
transcript:AT5G38460.1	Cau.Cau6AG000360	1.00	1.00	64.14	347	L1
transcript:AT2G43940.1	Cau.Cau5BG001986	0.93	0.76	67.14	141	L1
transcript:AT4G27040.6	Cau.Cau4AG001383	1.00	1.00	83.60	209	L1
transcript:AT1G62300.1	Cau.Cau2BG002677	1.00	0.99	50.79	323	L1
transcript:AT1G52340.1	Cau.Cau6BG002366	0.99	1.00	70.57	199	L1
transcript:AT1G55740.1	Cau.Cau4BG001679	1.00	1.00	76.02	577	L1
transcript:AT1G07830.1	Cau.Cau5BG000408	1.00	1.00	76.39	110	L1
transcript:AT5G10810.1	Cau.Cau4BG000128	0.93	0.99	80.20	81	L1
transcript:AT4G29680.1	Cau.Cau4AG000889	0.99	0.99	73.19	363	L1
transcript:AT5G40470.1	Cau.Cau2BG000556	0.99	1.00	46.02	231	L1
transcript:AT1G09570.6	Cau.Cau6AG002065	1.00	1.00	82.60	926	L1
transcript:AT4G32190.1	Cau.Cau4AG000206	0.99	1.00	53.75	423	L1
transcript:AT4G02780.1	Cau.Cau5BG002869	0.94	0.93	56.74	438	L1
transcript:AT4G32950.1	Cau.Cau4BG000458	0.98	1.00	32.57	114	L1
transcript:AT5G66800.1	Cau.Cau1BG000418	0.98	0.98	47.74	95	L1
transcript:AT3G23770.1	Cau.Cau9AG000860	0.91	0.94	65.51	283	L1
transcript:AT1G29150.2	Cau.Cau4BG002034	0.99	0.98	87.47	363	L1
transcript:AT1G79020.1	Cau.Cau5BG001928	0.64	1.00	72.40	223	L1
transcript:AT3G51760.3	Cau.Cau6AG001256	0.94	0.90	34.83	93	L1
transcript:AT5G35830.1	Cau.Cau2BG001931	0.52	0.47	46.26	68	L1
transcript:AT5G38530.1	Cau.Cau6AG000323	0.95	0.94	82.29	395	L1
transcript:AT2G31081.1	Cau.Cau2BG000664	1.00	1.00	45.78	38	L1
transcript:AT1G29450.2	Cau.Cau8BG000100	1.00	0.99	57.45	81	L1
transcript:AT3G50910.1	Cau.Cau1AG000249	0.98	0.97	50.83	244	L1
transcript:AT2G46020.2	Cau.Cau5AG003544	0.97	0.97	68.62	1509	L1
transcript:AT3G20480.1	Cau.Cau4AG001450	0.99	1.00	59.44	233	L1
transcript:AT5G59950.5	Cau.Cau8BG001789	1.00	1.00	65.75	167	L1
transcript:AT5G64070.1	Cau.Cau1BG001876	1.00	1.00	72.32	831	L1
transcript:AT2G43465.1	Cau.Cau5AG002254	1.00	1.00	54.25	217	L1
transcript:AT5G49530.1	Cau.Cau1BG000312	1.00	0.99	45.59	326	L1
transcript:AT3G56820.1	Cau.Cau6AG000624	1.00	0.99	57.81	137	L1
transcript:AT1G55320.1	Cau.Cau2BG000061	1.00	1.00	70.68	516	L1
transcript:AT5G39790.1	Cau.Cau6AG000487	0.96	0.89	60.22	165	L1
transcript:AT2G19270.1	Cau.Cau4BG002032	1.00	1.00	41.88	183	L1
transcript:AT3G17910.1	Cau.Cau2AG000407	0.82	0.84	63.39	187	L1
transcript:AT1G04400.2	Cau.Cau9BG001322	0.97	0.96	63.78	398	L1
transcript:AT3G22990.1	Cau.Cau9AG001351	1.00	1.00	74.95	347	L1
transcript:AT1G21720.1	Cau.Cau3BG000833	1.00	1.00	93.14	190	L1
transcript:AT4G12680.1	Cau.Cau2BG001413	1.00	0.97	70.86	406	L1
transcript:AT5G03990.1	Cau.Cau9BG000754	0.95	0.87	37.11	118	L1
transcript:AT5G04370.1	Cau.Cau3AG002182	0.90	0.91	50.00	181	L1
transcript:AT3G21300.1	Cau.Cau1BG000814	0.99	1.00	72.79	412	L1
transcript:AT2G22740.1	Cau.Cau5BG000682	0.66	0.50	65.20	341	L1
transcript:AT3G11450.1	Cau.Cau6BG001274	0.99	0.99	68.21	442	L1
transcript:AT4G28380.1	Cau.Cau2AG001012	0.99	0.98	62.44	256	L1
transcript:AT1G63690.1	Cau.Cau5BG000249	1.00	0.99	78.52	424	L1
transcript:AT4G32400.1	Cau.Cau4AG000241	1.00	1.00	65.52	266	L1
transcript:AT1G21430.1	Cau.Cau3BG000761	0.95	0.97	60.16	225	L1
transcript:AT2G17820.1	Cau.Cau1AG000131	0.97	0.99	59.32	716	L1
transcript:AT2G39470.1	Cau.Cau7BG001992	1.00	1.00	57.14	136	L1
transcript:AT5G16150.3	Cau.Cau6AG000386	0.99	0.99	79.89	437	L1
transcript:AT2G32415.3	Cau.Cau2AG001209	1.00	0.99	60.59	572	L1
transcript:AT3G26610.1	Cau.Cau7BG000479	0.68	0.96	64.56	215	L1
transcript:AT3G26900.1	Cau.Cau2BG000822	1.00	1.00	54.90	157	L1
transcript:AT5G63160.1	Cau.Cau5AG000554	0.89	0.87	67.18	219	L1
transcript:AT3G02290.2	Cau.Cau6BG000256	1.00	1.00	63.68	149	L1
transcript:AT3G57530.1	Cau.Cau9BG000634	1.00	1.00	81.41	438	L1
transcript:AT2G26060.1	Cau.Cau6BG000744	0.99	0.98	73.85	257	L1
transcript:AT3G05250.1	Cau.Cau3AG001449	1.00	0.99	56.83	158	L1
transcript:AT2G34630.2	Cau.Cau2BG002124	1.00	0.52	72.10	305	L1
transcript:AT4G32350.3	Cau.Cau4AG000712	1.00	1.00	43.86	253	L1
transcript:AT1G27100.1	Cau.Cau7AG000345	1.00	0.98	56.85	303	L1
transcript:AT1G08130.1	Cau.Cau8BG001550	1.00	1.00	67.86	551	L1
transcript:AT1G50020.1	Cau.Cau8BG000254	1.00	1.00	55.35	119	L1
transcript:AT4G31790.2	Cau.Cau3BG000218	0.66	0.78	83.52	152	L1
transcript:AT3G28730.1	Cau.Cau6BG000155	1.00	1.00	78.95	510	L1
transcript:AT2G47540.1	Cau.Cau5AG003134	0.79	0.72	59.12	81	L1
transcript:AT5G27860.2	Cau.Cau3BG001349	0.79	0.77	66.67	94	L1
transcript:AT1G56050.1	Cau.Cau5BG001472	0.99	0.99	78.77	334	L1
transcript:AT4G00710.2	Cau.Cau5BG003535	0.99	0.99	83.30	404	L1
transcript:AT5G66010.1	Cau.Cau2BG000365	1.00	1.00	68.66	184	L1
transcript:AT1G72750.1	Cau.Cau1BG000892	0.97	0.96	74.18	135	L1
transcript:AT1G64890.1	Cau.Cau7BG001113	0.98	0.99	62.70	274	L1
transcript:AT5G01710.1	Cau.Cau6BG001216	1.00	1.00	72.83	378	L1
transcript:AT5G20240.1	Cau.Cau3AG000806	0.97	1.00	61.97	132	L1
transcript:AT5G06990.1	Cau.Cau3AG001942	0.96	1.00	63.77	169	L1
transcript:AT3G03341.1	Cau.Cau6BG000461	0.99	0.92	76.06	54	L1
transcript:AT2G34060.1	Cau.Cau2AG002441	0.95	0.93	67.27	222	L1
transcript:AT3G06483.1	Cau.Cau9AG001903	1.00	1.00	82.16	304	L1
transcript:AT3G19490.1	Cau.Cau8AG000390	1.00	1.00	79.93	466	L1
transcript:AT1G02130.1	Cau.Cau5BG003771	1.00	1.00	91.63	186	L1
transcript:AT1G04190.1	Cau.Cau9AG001384	0.96	0.98	76.75	241	L1
transcript:AT1G09760.1	Cau.Cau8AG000981	0.96	0.85	81.07	197	L1
transcript:AT3G16500.1	Cau.Cau1AG001055	1.00	1.00	47.43	157	L1
transcript:AT1G53910.2	Cau.Cau1AG000989	1.00	1.00	47.95	199	L1
transcript:AT3G15354.3	Cau.Cau4BG001158	1.00	1.00	63.60	580	L1
transcript:AT5G03820.1	Cau.Cau6AG000658	1.00	1.00	69.38	247	L1
transcript:AT1G70560.1	Cau.Cau7BG000487	0.95	0.93	58.29	218	L1
transcript:AT3G19850.1	Cau.Cau7AG001016	1.00	1.00	49.66	289	L1
transcript:AT5G11910.1	Cau.Cau4AG000508	0.96	0.99	60.63	174	L1
transcript:AT5G22850.1	Cau.Cau8BG001507	0.96	0.96	72.06	343	L1
transcript:AT1G01020.1	Cau.Cau5BG003291	0.89	0.97	56.44	127	L1
transcript:AT4G11150.1	Cau.Cau5AG000172	1.00	1.00	75.65	174	L1
transcript:AT3G05858.1	Cau.Cau6BG002412	0.91	0.93	59.52	50	L1
transcript:AT3G51290.3	Cau.Cau1BG000119	1.00	1.00	62.69	405	L1
transcript:AT2G20190.1	Cau.Cau5BG002618	1.00	1.00	77.32	1118	L1
transcript:AT1G55830.2	Cau.Cau4AG001617	1.00	0.99	48.07	236	L1
transcript:AT5G27680.4	Cau.Cau3AG001394	0.98	0.97	57.00	497	L1
transcript:AT2G46570.1	Cau.Cau5AG003406	0.98	0.98	68.46	382	L1
transcript:AT5G35960.1	Cau.Cau5AG002998	0.93	0.98	64.39	273	L1
transcript:AT3G18730.1	Cau.Cau1BG001910	1.00	1.00	55.19	745	L1
transcript:AT4G16695.1	Cau.Cau5BG000743	1.00	1.00	82.46	47	L1
transcript:AT1G74690.1	Cau.Cau5AG000318	1.00	1.00	49.33	296	L1
transcript:AT1G77420.1	Cau.Cau2AG001809	0.99	1.00	62.28	251	L1
transcript:AT3G17670.1	Cau.Cau5BG001677	0.90	0.82	60.56	129	L1
transcript:AT3G09150.2	Cau.Cau2BG000317	0.89	0.88	62.24	183	L1
transcript:AT1G01760.4	Cau.Cau5BG003546	0.99	0.96	57.96	244	L1
transcript:AT5G55210.1	Cau.Cau4AG001497	0.96	0.85	43.98	73	L1
transcript:AT2G41950.1	Cau.Cau6AG000951	0.79	0.77	68.54	146	L1
transcript:AT2G44060.2	Cau.Cau5AG002006	0.97	0.87	76.11	239	L1
transcript:AT1G09630.1	Cau.Cau3BG002324	1.00	1.00	91.71	199	L1
transcript:AT5G61530.1	Cau.Cau9BG000495	1.00	1.00	74.41	282	L1
transcript:AT3G12040.1	Cau.Cau6AG000956	0.99	0.93	67.46	170	L1
transcript:AT5G39450.1	Cau.Cau1AG001723	0.97	0.97	53.51	328	L1
transcript:AT1G20190.1	Cau.Cau3BG000156	1.00	1.00	74.12	189	L1
transcript:AT1G68360.1	Cau.Cau2AG001795	0.99	0.99	53.08	138	L1
transcript:AT1G05590.3	Cau.Cau5AG002090	0.98	0.98	65.46	381	L1
transcript:AT5G22740.1	Cau.Cau8AG001459	1.00	1.00	82.37	444	L1
transcript:AT4G18230.4	Cau.Cau2BG002575	0.66	0.69	65.71	92	L1
transcript:AT4G31200.3	Cau.Cau2BG000691	1.00	1.00	64.87	434	L1
transcript:AT1G78540.1	Cau.Cau5BG001383	0.99	0.99	50.99	359	L1
transcript:AT1G62730.1	Cau.Cau5BG000813	0.99	0.99	76.08	229	L1
transcript:AT5G65460.1	Cau.Cau1AG000668	1.00	1.00	75.43	976	L1
transcript:AT2G07627.1	Cau.Cau2BG000987	1.00	1.00	95.83	69	L1
transcript:AT5G66150.2	Cau.Cau1BG000132	0.98	1.00	67.45	690	L1
transcript:AT2G45070.1	Cau.Cau1BG001940	0.94	0.91	84.42	65	L1
transcript:AT5G01250.1	Cau.Cau6BG001328	0.94	0.98	53.37	214	L1
transcript:AT4G30900.3	Cau.Cau4BG002266	0.96	0.97	79.87	246	L1
transcript:AT5G66440.1	Cau.Cau8BG000647	0.97	0.98	35.20	88	L1
transcript:AT5G45390.1	Cau.Cau3BG001688	0.93	0.99	67.24	195	L1
transcript:AT1G27700.1	Cau.Cau3AG001228	1.00	1.00	50.29	173	L1
transcript:AT1G77920.1	Cau.Cau3AG000940	0.98	0.98	64.23	237	L1
transcript:AT1G30845.1	Cau.Cau3AG000242	0.95	0.97	72.32	81	L1
transcript:AT1G72490.1	Cau.Cau1AG000937	1.00	1.00	52.56	164	L1
transcript:AT5G13610.1	Cau.Cau7AG001917	0.97	0.95	62.22	247	L1
transcript:AT2G27880.1	Cau.Cau8AG001487	0.98	0.99	61.00	610	L1
transcript:AT2G28510.1	Cau.Cau8BG001704	0.99	0.98	37.28	126	L1
transcript:AT1G80660.1	Cau.Cau1BG001452	1.00	0.99	85.91	817	L1
transcript:AT3G54810.1	Cau.Cau7BG001858	1.00	0.99	48.32	173	L1
transcript:AT2G40060.1	Cau.Cau7AG002255	0.95	0.98	53.38	142	L1
transcript:AT1G19430.3	Cau.Cau3BG000335	0.99	1.00	66.35	493	L1
transcript:AT5G11840.1	Cau.Cau4BG000484	0.94	0.90	63.53	162	L1
transcript:AT3G55460.1	Cau.Cau7AG002371	0.89	0.87	61.51	155	L1
transcript:AT5G66140.1	Cau.Cau1BG000126	1.00	1.00	93.20	233	L1
transcript:AT5G42930.1	Cau.Cau3BG000473	0.98	0.97	59.35	273	L1
transcript:AT1G05835.1	Cau.Cau5BG002317	0.98	0.97	48.82	62	L1
transcript:AT2G45190.1	Cau.Cau5BG003688	0.98	1.00	68.89	155	L1
transcript:AT3G13898.1	Cau.Cau1AG000867	0.90	0.90	45.22	52	L1
transcript:AT5G50150.1	Cau.Cau5AG000476	0.99	0.94	75.35	321	L1
transcript:AT3G19900.1	Cau.Cau7BG001010	1.00	1.00	58.95	135	L1
transcript:AT5G66920.1	Cau.Cau1BG000384	0.95	0.96	75.38	392	L1
transcript:AT3G44330.1	Cau.Cau8AG001349	0.98	0.99	78.24	435	L1
transcript:AT3G24050.1	Cau.Cau9BG001114	0.93	0.90	46.62	124	L1
transcript:AT5G37680.1	Cau.Cau6AG000509	0.99	0.99	91.80	168	L1
transcript:AT1G68020.3	Cau.Cau2AG001604	1.00	1.00	82.93	719	L1
transcript:AT1G47510.1	Cau.Cau3BG000381	0.98	0.97	62.12	205	L1
transcript:AT2G19540.1	Cau.Cau9AG000607	0.99	1.00	73.36	347	L1
transcript:AT2G40990.1	Cau.Cau6AG000612	0.98	0.99	57.64	234	L1
transcript:AT1G04030.2	Cau.Cau5BG002671	0.99	0.97	46.99	211	L1
transcript:AT1G61680.2	Cau.Cau2BG002227	0.70	0.97	49.52	206	L1
transcript:AT2G40800.1	Cau.Cau7BG002082	0.99	1.00	67.11	255	L1
transcript:AT1G75000.1	Cau.Cau3BG000375	0.95	0.89	68.66	184	L1
transcript:AT3G51990.1	Cau.Cau7BG000120	1.00	0.72	62.19	227	L1
transcript:AT2G29690.1	Cau.Cau8BG001961	0.89	0.94	80.22	446	L1
transcript:AT3G63120.1	Cau.Cau5AG002928	1.00	0.91	51.57	115	L1
transcript:AT2G47790.1	Cau.Cau5AG003085	0.98	1.00	68.37	268	L1
transcript:AT5G19940.1	Cau.Cau4AG000038	1.00	0.98	65.98	159	L1
transcript:AT1G15530.1	Cau.Cau5BG000508	0.97	0.97	67.79	444	L1
transcript:AT5G48820.1	Cau.Cau5BG002573	1.00	1.00	47.21	110	L1
transcript:AT2G45200.1	Cau.Cau5BG003687	1.00	1.00	89.96	215	L1
transcript:AT4G31250.1	Cau.Cau4AG000015	0.99	0.98	50.44	341	L1
transcript:AT5G44600.1	Cau.Cau2BG001851	0.88	0.88	59.67	182	L1
transcript:AT2G16890.2	Cau.Cau2BG000475	0.98	0.99	61.01	291	L1
transcript:AT2G26340.1	Cau.Cau4BG001836	0.84	0.86	61.86	133	L1
transcript:AT4G27940.1	Cau.Cau9BG000138	0.98	0.98	65.94	271	L1
transcript:AT5G40370.1	Cau.Cau2BG000527	0.96	0.99	76.64	82	L1
transcript:AT3G47370.2	Cau.Cau9BG000404	1.00	1.00	93.44	114	L1
transcript:AT2G46690.1	Cau.Cau5BG003332	1.00	1.00	63.57	82	L1
transcript:AT3G54480.4	Cau.Cau8BG001075	0.90	0.96	71.63	101	L1
transcript:AT5G07010.1	Cau.Cau3AG001939	0.92	0.95	61.38	205	L1
transcript:AT5G06330.1	Cau.Cau6BG000834	1.00	1.00	63.08	135	L1
transcript:AT4G22860.1	Cau.Cau5BG000861	1.00	1.00	49.24	259	L1
transcript:AT5G23190.1	Cau.Cau7AG000966	0.94	0.94	77.14	405	L1
transcript:AT1G67310.1	Cau.Cau7AG000681	0.94	0.97	55.26	546	L1
transcript:AT5G10460.1	Cau.Cau5AG002115	0.99	0.99	70.55	218	L1
transcript:AT1G26761.1	Cau.Cau7BG000240	1.00	1.00	55.38	278	L1
transcript:AT5G19960.1	Cau.Cau4AG000627	1.00	0.98	44.41	159	L1
transcript:AT4G30780.1	Cau.Cau4AG002204	1.00	1.00	49.92	312	L1
transcript:AT1G12310.1	Cau.Cau5BG000830	1.00	1.00	88.51	131	L1
transcript:AT1G32550.1	Cau.Cau7AG001524	1.00	1.00	64.55	122	L1
transcript:AT3G10260.2	Cau.Cau7AG001292	1.00	1.00	64.26	160	L1
transcript:AT1G22660.4	Cau.Cau3BG000594	0.87	0.89	59.81	317	L1
transcript:AT3G06370.4	Cau.Cau9AG001610	0.98	1.00	75.69	411	L1
transcript:AT1G17820.1	Cau.Cau5BG001727	0.99	1.00	49.70	418	L1
transcript:AT4G40080.1	Cau.Cau1BG000706	0.98	0.98	60.28	217	L1
transcript:AT5G18150.1	Cau.Cau5AG002505	0.97	1.00	63.10	53	L1
transcript:AT5G07165.1	Cau.Cau9AG000382	0.97	0.99	29.03	54	L1
transcript:AT4G31990.1	Cau.Cau4AG000164	1.00	1.00	81.29	378	L1
transcript:AT4G34270.1	Cau.Cau8AG000351	0.99	0.96	72.38	207	L1
transcript:AT4G17420.1	Cau.Cau5BG000734	1.00	1.00	77.19	220	L1
transcript:AT5G03380.1	Cau.Cau6AG001769	1.00	0.98	43.14	173	L1
transcript:AT1G13230.1	Cau.Cau7BG000854	0.99	0.86	59.48	251	L1
transcript:AT3G56900.1	Cau.Cau6BG000594	1.00	1.00	69.13	309	L1
transcript:AT2G37990.1	Cau.Cau4AG000575	0.98	0.98	70.77	230	L1
transcript:AT5G17230.2	Cau.Cau6AG000643	0.98	0.98	73.04	317	L1
transcript:AT3G24750.2	Cau.Cau5BG002590	0.99	1.00	33.12	102	L1
transcript:AT1G58230.2	Cau.Cau3BG001112	1.00	0.80	69.25	1815	L1
transcript:AT2G21160.1	Cau.Cau8BG000803	0.96	0.96	64.26	160	L1
transcript:AT1G01500.1	Cau.Cau5AG003514	0.98	1.00	63.55	204	L1
transcript:AT1G68570.1	Cau.Cau7BG000906	0.98	1.00	77.53	452	L1
transcript:AT2G45990.2	Cau.Cau5AG003548	0.49	0.96	77.69	101	L1
transcript:AT5G14100.1	Cau.Cau2BG000850	0.87	0.88	78.93	191	L1
transcript:AT2G01390.1	Cau.Cau1AG000327	0.97	0.97	55.20	313	L1
transcript:AT5G17270.1	Cau.Cau7BG000996	0.99	0.99	62.20	571	L1
transcript:AT1G34150.1	Cau.Cau3BG000620	0.93	0.97	60.00	258	L1
transcript:AT2G21070.3	Cau.Cau8AG000195	0.93	0.99	65.53	327	L1
transcript:AT4G31880.1	Cau.Cau4BG000154	1.00	1.00	45.35	424	L1
transcript:AT1G64220.1	Cau.Cau3AG000593	1.00	1.00	57.14	44	L1
transcript:AT5G09920.1	Cau.Cau1AG001963	1.00	1.00	90.58	125	L1
transcript:AT2G35060.4	Cau.Cau2BG001923	1.00	1.00	83.00	664	L1
transcript:AT5G62990.1	Cau.Cau1AG001511	0.99	1.00	58.04	285	L1
transcript:AT5G42450.1	Cau.Cau6AG001557	0.97	0.97	57.93	296	L1
transcript:AT5G17660.1	Cau.Cau7AG001132	0.92	0.92	66.78	197	L1
transcript:AT3G60680.1	Cau.Cau5AG003724	0.98	0.97	60.90	310	L1
transcript:AT1G65690.1	Cau.Cau6BG001063	1.00	1.00	57.03	146	L1
transcript:AT5G61220.3	Cau.Cau5AG001011	0.92	0.81	61.25	49	L1
transcript:AT3G01270.1	Cau.Cau5BG000326	1.00	1.00	55.58	264	L1
transcript:AT3G07860.3	Cau.Cau3AG000134	0.98	0.92	68.71	112	L1
transcript:AT5G50310.1	Cau.Cau5AG000573	0.98	0.97	75.30	503	L1
transcript:AT1G49580.1	Cau.Cau8BG000479	1.00	1.00	68.67	423	L1
transcript:AT3G55360.1	Cau.Cau7AG002047	1.00	1.00	83.23	258	L1
transcript:AT3G62870.1	Cau.Cau7BG001431	1.00	1.00	86.49	224	L1
transcript:AT5G53045.1	Cau.Cau5BG001523	0.99	0.96	65.26	62	L1
transcript:AT4G13090.1	Cau.Cau5AG002615	0.94	0.95	47.83	132	L1
transcript:AT1G66080.1	Cau.Cau9BG000864	0.99	0.93	82.98	156	L1
transcript:AT5G51880.1	Cau.Cau9BG000340	0.88	0.88	75.34	165	L1
transcript:AT3G23810.1	Cau.Cau9BG000930	1.00	1.00	84.84	185	L1
transcript:AT5G10330.1	Cau.Cau3BG000578	1.00	1.00	75.47	320	L1
transcript:AT3G54420.1	Cau.Cau5BG002109	1.00	1.00	71.74	198	L1
transcript:AT5G01030.3	Cau.Cau6BG001397	0.92	0.84	34.07	291	L1
transcript:AT3G14890.1	Cau.Cau5BG001288	0.52	0.85	61.98	225	L1
transcript:AT2G05100.1	Cau.Cau2AG001352	1.00	1.00	91.32	242	L1
transcript:AT5G63910.1	Cau.Cau1BG001723	0.45	1.00	66.23	151	L1
transcript:AT3G21430.4	Cau.Cau9BG001728	1.00	1.00	49.41	589	L1
transcript:AT3G57550.3	Cau.Cau9BG000630	1.00	0.97	66.24	261	L1
transcript:AT5G64460.2	Cau.Cau8AG000207	0.96	0.94	77.12	209	L1
transcript:AT3G15720.3	Cau.Cau1BG001325	0.81	0.95	54.42	203	L1
transcript:AT2G22680.1	Cau.Cau1BG000626	1.00	1.00	49.66	365	L1
transcript:AT4G34030.1	Cau.Cau8BG000433	0.93	0.96	81.83	446	L1
transcript:AT4G11670.3	Cau.Cau5BG000922	1.00	0.99	53.93	638	L1
transcript:AT3G02650.1	Cau.Cau3AG001248	1.00	1.00	51.76	308	L1
transcript:AT5G63060.1	Cau.Cau5BG000479	1.00	1.00	64.89	170	L1
transcript:AT4G37650.1	Cau.Cau1BG000564	1.00	1.00	59.27	326	L1
transcript:AT1G07320.4	Cau.Cau8AG001936	0.89	0.85	74.10	186	L1
transcript:AT5G12050.1	Cau.Cau4AG001832	0.99	0.94	35.81	159	L1
transcript:AT4G15545.1	Cau.Cau9AG001582	0.94	0.97	62.80	206	L1
transcript:AT5G10130.1	Cau.Cau1BG002135	1.00	1.00	51.83	85	L1
transcript:AT5G61150.2	Cau.Cau5BG001033	0.99	0.99	63.81	409	L1
transcript:AT4G12910.2	Cau.Cau6AG001910	0.88	0.96	55.73	243	L1
transcript:AT4G21540.1	Cau.Cau2AG002291	0.96	0.98	66.18	315	L1
transcript:AT2G20515.1	Cau.Cau5BG002723	0.98	1.00	59.49	94	L1
transcript:AT5G35410.1	Cau.Cau4AG000547	1.00	1.00	77.08	343	L1
transcript:AT4G16535.1	Cau.Cau8BG000946	1.00	1.00	54.58	143	L1
transcript:AT2G40095.2	Cau.Cau7BG002254	0.99	0.99	64.32	137	L1
transcript:AT4G39700.1	Cau.Cau1BG002110	1.00	1.00	70.89	112	L1
transcript:AT1G11920.1	Cau.Cau2AG002685	1.00	1.00	71.17	279	L1
transcript:AT1G26600.1	Cau.Cau7AG000200	0.93	0.91	41.18	49	L1
transcript:AT5G05330.1	Cau.Cau7BG002147	0.75	0.80	46.20	79	L1
transcript:AT5G64350.1	Cau.Cau8BG000937	1.00	1.00	82.14	92	L1
transcript:AT2G36295.1	Cau.Cau6AG000735	0.57	0.49	43.75	28	L1
transcript:AT5G60980.4	Cau.Cau5BG001063	0.99	0.98	56.63	269	L1
transcript:AT1G44820.1	Cau.Cau3BG000881	0.98	0.99	70.05	304	L1
transcript:AT4G27230.2	Cau.Cau4BG001318	1.00	0.99	93.23	124	L1
transcript:AT3G03290.1	Cau.Cau5BG001085	1.00	0.98	41.30	114	L1
transcript:AT5G24260.4	Cau.Cau5AG001531	1.00	0.95	70.68	528	L1
transcript:AT2G14095.1	Cau.Cau8AG000957	0.60	0.63	47.14	66	L1
transcript:AT4G03010.1	Cau.Cau5BG002953	0.99	0.98	74.87	292	L1
transcript:AT2G16990.2	Cau.Cau8BG000115	0.99	0.99	53.22	240	L1
transcript:AT2G37520.1	Cau.Cau6BG001524	0.98	0.99	55.35	481	L1
transcript:AT5G55860.1	Cau.Cau4AG001607	1.00	1.00	61.31	404	L1
transcript:AT5G24240.2	Cau.Cau5AG001530	0.99	0.98	65.58	381	L1
transcript:AT2G16760.1	Cau.Cau5AG003199	1.00	0.99	65.06	216	L1
transcript:AT1G70985.1	Cau.Cau2BG001687	0.99	0.98	44.65	71	L1
transcript:AT5G42080.1	Cau.Cau5BG000115	1.00	1.00	88.20	538	L1
transcript:AT4G14385.1	Cau.Cau5AG002787	0.86	0.90	65.97	95	L1
transcript:AT4G04870.1	Cau.Cau2BG002167	0.99	0.99	65.78	223	L1
transcript:AT4G29750.2	Cau.Cau4BG000927	0.87	0.91	53.39	410	L1
transcript:AT1G17745.1	Cau.Cau1BG001562	1.00	1.00	69.04	437	L1
transcript:AT5G19160.1	Cau.Cau9BG001576	0.97	0.97	65.03	292	L1
transcript:AT2G33820.1	Cau.Cau2AG002393	0.95	0.97	70.61	209	L1
transcript:AT4G34260.1	Cau.Cau8AG000355	0.95	0.96	67.85	555	L1
transcript:AT2G41690.1	Cau.Cau9BG000696	0.76	0.66	60.22	112	L1
transcript:AT1G61800.1	Cau.Cau2AG002191	1.00	1.00	80.55	323	L1
transcript:AT1G01140.1	Cau.Cau5BG003323	0.98	0.94	80.28	350	L1
transcript:AT3G06670.1	Cau.Cau9BG001865	1.00	1.00	70.03	617	L1
transcript:AT5G05365.1	Cau.Cau7AG002159	0.91	0.92	87.14	61	L1
transcript:AT3G48660.1	Cau.Cau7BG001457	0.78	1.00	85.51	59	L1
transcript:AT3G45230.1	Cau.Cau8AG001626	0.98	0.96	42.44	73	L1
transcript:AT2G18290.1	Cau.Cau5AG001034	1.00	1.00	67.19	129	L1
transcript:AT3G15290.1	Cau.Cau4BG001138	0.99	0.98	79.31	230	L1
transcript:AT1G23440.3	Cau.Cau7AG000465	1.00	1.00	71.89	156	L1
transcript:AT3G21360.1	Cau.Cau1BG001078	0.98	0.99	73.64	243	L1
transcript:AT1G72480.1	Cau.Cau1BG000959	0.97	0.95	73.08	361	L1
transcript:AT3G55820.1	Cau.Cau7AG002277	0.94	0.93	46.35	89	L1
transcript:AT5G42655.1	Cau.Cau3AG000390	0.93	0.59	55.00	66	L1
transcript:AT5G58490.1	Cau.Cau8BG002020	1.00	1.00	75.85	245	L1
transcript:AT5G59250.1	Cau.Cau8BG001871	1.00	1.00	75.49	425	L1
transcript:AT5G53350.1	Cau.Cau5BG001506	1.00	0.99	74.70	437	L1
transcript:AT2G30630.2	Cau.Cau5BG002770	0.96	0.97	78.11	414	L1
transcript:AT3G13700.2	Cau.Cau1BG000842	0.99	0.99	63.29	181	L1
transcript:AT5G62700.1	Cau.Cau8BG001921	0.96	0.96	98.37	423	L1
transcript:AT3G12345.1	Cau.Cau7BG001955	0.96	0.91	60.32	114	L1
transcript:AT3G01516.2	Cau.Cau2BG000509	1.00	0.95	39.90	77	L1
transcript:AT3G01550.1	Cau.Cau2BG000524	0.88	0.84	69.21	236	L1
transcript:AT3G52430.1	Cau.Cau1AG001715	0.96	0.96	38.07	233	L1
transcript:AT5G16750.1	Cau.Cau5AG002407	0.99	0.98	69.38	605	L1
transcript:AT4G14200.1	Cau.Cau9AG000854	1.00	1.00	39.72	114	L1
transcript:AT5G47560.1	Cau.Cau2AG002747	0.99	0.99	76.16	409	L1
transcript:AT1G78780.3	Cau.Cau5BG001297	0.85	0.94	71.89	156	L1
transcript:AT5G45680.1	Cau.Cau2AG001887	1.00	1.00	64.38	141	L1
transcript:AT1G62400.1	Cau.Cau2AG002722	1.00	1.00	81.79	319	L1
transcript:AT1G76040.2	Cau.Cau3BG000151	0.94	1.00	77.00	405	L1
transcript:AT1G47330.1	Cau.Cau3BG000334	0.95	0.99	68.77	348	L1
transcript:AT5G39650.1	Cau.Cau6BG000099	1.00	1.00	62.70	153	L1
transcript:AT4G32060.1	Cau.Cau4BG000188	0.95	0.96	64.23	316	L1
transcript:AT4G08170.2	Cau.Cau3BG001159	0.88	0.92	84.52	262	L1
transcript:AT1G23200.1	Cau.Cau2BG001641	0.96	0.97	56.61	304	L1
transcript:AT2G35680.1	Cau.Cau5AG000718	1.00	1.00	58.76	208	L1
transcript:AT5G49330.1	Cau.Cau9BG001847	0.72	0.80	53.21	149	L1
transcript:AT5G46110.1	Cau.Cau2BG002409	1.00	1.00	78.90	329	L1
transcript:AT1G26910.1	Cau.Cau7BG002081	0.99	0.99	88.99	194	L1
transcript:AT5G08650.1	Cau.Cau1AG000782	0.99	1.00	81.55	557	L1
transcript:AT1G73180.1	Cau.Cau5AG002152	0.95	0.95	73.62	360	L1
transcript:AT5G53480.1	Cau.Cau5AG001563	1.00	1.00	85.76	747	L1
transcript:AT3G17740.1	Cau.Cau5BG001663	0.98	0.99	56.80	647	L1
transcript:AT1G79500.1	Cau.Cau9BG000050	1.00	1.00	89.66	260	L1
transcript:AT2G14960.1	Cau.Cau8AG000348	1.00	1.00	81.33	488	L1
transcript:AT2G40620.1	Cau.Cau7BG002120	1.00	0.99	57.52	218	L1
transcript:AT1G71760.2	Cau.Cau3BG000626	0.83	0.70	33.33	87	L1
transcript:AT4G19900.1	Cau.Cau2AG001956	0.98	0.98	55.75	383	L1
transcript:AT3G21480.1	Cau.Cau9AG001602	0.98	0.97	42.47	358	L1
transcript:AT3G12350.1	Cau.Cau3AG001198	0.99	1.00	50.11	226	L1
transcript:AT2G40190.1	Cau.Cau7BG002228	0.99	0.99	77.12	354	L1
transcript:AT5G17770.1	Cau.Cau7BG001189	0.99	1.00	66.55	185	L1
transcript:AT3G53920.1	Cau.Cau4BG000442	0.87	0.94	51.18	261	L1
transcript:AT3G02710.1	Cau.Cau6AG000650	0.99	0.99	79.01	414	L1
transcript:AT3G01920.1	Cau.Cau2AG000880	1.00	1.00	67.71	216	L1
transcript:AT4G37020.1	Cau.Cau1BG000419	1.00	0.99	65.42	140	L1
transcript:AT3G26050.1	Cau.Cau7AG000586	0.84	0.76	32.89	174	L1
transcript:AT5G13190.1	Cau.Cau7AG000173	1.00	1.00	72.39	97	L1
transcript:AT2G02910.2	Cau.Cau7AG000286	0.94	0.97	60.90	271	L1
transcript:AT5G57340.1	Cau.Cau4AG002057	0.77	0.82	35.69	91	L1
transcript:AT2G32090.1	Cau.Cau9BG001510	0.99	0.94	78.95	105	L1
transcript:AT5G04870.1	Cau.Cau7BG001622	1.00	0.99	79.64	489	L1
transcript:AT5G24490.1	Cau.Cau5BG001591	0.77	0.74	78.48	186	L1
transcript:AT2G42850.1	Cau.Cau7BG001243	0.98	0.99	62.82	299	L1
transcript:AT3G19780.2	Cau.Cau7AG001003	0.94	1.00	43.88	466	L1
transcript:AT2G46540.1	Cau.Cau5BG003365	0.98	0.98	81.25	52	L1
transcript:AT1G08290.1	Cau.Cau8BG001425	0.97	0.93	56.86	199	L1
transcript:AT1G75900.1	Cau.Cau3AG000169	0.95	0.98	62.57	219	L1
transcript:AT5G51570.1	Cau.Cau9AG000387	0.98	0.99	90.21	258	L1
transcript:AT1G54780.1	Cau.Cau3AG001511	1.00	1.00	70.76	213	L1
transcript:AT1G30080.1	Cau.Cau2AG002629	0.99	1.00	70.05	283	L1
transcript:AT2G28450.1	Cau.Cau8AG001630	1.00	1.00	56.22	497	L1
transcript:AT1G54390.4	Cau.Cau5BG002431	0.99	0.99	82.58	218	L1
transcript:AT3G51320.1	Cau.Cau1BG000107	0.92	0.85	50.30	249	L1
transcript:AT3G60910.1	Cau.Cau7AG000121	1.00	1.00	72.62	183	L1
transcript:AT1G17830.1	Cau.Cau5BG001728	0.98	1.00	56.89	190	L1
transcript:AT5G56930.1	Cau.Cau4BG000933	0.37	0.33	45.05	132	L1
transcript:AT4G00590.1	Cau.Cau5AG003602	0.99	0.99	67.95	282	L1
transcript:AT2G05790.1	Cau.Cau2AG001269	0.97	0.97	78.21	359	L1
transcript:AT4G34150.1	Cau.Cau3BG000505	0.83	0.85	44.58	107	L1
transcript:AT5G24600.1	Cau.Cau1BG002061	0.90	0.83	72.20	161	L1
transcript:AT2G01440.1	Cau.Cau2AG001690	0.99	0.99	64.07	624	L1
transcript:AT4G14615.1	Cau.Cau9BG001416	1.00	1.00	80.26	61	L1
transcript:AT3G24130.1	Cau.Cau9AG000954	0.96	0.97	61.08	204	L1
transcript:AT3G16785.1	Cau.Cau9BG001812	1.00	1.00	75.05	833	L1
transcript:AT3G25860.1	Cau.Cau7AG000895	0.97	0.97	74.79	353	L1
transcript:AT1G03250.1	Cau.Cau5BG002902	1.00	1.00	67.20	168	L1
transcript:AT1G60190.1	Cau.Cau7BG000429	1.00	1.00	47.71	333	L1
transcript:AT1G45474.1	Cau.Cau3AG000464	0.97	0.89	76.31	190	L1
transcript:AT2G36690.2	Cau.Cau7AG001537	0.99	1.00	62.07	234	L1
transcript:AT3G61180.1	Cau.Cau5BG003580	0.97	1.00	59.57	224	L1
transcript:AT5G10240.1	Cau.Cau1BG002161	0.98	0.98	87.77	495	L1
transcript:AT2G43290.1	Cau.Cau5AG002300	0.99	0.97	64.35	139	L1
transcript:AT2G45770.1	Cau.Cau5AG003619	0.99	0.96	80.44	292	L1
transcript:AT4G03110.1	Cau.Cau5AG003017	0.94	0.97	70.99	301	L1
transcript:AT1G68530.1	Cau.Cau7BG000917	1.00	1.00	85.51	425	L1
transcript:AT3G53540.2	Cau.Cau6BG001563	0.90	0.93	42.15	392	L1
transcript:AT5G10360.1	Cau.Cau9BG000741	1.00	1.00	90.76	226	L1
transcript:AT3G01060.1	Cau.Cau6BG000056	0.99	1.00	79.65	364	L1
transcript:AT1G52150.1	Cau.Cau1BG001093	1.00	1.00	88.33	742	L1
transcript:AT5G66750.1	Cau.Cau1BG000295	0.98	1.00	69.83	530	L1
transcript:AT1G11680.1	Cau.Cau8BG001045	1.00	1.00	81.89	398	L1
transcript:AT3G16565.6	Cau.Cau9BG001749	0.98	0.98	64.12	168	L1
transcript:AT4G32915.1	Cau.Cau4BG000440	1.00	1.00	50.32	78	L1
transcript:AT1G45110.1	Cau.Cau3BG000277	0.97	0.94	68.44	232	L1
transcript:AT1G55900.1	Cau.Cau4AG001564	1.00	1.00	60.10	229	L1
transcript:AT5G13070.1	Cau.Cau2AG000208	1.00	0.83	83.06	152	L1
transcript:AT3G22540.1	Cau.Cau9AG001426	1.00	1.00	74.14	86	L1
transcript:AT3G62120.1	Cau.Cau7BG001975	0.95	0.97	83.27	418	L1
transcript:AT1G05830.2	Cau.Cau5BG002319	0.99	0.98	63.48	697	L1
transcript:AT4G33470.1	Cau.Cau1BG001686	0.96	0.91	73.76	298	L1
transcript:AT3G04650.1	Cau.Cau8BG001245	0.97	0.94	56.54	145	L1
transcript:AT5G55630.1	Cau.Cau4AG001571	0.98	0.98	58.99	210	L1
transcript:AT5G63870.2	Cau.Cau1BG000001	0.96	0.89	69.33	278	L1
transcript:AT4G13620.1	Cau.Cau9AG000939	0.70	0.80	48.29	155	L1
transcript:AT5G22350.1	Cau.Cau8BG001376	1.00	1.00	73.24	312	L1
transcript:AT4G11060.1	Cau.Cau3BG001328	1.00	1.00	63.72	137	L1
transcript:AT4G32560.4	Cau.Cau4BG000301	0.89	0.95	54.98	138	L1
transcript:AT3G63170.1	Cau.Cau5AG002922	0.99	0.99	58.60	167	L1
transcript:AT5G62080.1	Cau.Cau9BG000307	0.93	0.98	48.35	44	L1
transcript:AT2G36200.1	Cau.Cau6AG000778	1.00	1.00	73.04	737	L1
transcript:AT2G23670.1	Cau.Cau1AG000357	0.99	1.00	51.20	85	L1
transcript:AT2G33385.2	Cau.Cau9AG001156	1.00	1.00	55.97	211	L1
transcript:AT3G17900.2	Cau.Cau7AG000327	1.00	1.00	59.84	523	L1
transcript:AT3G12010.1	Cau.Cau6AG000945	1.00	0.99	58.73	434	L1
transcript:AT4G37080.2	Cau.Cau1BG000404	1.00	1.00	63.20	395	L1
transcript:AT5G06905.1	Cau.Cau9AG000564	0.98	0.97	52.34	268	L1
transcript:AT5G02780.3	Cau.Cau6BG001621	0.93	0.95	69.20	155	L1
transcript:AT4G12770.1	Cau.Cau2BG001447	1.00	1.00	56.82	525	L1
transcript:AT3G61860.1	Cau.Cau5AG003395	0.99	0.99	69.96	191	L1
transcript:AT5G22290.1	Cau.Cau8BG001351	0.98	0.94	44.32	164	L1
transcript:AT2G39705.1	Cau.Cau7AG002297	0.94	0.92	54.17	52	L1
transcript:AT5G54880.1	Cau.Cau4BG001418	0.93	0.95	43.48	180	L1
transcript:AT1G33220.1	Cau.Cau9AG000252	0.97	0.97	44.48	149	L1
transcript:AT3G06920.3	Cau.Cau9BG001759	1.00	1.00	72.44	652	L1
transcript:AT5G02810.1	Cau.Cau6AG001621	0.92	0.93	55.21	408	L1
transcript:AT2G35490.1	Cau.Cau3BG001734	0.97	1.00	56.15	219	L1
transcript:AT1G60710.1	Cau.Cau8AG000894	0.99	0.99	80.00	272	L1
transcript:AT1G13560.1	Cau.Cau7BG000825	1.00	1.00	86.38	336	L1
transcript:AT3G54490.1	Cau.Cau8BG001074	0.92	0.99	51.36	113	L1
transcript:AT3G54100.1	Cau.Cau6AG001378	0.94	0.92	65.02	394	L1
transcript:AT5G28237.1	Cau.Cau2AG002193	0.86	0.88	76.87	309	L1
transcript:AT3G62840.2	Cau.Cau2BG001588	1.00	1.00	93.52	101	L1
transcript:AT1G09950.1	Cau.Cau6AG001289	0.96	0.90	37.00	84	L1
transcript:AT2G45300.1	Cau.Cau5BG003668	1.00	1.00	77.63	406	L1
transcript:AT3G52050.2	Cau.Cau5BG002104	0.99	0.98	65.60	286	L1
transcript:AT2G26200.1	Cau.Cau4BG001889	0.97	0.97	66.00	363	L1
transcript:AT1G17285.1	Cau.Cau1BG001026	0.74	0.90	41.89	31	L1
transcript:AT4G33985.1	Cau.Cau8AG000437	1.00	1.00	67.31	105	L1
transcript:AT1G11700.1	Cau.Cau2AG002645	1.00	1.00	52.02	116	L1
transcript:AT3G07440.2	Cau.Cau2AG001518	0.97	0.95	69.70	161	L1
transcript:AT5G06710.1	Cau.Cau6AG000961	0.93	0.88	52.63	180	L1
transcript:AT3G60800.1	Cau.Cau5AG003698	1.00	0.99	83.71	257	L1
transcript:AT1G74360.1	Cau.Cau5AG000996	0.98	1.00	65.81	714	L1
transcript:AT3G14930.2	Cau.Cau5AG001308	0.98	0.99	76.51	316	L1
transcript:AT3G04970.1	Cau.Cau3AG001478	1.00	1.00	70.00	280	L1
transcript:AT4G37050.1	Cau.Cau1AG000404	0.93	0.98	64.43	259	L1
transcript:AT5G57510.1	Cau.Cau4AG002093	0.95	0.98	49.62	66	L1
transcript:AT1G48460.1	Cau.Cau3AG000395	1.00	0.99	56.35	204	L1
transcript:AT2G27035.1	Cau.Cau2AG000417	0.96	0.90	52.80	85	L1
transcript:AT1G50370.1	Cau.Cau2BG001819	1.00	1.00	97.36	295	L1
transcript:AT1G69220.1	Cau.Cau7AG000717	1.00	1.00	63.48	537	L1
transcript:AT1G29940.1	Cau.Cau1BG002103	0.98	0.99	70.12	819	L1
transcript:AT5G61120.3	Cau.Cau1BG001905	0.87	0.85	23.12	86	L1
transcript:AT3G29270.2	Cau.Cau6BG000055	0.97	1.00	64.62	179	L1
transcript:AT5G45500.8	Cau.Cau1BG002036	0.70	0.71	37.31	197	L1
transcript:AT1G38131.1	Cau.Cau3AG000904	0.89	0.89	70.24	373	L1
transcript:AT5G23950.1	Cau.Cau9AG000155	0.83	0.90	49.20	123	L1
transcript:AT3G50360.1	Cau.Cau1BG000422	0.99	0.99	81.55	137	L1
transcript:AT1G55620.2	Cau.Cau4BG001705	0.99	1.00	70.17	548	L1
transcript:AT2G47750.1	Cau.Cau5BG003023	0.99	0.98	72.45	426	L1
transcript:AT2G36895.1	Cau.Cau6AG001791	1.00	1.00	63.22	153	L1
transcript:AT4G27100.2	Cau.Cau4BG001352	1.00	1.00	79.03	343	L1
transcript:AT1G80245.2	Cau.Cau8BG000135	0.87	0.92	54.95	61	L1
transcript:AT2G30590.1	Cau.Cau5AG002832	1.00	1.00	59.22	228	L1
transcript:AT5G22250.1	Cau.Cau8AG001328	0.99	0.96	72.60	204	L1
transcript:AT3G18524.1	Cau.Cau5AG001176	0.99	1.00	77.88	729	L1
transcript:AT1G31880.1	Cau.Cau3AG001851	1.00	1.00	68.98	249	L1
transcript:AT4G18975.2	Cau.Cau2AG002550	0.82	0.75	74.30	159	L1
transcript:AT1G31720.1	Cau.Cau6BG000223	0.98	0.99	44.39	87	L1
transcript:AT4G16970.1	Cau.Cau5AG000686	0.94	0.96	43.49	401	L1
transcript:AT4G31140.1	Cau.Cau4AG000006	1.00	0.97	68.52	333	L1
transcript:AT4G25980.1	Cau.Cau3AG001971	0.94	0.95	71.48	218	L1
transcript:AT1G68320.1	Cau.Cau2AG001802	0.94	0.94	52.84	158	L1
transcript:AT5G39600.1	Cau.Cau3AG000236	1.00	0.99	73.23	93	L1
transcript:AT3G09080.3	Cau.Cau6BG001356	1.00	0.97	48.80	563	L1
transcript:AT1G54217.2	Cau.Cau8BG001206	0.91	0.97	55.34	57	L1
transcript:AT1G51310.1	Cau.Cau2BG000236	0.87	0.83	77.24	336	L1
transcript:AT1G43890.3	Cau.Cau3BG000762	1.00	1.00	85.85	182	L1
transcript:AT1G61110.1	Cau.Cau2AG002322	0.98	0.99	54.21	206	L1
transcript:AT3G45100.1	Cau.Cau3BG002076	0.96	0.96	84.92	366	L1
transcript:AT3G61680.3	Cau.Cau2BG000446	1.00	1.00	56.98	404	L1
transcript:AT5G45310.1	Cau.Cau3AG001702	0.91	0.95	42.23	144	L1
transcript:AT5G57360.1	Cau.Cau4AG002065	1.00	1.00	84.09	518	L1
transcript:AT5G47570.1	Cau.Cau5BG000793	1.00	1.00	86.40	108	L1
transcript:AT2G35120.1	Cau.Cau2AG001952	1.00	1.00	80.13	125	L1
transcript:AT5G26880.1	Cau.Cau7BG000091	0.95	0.93	66.14	166	L1
transcript:AT3G27670.1	Cau.Cau2BG000546	1.00	1.00	53.74	999	L1
transcript:AT5G54310.1	Cau.Cau4BG001252	1.00	1.00	56.24	311	L1
transcript:AT5G51600.1	Cau.Cau9BG000390	0.98	0.98	62.31	458	L1
transcript:AT5G13810.1	Cau.Cau8BG001088	1.00	1.00	60.50	170	L1
transcript:AT4G16745.1	Cau.Cau5AG000732	0.95	0.96	61.11	319	L1
transcript:AT5G24540.2	Cau.Cau2AG000140	1.00	0.89	47.17	217	L1
transcript:AT4G04880.1	Cau.Cau2BG002170	0.99	0.98	70.87	253	L1
transcript:AT1G16610.7	Cau.Cau5AG001509	0.54	0.50	68.98	149	L1
transcript:AT2G19580.1	Cau.Cau4AG000883	1.00	1.00	76.58	206	L1
transcript:AT1G77540.1	Cau.Cau3AG000854	0.91	0.94	75.00	78	L1
transcript:AT4G30930.1	Cau.Cau2AG002371	0.91	0.97	58.10	147	L1
transcript:AT1G27880.1	Cau.Cau7BG000611	1.00	1.00	58.89	550	L1
transcript:AT3G28460.3	Cau.Cau6BG000189	0.97	0.82	73.38	193	L1
transcript:AT3G01120.1	Cau.Cau6AG000082	0.96	0.95	71.30	385	L1
transcript:AT1G71270.1	Cau.Cau5AG001947	1.00	1.00	83.17	588	L1
transcript:AT5G23980.1	Cau.Cau9BG000205	1.00	1.00	60.76	429	L1
transcript:AT5G56500.1	Cau.Cau2AG000021	1.00	1.00	70.70	432	L1
transcript:AT5G47530.1	Cau.Cau2AG002751	0.98	0.96	59.59	233	L1
transcript:AT2G14170.1	Cau.Cau8BG000835	0.88	1.00	82.56	445	L1
transcript:AT1G50120.1	Cau.Cau7BG000981	1.00	1.00	64.62	358	L1
transcript:AT1G71340.1	Cau.Cau5AG001920	0.97	0.98	59.50	191	L1
transcript:AT4G05320.4	Cau.Cau4AG001311	1.00	1.00	100.00	457	L1
transcript:AT1G76060.1	Cau.Cau3AG000147	0.97	1.00	66.67	102	L1
transcript:AT5G65730.1	Cau.Cau1BG000602	0.94	0.96	74.38	160	L1
transcript:AT3G24350.1	Cau.Cau4AG000649	1.00	1.00	70.31	251	L1
transcript:AT3G58520.1	Cau.Cau6AG000932	0.91	0.90	70.15	275	L1
transcript:AT1G71110.1	Cau.Cau2AG001721	0.95	0.95	65.06	350	L1
transcript:AT2G32750.1	Cau.Cau9BG000808	0.94	0.96	45.64	220	L1
transcript:AT5G13410.1	Cau.Cau8BG001047	0.83	0.79	77.36	164	L1
transcript:AT5G01500.1	Cau.Cau6AG001316	0.98	0.98	67.55	279	L1
transcript:AT3G61550.1	Cau.Cau5BG003453	0.93	0.98	62.56	127	L1
transcript:AT1G74730.1	Cau.Cau5BG000332	0.98	0.99	65.83	131	L1
transcript:AT5G66600.4	Cau.Cau1AG000345	0.99	0.99	62.58	393	L1
transcript:AT5G19855.1	Cau.Cau2AG000247	1.00	0.98	61.88	138	L1
transcript:AT4G00910.1	Cau.Cau5BG003353	0.99	0.90	57.87	283	L1
transcript:AT3G60810.1	Cau.Cau5AG003692	1.00	1.00	68.04	149	L1
transcript:AT5G47310.1	Cau.Cau5AG000715	0.93	1.00	65.22	150	L1
transcript:AT5G54980.1	Cau.Cau4BG001468	0.99	0.97	50.78	98	L1
transcript:AT3G54380.1	Cau.Cau3AG001903	0.88	0.87	57.42	205	L1
transcript:AT3G26510.2	Cau.Cau7BG000508	0.97	0.97	54.00	108	L1
transcript:AT3G23410.1	Cau.Cau9AG001184	0.97	0.96	63.36	460	L1
transcript:AT5G25830.1	Cau.Cau4AG000405	0.96	0.91	52.39	186	L1
transcript:AT5G58380.1	Cau.Cau1AG001633	0.94	0.92	71.96	326	L1
transcript:AT1G80350.1	Cau.Cau1BG001253	1.00	1.00	85.11	446	L1
transcript:AT5G49110.4	Cau.Cau9BG001781	0.97	0.98	57.01	793	L1
transcript:AT5G49650.1	Cau.Cau3BG001155	1.00	1.00	76.30	425	L1
transcript:AT2G02470.1	Cau.Cau3AG002396	1.00	1.00	75.75	203	L1
transcript:AT1G47420.1	Cau.Cau3AG000445	0.95	0.97	58.54	144	L1
transcript:AT3G15990.1	Cau.Cau1AG001174	1.00	1.00	78.03	515	L1
transcript:AT2G26350.1	Cau.Cau1AG000627	0.95	0.99	71.05	265	L1
transcript:AT5G56460.1	Cau.Cau2BG000021	0.97	0.99	73.16	289	L1
transcript:AT3G55430.1	Cau.Cau8BG001830	0.95	0.87	56.31	250	L1
transcript:AT3G04680.1	Cau.Cau6BG001913	1.00	1.00	72.75	323	L1
transcript:AT3G10710.1	Cau.Cau3AG001872	0.99	0.98	54.96	316	L1
transcript:AT2G21710.1	Cau.Cau8BG000619	0.92	0.90	64.88	388	L1
transcript:AT3G48380.1	Cau.Cau5BG000560	1.00	1.00	69.15	446	L1
transcript:AT1G52790.1	Cau.Cau1AG001232	0.99	0.99	64.94	200	L1
transcript:AT2G04780.2	Cau.Cau2BG001321	1.00	1.00	66.03	173	L1
transcript:AT1G26355.1	Cau.Cau6BG000007	0.96	0.97	57.85	70	L1
transcript:AT5G02270.1	Cau.Cau6BG001501	1.00	0.94	77.41	257	L1
transcript:AT1G05370.1	Cau.Cau9BG001530	1.00	1.00	61.01	277	L1
transcript:AT5G51640.1	Cau.Cau9AG000379	1.00	1.00	62.11	336	L1
transcript:AT5G07840.1	Cau.Cau3BG001706	0.99	0.97	64.74	112	L1
transcript:AT5G02100.1	Cau.Cau6BG001497	1.00	1.00	78.24	356	L1
transcript:AT1G54930.2	Cau.Cau2BG000764	0.95	0.94	35.92	97	L1
transcript:AT4G19191.1	Cau.Cau1BG002077	0.97	0.97	57.66	365	L1
transcript:AT2G42190.3	Cau.Cau2BG000150	0.98	0.99	53.62	74	L1
transcript:AT5G53560.1	Cau.Cau5BG001564	1.00	1.00	79.10	106	L1
transcript:AT5G40800.1	Cau.Cau2AG000179	0.98	0.98	39.56	125	L1
transcript:AT5G43850.1	Cau.Cau9AG001380	1.00	1.00	81.82	153	L1
transcript:AT1G79720.1	Cau.Cau1BG001534	0.98	0.97	60.92	290	L1
transcript:AT1G79870.1	Cau.Cau1AG001122	1.00	1.00	78.59	246	L1
transcript:AT1G79790.2	Cau.Cau6AG001875	0.88	0.82	60.50	144	L1
transcript:AT3G15580.1	Cau.Cau5BG003218	1.00	0.92	79.13	91	L1
transcript:AT1G17520.1	Cau.Cau1BG000890	1.00	1.00	53.54	159	L1
transcript:AT3G04460.1	Cau.Cau8BG001156	1.00	1.00	76.79	301	L1
transcript:AT1G65820.2	Cau.Cau6AG000649	0.98	0.97	71.52	113	L1
transcript:AT4G10760.1	Cau.Cau5AG000069	0.98	0.94	65.55	451	L1
transcript:AT2G30120.5	Cau.Cau8AG002019	0.86	0.77	43.65	110	L1
transcript:AT4G32160.1	Cau.Cau4AG000204	0.96	0.97	62.15	440	L1
transcript:AT2G25140.1	Cau.Cau4AG000151	1.00	1.00	70.13	716	L1
transcript:AT1G35910.1	Cau.Cau3BG000978	0.99	0.99	64.14	245	L1
transcript:AT3G52740.1	Cau.Cau6BG000743	0.70	0.54	55.77	58	L1
transcript:AT3G29130.1	Cau.Cau2AG002097	0.99	0.96	71.19	84	L1
transcript:AT5G14990.2	Cau.Cau7AG001856	0.56	0.87	39.72	141	L1
transcript:AT5G27490.1	Cau.Cau3BG001422	1.00	1.00	82.56	232	L1
transcript:AT2G20790.1	Cau.Cau9BG001652	1.00	0.99	70.83	442	L1
transcript:AT4G20800.1	Cau.Cau1BG001222	0.99	0.97	57.92	307	L1
transcript:AT5G63700.1	Cau.Cau3BG002348	0.95	0.73	39.03	226	L1
transcript:AT3G10250.5	Cau.Cau9BG000846	1.00	1.00	64.00	208	L1
transcript:AT1G53120.1	Cau.Cau4AG001146	1.00	1.00	69.35	224	L1
transcript:AT2G18670.1	Cau.Cau4AG002147	0.72	0.74	51.91	68	L1
transcript:AT1G62350.2	Cau.Cau2BG000367	0.85	0.90	80.28	171	L1
transcript:AT4G18905.1	Cau.Cau9BG000753	0.99	0.97	64.57	319	L1
transcript:AT4G01570.1	Cau.Cau5BG003282	0.98	0.99	64.76	520	L1
transcript:AT1G09830.1	Cau.Cau3BG002273	0.99	1.00	74.58	396	L1
transcript:AT1G67960.1	Cau.Cau2BG001582	1.00	1.00	58.05	364	L1
transcript:AT5G06600.1	Cau.Cau6AG000903	1.00	1.00	87.31	977	L1
transcript:AT1G54680.2	Cau.Cau3AG001480	0.96	0.84	51.22	147	L1
transcript:AT2G27350.1	Cau.Cau8AG001355	1.00	1.00	62.75	342	L1
transcript:AT3G07890.5	Cau.Cau2BG001316	0.99	1.00	88.69	353	L1
transcript:AT3G10120.1	Cau.Cau6AG000757	1.00	1.00	45.14	79	L1
transcript:AT3G27020.1	Cau.Cau2AG000856	1.00	1.00	82.47	555	L1
transcript:AT3G04140.1	Cau.Cau7BG000603	0.96	0.97	48.80	325	L1
transcript:AT1G64680.1	Cau.Cau5AG000048	0.99	1.00	73.00	192	L1
transcript:AT3G14400.1	Cau.Cau5BG001428	1.00	0.99	56.39	384	L1
transcript:AT2G42690.1	Cau.Cau2BG000702	1.00	0.99	66.91	279	L1
transcript:AT3G48970.1	Cau.Cau9BG000272	1.00	1.00	72.14	101	L1
transcript:AT2G20635.1	Cau.Cau2BG001001	0.99	0.97	64.93	337	L1
transcript:AT1G20060.9	Cau.Cau3BG000184	0.62	0.58	57.07	339	L1
transcript:AT5G01920.1	Cau.Cau6BG001142	1.00	1.00	70.32	353	L1
transcript:AT2G28410.1	Cau.Cau8AG001622	0.95	0.77	47.71	52	L1
transcript:AT3G55580.1	Cau.Cau7BG002326	0.95	0.99	73.32	349	L1
transcript:AT3G55030.1	Cau.Cau7AG001932	0.87	0.61	78.47	164	L1
transcript:AT2G21960.1	Cau.Cau1AG001974	0.85	0.88	82.62	233	L1
transcript:AT3G56460.1	Cau.Cau7BG002076	1.00	1.00	78.45	273	L1
transcript:AT3G21820.1	Cau.Cau2BG001180	0.99	1.00	66.87	329	L1
transcript:AT2G46330.1	Cau.Cau4BG000698	0.79	0.98	59.68	37	L1
transcript:AT2G47270.1	Cau.Cau5BG003179	0.92	0.72	46.39	45	L1
transcript:AT5G22930.1	Cau.Cau8AG001523	1.00	1.00	51.06	144	L1
transcript:AT5G51220.1	Cau.Cau9AG000524	0.99	0.97	67.62	190	L1
transcript:AT1G33360.1	Cau.Cau5BG001921	0.98	0.97	60.86	423	L1
transcript:AT5G45910.1	Cau.Cau2AG002463	0.96	0.97	56.30	201	L1
transcript:AT3G62240.1	Cau.Cau5AG003268	1.00	1.00	55.35	481	L1
transcript:AT3G21640.1	Cau.Cau7AG000053	1.00	0.99	73.42	268	L1
transcript:AT3G02890.1	Cau.Cau7AG001066	0.91	0.63	39.11	361	L1
transcript:AT3G14920.1	Cau.Cau5BG001283	0.97	0.97	62.54	379	L1
transcript:AT1G74380.1	Cau.Cau5AG000981	0.97	0.97	76.56	343	L1
transcript:AT2G37730.1	Cau.Cau6AG001462	0.92	0.95	59.52	297	L1
transcript:AT5G60590.2	Cau.Cau8BG001650	0.96	0.99	68.59	190	L1
transcript:AT3G54350.5	Cau.Cau3AG000258	1.00	0.99	48.79	343	L1
transcript:AT4G23180.3	Cau.Cau2AG002222	0.57	0.92	45.95	142	L1
transcript:AT3G12130.1	Cau.Cau6BG000982	1.00	1.00	52.30	159	L1
transcript:AT5G38890.1	Cau.Cau5BG002374	0.98	0.95	79.37	150	L1
transcript:AT3G22320.1	Cau.Cau4BG000750	1.00	0.99	85.29	174	L1
transcript:AT5G24970.3	Cau.Cau4AG000093	0.99	0.98	68.17	499	L1
transcript:AT5G26600.2	Cau.Cau6BG002403	0.98	1.00	69.61	323	L1
transcript:AT1G01290.2	Cau.Cau5AG003422	0.97	0.99	60.15	157	L1
transcript:AT2G22620.3	Cau.Cau2BG002661	0.85	0.96	41.98	162	L1
transcript:AT5G11010.3	Cau.Cau5AG000369	1.00	0.99	62.33	235	L1
transcript:AT1G11860.2	Cau.Cau2AG002674	1.00	1.00	86.80	355	L1
transcript:AT1G62262.1	Cau.Cau3AG000260	0.95	0.94	57.81	211	L1
transcript:AT4G32010.2	Cau.Cau6AG001165	0.98	0.96	52.07	452	L1
transcript:AT1G22540.1	Cau.Cau3BG000537	1.00	1.00	65.26	372	L1
transcript:AT1G80760.1	Cau.Cau1BG001473	1.00	1.00	80.91	250	L1
transcript:AT5G07910.1	Cau.Cau5AG001019	1.00	1.00	74.81	196	L1
transcript:AT5G49800.1	Cau.Cau3BG002432	0.97	0.97	76.50	179	L1
transcript:AT1G30410.6	Cau.Cau2BG002094	1.00	0.92	77.97	1168	L1
transcript:AT4G16710.4	Cau.Cau2BG002474	0.98	0.97	72.25	125	L1
transcript:AT5G52530.1	Cau.Cau9BG000207	0.99	0.99	32.93	247	L1
transcript:AT3G61650.1	Cau.Cau5BG003421	1.00	1.00	96.41	456	L1
transcript:AT2G31350.2	Cau.Cau5BG002198	1.00	1.00	73.86	243	L1
transcript:AT5G58003.1	Cau.Cau7BG002183	0.99	0.98	60.72	286	L1
transcript:AT4G28300.1	Cau.Cau2BG001070	1.00	1.00	50.27	284	L1
transcript:AT3G04480.1	Cau.Cau8AG001144	1.00	1.00	64.70	482	L1
transcript:AT1G01910.1	Cau.Cau5BG003606	0.99	0.96	82.86	290	L1
transcript:AT3G59770.1	Cau.Cau5BG002049	1.00	1.00	68.84	1151	L1
transcript:AT5G10940.2	Cau.Cau3AG001069	1.00	1.00	71.90	550	L1
transcript:AT1G31280.1	Cau.Cau2BG001971	0.95	0.97	52.61	514	L1
transcript:AT1G63830.2	Cau.Cau5AG000230	1.00	0.97	74.80	187	L1
transcript:AT5G55280.1	Cau.Cau4AG001508	1.00	1.00	79.72	346	L1
transcript:AT1G56420.1	Cau.Cau3AG001295	0.93	0.96	62.63	119	L1
transcript:AT3G56950.1	Cau.Cau6BG000610	1.00	1.00	64.56	153	L1
transcript:AT5G62030.1	Cau.Cau3BG002019	0.94	0.94	72.03	309	L1
transcript:AT5G57160.1	Cau.Cau4BG002033	1.00	1.00	62.20	770	L1
transcript:AT3G19280.1	Cau.Cau8BG000438	1.00	1.00	67.30	352	L1
transcript:AT3G04070.1	Cau.Cau5AG002461	0.99	0.99	54.86	209	L1
transcript:AT1G43700.1	Cau.Cau3AG000701	0.97	0.97	52.04	191	L1
transcript:AT1G08450.1	Cau.Cau5BG002197	0.96	0.99	81.75	336	L1
transcript:AT1G31170.2	Cau.Cau2BG001934	1.00	1.00	73.64	95	L1
transcript:AT4G24120.1	Cau.Cau5AG000060	1.00	1.00	71.03	478	L1
transcript:AT1G62330.1	Cau.Cau2AG002698	0.90	0.93	68.64	405	L1
transcript:AT3G44530.2	Cau.Cau8BG001435	0.95	0.89	73.16	725	L1
transcript:AT1G20925.1	Cau.Cau3AG000030	0.81	1.00	59.56	246	L1
transcript:AT1G17665.1	Cau.Cau1BG000855	0.59	0.49	60.70	122	L1
transcript:AT3G09560.3	Cau.Cau6BG001581	1.00	1.00	56.65	537	L1
transcript:AT3G59480.1	Cau.Cau5BG002222	0.99	0.91	83.54	269	L1
transcript:AT2G16930.3	Cau.Cau3BG000330	1.00	1.00	67.74	105	L1
transcript:AT3G03690.1	Cau.Cau5BG002511	0.99	0.99	64.84	260	L1
transcript:AT1G04730.1	Cau.Cau9BG001067	0.93	0.95	62.73	574	L1
transcript:AT2G35100.1	Cau.Cau2BG001932	1.00	0.93	67.93	305	L1
transcript:AT2G01370.1	Cau.Cau6AG002086	0.77	0.90	29.50	59	L1
transcript:AT5G03170.1	Cau.Cau6BG001698	0.91	0.90	62.95	141	L1
transcript:AT3G47430.1	Cau.Cau9AG000442	1.00	1.00	72.37	165	L1
transcript:AT1G68150.1	Cau.Cau3BG002061	0.89	0.88	41.73	154	L1
transcript:AT2G40116.1	Cau.Cau7BG002247	0.99	0.98	66.07	407	L1
transcript:AT4G27030.1	Cau.Cau4BG001411	0.98	1.00	63.66	205	L1
transcript:AT4G25040.1	Cau.Cau7AG001388	0.90	0.83	37.25	57	L1
transcript:AT2G07690.1	Cau.Cau4AG002286	1.00	1.00	78.90	576	L1
transcript:AT4G37670.2	Cau.Cau1BG000556	0.89	0.89	74.36	406	L1
transcript:AT2G18940.1	Cau.Cau4AG002064	1.00	1.00	65.78	546	L1
transcript:AT3G21865.1	Cau.Cau2AG001173	0.96	0.96	70.70	193	L1
transcript:AT5G06610.1	Cau.Cau6BG000921	0.97	0.97	63.00	235	L1
transcript:AT5G49520.1	Cau.Cau9BG001912	0.88	0.98	46.60	178	L1
transcript:AT4G37460.1	Cau.Cau1BG000511	1.00	1.00	62.28	695	L1
transcript:AT3G54440.1	Cau.Cau8BG000995	1.00	1.00	69.93	779	L1
transcript:AT5G62050.1	Cau.Cau5BG000129	1.00	1.00	54.90	241	L1
transcript:AT2G01630.1	Cau.Cau2AG001637	0.99	0.99	75.45	378	L1
transcript:AT5G34930.3	Cau.Cau4BG001930	0.45	0.85	80.43	226	L1
transcript:AT2G33670.1	Cau.Cau3BG000056	0.97	0.96	56.03	302	L1
transcript:AT2G37290.1	Cau.Cau6AG001618	0.97	1.00	58.86	525	L1
transcript:AT2G23760.1	Cau.Cau1AG000344	0.99	0.96	55.56	364	L1
transcript:AT5G51160.1	Cau.Cau7AG001310	0.83	0.80	47.54	174	L1
transcript:AT4G19950.1	Cau.Cau2BG001925	1.00	1.00	76.95	247	L1
transcript:AT5G43180.1	Cau.Cau6AG001153	0.92	0.90	53.85	119	L1
transcript:AT3G57810.4	Cau.Cau9BG000575	0.99	1.00	47.97	165	L1
transcript:AT5G13290.2	Cau.Cau8BG001060	0.98	1.00	63.61	250	L1
transcript:AT5G38060.1	Cau.Cau6AG000445	0.69	0.68	82.61	76	L1
transcript:AT3G22260.6	Cau.Cau6AG001054	0.93	0.99	74.12	169	L1
transcript:AT2G36300.1	Cau.Cau6BG000731	1.00	1.00	76.56	196	L1
transcript:AT3G09730.1	Cau.Cau6BG001674	0.98	0.98	40.55	178	L1
transcript:AT4G13690.1	Cau.Cau9AG000974	1.00	1.00	37.93	99	L1
transcript:AT3G09100.2	Cau.Cau6BG001361	1.00	1.00	69.48	478	L1
transcript:AT2G44710.2	Cau.Cau5BG003784	0.98	0.98	59.18	474	L1
transcript:AT5G61400.1	Cau.Cau5BG000977	0.91	0.88	51.33	308	L1
transcript:AT1G80080.1	Cau.Cau1BG001357	0.99	1.00	60.81	301	L1
transcript:AT4G21780.3	Cau.Cau2BG002168	0.94	0.95	42.98	52	L1
transcript:AT3G04240.1	Cau.Cau5BG002387	1.00	1.00	82.84	811	L1
transcript:AT4G33630.3	Cau.Cau8AG000868	1.00	0.99	59.74	408	L1
transcript:AT2G46770.1	Cau.Cau5AG003365	0.99	0.99	55.77	232	L1
transcript:AT5G65620.2	Cau.Cau1BG000642	0.99	0.98	80.55	646	L1
transcript:AT1G19100.1	Cau.Cau5AG000467	0.99	0.98	56.74	400	L1
transcript:AT5G62530.1	Cau.Cau5BG000321	1.00	1.00	82.01	456	L1
transcript:AT4G26940.1	Cau.Cau4AG001444	0.98	0.98	78.75	315	L1
transcript:AT4G03430.3	Cau.Cau2BG001062	1.00	1.00	75.98	791	L1
transcript:AT3G13050.4	Cau.Cau8BG002058	0.98	0.98	67.06	338	L1
transcript:AT2G29090.2	Cau.Cau8BG001856	0.91	0.92	72.01	319	L1
transcript:AT5G08320.1	Cau.Cau7BG000948	0.99	0.93	62.25	94	L1
transcript:AT5G22000.2	Cau.Cau8AG001267	0.98	0.99	63.57	246	L1
transcript:AT5G04360.2	Cau.Cau7AG001779	0.93	0.92	71.92	643	L1
transcript:AT3G54560.2	Cau.Cau5BG002799	1.00	1.00	91.91	125	L1
transcript:AT1G23995.1	Cau.Cau7BG000416	0.65	0.77	50.00	32	L1
transcript:AT4G24510.1	Cau.Cau3BG001104	0.98	0.96	38.64	170	L1
transcript:AT3G12180.1	Cau.Cau9BG000577	0.96	0.92	48.57	68	L1
transcript:AT5G04190.1	Cau.Cau6AG001076	0.86	0.90	29.23	145	L1
transcript:AT1G01930.1	Cau.Cau5BG003640	0.97	0.90	56.27	341	L1
transcript:AT5G50840.1	Cau.Cau7BG001893	1.00	1.00	58.71	273	L1
transcript:AT1G71970.1	Cau.Cau3BG000591	0.78	0.72	42.13	75	L1
transcript:AT5G09420.1	Cau.Cau8AG000973	1.00	1.00	63.31	383	L1
transcript:AT4G28820.2	Cau.Cau5BG002615	0.93	0.95	51.88	83	L1
transcript:AT1G08550.2	Cau.Cau5BG002397	0.82	0.77	77.31	293	L1
transcript:AT3G15050.1	Cau.Cau4AG001076	0.87	0.85	57.32	141	L1
transcript:AT1G06270.1	Cau.Cau2BG000652	0.93	0.93	65.20	208	L1
transcript:AT5G48960.1	Cau.Cau9BG001990	0.92	0.93	82.12	487	L1
transcript:AT4G36400.1	Cau.Cau1AG000221	0.87	0.90	78.44	382	L1
transcript:AT5G27730.1	Cau.Cau3AG001380	1.00	1.00	72.25	341	L1
transcript:AT5G22080.1	Cau.Cau8BG001304	0.98	0.96	84.23	203	L1
transcript:AT5G21040.3	Cau.Cau2AG000610	1.00	1.00	65.75	359	L1
transcript:AT3G49810.1	Cau.Cau1AG000534	1.00	1.00	76.00	342	L1
transcript:AT5G50010.1	Cau.Cau3AG001070	0.78	0.78	36.90	107	L1
transcript:AT3G02160.2	Cau.Cau6AG000010	0.92	0.99	41.64	157	L1
transcript:AT4G26270.1	Cau.Cau4AG000824	0.94	0.82	85.84	394	L1
transcript:AT4G01950.1	Cau.Cau5BG003185	0.99	0.98	60.85	328	L1
transcript:AT5G16720.1	Cau.Cau6AG000526	0.98	0.99	44.63	330	L1
transcript:AT1G14300.2	Cau.Cau7AG000285	0.99	1.00	67.38	252	L1
transcript:AT4G36280.1	Cau.Cau1AG000210	0.99	0.99	55.71	366	L1
transcript:AT1G12480.1	Cau.Cau5BG000862	0.99	0.99	69.48	403	L1
transcript:AT1G75260.1	Cau.Cau3BG000316	0.43	0.33	43.70	104	L1
transcript:AT5G22990.1	Cau.Cau2AG000120	0.22	0.38	56.94	41	L1
transcript:AT1G77850.1	Cau.Cau3BG000932	0.94	0.91	53.48	307	L1
transcript:AT5G63670.1	Cau.Cau2BG001828	0.99	1.00	86.09	99	L1
transcript:AT5G09225.1	Cau.Cau7BG001830	0.56	0.70	81.58	31	L1
transcript:AT1G02170.1	Cau.Cau7AG001319	0.96	0.99	62.80	142	L1
transcript:AT1G14770.2	Cau.Cau9BG000607	0.96	0.63	41.19	98	L1
transcript:AT5G15490.1	Cau.Cau6BG000035	1.00	1.00	92.92	446	L1
transcript:AT1G65570.1	Cau.Cau9BG001643	0.93	0.93	61.08	226	L1
transcript:AT5G64860.1	Cau.Cau1BG002051	0.96	0.96	74.16	419	L1
transcript:AT5G37930.1	Cau.Cau6AG000448	0.97	0.95	38.82	132	L1
transcript:AT3G19550.1	Cau.Cau8BG000325	0.97	0.94	42.61	49	L1
transcript:AT4G29230.2	Cau.Cau4AG000820	1.00	0.99	64.35	334	L1
transcript:AT5G06810.1	Cau.Cau6AG000998	0.97	0.98	46.02	266	L1
transcript:AT5G24314.1	Cau.Cau5BG001534	1.00	1.00	60.24	100	L1
transcript:AT5G55125.2	Cau.Cau4AG001481	0.95	1.00	80.56	58	L1
transcript:AT4G12840.2	Cau.Cau2AG001483	0.96	0.99	59.90	230	L1
transcript:AT1G08460.1	Cau.Cau8BG001327	0.99	0.95	71.51	266	L1
transcript:AT3G22210.1	Cau.Cau6BG001042	0.94	0.96	64.71	44	L1
transcript:AT3G53400.1	Cau.Cau6BG001702	1.00	1.00	50.10	239	L1
transcript:AT5G55480.1	Cau.Cau4BG001546	1.00	1.00	59.82	460	L1
transcript:AT5G61270.1	Cau.Cau5AG001004	1.00	0.89	41.77	175	L1
transcript:AT1G64720.1	Cau.Cau5AG000030	1.00	1.00	61.57	266	L1
transcript:AT2G38800.1	Cau.Cau7AG000147	1.00	1.00	41.25	221	L1
transcript:AT3G01640.1	Cau.Cau2AG000576	0.97	0.98	78.12	275	L1
transcript:AT5G17310.2	Cau.Cau6BG000629	1.00	1.00	86.54	405	L1
transcript:AT3G23780.2	Cau.Cau5BG002138	1.00	0.98	68.82	819	L1
transcript:AT1G80190.6	Cau.Cau1AG001276	1.00	1.00	72.64	146	L1
transcript:AT3G21680.1	Cau.Cau2AG001205	0.99	1.00	34.62	45	L1
transcript:AT1G28680.1	Cau.Cau2BG002450	0.99	0.99	55.07	250	L1
transcript:AT1G71790.1	Cau.Cau3AG000620	1.00	0.99	83.59	214	L1
transcript:AT4G10360.3	Cau.Cau1AG001665	0.96	0.96	61.18	156	L1
transcript:AT4G35190.1	Cau.Cau8AG000084	0.98	0.95	82.96	185	L1
transcript:AT3G48425.1	Cau.Cau5BG000567	0.72	0.87	73.48	194	L1
transcript:AT3G49990.1	Cau.Cau9AG000139	0.97	0.97	49.14	256	L1
transcript:AT4G25880.5	Cau.Cau4AG002047	1.00	1.00	46.11	462	L1
transcript:AT4G25740.1	Cau.Cau9BG000187	1.00	1.00	85.00	153	L1
transcript:AT1G58100.1	Cau.Cau3BG002215	0.77	0.63	48.28	183	L1
transcript:AT2G28390.1	Cau.Cau8BG001634	0.97	0.97	67.83	409	L1
transcript:AT1G53310.1	Cau.Cau5AG001297	1.00	1.00	88.64	858	L1
transcript:AT2G21600.1	Cau.Cau8AG000663	1.00	1.00	81.03	158	L1
transcript:AT2G28690.1	Cau.Cau8AG001748	1.00	0.98	46.75	144	L1
transcript:AT5G09380.2	Cau.Cau6AG001900	1.00	1.00	45.42	139	L1
transcript:AT3G20190.1	Cau.Cau1AG001592	0.89	0.92	54.84	340	L1
transcript:AT4G03140.1	Cau.Cau5BG002974	0.86	0.99	65.99	194	L1
transcript:AT5G60850.1	Cau.Cau5AG001104	0.89	0.95	44.48	141	L1
transcript:AT1G30870.1	Cau.Cau2AG001882	0.93	0.89	52.45	171	L1
transcript:AT5G03910.1	Cau.Cau6BG000762	0.96	0.95	62.82	387	L1
transcript:AT4G35070.1	Cau.Cau8BG000152	1.00	1.00	42.44	132	L1
transcript:AT2G21330.1	Cau.Cau8AG000737	1.00	1.00	86.32	347	L1
transcript:AT1G31320.1	Cau.Cau2BG001983	1.00	1.00	79.07	136	L1
transcript:AT4G32910.1	Cau.Cau4BG000399	0.99	1.00	70.08	499	L1
transcript:AT2G33560.1	Cau.Cau3BG000025	0.97	1.00	60.72	235	L1
transcript:AT1G13160.1	Cau.Cau7AG000559	0.99	0.99	60.67	492	L1
transcript:AT5G41040.2	Cau.Cau2BG000841	0.98	0.98	76.09	331	L1
transcript:AT4G39080.1	Cau.Cau8BG000682	0.98	0.98	80.84	654	L1
transcript:AT3G49260.3	Cau.Cau5BG001515	1.00	1.00	49.22	251	L1
transcript:AT1G21580.1	Cau.Cau3BG000800	0.97	0.96	42.05	515	L1
transcript:AT2G27580.2	Cau.Cau8AG001404	1.00	1.00	61.82	102	L1
transcript:AT4G29720.1	Cau.Cau4BG000912	0.99	0.99	61.22	352	L1
transcript:AT5G01950.1	Cau.Cau6BG001126	1.00	0.99	64.52	620	L1
transcript:AT1G09340.1	Cau.Cau3AG001258	1.00	1.00	85.49	324	L1
transcript:AT2G27210.1	Cau.Cau8BG001303	0.99	0.99	90.21	903	L1
transcript:AT5G43270.2	Cau.Cau7AG000672	0.89	0.86	45.71	192	L1
transcript:AT3G54200.1	Cau.Cau6AG001113	0.90	0.97	38.97	83	L1
transcript:AT2G17200.1	Cau.Cau1BG000047	1.00	1.00	62.32	349	L1
transcript:AT4G37000.1	Cau.Cau1BG000425	0.87	0.84	55.32	156	L1
transcript:AT3G15840.1	Cau.Cau1BG001354	0.97	0.98	62.82	174	L1
transcript:AT3G66658.2	Cau.Cau9BG001881	1.00	1.00	84.34	501	L1
transcript:AT4G33600.1	Cau.Cau8BG000942	1.00	0.96	61.17	293	L1
transcript:AT3G49700.1	Cau.Cau1BG000594	0.90	1.00	78.20	330	L1
transcript:AT1G47890.1	Cau.Cau6AG001268	0.92	0.87	35.62	374	L1
transcript:AT2G04360.1	Cau.Cau2AG001398	0.96	0.96	56.63	188	L1
transcript:AT1G20410.1	Cau.Cau3BG000127	0.92	0.91	55.77	285	L1
transcript:AT4G35783.1	Cau.Cau1AG000076	0.53	0.60	78.79	26	L1
transcript:AT1G15980.1	Cau.Cau1AG001437	0.98	0.99	73.65	341	L1
transcript:AT1G03000.1	Cau.Cau5AG003053	1.00	0.97	67.44	638	L1
transcript:AT1G68660.1	Cau.Cau7BG000883	1.00	1.00	76.10	121	L1
transcript:AT3G56940.1	Cau.Cau6AG000614	1.00	1.00	83.69	349	L1
transcript:AT2G36540.1	Cau.Cau6BG000672	0.92	0.89	50.81	125	L1
transcript:AT2G33500.2	Cau.Cau7BG000172	0.98	0.97	45.24	214	L1
transcript:AT1G54890.1	Cau.Cau4BG001235	0.97	0.98	61.19	205	L1
transcript:AT2G31500.1	Cau.Cau5BG002267	0.99	0.98	65.66	392	L1
transcript:AT5G19740.1	Cau.Cau4BG000811	1.00	1.00	68.56	484	L1
transcript:AT2G43490.4	Cau.Cau5AG002247	0.93	0.96	57.46	412	L1
transcript:ATCG01250.1	Cau.Cau7BG001636	0.35	0.96	94.85	129	L1
transcript:AT3G51060.1	Cau.Cau1BG000203	1.00	1.00	49.21	187	L1
transcript:AT1G71160.1	Cau.Cau3AG002092	0.96	0.97	65.16	288	L1
transcript:AT5G13790.1	Cau.Cau7AG000118	0.88	0.97	58.63	146	L1
transcript:AT1G72690.1	Cau.Cau1AG000866	0.86	0.75	66.67	50	L1
transcript:AT4G12750.1	Cau.Cau2BG001445	0.99	0.99	54.02	625	L1
transcript:AT1G54610.2	Cau.Cau3AG001552	0.99	0.97	73.42	417	L1
transcript:AT2G38120.1	Cau.Cau6AG001341	0.99	0.99	84.68	409	L1
transcript:AT4G35470.1	Cau.Cau1BG000014	0.99	1.00	67.54	385	L1
transcript:AT3G17060.1	Cau.Cau9AG001819	0.97	0.95	68.26	228	L1
transcript:AT1G25510.1	Cau.Cau7BG000885	0.96	0.96	68.39	318	L1
transcript:AT1G23500.1	Cau.Cau8BG001483	0.99	0.98	50.85	180	L1
transcript:AT4G25440.3	Cau.Cau9AG000321	0.98	0.98	67.74	294	L1
transcript:AT4G33580.3	Cau.Cau8BG000900	0.97	0.98	60.26	182	L1
transcript:AT2G36990.1	Cau.Cau6AG001740	1.00	1.00	55.46	320	L1
transcript:AT4G39620.2	Cau.Cau1BG002079	0.91	0.96	68.96	331	L1
transcript:AT5G23210.1	Cau.Cau7AG000958	0.92	0.90	69.13	318	L1
transcript:AT2G38080.1	Cau.Cau6AG001354	0.99	0.99	77.58	429	L1
transcript:AT4G24050.1	Cau.Cau5BG000076	1.00	0.99	74.77	249	L1
transcript:AT2G30170.1	Cau.Cau8BG002040	1.00	0.98	64.40	199	L1
transcript:AT3G48090.1	Cau.Cau3BG002375	0.96	0.94	44.84	278	L1
transcript:AT3G56070.2	Cau.Cau8AG001184	0.98	0.99	82.08	142	L1
transcript:AT1G62960.1	Cau.Cau5AG000857	0.96	0.97	64.27	349	L1
transcript:AT5G52640.1	Cau.Cau9AG000188	1.00	1.00	91.71	642	L1
transcript:AT1G54990.1	Cau.Cau3BG001409	0.99	1.00	55.07	266	L1
transcript:AT1G04960.1	Cau.Cau2AG001302	0.98	0.98	58.92	185	L1
transcript:AT3G13062.1	Cau.Cau8AG002042	0.96	0.96	57.00	232	L1
transcript:AT2G39750.1	Cau.Cau7BG002323	1.00	1.00	69.97	487	L1
transcript:AT2G39720.2	Cau.Cau7BG002308	0.98	0.95	47.38	199	L1
transcript:AT4G27585.1	Cau.Cau5BG001610	0.96	0.98	70.26	293	L1
transcript:AT2G19330.1	Cau.Cau4AG001997	0.98	0.99	64.97	243	L1
transcript:AT3G20410.2	Cau.Cau4AG001435	1.00	1.00	76.65	417	L1
transcript:AT1G67850.7	Cau.Cau7BG000519	0.99	0.96	72.89	293	L1
transcript:AT4G33100.1	Cau.Cau4BG001878	0.91	0.85	64.71	55	L1
transcript:AT3G12300.1	Cau.Cau3BG001983	1.00	1.00	88.42	168	L1
transcript:AT1G29990.1	Cau.Cau2BG002607	0.99	0.98	82.03	105	L1
transcript:AT5G22030.1	Cau.Cau8AG001273	0.99	0.99	63.72	562	L1
transcript:AT2G40280.1	Cau.Cau7BG002202	0.96	0.94	65.41	382	L1
transcript:AT5G16710.1	Cau.Cau6AG000491	1.00	0.97	68.70	180	L1
transcript:AT3G60520.1	Cau.Cau5AG003754	1.00	0.79	58.96	79	L1
transcript:AT4G19980.1	Cau.Cau2AG001928	0.74	0.73	50.51	50	L1
transcript:AT3G61140.1	Cau.Cau5BG003584	1.00	1.00	80.77	357	L1
transcript:AT4G17310.16	Cau.Cau5BG000755	1.00	1.00	60.00	57	L1
transcript:AT5G09810.1	Cau.Cau1BG001937	1.00	1.00	98.41	371	L1
transcript:AT3G08600.1	Cau.Cau6BG001122	0.99	0.99	58.49	186	L1
transcript:AT2G31840.2	Cau.Cau5AG002022	0.83	0.80	68.97	200	L1
transcript:AT2G47940.2	Cau.Cau5BG002978	1.00	1.00	78.12	475	L1
transcript:AT3G53000.1	Cau.Cau6AG000663	0.99	1.00	78.19	233	L1
transcript:AT1G28420.1	Cau.Cau2BG002407	0.97	0.98	52.22	918	L1
transcript:AT3G06490.1	Cau.Cau9BG001937	0.99	1.00	53.11	188	L1
transcript:AT1G53720.1	Cau.Cau9BG000079	0.79	0.67	79.00	316	L1
transcript:AT5G19390.1	Cau.Cau2AG000357	1.00	1.00	73.67	649	L1
transcript:AT5G49960.1	Cau.Cau3AG002196	0.90	0.82	77.15	584	L1
transcript:AT1G02305.1	Cau.Cau5AG003318	0.96	0.98	74.93	260	L1
transcript:AT2G35190.1	Cau.Cau5AG000653	0.98	0.98	78.08	203	L1
transcript:AT2G02500.2	Cau.Cau3BG002419	0.99	0.98	67.88	205	L1
transcript:AT1G18090.1	Cau.Cau4AG000941	1.00	1.00	51.85	309	L1
transcript:AT2G44190.1	Cau.Cau2BG002797	0.94	0.92	39.80	201	L1
transcript:AT3G63110.1	Cau.Cau5AG002954	0.96	0.98	58.39	188	L1
transcript:AT5G03720.2	Cau.Cau6AG000685	0.59	0.48	63.45	158	L1
transcript:AT3G13620.1	Cau.Cau2BG000066	0.96	0.99	73.76	343	L1
transcript:AT5G11960.1	Cau.Cau4BG001893	1.00	1.00	77.55	266	L1
transcript:AT1G16570.1	Cau.Cau3BG001559	1.00	1.00	72.30	342	L1
transcript:AT5G45040.1	Cau.Cau2BG001952	0.89	0.89	68.59	107	L1
transcript:AT1G25500.2	Cau.Cau7BG000886	1.00	0.97	75.77	369	L1
transcript:AT1G68220.1	Cau.Cau2BG001767	1.00	0.99	71.00	142	L1
transcript:AT2G32730.1	Cau.Cau9BG001028	1.00	1.00	86.42	872	L1
transcript:AT3G25060.1	Cau.Cau5BG002549	0.97	0.97	54.14	314	L1
transcript:ATCG01110.1	Cau.Cau2BG001431	0.73	0.97	87.85	253	L1
transcript:AT1G63940.2	Cau.Cau5BG000212	1.00	0.99	80.40	398	L1
transcript:AT3G01560.1	Cau.Cau2BG000543	1.00	1.00	43.46	256	L1
transcript:AT5G13900.1	Cau.Cau2AG000766	0.95	0.97	47.26	69	L1
transcript:AT4G12650.1	Cau.Cau2AG001439	0.99	0.98	85.74	553	L1
transcript:AT3G54050.2	Cau.Cau6BG001387	0.91	0.90	83.73	319	L1
transcript:AT2G45500.1	Cau.Cau5BG003636	1.00	1.00	73.32	360	L1
transcript:AT5G20920.2	Cau.Cau2BG001939	0.99	0.99	77.15	206	L1
transcript:AT2G42900.1	Cau.Cau7BG001254	0.81	0.80	44.49	105	L1
transcript:AT1G42960.1	Cau.Cau3BG000059	0.96	0.97	57.56	99	L1
transcript:AT1G50380.1	Cau.Cau2AG001825	1.00	0.94	74.58	531	L1
transcript:AT3G01840.1	Cau.Cau2BG000899	0.93	0.93	43.22	290	L1
transcript:AT1G50460.1	Cau.Cau2AG000295	0.95	0.93	74.37	354	L1
transcript:AT1G03370.1	Cau.Cau2BG002822	0.99	1.00	69.05	705	L1
transcript:AT4G32590.1	Cau.Cau4AG000306	0.88	0.84	71.43	110	L1
transcript:AT5G53280.1	Cau.Cau9AG000138	0.99	0.99	58.76	161	L1
transcript:AT2G16600.1	Cau.Cau8AG000820	0.98	0.99	86.47	147	L1
transcript:AT2G17270.1	Cau.Cau8BG000019	0.96	0.93	74.50	222	L1
transcript:AT5G58770.1	Cau.Cau6BG001312	0.81	0.77	64.00	160	L1
transcript:AT2G24830.1	Cau.Cau4AG000110	1.00	1.00	59.45	302	L1
transcript:AT1G47710.1	Cau.Cau3BG000410	1.00	0.99	64.45	252	L1
transcript:AT4G19140.1	Cau.Cau3AG001722	0.93	0.92	54.26	153	L1
transcript:AT5G57870.1	Cau.Cau4AG002224	1.00	1.00	64.55	528	L1
transcript:AT5G46700.1	Cau.Cau7BG000990	0.99	0.99	76.78	205	L1
transcript:AT3G52290.1	Cau.Cau7AG001897	0.97	0.97	53.31	258	L1
transcript:AT2G05540.1	Cau.Cau2BG001310	0.25	0.26	73.53	25	L1
transcript:AT1G75140.1	Cau.Cau3AG000354	1.00	1.00	55.69	372	L1
transcript:AT5G18670.1	Cau.Cau9BG001697	0.96	0.97	61.47	327	L1
transcript:AT5G12030.1	Cau.Cau4BG001864	0.95	0.93	74.17	112	L1
transcript:AT5G44360.1	Cau.Cau2AG002071	0.98	0.97	56.49	296	L1
transcript:AT4G39110.1	Cau.Cau8BG000668	0.96	0.98	71.36	608	L1
transcript:AT4G17240.1	Cau.Cau2BG002762	1.00	0.99	49.63	200	L1
transcript:AT2G16790.1	Cau.Cau7BG001018	0.99	0.98	58.29	109	L1
transcript:AT4G30000.1	Cau.Cau7BG000753	0.88	0.95	71.93	351	L1
transcript:AT1G07080.1	Cau.Cau8BG002021	0.93	0.90	58.40	146	L1
transcript:AT4G15770.1	Cau.Cau9BG001743	1.00	1.00	83.42	156	L1
transcript:AT5G01630.1	Cau.Cau6BG001230	0.99	1.00	51.70	609	L1
transcript:AT4G17220.1	Cau.Cau2BG002772	0.96	0.95	54.37	305	L1
transcript:AT4G26550.1	Cau.Cau4BG001651	1.00	0.99	82.17	189	L1
transcript:AT4G33640.1	Cau.Cau8BG000870	0.99	1.00	75.53	71	L1
transcript:AT2G02050.1	Cau.Cau2AG001542	1.00	1.00	78.64	81	L1
transcript:AT3G30300.2	Cau.Cau6BG000245	1.00	1.00	72.41	496	L1
transcript:AT3G16350.1	Cau.Cau1AG001065	1.00	1.00	59.59	233	L1
transcript:AT5G18200.1	Cau.Cau5BG002437	0.95	0.97	67.35	229	L1
transcript:AT3G53440.1	Cau.Cau1AG000616	1.00	0.99	38.12	207	L1
transcript:AT1G08230.2	Cau.Cau8BG001484	0.98	0.95	66.44	293	L1
transcript:AT2G31200.1	Cau.Cau5BG002730	1.00	1.00	82.19	120	L1
transcript:AT4G24500.2	Cau.Cau3BG001106	0.36	0.26	48.11	51	L1
transcript:AT5G19830.1	Cau.Cau2BG000044	0.97	0.97	75.94	161	L1
transcript:AT1G49970.1	Cau.Cau8BG000307	1.00	1.00	64.19	251	L1
transcript:AT5G54400.1	Cau.Cau4AG001210	1.00	1.00	76.95	227	L1
transcript:AT2G31270.1	Cau.Cau5AG002800	0.98	1.00	49.21	250	L1
transcript:AT4G35660.1	Cau.Cau1BG000062	0.99	0.99	41.10	127	L1
transcript:AT2G05920.1	Cau.Cau4BG001726	0.98	0.99	70.24	531	L1
transcript:AT5G56580.1	Cau.Cau4AG000811	1.00	1.00	86.20	306	L1
transcript:AT3G45980.1	Cau.Cau8BG001787	1.00	1.00	87.33	131	L1
transcript:AT5G22750.1	Cau.Cau8BG001487	1.00	1.00	71.54	739	L1
transcript:AT2G46660.1	Cau.Cau5BG003335	1.00	0.98	69.04	368	L1
transcript:AT5G45100.1	Cau.Cau2AG001992	1.00	1.00	52.63	170	L1
transcript:AT5G08590.1	Cau.Cau1BG000786	0.99	0.99	82.86	290	L1
transcript:AT4G27360.1	Cau.Cau4BG001262	1.00	0.90	69.90	72	L1
transcript:AT1G11130.1	Cau.Cau2BG002301	1.00	1.00	50.06	393	L1
transcript:AT1G75660.1	Cau.Cau3BG000223	1.00	0.95	67.10	728	L1
transcript:AT4G00450.1	Cau.Cau5AG003562	1.00	1.00	60.52	1395	L1
transcript:AT2G40410.2	Cau.Cau7BG002167	0.99	0.99	72.67	242	L1
transcript:AT5G46240.1	Cau.Cau2BG002609	1.00	0.99	62.53	484	L1
transcript:AT1G22960.2	Cau.Cau2BG001734	0.99	1.00	49.18	359	L1
transcript:AT5G53050.4	Cau.Cau5BG001522	0.84	0.95	65.26	248	L1
transcript:AT1G67190.1	Cau.Cau8AG001394	0.99	0.94	77.48	320	L1
transcript:AT2G22560.1	Cau.Cau1BG000673	0.99	0.99	52.74	518	L1
transcript:AT5G06350.2	Cau.Cau6BG000842	0.98	0.97	51.90	450	L1
transcript:AT5G66815.1	Cau.Cau1BG000409	0.95	1.00	28.00	35	L1
transcript:AT2G39190.2	Cau.Cau7AG001873	0.98	0.97	61.25	498	L1
transcript:AT5G04710.1	Cau.Cau7AG001665	0.99	0.99	76.53	401	L1
transcript:AT3G59410.1	Cau.Cau5BG002243	0.98	0.99	69.96	864	L1
transcript:AT5G40660.1	Cau.Cau2AG000966	1.00	1.00	67.55	229	L1
transcript:AT1G15200.1	Cau.Cau3BG002060	0.93	0.93	67.00	268	L1
transcript:AT1G04860.1	Cau.Cau9BG000999	1.00	1.00	48.57	473	L1
transcript:AT1G65260.1	Cau.Cau5AG002172	1.00	1.00	69.64	234	L1
transcript:AT3G15350.1	Cau.Cau4BG001157	0.99	1.00	75.60	316	L1
transcript:AT5G42470.1	Cau.Cau3BG000196	1.00	0.99	63.61	243	L1
transcript:AT1G02290.1	Cau.Cau5AG003320	0.60	0.48	42.46	121	L1
transcript:AT3G59490.2	Cau.Cau5AG002282	0.98	1.00	61.41	183	L1
transcript:AT2G37950.1	Cau.Cau6BG001393	0.98	1.00	47.43	120	L1
transcript:AT5G17780.1	Cau.Cau7BG001191	1.00	0.97	54.33	232	L1
transcript:AT5G26830.1	Cau.Cau7AG000415	0.99	0.98	75.60	533	L1
transcript:AT5G59460.1	Cau.Cau8BG001850	0.98	0.95	50.82	93	L1
transcript:AT1G67370.1	Cau.Cau7AG000659	1.00	1.00	63.43	392	L1
transcript:AT5G47030.1	Cau.Cau5AG000634	0.76	1.00	81.29	126	L1
transcript:AT3G59040.1	Cau.Cau2BG000727	0.89	0.86	74.27	384	L1
transcript:AT1G30500.2	Cau.Cau2AG002095	0.98	0.92	58.62	119	L1
transcript:AT5G16110.1	Cau.Cau6BG000365	0.73	1.00	57.61	106	L1
transcript:AT1G27752.1	Cau.Cau3AG001211	1.00	1.00	56.14	498	L1
transcript:AT4G15630.1	Cau.Cau9BG001706	0.95	0.97	55.14	102	L1
transcript:AT1G70890.1	Cau.Cau2BG001660	0.94	0.95	48.65	72	L1
transcript:AT1G13870.1	Cau.Cau7AG000713	0.98	0.99	75.59	226	L1
transcript:AT2G41790.1	Cau.Cau9BG000651	0.99	0.99	72.12	696	L1
transcript:AT3G10620.1	Cau.Cau7AG001620	0.90	0.86	71.65	139	L1
transcript:AT2G45150.1	Cau.Cau5BG003702	0.91	1.00	69.83	287	L1
transcript:AT5G02820.1	Cau.Cau6BG001630	1.00	1.00	86.70	378	L1
transcript:AT3G29290.4	Cau.Cau6BG000060	0.82	0.75	61.04	271	L1
transcript:AT2G30520.1	Cau.Cau1BG001770	1.00	1.00	71.81	428	L1
transcript:AT1G06790.1	Cau.Cau5BG002781	0.95	1.00	67.53	131	L1
transcript:AT2G25290.3	Cau.Cau4BG000186	0.99	1.00	61.91	460	L1
transcript:AT5G42760.1	Cau.Cau3AG000337	0.97	0.81	66.57	227	L1
transcript:AT3G17030.1	Cau.Cau9BG001882	0.98	0.98	61.84	410	L1
transcript:AT3G26590.1	Cau.Cau7BG000497	0.98	0.96	71.54	352	L1
transcript:AT3G08500.1	Cau.Cau7BG000072	0.99	1.00	50.67	188	L1
transcript:AT3G28370.4	Cau.Cau6BG000196	0.97	0.81	53.33	120	L1
transcript:AT5G64130.1	Cau.Cau6AG000438	1.00	0.99	73.11	87	L1
transcript:AT1G13190.1	Cau.Cau7AG000562	0.99	0.98	51.37	338	L1
transcript:AT5G16800.2	Cau.Cau5AG002426	0.92	0.97	67.74	168	L1
transcript:AT5G47850.1	Cau.Cau5BG001750	0.96	0.96	52.25	394	L1
transcript:AT4G20260.3	Cau.Cau2AG001869	0.79	0.82	62.64	114	L1
transcript:AT4G01410.1	Cau.Cau5BG003303	0.89	0.98	57.14	116	L1
transcript:AT4G16155.1	Cau.Cau9BG001864	0.93	0.92	89.35	478	L1
transcript:AT1G47740.2	Cau.Cau3BG000360	0.96	0.97	72.66	194	L1
transcript:AT5G41010.1	Cau.Cau2BG001765	1.00	1.00	88.24	45	L1
transcript:AT1G11260.1	Cau.Cau2AG002278	1.00	1.00	80.76	424	L1
transcript:AT1G01970.1	Cau.Cau5AG003683	0.84	0.83	62.96	221	L1
transcript:AT4G21740.1	Cau.Cau2AG002091	0.85	0.86	44.03	59	L1
transcript:AT4G01280.2	Cau.Cau5BG003469	0.99	0.94	54.60	184	L1
transcript:AT1G13940.2	Cau.Cau7AG000211	0.98	0.99	38.85	439	L1
transcript:AT1G18200.1	Cau.Cau4BG001028	0.99	0.99	72.25	164	L1
transcript:AT2G21430.1	Cau.Cau8AG000707	0.98	0.98	75.41	276	L1
transcript:AT5G03040.3	Cau.Cau6AG001655	1.00	1.00	55.88	271	L1
transcript:AT1G69210.1	Cau.Cau7AG000716	0.76	0.76	58.87	136	L1
transcript:AT1G76200.1	Cau.Cau4BG002121	0.84	0.84	75.86	44	L1
transcript:AT1G50490.1	Cau.Cau2BG000297	1.00	1.00	87.29	158	L1
transcript:AT5G35910.1	Cau.Cau5BG002489	0.95	0.96	49.24	456	L1
transcript:AT3G14740.2	Cau.Cau5AG001408	1.00	1.00	51.10	186	L1
transcript:AT2G16630.1	Cau.Cau8BG000813	0.98	0.98	53.37	190	L1
transcript:AT5G38600.1	Cau.Cau6AG000335	0.91	0.91	52.11	272	L1
transcript:AT5G09315.1	Cau.Cau8AG000036	0.84	0.84	58.90	129	L1
transcript:ATCG00280.1	Cau.Cau5AG001704	0.47	0.85	68.18	150	L1
transcript:AT2G20020.1	Cau.Cau4AG000765	1.00	1.00	59.42	410	L1
transcript:AT4G26180.1	Cau.Cau4AG000866	0.97	0.96	75.31	241	L1
transcript:AT1G61690.1	Cau.Cau4BG001186	1.00	1.00	49.51	651	L1
transcript:AT1G54790.1	Cau.Cau3AG001512	0.99	0.99	69.66	264	L1
transcript:AT1G19860.1	Cau.Cau3AG000237	1.00	0.99	45.11	212	L1
transcript:AT3G50760.1	Cau.Cau1BG000334	1.00	0.98	70.57	247	L1
transcript:AT5G05220.1	Cau.Cau7AG002080	0.25	0.33	67.39	31	L1
transcript:AT2G03220.1	Cau.Cau5AG000968	0.94	0.92	61.70	327	L1
transcript:AT5G44030.1	Cau.Cau5AG002725	1.00	0.98	79.31	832	L1
transcript:AT4G30845.1	Cau.Cau4AG002201	0.74	0.72	62.50	55	L1
transcript:AT1G05100.1	Cau.Cau2BG001232	1.00	0.81	52.46	181	L1
transcript:AT3G16730.1	Cau.Cau9AG001714	0.96	0.96	54.42	369	L1
transcript:AT5G48760.2	Cau.Cau5BG002568	1.00	1.00	91.26	188	L1
transcript:AT5G09860.1	Cau.Cau3BG001984	0.99	0.99	76.49	462	L1
transcript:AT1G69980.1	Cau.Cau7BG000362	0.98	1.00	48.15	104	L1
transcript:AT1G20530.1	Cau.Cau3BG000107	1.00	0.99	39.33	258	L1
transcript:AT1G20450.1	Cau.Cau3AG000116	0.98	0.97	46.04	122	L1
transcript:AT2G48140.1	Cau.Cau5AG002899	0.96	0.95	50.25	100	L1
transcript:AT1G20030.2	Cau.Cau3BG000191	0.99	0.98	66.25	212	L1
transcript:AT1G52310.1	Cau.Cau2AG001909	0.99	0.99	67.27	374	L1
transcript:AT5G27000.1	Cau.Cau3AG001324	0.98	0.99	56.64	593	L1
transcript:AT1G51950.1	Cau.Cau1BG001076	0.99	0.99	47.15	157	L1
transcript:AT3G24180.2	Cau.Cau9AG000973	1.00	1.00	78.42	752	L1
transcript:AT5G13100.1	Cau.Cau7BG000700	1.00	1.00	72.63	260	L1
transcript:AT2G20860.3	Cau.Cau2AG001041	0.99	1.00	81.38	306	L1
transcript:AT3G49900.1	Cau.Cau1AG000557	0.95	1.00	47.76	245	L1
transcript:AT2G42590.2	Cau.Cau2AG000692	1.00	1.00	82.82	217	L1
transcript:AT3G22370.1	Cau.Cau3BG001715	0.96	1.00	74.71	260	L1
transcript:AT1G19530.2	Cau.Cau3BG000314	0.96	0.90	38.69	53	L1
transcript:AT3G09970.1	Cau.Cau6BG000699	0.98	0.99	69.08	210	L1
transcript:AT5G16830.1	Cau.Cau5AG002412	0.96	0.96	67.28	183	L1
transcript:AT3G20630.1	Cau.Cau4BG001275	1.00	1.00	76.05	613	L1
transcript:AT2G30810.1	Cau.Cau9AG000935	0.96	0.93	58.72	64	L1
transcript:AT1G27900.1	Cau.Cau7BG000622	1.00	0.99	78.17	548	L1
transcript:AT4G14305.1	Cau.Cau9AG001179	0.99	0.99	83.15	153	L1
transcript:AT2G26680.1	Cau.Cau4BG000562	1.00	1.00	72.98	235	L1
transcript:AT1G07090.1	Cau.Cau8AG002010	0.86	0.61	77.33	133	L1
transcript:AT1G14190.1	Cau.Cau7BG000259	0.96	0.99	63.47	311	L1
transcript:AT4G32250.2	Cau.Cau4BG000215	1.00	0.97	64.38	394	L1
transcript:AT1G09580.1	Cau.Cau3BG002111	1.00	1.00	68.20	148	L1
transcript:AT2G15910.1	Cau.Cau8AG000503	0.69	0.99	53.15	135	L1
transcript:AT2G34680.1	Cau.Cau2BG002088	1.00	1.00	69.63	1199	L1
transcript:AT4G12430.1	Cau.Cau5BG000804	0.99	0.94	74.15	284	L1
transcript:AT3G52490.1	Cau.Cau6AG000832	1.00	1.00	59.49	514	L1
transcript:AT1G14520.4	Cau.Cau1BG001050	1.00	1.00	79.74	248	L1
transcript:AT5G17290.1	Cau.Cau9BG000947	1.00	0.99	66.48	236	L1
transcript:AT2G03667.1	Cau.Cau7AG000739	0.99	0.99	61.36	397	L1
transcript:AT5G02120.1	Cau.Cau6BG001475	0.67	0.62	75.68	56	L1
transcript:AT5G15290.1	Cau.Cau6BG000084	0.99	1.00	64.52	120	L1
transcript:AT1G04950.2	Cau.Cau2AG001305	1.00	1.00	67.15	372	L1
transcript:AT5G06470.1	Cau.Cau6AG000867	1.00	1.00	44.33	125	L1
transcript:AT5G64020.1	Cau.Cau1AG001749	1.00	1.00	60.31	269	L1
transcript:AT2G41200.1	Cau.Cau9AG000814	1.00	1.00	49.38	80	L1
transcript:AT1G26460.1	Cau.Cau7BG000725	1.00	1.00	63.12	397	L1
transcript:AT1G17100.1	Cau.Cau5BG001412	1.00	0.98	64.94	150	L1
transcript:AT1G06510.1	Cau.Cau7BG001261	0.95	0.88	50.88	144	L1
transcript:AT3G63390.1	Cau.Cau5AG002866	0.90	0.86	54.60	95	L1
transcript:AT2G22180.1	Cau.Cau1AG002078	0.90	0.98	33.33	93	L1
transcript:AT5G62390.1	Cau.Cau9BG000433	1.00	0.98	49.89	228	L1
transcript:AT1G52220.1	Cau.Cau1AG001116	1.00	1.00	64.74	101	L1
transcript:AT3G07720.1	Cau.Cau2BG001388	0.97	0.97	71.79	229	L1
transcript:AT4G23010.1	Cau.Cau5AG003643	1.00	0.99	80.75	281	L1
transcript:AT4G38250.1	Cau.Cau8AG000041	0.99	0.99	68.43	297	L1
transcript:AT1G25520.1	Cau.Cau7BG000884	1.00	1.00	80.00	184	L1
transcript:AT2G41670.2	Cau.Cau9AG000681	0.77	0.99	75.12	157	L1
transcript:AT5G52800.3	Cau.Cau9AG000179	0.96	0.99	59.71	366	L1
transcript:AT5G59210.1	Cau.Cau8BG001886	1.00	1.00	70.73	319	L1
transcript:AT5G20730.2	Cau.Cau4AG001973	0.99	1.00	56.49	546	L1
transcript:AT1G26220.1	Cau.Cau7BG000813	1.00	0.99	67.68	134	L1
transcript:AT1G32127.2	Cau.Cau3AG001837	1.00	0.95	76.52	202	L1
transcript:AT4G37420.1	Cau.Cau7BG001339	0.95	0.97	48.10	279	L1
transcript:AT3G50610.2	Cau.Cau3AG000434	0.45	0.86	33.64	37	L1
transcript:AT2G34540.2	Cau.Cau2AG002624	0.93	0.92	40.96	111	L1
transcript:AT1G08860.1	Cau.Cau3BG001511	0.99	0.98	72.46	421	L1
transcript:AT2G34690.1	Cau.Cau2BG002087	1.00	1.00	71.84	148	L1
transcript:ATMG00830.1	Cau.Cau7BG001579	0.97	0.60	68.18	255	L1
transcript:AT1G15140.1	Cau.Cau2AG001734	0.98	0.98	70.24	203	L1
transcript:AT3G07570.1	Cau.Cau2AG001449	0.95	0.93	54.86	192	L1
transcript:AT5G20490.2	Cau.Cau4BG000961	1.00	1.00	82.38	1286	L1
transcript:AT1G17230.2	Cau.Cau5BG001440	0.97	0.99	65.94	722	L1
transcript:AT5G05710.1	Cau.Cau7BG002265	1.00	1.00	84.03	121	L1
transcript:AT5G65840.1	Cau.Cau1BG000580	0.82	0.85	68.44	154	L1
transcript:AT5G18520.1	Cau.Cau6AG001580	1.00	1.00	78.41	345	L1
transcript:AT5G62610.2	Cau.Cau5AG000364	1.00	1.00	47.89	136	L1
transcript:AT4G32720.1	Cau.Cau4BG000351	0.99	1.00	54.96	255	L1
transcript:AT5G10010.1	Cau.Cau1BG002062	0.71	0.88	75.48	234	L1
transcript:AT5G20380.1	Cau.Cau4AG001913	1.00	1.00	68.37	374	L1
transcript:AT4G37820.2	Cau.Cau1AG000592	0.36	0.25	33.97	71	L1
transcript:AT4G15830.1	Cau.Cau9AG001674	1.00	1.00	57.10	173	L1
transcript:AT3G48900.2	Cau.Cau9AG000277	1.00	1.00	54.13	328	L1
transcript:AT2G23250.1	Cau.Cau8AG000376	0.99	0.93	47.71	219	L1
transcript:AT3G60460.1	Cau.Cau5AG003773	0.99	0.99	54.78	172	L1
transcript:AT2G04690.1	Cau.Cau6BG000214	0.99	0.94	65.88	139	L1
transcript:AT3G15160.1	Cau.Cau4BG001358	1.00	1.00	74.30	425	L1
transcript:AT4G18240.1	Cau.Cau2AG002581	1.00	1.00	65.54	698	L1
transcript:AT3G30841.2	Cau.Cau6BG000317	0.98	0.98	81.52	397	L1
transcript:AT5G55810.1	Cau.Cau4BG001610	0.98	0.97	72.22	169	L1
transcript:AT3G29100.3	Cau.Cau6BG000073	1.00	1.00	76.47	169	L1
transcript:AT1G69740.3	Cau.Cau3AG000851	1.00	1.00	83.02	357	L1
transcript:AT2G01990.2	Cau.Cau2AG001551	0.98	0.94	47.84	133	L1
transcript:AT2G24280.1	Cau.Cau6AG000804	0.99	0.98	41.18	203	L1
transcript:AT3G57800.1	Cau.Cau9AG000579	0.98	0.98	42.80	199	L1
transcript:AT5G60335.2	Cau.Cau8BG001690	0.89	0.92	69.39	102	L1
transcript:AT2G24270.3	Cau.Cau4BG002294	1.00	1.00	90.52	449	L1
transcript:AT2G18630.2	Cau.Cau1BG000329	0.97	0.99	61.68	235	L1
transcript:AT5G64360.7	Cau.Cau8AG000903	0.98	0.99	38.97	205	L1
transcript:AT5G13050.1	Cau.Cau5BG000365	0.85	0.99	67.49	164	L1
transcript:AT1G43980.1	Cau.Cau3BG000770	0.99	0.98	49.28	309	L1
transcript:AT5G15110.1	Cau.Cau6BG001580	1.00	1.00	53.39	252	L1
transcript:AT5G43750.1	Cau.Cau9BG001412	0.97	0.93	58.57	123	L1
transcript:AT5G04240.1	Cau.Cau7AG001827	1.00	0.99	54.17	684	L1
transcript:AT1G65910.1	Cau.Cau6AG000638	1.00	0.98	44.49	295	L1
transcript:AT4G01270.1	Cau.Cau5AG003510	1.00	1.00	42.91	242	L1
transcript:AT1G31160.1	Cau.Cau2BG001933	0.99	0.97	65.59	122	L1
transcript:AT2G26000.3	Cau.Cau1AG001384	0.94	0.93	68.03	317	L1
transcript:AT3G61730.1	Cau.Cau5AG003436	0.82	0.97	63.61	187	L1
transcript:AT1G73240.1	Cau.Cau5AG001707	1.00	1.00	57.44	301	L1
transcript:AT1G18590.1	Cau.Cau5AG001095	0.92	0.91	46.75	151	L1
transcript:AT5G56140.1	Cau.Cau4AG001669	0.93	1.00	78.38	232	L1
transcript:AT1G79850.1	Cau.Cau1AG001118	0.97	0.97	66.45	101	L1
transcript:AT4G13010.1	Cau.Cau5BG002523	1.00	1.00	81.86	165	L1
transcript:AT5G27410.1	Cau.Cau3AG001515	0.98	0.99	77.78	427	L1
transcript:AT5G62790.1	Cau.Cau5AG000440	1.00	1.00	81.59	390	L1
transcript:AT2G26140.1	Cau.Cau4AG000509	0.94	0.95	83.11	566	L1
transcript:AT1G08810.1	Cau.Cau7BG001186	1.00	1.00	51.14	180	L1
transcript:AT1G03790.1	Cau.Cau2BG000994	0.96	0.94	48.45	203	L1
transcript:AT1G78240.1	Cau.Cau3AG001007	1.00	1.00	73.17	510	L1
transcript:AT3G03305.1	Cau.Cau6BG002343	0.97	0.99	62.17	452	L1
transcript:AT5G25620.1	Cau.Cau4AG000338	0.97	0.95	70.46	291	L1
transcript:AT3G10572.1	Cau.Cau4AG001964	0.98	0.95	44.99	157	L1
transcript:AT2G32910.1	Cau.Cau3AG001529	0.61	0.77	40.13	189	L1
transcript:AT5G05780.1	Cau.Cau6BG001343	1.00	0.99	88.96	274	L1
transcript:AT5G11160.1	Cau.Cau4BG000213	0.96	0.97	81.52	150	L1
transcript:AT4G25960.1	Cau.Cau3BG001725	0.94	1.00	80.38	975	L1
transcript:AT2G17020.1	Cau.Cau8BG000108	0.96	0.98	60.57	384	L1
transcript:AT1G69180.1	Cau.Cau7AG000756	0.92	0.95	68.05	115	L1
transcript:AT3G49960.1	Cau.Cau1BG000527	1.00	1.00	68.28	226	L1
transcript:AT2G34310.7	Cau.Cau2BG002553	1.00	1.00	28.66	96	L1
transcript:AT5G07920.3	Cau.Cau5BG001023	1.00	1.00	76.77	565	L1
transcript:AT1G09020.1	Cau.Cau3AG001410	1.00	1.00	72.91	358	L1
transcript:AT1G19640.1	Cau.Cau3BG000299	0.99	0.99	58.66	227	L1
transcript:AT1G21480.1	Cau.Cau3BG000741	1.00	1.00	73.87	342	L1
transcript:AT3G48930.1	Cau.Cau4BG000191	1.00	1.00	91.25	146	L1
transcript:AT4G00100.1	Cau.Cau9BG000399	1.00	1.00	95.36	144	L1
transcript:AT3G06540.1	Cau.Cau1AG000038	1.00	0.98	57.47	323	L1
transcript:AT5G42850.2	Cau.Cau7BG000035	0.98	0.98	64.12	84	L1
transcript:AT5G03560.4	Cau.Cau6AG002075	0.65	0.84	72.61	175	L1
transcript:AT3G17130.1	Cau.Cau9AG001842	0.87	0.89	49.07	79	L1
transcript:AT3G11590.1	Cau.Cau6AG000805	1.00	1.00	58.62	408	L1
transcript:AT5G20410.1	Cau.Cau4BG001924	0.99	0.76	78.02	362	L1
transcript:AT3G29760.2	Cau.Cau6AG000008	0.52	0.88	54.18	162	L1
transcript:AT1G28440.1	Cau.Cau2BG002412	0.99	0.98	72.95	720	L1
transcript:AT5G11380.1	Cau.Cau4AG000268	1.00	0.99	69.32	497	L1
transcript:AT4G37280.1	Cau.Cau1BG000486	1.00	1.00	71.88	230	L1
transcript:AT5G32470.1	Cau.Cau7AG001045	1.00	1.00	66.46	424	L1
transcript:AT5G44010.4	Cau.Cau5BG002664	1.00	0.98	44.03	203	L1
transcript:AT4G19840.1	Cau.Cau2BG001954	0.97	0.94	45.90	112	L1
transcript:AT1G77140.1	Cau.Cau3BG000725	1.00	1.00	85.94	489	L1
transcript:AT1G75180.3	Cau.Cau3AG000342	1.00	1.00	68.97	220	L1
transcript:AT3G21490.1	Cau.Cau9AG001589	0.96	0.97	50.36	69	L1
transcript:AT4G17360.1	Cau.Cau5AG000742	1.00	0.99	71.65	235	L1
transcript:AT3G14362.1	Cau.Cau8BG000269	0.81	0.66	84.62	33	L1
transcript:AT1G18070.2	Cau.Cau4BG001051	1.00	1.00	77.34	413	L1
transcript:AT5G25590.1	Cau.Cau4BG000336	1.00	1.00	52.53	416	L1
transcript:AT4G15093.1	Cau.Cau1BG000757	0.99	0.84	71.70	190	L1
transcript:AT5G66780.1	Cau.Cau1BG000289	0.98	0.99	54.41	74	L1
transcript:AT5G03880.1	Cau.Cau6BG000754	1.00	1.00	72.43	247	L1
transcript:AT5G56750.1	Cau.Cau4BG000874	0.99	0.99	81.40	280	L1
transcript:AT1G60670.2	Cau.Cau8AG001132	1.00	0.91	49.09	135	L1
transcript:AT3G61220.1	Cau.Cau5AG003608	1.00	1.00	64.09	191	L1
transcript:AT5G49610.1	Cau.Cau9AG001857	0.98	1.00	69.10	246	L1
transcript:AT3G12910.1	Cau.Cau9BG000092	0.96	0.95	50.32	159	L1
transcript:AT2G33700.1	Cau.Cau3BG000064	0.99	0.99	76.64	292	L1
transcript:AT4G17610.2	Cau.Cau5BG000675	1.00	0.99	58.24	1078	L1
transcript:AT4G34200.1	Cau.Cau8AG000389	0.97	0.96	81.46	403	L1
transcript:AT1G56000.1	Cau.Cau5AG001482	0.95	0.99	70.96	259	L1
transcript:AT5G63380.1	Cau.Cau5AG000598	1.00	1.00	60.25	341	L1
transcript:AT5G24090.1	Cau.Cau9AG000149	0.95	0.96	73.26	211	L1
transcript:AT3G18290.1	Cau.Cau5BG001230	1.00	1.00	65.66	828	L1
transcript:AT5G25580.1	Cau.Cau4BG000330	0.74	0.58	55.99	173	L1
transcript:AT1G21900.1	Cau.Cau3BG000880	0.95	0.92	67.96	140	L1
transcript:AT1G12845.1	Cau.Cau2BG000798	0.84	0.89	44.23	46	L1
transcript:AT1G24310.1	Cau.Cau7AG000644	1.00	0.99	71.01	267	L1
transcript:AT5G35100.3	Cau.Cau4BG002320	0.92	0.88	63.27	174	L1
transcript:AT5G10250.2	Cau.Cau1AG002098	1.00	1.00	61.21	385	L1
transcript:AT4G32780.1	Cau.Cau4AG000377	0.95	0.98	51.69	214	L1
transcript:AT5G02880.1	Cau.Cau6AG001644	1.00	1.00	57.87	893	L1
transcript:AT2G35720.1	Cau.Cau5BG000767	0.99	0.99	68.79	368	L1
transcript:AT1G16445.1	Cau.Cau9AG000058	0.92	0.96	60.15	160	L1
transcript:AT4G05530.1	Cau.Cau2AG002720	1.00	1.00	78.82	201	L1
transcript:AT5G03530.2	Cau.Cau6AG001804	1.00	1.00	86.26	182	L1
transcript:AT3G44050.1	Cau.Cau8AG001258	1.00	1.00	55.85	769	L1
transcript:AT2G33390.1	Cau.Cau9BG001227	1.00	1.00	50.00	49	L1
transcript:AT1G52565.1	Cau.Cau1AG001302	1.00	1.00	54.14	72	L1
transcript:AT2G43060.1	Cau.Cau2BG001505	0.87	0.87	34.62	54	L1
transcript:AT3G54190.1	Cau.Cau6BG001108	1.00	0.99	86.60	407	L1
transcript:AT1G73410.1	Cau.Cau5BG001660	0.98	1.00	56.81	146	L1
transcript:AT1G52540.1	Cau.Cau1BG001358	1.00	0.89	63.87	228	L1
transcript:AT5G37290.2	Cau.Cau5AG001780	0.99	0.99	81.01	145	L1
transcript:AT4G08920.1	Cau.Cau3AG000996	0.98	0.99	79.39	543	L1
transcript:AT5G56730.1	Cau.Cau4AG000846	1.00	1.00	75.79	764	L1
transcript:AT3G18260.1	Cau.Cau5AG001262	0.99	1.00	52.63	120	L1
transcript:AT4G35920.1	Cau.Cau1AG000107	0.99	0.99	72.86	306	L1
transcript:AT1G67120.1	Cau.Cau1AG000886	1.00	1.00	51.31	2830	L1
transcript:AT5G05380.1	Cau.Cau7AG002166	0.91	0.94	75.74	153	L1
transcript:AT5G53830.1	Cau.Cau4BG001151	0.81	0.73	56.19	118	L1
transcript:AT5G49890.1	Cau.Cau3AG002337	0.99	0.99	77.23	607	L1
transcript:AT5G61990.1	Cau.Cau7BG001393	0.99	0.98	41.90	427	L1
transcript:AT1G12840.1	Cau.Cau2AG000810	1.00	1.00	84.76	317	L1
transcript:AT1G06220.3	Cau.Cau4BG002326	1.00	1.00	87.56	866	L1
transcript:AT5G14620.1	Cau.Cau2AG000513	1.00	0.98	54.70	349	L1
transcript:AT5G20850.1	Cau.Cau4BG001785	0.99	1.00	90.35	309	L1
transcript:AT1G10880.1	Cau.Cau2BG001782	1.00	0.99	56.55	233	L1
transcript:AT5G58060.1	Cau.Cau4AG002262	1.00	1.00	80.40	160	L1
transcript:AT5G54370.1	Cau.Cau4AG001215	1.00	1.00	68.24	232	L1
transcript:AT1G49780.1	Cau.Cau8AG000423	1.00	1.00	68.96	291	L1
transcript:AT3G17800.2	Cau.Cau5BG001630	0.94	0.95	67.97	278	L1
transcript:AT4G19810.2	Cau.Cau4BG002300	0.95	0.97	41.19	152	L1
transcript:AT4G30210.2	Cau.Cau4AG002078	0.99	0.98	74.57	525	L1
transcript:AT1G15385.1	Cau.Cau1BG001315	0.58	0.48	64.44	29	L1
transcript:AT1G67750.1	Cau.Cau7AG000565	0.95	0.96	86.05	333	L1
transcript:AT5G10110.1	Cau.Cau1AG002075	0.98	0.99	37.05	133	L1
transcript:AT1G65420.1	Cau.Cau6AG001960	0.84	0.80	72.89	121	L1
transcript:AT2G01770.1	Cau.Cau2AG001600	0.95	0.99	83.12	197	L1
transcript:AT4G32180.1	Cau.Cau5BG000451	0.95	0.93	88.72	763	L1
transcript:AT3G01980.4	Cau.Cau2BG000851	1.00	1.00	63.16	168	L1
transcript:AT3G08740.1	Cau.Cau6BG001161	1.00	1.00	69.92	165	L1
transcript:AT2G34190.1	Cau.Cau2BG002494	0.99	0.99	85.96	447	L1
transcript:AT4G12970.1	Cau.Cau7BG001227	0.74	0.78	65.52	57	L1
transcript:AT4G31115.1	Cau.Cau4AG000003	0.75	0.81	57.36	113	L1
transcript:AT1G33470.2	Cau.Cau5BG001904	0.99	0.94	60.69	159	L1
transcript:AT2G45420.1	Cau.Cau5AG003684	0.86	0.86	66.38	152	L1
transcript:AT1G48635.2	Cau.Cau4BG001049	0.99	0.98	52.36	211	L1
transcript:AT1G55550.1	Cau.Cau2AG000005	0.82	0.76	50.20	378	L1
transcript:AT1G44920.1	Cau.Cau3BG001178	0.84	0.83	71.04	157	L1
transcript:AT4G36910.1	Cau.Cau1BG000458	1.00	1.00	68.98	169	L1
transcript:AT1G63100.2	Cau.Cau5AG000908	0.99	0.98	59.19	409	L1
transcript:AT1G53130.1	Cau.Cau4AG001145	0.92	0.92	50.97	79	L1
transcript:AT1G10790.1	Cau.Cau3AG002077	0.96	0.69	45.43	149	L1
transcript:AT1G30670.1	Cau.Cau2BG002029	0.87	0.83	41.50	105	L1
transcript:AT2G37090.1	Cau.Cau6BG001662	0.98	0.96	61.25	215	L1
transcript:AT1G64770.1	Cau.Cau5BG002434	1.00	1.00	65.62	231	L1
transcript:AT2G32350.1	Cau.Cau2BG001188	1.00	0.95	59.50	144	L1
transcript:AT5G13220.1	Cau.Cau7AG000169	0.97	0.98	54.36	106	L1
transcript:AT2G02760.4	Cau.Cau5BG000319	1.00	1.00	97.37	148	L1
transcript:AT1G05805.1	Cau.Cau5BG002308	0.95	0.93	52.02	193	L1
transcript:AT1G23070.1	Cau.Cau4BG001736	0.94	0.88	70.03	271	L1
transcript:AT5G57345.1	Cau.Cau4AG002059	0.96	0.99	64.29	117	L1
transcript:AT5G01015.1	Cau.Cau6AG001103	0.94	0.96	46.02	52	L1
transcript:AT5G56670.1	Cau.Cau4BG000847	1.00	1.00	96.77	60	L1
transcript:AT1G61000.1	Cau.Cau2AG000241	1.00	0.98	52.97	232	L1
transcript:AT1G18450.1	Cau.Cau5BG001181	1.00	1.00	77.58	346	L1
transcript:AT5G63080.1	Cau.Cau5BG000482	0.97	0.95	60.48	280	L1
transcript:AT1G21730.1	Cau.Cau3BG000839	1.00	0.81	65.19	618	L1
transcript:AT5G36290.2	Cau.Cau6AG001895	1.00	1.00	75.17	221	L1
transcript:AT3G02600.1	Cau.Cau6BG000404	0.99	0.98	62.74	229	L1
transcript:AT1G68877.1	Cau.Cau7BG000812	0.69	0.88	60.47	26	L1
transcript:AT5G52605.1	Cau.Cau5BG002190	0.98	1.00	42.70	38	L1
transcript:AT2G26550.1	Cau.Cau3AG000437	0.97	0.97	47.41	174	L1
transcript:AT4G22140.2	Cau.Cau2BG002698	1.00	1.00	87.05	195	L1
transcript:AT4G28556.1	Cau.Cau9AG001214	0.94	0.92	42.13	91	L1
transcript:AT4G19150.1	Cau.Cau9BG001516	0.94	0.99	61.09	146	L1
transcript:AT2G43980.1	Cau.Cau5AG002031	0.99	0.97	56.05	278	L1
transcript:AT4G28430.1	Cau.Cau2BG000975	0.88	0.93	54.77	224	L1
transcript:AT5G43460.1	Cau.Cau9BG001351	0.99	0.99	67.52	106	L1
transcript:AT4G33150.4	Cau.Cau4AG001771	0.99	1.00	71.16	750	L1
transcript:AT5G49740.1	Cau.Cau3AG002429	1.00	1.00	61.02	457	L1
transcript:AT5G62170.1	Cau.Cau9BG000342	0.93	0.97	38.81	300	L1
transcript:AT4G04940.1	Cau.Cau4AG001962	1.00	1.00	76.40	696	L1
transcript:AT3G02920.1	Cau.Cau4BG002101	1.00	1.00	48.56	135	L1
transcript:AT2G25670.2	Cau.Cau4AG000315	1.00	1.00	64.16	213	L1
transcript:AT2G03270.1	Cau.Cau9AG000604	0.99	0.98	83.94	533	L1
transcript:AT5G49880.1	Cau.Cau3AG002363	1.00	1.00	65.89	479	L1
transcript:AT2G17080.1	Cau.Cau8AG000080	0.99	0.99	48.39	135	L1
transcript:AT2G39430.1	Cau.Cau7AG001960	0.99	0.97	52.27	196	L1
transcript:AT2G05630.1	Cau.Cau2BG001218	0.99	1.00	90.76	108	L1
transcript:AT4G08210.1	Cau.Cau3BG000903	1.00	0.99	59.01	406	L1
transcript:AT5G63260.2	Cau.Cau5AG000567	0.93	0.93	48.27	223	L1
transcript:AT2G26530.1	Cau.Cau3BG000423	0.96	0.88	46.25	154	L1
transcript:AT3G16260.1	Cau.Cau1AG001091	0.95	0.97	64.98	603	L1
transcript:AT1G22610.1	Cau.Cau3AG000526	0.76	1.00	79.85	622	L1
transcript:AT2G28250.6	Cau.Cau8AG001591	0.98	1.00	50.53	332	L1
transcript:AT2G24090.1	Cau.Cau4AG002203	0.97	0.98	59.09	91	L1
transcript:AT4G38270.1	Cau.Cau8BG000043	0.87	1.00	71.24	426	L1
transcript:AT5G62890.1	Cau.Cau5AG000404	1.00	1.00	85.93	458	L1
transcript:AT1G24620.1	Cau.Cau2AG001621	0.77	0.68	72.73	104	L1
transcript:AT1G11545.1	Cau.Cau2AG002204	0.94	0.96	57.73	168	L1
transcript:AT4G28260.2	Cau.Cau2BG001063	1.00	1.00	52.64	279	L1
transcript:AT3G05890.1	Cau.Cau6BG002418	0.98	0.91	81.13	43	L1
transcript:AT1G04770.1	Cau.Cau9AG000995	0.94	0.97	67.61	192	L1
transcript:AT4G30220.1	Cau.Cau4AG002079	1.00	1.00	92.05	81	L1
transcript:AT4G24190.1	Cau.Cau3BG000189	0.94	0.95	83.57	651	L1
transcript:AT3G47440.1	Cau.Cau9AG000448	0.98	1.00	63.53	162	L1
transcript:AT1G32560.1	Cau.Cau7AG001525	0.96	0.93	53.33	72	L1
transcript:AT4G29250.1	Cau.Cau4AG000290	0.97	1.00	50.55	230	L1
transcript:AT1G21650.2	Cau.Cau3AG000813	1.00	1.00	78.21	829	L1
transcript:AT5G47920.1	Cau.Cau8BG000289	0.99	0.98	55.67	113	L1
transcript:AT5G21280.1	Cau.Cau4BG001808	0.98	0.94	36.48	143	L1
transcript:AT4G05420.1	Cau.Cau2AG002115	1.00	1.00	92.00	1001	L1
transcript:AT1G60230.1	Cau.Cau7BG000436	0.86	0.84	75.31	302	L1
transcript:AT1G78630.1	Cau.Cau5AG001750	1.00	1.00	66.14	168	L1
transcript:AT5G55110.1	Cau.Cau4AG001468	0.99	0.99	53.33	88	L1
transcript:AT2G40740.1	Cau.Cau7AG002085	0.95	0.96	35.28	121	L1
transcript:AT4G32650.3	Cau.Cau4BG000328	0.96	1.00	61.76	394	L1
transcript:AT4G39470.1	Cau.Cau1BG001999	0.81	0.81	59.86	173	L1
transcript:AT2G14255.1	Cau.Cau8AG000219	0.99	0.98	56.34	302	L1
transcript:AT1G16830.1	Cau.Cau1AG001560	0.96	0.92	41.14	246	L1
transcript:AT2G36835.1	Cau.Cau6AG001782	1.00	1.00	65.08	82	L1
transcript:AT5G59900.1	Cau.Cau8BG001786	0.99	0.99	61.61	552	L1
transcript:AT5G20140.1	Cau.Cau4AG000619	1.00	0.99	70.36	273	L1
transcript:AT2G44360.1	Cau.Cau7BG000016	0.87	0.87	81.20	95	L1
transcript:AT1G77400.1	Cau.Cau3BG000827	0.99	1.00	38.03	89	L1
transcript:AT1G36050.2	Cau.Cau3BG000977	1.00	1.00	84.72	327	L1
transcript:AT1G79390.1	Cau.Cau9BG000020	1.00	0.98	71.43	90	L1
transcript:AT5G38510.3	Cau.Cau6AG000349	0.93	0.89	45.45	190	L1
transcript:AT4G24690.1	Cau.Cau5BG000514	1.00	1.00	50.90	340	L1
transcript:AT4G25520.2	Cau.Cau9AG000302	0.99	0.91	51.62	431	L1
transcript:AT5G45610.2	Cau.Cau3BG001777	0.85	0.97	31.57	167	L1
transcript:AT2G42975.1	Cau.Cau7BG001278	1.00	1.00	62.63	119	L1
transcript:AT2G19640.2	Cau.Cau8BG000990	0.96	0.96	56.41	220	L1
transcript:AT3G26790.1	Cau.Cau2AG000811	1.00	1.00	54.63	183	L1
transcript:AT1G03620.12	Cau.Cau2BG001053	0.78	0.92	62.50	145	L1
transcript:AT1G23860.2	Cau.Cau7BG000424	0.99	0.99	73.30	140	L1
transcript:AT5G46170.1	Cau.Cau2AG002157	0.99	0.99	72.66	311	L1
transcript:AT1G55480.1	Cau.Cau2BG000027	1.00	1.00	73.89	249	L1
transcript:AT3G25570.1	Cau.Cau7AG000813	1.00	0.95	68.77	240	L1
transcript:AT3G25950.1	Cau.Cau7AG000609	0.94	0.95	55.27	131	L1
transcript:AT2G39990.1	Cau.Cau7AG002273	0.99	0.99	77.24	224	L1
transcript:AT3G06145.1	Cau.Cau9BG001597	0.95	0.96	51.79	87	L1
transcript:AT5G19020.1	Cau.Cau9AG001535	0.95	0.93	58.92	383	L1
transcript:AT3G01130.7	Cau.Cau8AG000758	1.00	1.00	77.36	41	L1
transcript:AT3G53700.1	Cau.Cau6BG001528	1.00	0.99	71.80	555	L1
transcript:AT4G11220.1	Cau.Cau5AG000192	1.00	1.00	69.63	188	L1
transcript:AT3G12360.1	Cau.Cau7BG001964	1.00	1.00	82.09	486	L1
transcript:AT4G10265.1	Cau.Cau2BG001101	0.99	0.99	62.22	56	L1
transcript:AT1G19580.1	Cau.Cau3BG000309	0.98	1.00	84.07	227	L1
transcript:AT1G53750.1	Cau.Cau1BG001037	1.00	1.00	96.95	413	L1
transcript:AT2G37110.1	Cau.Cau6BG001677	1.00	0.99	64.29	162	L1
transcript:AT5G10020.1	Cau.Cau1BG002071	0.98	0.98	66.92	694	L1
transcript:AT3G29090.1	Cau.Cau6BG000075	0.98	0.99	82.37	257	L1
transcript:AT3G17668.1	Cau.Cau5BG003816	0.81	0.79	58.56	65	L1
transcript:AT2G42710.1	Cau.Cau2BG000704	0.99	1.00	56.00	238	L1
transcript:AT3G27570.2	Cau.Cau2BG000571	0.98	0.86	58.62	204	L1
transcript:AT3G52190.1	Cau.Cau7AG001741	0.97	0.97	62.79	243	L1
transcript:AT5G53070.1	Cau.Cau5AG001279	1.00	1.00	59.55	131	L1
transcript:AT2G15960.1	Cau.Cau8BG000551	1.00	1.00	35.06	27	L1
transcript:AT2G40815.2	Cau.Cau7BG002074	1.00	1.00	46.15	156	L1
transcript:AT5G57940.1	Cau.Cau4AG002244	1.00	0.98	75.17	563	L1
transcript:AT1G55730.1	Cau.Cau4AG001661	0.98	0.97	73.24	323	L1
transcript:AT4G14805.1	Cau.Cau9AG001412	0.58	0.58	53.54	68	L1
transcript:AT5G19150.1	Cau.Cau9BG001579	1.00	1.00	64.36	242	L1
transcript:AT2G25050.1	Cau.Cau4BG000147	0.99	0.99	65.76	701	L1
transcript:AT5G20960.2	Cau.Cau8AG001245	0.99	0.98	64.07	879	L1
transcript:AT4G29735.1	Cau.Cau4AG000904	1.00	1.00	82.89	63	L1
transcript:AT3G20860.1	Cau.Cau2AG000210	0.98	0.99	57.95	277	L1
transcript:AT5G47800.4	Cau.Cau2BG002820	0.98	0.94	62.21	349	L1
transcript:AT1G02410.2	Cau.Cau3AG001777	0.75	0.75	81.02	175	L1
transcript:AT2G06050.3	Cau.Cau4BG000964	0.45	0.85	71.75	127	L1
transcript:AT2G45120.1	Cau.Cau5AG003743	0.99	0.96	42.86	168	L1
transcript:AT4G30580.1	Cau.Cau4BG002263	0.82	0.82	68.15	199	L1
transcript:AT1G21651.1	Cau.Cau3AG000814	1.00	1.00	50.00	415	L1
transcript:AT5G28750.1	Cau.Cau3BG001652	0.66	0.65	67.01	65	L1
transcript:AT1G77310.1	Cau.Cau3AG000808	0.94	0.96	46.77	348	L1
transcript:AT1G78280.1	Cau.Cau3AG001023	1.00	0.99	61.63	604	L1
transcript:AT4G30935.1	Cau.Cau4BG002270	0.95	0.97	51.89	247	L1
transcript:AT3G52390.1	Cau.Cau6AG000861	1.00	1.00	83.39	266	L1
transcript:AT2G01320.2	Cau.Cau2AG001716	1.00	1.00	76.96	568	L1
transcript:AT4G19450.1	Cau.Cau3BG001682	0.99	0.92	73.78	425	L1
transcript:AT5G64260.1	Cau.Cau8BG000966	1.00	1.00	71.25	223	L1
transcript:AT1G09700.2	Cau.Cau3BG001107	0.75	0.50	67.77	143	L1
transcript:AT4G23650.1	Cau.Cau5AG000188	0.88	0.89	80.86	376	L1
transcript:AT5G06550.1	Cau.Cau6BG000888	0.97	0.94	73.58	362	L1
transcript:AT1G65430.1	Cau.Cau6BG002344	0.99	0.97	76.64	443	L1
transcript:AT2G46240.1	Cau.Cau5AG003485	0.99	0.99	32.05	244	L1
transcript:AT2G23690.1	Cau.Cau1BG000351	0.83	0.87	65.00	91	L1
transcript:AT5G20420.1	Cau.Cau7BG002187	1.00	1.00	55.10	729	L1
transcript:AT1G70790.1	Cau.Cau2AG001664	0.89	0.94	65.85	108	L1
transcript:AT4G22220.1	Cau.Cau5BG000452	0.99	0.98	74.85	128	L1
transcript:AT1G75020.1	Cau.Cau3BG000374	0.96	0.95	68.96	251	L1
transcript:AT2G18190.1	Cau.Cau1AG000236	0.92	0.95	60.31	275	L1
transcript:AT1G12430.1	Cau.Cau5AG000850	0.99	1.00	75.71	692	L1
transcript:AT1G59540.1	Cau.Cau8AG001217	1.00	0.99	61.14	516	L1
transcript:AT3G12100.1	Cau.Cau6BG000969	1.00	1.00	69.25	277	L1
transcript:AT1G59640.1	Cau.Cau7AG000359	0.96	0.99	51.81	143	L1
transcript:AT3G03440.1	Cau.Cau6AG000474	0.83	0.84	72.70	245	L1
transcript:AT5G51150.1	Cau.Cau7AG001312	0.97	1.00	77.06	403	L1
transcript:AT2G17120.1	Cau.Cau8AG000065	0.96	0.96	49.71	174	L1
transcript:AT5G11630.2	Cau.Cau4BG000405	1.00	1.00	60.44	55	L1
transcript:AT5G17610.1	Cau.Cau7AG001109	0.85	0.82	72.82	75	L1
transcript:AT5G49480.1	Cau.Cau9BG001905	0.99	0.96	64.81	105	L1
transcript:AT4G28280.2	Cau.Cau2BG001068	0.96	0.80	56.77	88	L1
transcript:AT3G28345.1	Cau.Cau6AG000200	0.98	0.98	76.04	933	L1
transcript:AT2G47440.1	Cau.Cau5BG003128	1.00	1.00	65.86	382	L1
transcript:AT5G60470.3	Cau.Cau8BG001665	0.87	0.90	47.32	221	L1
transcript:AT2G31320.1	Cau.Cau5BG002751	1.00	1.00	70.35	707	L1
transcript:AT5G20500.1	Cau.Cau4BG002051	0.96	0.94	68.46	89	L1
transcript:AT1G47640.1	Cau.Cau3BG000401	1.00	1.00	88.55	201	L1
transcript:AT5G37020.1	Cau.Cau6BG000627	0.98	0.97	72.67	593	L1
transcript:AT3G26730.1	Cau.Cau2AG000794	1.00	1.00	52.66	435	L1
transcript:AT3G46100.1	Cau.Cau6BG001776	1.00	1.00	75.45	375	L1
transcript:AT1G10430.2	Cau.Cau7AG000365	1.00	1.00	95.10	291	L1
transcript:AT1G78020.1	Cau.Cau3BG000966	1.00	0.88	53.71	94	L1
transcript:AT3G22190.3	Cau.Cau8AG001280	0.99	0.98	61.66	267	L1
transcript:AT4G28530.1	Cau.Cau5AG002768	0.61	0.62	65.12	140	L1
transcript:AT5G45550.1	Cau.Cau3BG001878	1.00	1.00	93.49	201	L1
transcript:AT1G07070.1	Cau.Cau7BG002358	1.00	1.00	91.96	103	L1
transcript:AT5G01780.4	Cau.Cau6BG001197	0.87	0.57	56.46	153	L1
transcript:AT2G38470.1	Cau.Cau6BG001214	0.93	0.90	50.36	279	L1
transcript:AT1G75160.1	Cau.Cau3BG000347	0.99	0.98	65.90	259	L1
transcript:AT5G06620.1	Cau.Cau6AG000926	0.99	0.90	63.08	205	L1
transcript:AT1G66730.1	Cau.Cau6BG000424	0.98	0.99	61.74	865	L1
transcript:AT3G25600.1	Cau.Cau7BG000838	0.96	0.95	80.65	125	L1
transcript:AT1G33680.1	Cau.Cau5BG001816	1.00	0.97	44.59	371	L1
transcript:AT1G47990.1	Cau.Cau9AG001860	0.99	0.95	56.27	184	L1
transcript:AT5G58920.1	Cau.Cau8BG001940	1.00	1.00	72.84	118	L1
transcript:AT5G48480.1	Cau.Cau2BG001508	0.86	0.88	47.37	72	L1
transcript:AT5G42960.1	Cau.Cau3BG000349	0.99	1.00	70.56	151	L1
transcript:AT3G26710.1	Cau.Cau2BG000778	0.87	0.82	73.28	170	L1
transcript:AT5G03905.1	Cau.Cau6AG000750	0.62	0.70	80.00	80	L1
transcript:AT3G20660.1	Cau.Cau4AG001280	0.98	0.98	70.23	368	L1
transcript:AT5G16060.1	Cau.Cau6BG000349	0.97	0.98	79.35	73	L1
transcript:ATMG00900.1	Cau.Cau7BG001577	0.95	0.97	88.48	215	L1
transcript:AT3G02150.1	Cau.Cau6BG000012	0.40	0.28	76.99	87	L1
transcript:AT1G72820.2	Cau.Cau4BG001861	0.99	1.00	68.17	242	L1
transcript:AT5G61520.1	Cau.Cau9AG000482	0.97	0.97	66.07	331	L1
transcript:AT5G48040.1	Cau.Cau5BG002299	0.97	0.98	63.18	266	L1
transcript:AT1G09430.1	Cau.Cau6BG002369	0.99	0.99	90.71	381	L1
transcript:AT1G61580.1	Cau.Cau3BG002261	0.99	0.99	88.60	342	L1
transcript:AT4G15640.1	Cau.Cau9AG001640	1.00	1.00	63.22	251	L1
transcript:AT1G06950.1	Cau.Cau1AG001622	1.00	1.00	70.51	722	L1
transcript:AT1G11930.2	Cau.Cau2AG002688	0.97	0.93	78.40	196	L1
transcript:AT3G59570.3	Cau.Cau5BG002183	0.93	0.97	57.78	412	L1
transcript:AT5G63030.1	Cau.Cau5AG000461	0.90	0.93	70.54	79	L1
transcript:AT2G30150.2	Cau.Cau8AG002023	0.99	0.99	54.11	250	L1
transcript:AT3G49430.2	Cau.Cau5AG001617	0.90	0.92	72.53	198	L1
transcript:AT5G09550.1	Cau.Cau8BG000896	1.00	1.00	86.49	384	L1
transcript:AT4G10925.5	Cau.Cau5AG000107	0.93	0.73	76.04	165	L1
transcript:AT1G09160.2	Cau.Cau3AG001325	0.99	0.97	75.29	320	L1
transcript:AT3G18680.2	Cau.Cau1AG001828	0.96	0.93	69.47	248	L1
transcript:AT2G24580.1	Cau.Cau4AG000071	0.99	0.99	69.08	286	L1
transcript:AT1G25260.1	Cau.Cau3AG002039	1.00	1.00	74.89	176	L1
transcript:AT5G17600.1	Cau.Cau7BG001129	0.96	0.95	47.81	175	L1
transcript:AT5G61380.1	Cau.Cau5BG000989	1.00	0.99	52.02	335	L1
transcript:AT3G47070.1	Cau.Cau8AG001940	1.00	0.99	58.00	58	L1
transcript:AT3G16640.1	Cau.Cau9AG001684	1.00	1.00	80.95	136	L1
transcript:AT5G18420.1	Cau.Cau8AG001064	0.97	0.98	62.62	268	L1
transcript:AT1G16770.1	Cau.Cau1BG001848	1.00	1.00	69.14	224	L1
transcript:AT2G45340.1	Cau.Cau5AG003703	0.99	0.99	66.03	451	L1
transcript:AT1G31220.1	Cau.Cau2AG002728	0.74	0.73	71.76	155	L1
transcript:AT3G21670.1	Cau.Cau2BG001263	0.94	0.94	76.94	427	L1
transcript:AT1G77610.1	Cau.Cau3AG000871	0.99	0.98	90.99	303	L1
transcript:AT1G01690.2	Cau.Cau5AG003559	1.00	1.00	42.61	196	L1
transcript:AT3G52905.1	Cau.Cau9AG001622	0.97	0.94	65.45	108	L1
transcript:AT2G38510.1	Cau.Cau6AG001176	0.95	0.89	66.81	310	L1
transcript:AT1G36730.1	Cau.Cau3AG000932	1.00	1.00	66.45	303	L1
transcript:AT2G39710.1	Cau.Cau7BG002307	0.97	0.99	68.51	298	L1
transcript:AT5G62065.1	Cau.Cau9AG000296	0.74	0.75	56.18	50	L1
transcript:AT1G80910.1	Cau.Cau2AG001597	1.00	1.00	70.87	365	L1
transcript:AT3G56680.1	Cau.Cau6BG000562	0.98	0.98	55.52	196	L1
transcript:AT5G07740.3	Cau.Cau5BG000991	1.00	1.00	70.75	764	L1
transcript:AT5G42300.1	Cau.Cau7BG001860	1.00	1.00	95.89	70	L1
transcript:AT3G24506.1	Cau.Cau4BG000711	0.40	0.38	67.19	43	L1
transcript:AT3G17430.2	Cau.Cau9BG001973	1.00	1.00	85.56	326	L1
transcript:AT2G26510.1	Cau.Cau3AG000415	0.96	0.97	72.97	386	L1
transcript:AT3G07400.1	Cau.Cau7AG001201	1.00	1.00	66.34	684	L1
transcript:AT3G27110.1	Cau.Cau2AG000884	0.91	0.95	78.02	252	L1
transcript:AT5G02070.1	Cau.Cau6AG001447	0.94	0.96	65.76	409	L1
transcript:AT1G78700.1	Cau.Cau5BG001344	1.00	1.00	74.55	249	L1
transcript:AT4G05090.1	Cau.Cau2BG002259	0.99	0.99	64.23	264	L1
transcript:AT2G24390.1	Cau.Cau4AG000020	0.95	0.79	64.58	93	L1
transcript:AT2G31210.1	Cau.Cau5AG003862	1.00	0.99	39.80	197	L1
transcript:AT1G69060.1	Cau.Cau7BG000772	0.97	0.97	47.94	192	L1
transcript:AT5G58040.2	Cau.Cau4AG002267	1.00	1.00	46.38	606	L1
transcript:AT4G31330.1	Cau.Cau4AG000025	1.00	0.97	68.02	168	L1
transcript:AT1G65920.1	Cau.Cau6AG000637	0.99	0.98	52.25	558	L1
transcript:AT5G39670.1	Cau.Cau6BG000092	0.86	0.91	49.17	89	L1
transcript:AT4G27280.1	Cau.Cau4BG001294	0.82	0.91	75.70	81	L1
transcript:AT1G07300.1	Cau.Cau8BG001952	0.59	0.45	50.00	38	L1
transcript:AT5G47430.1	Cau.Cau5BG000736	0.99	0.99	53.06	486	L1
transcript:AT1G43860.1	Cau.Cau3AG000754	1.00	1.00	73.51	272	L1
transcript:AT5G50230.1	Cau.Cau5AG000550	0.37	0.99	72.34	136	L1
transcript:AT5G57800.1	Cau.Cau4BG002186	1.00	0.99	70.41	445	L1
transcript:AT1G06050.1	Cau.Cau5BG002214	0.96	0.96	59.80	183	L1
transcript:AT3G52080.1	Cau.Cau7BG000052	1.00	0.99	54.61	438	L1
transcript:AT4G13020.1	Cau.Cau5BG002525	1.00	1.00	74.31	324	L1
transcript:AT3G22110.1	Cau.Cau6BG001018	1.00	1.00	92.00	230	L1
transcript:AT5G02050.1	Cau.Cau6AG001439	1.00	1.00	52.06	139	L1
transcript:AT5G11590.1	Cau.Cau4AG000392	0.92	0.95	64.91	148	L1
transcript:AT1G30070.1	Cau.Cau2BG002620	1.00	0.99	65.61	145	L1
transcript:AT1G78160.1	Cau.Cau3BG000987	0.91	0.90	43.93	315	L1
transcript:AT3G48550.1	Cau.Cau7BG001472	0.98	0.99	55.29	94	L1
transcript:AT5G24340.1	Cau.Cau5BG001548	0.99	0.98	65.56	337	L1
transcript:AT1G78995.1	Cau.Cau8BG002066	0.57	0.60	72.73	72	L1
transcript:AT2G06000.1	Cau.Cau4BG001722	0.98	0.97	53.83	288	L1
transcript:AT5G20040.1	Cau.Cau4BG001079	0.92	0.92	67.45	288	L1
transcript:AT3G27170.1	Cau.Cau2AG000895	1.00	1.00	81.48	638	L1
transcript:AT5G46400.1	Cau.Cau2AG002565	0.82	0.85	41.76	403	L1
transcript:AT3G61690.1	Cau.Cau5AG003445	1.00	1.00	56.25	774	L1
transcript:AT1G04940.1	Cau.Cau3BG000287	1.00	1.00	67.15	184	L1
transcript:AT5G56740.1	Cau.Cau4AG000844	0.98	0.99	63.58	295	L1
transcript:AT3G48470.2	Cau.Cau5BG000580	1.00	0.99	58.28	595	L1
transcript:AT5G36120.1	Cau.Cau7AG001006	0.87	0.82	57.06	97	L1
transcript:AT1G12120.1	Cau.Cau5BG000796	0.54	0.36	37.59	103	L1
transcript:AT3G27750.1	Cau.Cau1BG001123	0.96	0.93	51.63	111	L1
transcript:AT1G12930.1	Cau.Cau2AG000738	0.99	0.99	66.34	670	L1
transcript:AT4G21520.1	Cau.Cau2BG002275	0.90	0.87	72.85	279	L1
transcript:AT1G58120.1	Cau.Cau3AG001084	0.91	0.95	38.19	152	L1
transcript:AT1G69170.1	Cau.Cau7AG000758	0.79	0.75	40.31	154	L1
transcript:AT4G30440.1	Cau.Cau4BG002198	0.98	0.99	88.24	375	L1
transcript:AT1G35210.1	Cau.Cau3AG001033	0.21	0.20	64.71	22	L1
transcript:AT3G44020.1	Cau.Cau8AG001256	1.00	1.00	52.02	90	L1
transcript:AT1G19790.2	Cau.Cau3BG000257	1.00	1.00	49.04	178	L1
transcript:AT4G11960.1	Cau.Cau5BG000877	0.90	0.86	80.14	226	L1
transcript:AT4G16790.1	Cau.Cau5BG000720	0.96	0.96	44.18	159	L1
transcript:AT2G19260.2	Cau.Cau4BG002041	0.40	0.61	40.62	132	L1
transcript:AT5G51830.2	Cau.Cau9BG000344	0.93	0.91	79.69	255	L1
transcript:AT1G05000.2	Cau.Cau2AG001275	0.96	0.90	65.40	155	L1
transcript:AT2G47350.1	Cau.Cau5BG003157	0.99	0.98	44.92	252	L1
transcript:AT5G13960.1	Cau.Cau2BG000782	0.98	0.99	56.12	385	L1
transcript:AT3G17365.1	Cau.Cau9BG001961	0.97	0.98	70.39	164	L1
transcript:AT1G14850.1	Cau.Cau2BG001609	1.00	1.00	74.41	1108	L1
transcript:AT1G25370.2	Cau.Cau2BG001791	0.98	0.97	44.53	122	L1
transcript:AT5G60870.1	Cau.Cau6BG001015	0.99	1.00	64.76	294	L1
transcript:AT4G09670.1	Cau.Cau3AG000612	0.99	0.99	68.70	248	L1
transcript:AT4G04850.2	Cau.Cau8AG000214	0.95	0.95	71.32	542	L1
transcript:AT1G26820.1	Cau.Cau7BG000264	1.00	0.99	65.62	147	L1
transcript:AT5G52820.1	Cau.Cau2BG000102	0.99	1.00	80.89	381	L1
transcript:AT1G02740.1	Cau.Cau3BG000516	0.99	0.97	51.22	168	L1
transcript:AT4G24660.1	Cau.Cau3AG001066	1.00	1.00	56.12	133	L1
transcript:AT1G46480.1	Cau.Cau3BG000490	1.00	0.99	55.91	142	L1
transcript:AT4G35460.1	Cau.Cau1BG000008	1.00	0.97	75.47	283	L1
transcript:AT3G27320.1	Cau.Cau2BG000940	1.00	1.00	76.38	359	L1
transcript:AT4G34640.1	Cau.Cau8BG000695	1.00	0.99	77.13	317	L1
transcript:AT2G32260.1	Cau.Cau6BG001032	0.85	0.92	78.84	231	L1
transcript:AT5G41410.1	Cau.Cau5BG000227	0.97	0.95	45.03	326	L1
transcript:AT1G53050.2	Cau.Cau4BG001160	0.99	0.99	71.95	513	L1
transcript:AT4G10610.1	Cau.Cau5BG001581	1.00	1.00	62.70	232	L1
transcript:AT3G13480.1	Cau.Cau2AG000028	0.94	0.92	44.00	77	L1
transcript:AT5G42370.1	Cau.Cau3BG000012	0.96	0.93	66.20	286	L1
transcript:AT1G60640.7	Cau.Cau6AG000430	0.77	0.93	37.55	86	L1
transcript:AT1G54570.1	Cau.Cau3AG001566	0.99	0.99	62.07	437	L1
transcript:AT3G12320.3	Cau.Cau3BG001981	0.97	0.83	29.36	101	L1
transcript:AT5G35620.1	Cau.Cau9AG001160	0.93	0.91	72.04	134	L1
transcript:AT5G64160.1	Cau.Cau8AG000998	1.00	1.00	55.93	132	L1
transcript:AT5G65700.2	Cau.Cau1AG000599	0.99	0.98	78.42	694	L1
transcript:AT3G58830.2	Cau.Cau7BG001244	1.00	0.97	57.30	208	L1
transcript:AT2G26920.1	Cau.Cau3BG001945	0.99	1.00	40.71	276	L1
transcript:AT5G46190.2	Cau.Cau2BG002143	1.00	1.00	56.20	390	L1
transcript:AT4G36650.1	Cau.Cau1BG000303	0.98	0.98	68.57	349	L1
transcript:AT1G07476.1	Cau.Cau8BG001872	0.77	0.94	34.48	50	L1
transcript:AT3G05990.1	Cau.Cau9BG001554	0.95	0.95	61.26	302	L1
transcript:AT2G39500.1	Cau.Cau7BG002005	0.93	0.86	60.78	31	L1
transcript:AT4G33690.1	Cau.Cau8BG000221	0.80	0.79	53.20	108	L1
transcript:AT3G03060.1	Cau.Cau5AG002398	0.99	0.99	80.22	511	L1
transcript:AT1G27760.3	Cau.Cau3BG001208	1.00	1.00	65.02	290	L1
transcript:AT3G07640.1	Cau.Cau2BG001410	1.00	1.00	48.35	117	L1
transcript:AT1G47278.3	Cau.Cau3BG000183	1.00	1.00	70.00	56	L1
transcript:AT3G05190.3	Cau.Cau3BG001507	0.99	0.99	77.45	426	L1
transcript:AT1G08780.1	Cau.Cau8AG001235	0.93	0.94	72.50	87	L1
transcript:AT4G18830.1	Cau.Cau2AG002527	0.44	0.34	55.62	89	L1
transcript:AT5G05700.1	Cau.Cau7AG002253	1.00	0.99	54.12	348	L1
transcript:AT5G27330.1	Cau.Cau3BG001470	1.00	1.00	39.03	249	L1
transcript:AT1G67180.1	Cau.Cau6AG000325	1.00	0.96	57.40	171	L1
transcript:AT1G04280.2	Cau.Cau9AG001315	0.99	0.82	71.61	343	L1
transcript:AT5G01620.3	Cau.Cau6BG001232	1.00	0.99	62.98	162	L1
transcript:AT2G45460.4	Cau.Cau5BG003642	0.96	0.94	52.60	465	L1
transcript:AT3G15670.1	Cau.Cau1AG001264	0.89	0.92	36.82	74	L1
transcript:AT1G44960.1	Cau.Cau8AG000968	1.00	0.99	63.77	169	L1
transcript:AT3G51820.1	Cau.Cau6AG001284	1.00	1.00	78.35	304	L1
transcript:AT5G37630.1	Cau.Cau6AG000501	0.98	0.99	63.44	661	L1
transcript:AT4G10080.1	Cau.Cau5BG001837	1.00	0.93	35.71	135	L1
transcript:AT2G20800.1	Cau.Cau2AG001089	1.00	1.00	69.32	409	L1
transcript:AT2G43560.1	Cau.Cau5AG002201	1.00	1.00	69.53	162	L1
transcript:AT5G08139.1	Cau.Cau5BG001110	0.74	0.58	47.08	137	L1
transcript:AT5G60970.1	Cau.Cau5AG001067	0.92	0.94	39.41	147	L1
transcript:AT1G18600.1	Cau.Cau5BG001071	0.81	0.85	60.84	174	L1
transcript:AT5G53890.1	Cau.Cau4BG001137	0.99	0.99	66.57	693	L1
transcript:AT4G31340.1	Cau.Cau4AG000031	1.00	1.00	58.33	259	L1
transcript:AT4G40050.1	Cau.Cau1AG000710	0.99	0.99	65.38	391	L1
transcript:AT2G21120.1	Cau.Cau8AG000821	0.99	0.98	79.03	260	L1
transcript:AT2G17390.1	Cau.Cau6BG001005	0.61	0.75	61.40	132	L1
transcript:AT1G77590.1	Cau.Cau3BG000864	1.00	1.00	76.98	535	L1
transcript:AT3G08040.1	Cau.Cau7BG000069	0.96	0.97	67.44	350	L1
transcript:AT3G57890.1	Cau.Cau7AG001309	0.98	0.98	76.29	428	L1
transcript:AT3G20395.1	Cau.Cau4AG001413	0.99	0.97	41.13	95	L1
transcript:AT2G20360.1	Cau.Cau5BG002647	1.00	1.00	71.96	290	L1
transcript:AT1G21190.1	Cau.Cau3BG000691	0.67	0.99	82.35	56	L1
transcript:AT3G24620.1	Cau.Cau4BG000729	1.00	1.00	59.38	345	L1
transcript:AT2G39920.2	Cau.Cau7BG002300	0.97	0.95	46.31	138	L1
transcript:AT3G13060.2	Cau.Cau8BG002055	1.00	1.00	63.70	423	L1
transcript:AT5G60390.3	Cau.Cau7AG001892	0.99	1.00	96.64	431	L1
transcript:AT1G04920.1	Cau.Cau9AG000903	1.00	1.00	78.19	839	L1
transcript:AT3G48730.1	Cau.Cau7AG001405	1.00	1.00	84.18	399	L1
transcript:AT1G72570.1	Cau.Cau1BG000930	0.99	0.78	52.20	249	L1
transcript:AT5G18590.1	Cau.Cau9BG001716	1.00	1.00	66.53	485	L1
transcript:AT1G14570.2	Cau.Cau8AG001099	1.00	1.00	61.12	294	L1
transcript:AT4G27880.1	Cau.Cau5AG001534	1.00	1.00	78.47	266	L1
transcript:AT2G29260.1	Cau.Cau8AG001865	0.99	1.00	65.89	226	L1
transcript:AT3G04790.1	Cau.Cau3BG001622	1.00	1.00	69.96	198	L1
transcript:AT5G18860.2	Cau.Cau9BG001671	0.99	0.98	67.19	594	L1
transcript:AT3G59520.1	Cau.Cau5BG002215	1.00	1.00	85.50	230	L1
transcript:AT1G15750.2	Cau.Cau1AG001364	1.00	1.00	85.50	973	L1
transcript:AT3G55290.1	Cau.Cau6AG000550	0.98	0.99	68.48	189	L1
transcript:AT3G63400.3	Cau.Cau5AG002864	1.00	1.00	58.85	278	L1
transcript:AT3G09120.1	Cau.Cau7AG001974	0.74	0.99	29.55	73	L1
transcript:AT3G56210.1	Cau.Cau7BG002158	0.99	1.00	64.21	122	L1
transcript:AT3G07550.2	Cau.Cau2AG001456	0.97	0.98	61.46	236	L1
transcript:AT5G63460.1	Cau.Cau5AG000622	0.93	0.92	69.74	106	L1
transcript:AT5G07940.3	Cau.Cau5BG001032	1.00	1.00	39.30	664	L1
transcript:AT5G45590.1	Cau.Cau3BG001849	1.00	1.00	51.12	91	L1
transcript:AT4G35290.5	Cau.Cau8AG000020	0.99	0.96	65.22	602	L1
transcript:AT1G60990.1	Cau.Cau3AG002103	0.97	0.96	68.02	285	L1
transcript:AT1G72040.1	Cau.Cau3AG000604	0.84	0.89	68.76	339	L1
transcript:AT1G32050.1	Cau.Cau3AG001812	1.00	0.99	76.38	207	L1
transcript:AT1G77080.8	Cau.Cau7BG000690	1.00	0.99	37.07	86	L1
transcript:AT1G73990.1	Cau.Cau5AG001121	1.00	1.00	69.02	479	L1
transcript:AT1G09660.3	Cau.Cau3BG002287	0.96	0.99	71.33	209	L1
transcript:AT1G69560.1	Cau.Cau7BG000256	0.52	0.40	69.19	119	L1
transcript:AT2G36450.1	Cau.Cau6BG000689	0.95	0.87	61.20	112	L1
transcript:AT5G51790.1	Cau.Cau9AG000350	0.84	0.94	49.12	84	L1
transcript:AT4G15110.1	Cau.Cau6BG001035	0.97	0.98	78.07	445	L1
transcript:AT1G70280.2	Cau.Cau7AG000420	0.99	1.00	63.69	328	L1
transcript:AT5G56840.1	Cau.Cau4AG000872	0.67	0.66	55.08	103	L1
transcript:AT5G22040.3	Cau.Cau8BG001294	1.00	1.00	56.61	167	L1
transcript:AT3G48680.1	Cau.Cau7AG001431	0.99	0.99	77.82	200	L1
transcript:AT1G19000.1	Cau.Cau5BG000375	0.98	1.00	49.69	158	L1
transcript:AT4G18960.1	Cau.Cau2AG002544	1.00	1.00	66.54	169	L1
transcript:AT4G04670.1	Cau.Cau2AG002649	1.00	1.00	59.17	613	L1
transcript:AT1G76610.1	Cau.Cau3BG000018	1.00	1.00	46.18	139	L1
transcript:AT4G10150.1	Cau.Cau5AG001924	0.94	0.87	50.00	114	L1
transcript:AT5G66730.1	Cau.Cau1AG000311	1.00	1.00	57.73	310	L1
transcript:AT3G26960.1	Cau.Cau2AG000847	0.95	0.98	51.18	87	L1
transcript:AT5G63690.2	Cau.Cau5AG003010	0.97	0.98	65.69	90	L1
transcript:AT1G77220.1	Cau.Cau3BG000723	0.98	0.99	76.25	366	L1
transcript:AT4G17560.1	Cau.Cau5AG000688	0.99	1.00	64.32	155	L1
transcript:AT5G52660.1	Cau.Cau9BG000186	0.96	0.96	67.69	220	L1
transcript:AT1G44414.1	Cau.Cau3BG000854	1.00	1.00	66.04	70	L1
transcript:AT1G11190.1	Cau.Cau2AG002302	0.97	0.98	70.61	209	L1
transcript:AT1G23110.7	Cau.Cau2AG001674	1.00	1.00	69.35	172	L1
transcript:AT5G11870.2	Cau.Cau4AG000502	0.99	0.98	65.54	175	L1
transcript:AT5G50760.1	Cau.Cau7BG001428	0.99	0.95	38.54	79	L1
transcript:AT3G56200.1	Cau.Cau7BG002161	0.97	0.97	65.80	277	L1
transcript:AT1G60440.1	Cau.Cau7BG000454	0.98	0.95	69.55	265	L1
transcript:AT1G14620.1	Cau.Cau5BG003457	0.99	1.00	71.00	164	L1
transcript:AT2G06010.1	Cau.Cau4AG001692	0.96	0.98	78.45	142	L1
transcript:AT1G06150.1	Cau.Cau5BG002747	0.99	0.99	47.20	354	L1
transcript:AT1G78915.1	Cau.Cau1BG001841	0.99	1.00	64.23	255	L1
transcript:AT5G55140.1	Cau.Cau4AG001487	0.97	0.99	66.04	70	L1
transcript:AT5G08240.1	Cau.Cau7BG000970	0.42	0.31	48.67	55	L1
transcript:AT1G06320.1	Cau.Cau2BG000685	0.56	0.51	43.12	47	L1
transcript:AT2G03050.2	Cau.Cau7BG000255	0.99	0.87	56.23	158	L1
transcript:AT5G51920.1	Cau.Cau9AG000326	0.95	0.96	52.13	318	L1
transcript:AT4G04955.1	Cau.Cau2AG002350	0.97	1.00	74.09	366	L1
transcript:AT3G18300.2	Cau.Cau5BG001229	1.00	0.99	38.73	110	L1
transcript:AT5G49525.1	Cau.Cau9BG001922	0.99	0.91	46.84	37	L1
transcript:AT1G14820.3	Cau.Cau2BG001597	0.95	0.96	68.75	165	L1
transcript:AT3G45010.1	Cau.Cau8AG001531	0.98	0.98	68.79	346	L1
transcript:AT4G32830.1	Cau.Cau4BG000437	1.00	1.00	91.13	267	L1
transcript:AT5G60460.2	Cau.Cau8AG001647	0.80	0.84	78.16	68	L1
transcript:AT1G13450.1	Cau.Cau7BG000597	1.00	0.97	67.07	275	L1
transcript:AT5G11280.1	Cau.Cau4AG000248	0.54	0.94	60.47	78	L1
transcript:AT3G27160.1	Cau.Cau2AG000892	0.96	0.97	56.22	104	L1
transcript:AT4G19830.1	Cau.Cau2BG001978	0.98	1.00	66.23	151	L1
transcript:AT4G38960.3	Cau.Cau8BG000714	1.00	1.00	52.78	133	L1
transcript:AT3G53110.1	Cau.Cau2AG000131	0.94	0.97	64.83	317	L1
transcript:AT5G52920.1	Cau.Cau9BG000153	1.00	1.00	83.07	481	L1
transcript:AT5G60740.1	Cau.Cau8AG001573	1.00	1.00	69.20	782	L1
transcript:AT4G09462.1	Cau.Cau2BG002583	0.97	0.89	43.86	50	L1
transcript:AT1G13770.1	Cau.Cau7BG000730	0.97	0.97	75.76	325	L1
transcript:AT1G52980.1	Cau.Cau4AG001188	0.99	0.98	75.00	429	L1
transcript:AT3G20930.1	Cau.Cau7BG001700	0.87	0.89	64.27	223	L1
transcript:AT5G57740.1	Cau.Cau4BG002177	0.99	0.99	65.59	345	L1
transcript:AT1G30580.1	Cau.Cau2BG002065	1.00	1.00	87.56	345	L1
transcript:AT4G33550.2	Cau.Cau2BG000306	0.96	0.95	45.61	52	L1
transcript:AT1G23870.1	Cau.Cau7BG000421	1.00	1.00	79.33	687	L1
transcript:AT1G14040.1	Cau.Cau7BG000235	1.00	1.00	56.10	460	L1
transcript:AT4G26980.1	Cau.Cau4AG001438	0.97	0.95	61.92	213	L1
transcript:AT3G24503.1	Cau.Cau4BG000678	0.99	1.00	73.00	365	L1
transcript:AT1G72990.4	Cau.Cau1BG000865	1.00	0.96	62.93	455	L1
transcript:AT2G15000.1	Cau.Cau8AG000353	0.98	0.96	53.76	50	L1
transcript:AT2G26310.5	Cau.Cau4BG001824	0.99	0.97	53.85	224	L1
transcript:AT5G15250.1	Cau.Cau6BG000101	0.99	0.93	75.66	516	L1
transcript:AT1G19230.2	Cau.Cau4BG001761	0.99	0.98	64.41	610	L1
transcript:AT1G31350.1	Cau.Cau3AG001730	0.97	0.97	50.26	196	L1
transcript:AT1G74520.2	Cau.Cau5BG000303	0.97	1.00	74.27	127	L1
transcript:AT2G34750.1	Cau.Cau4BG000152	0.97	0.98	56.34	351	L1
transcript:AT1G45249.1	Cau.Cau3AG000474	0.99	0.98	56.86	257	L1
transcript:AT3G57880.4	Cau.Cau7AG001308	1.00	1.00	90.93	702	L1
transcript:AT2G33260.2	Cau.Cau5BG002409	0.94	1.00	60.92	332	L1
transcript:AT5G38220.3	Cau.Cau6AG000397	1.00	1.00	77.26	265	L1
transcript:AT3G23920.1	Cau.Cau9BG001163	1.00	1.00	75.13	441	L1
transcript:AT2G30070.1	Cau.Cau8BG002003	1.00	1.00	72.51	546	L1
transcript:AT3G59550.1	Cau.Cau7AG000038	0.99	0.99	41.23	315	L1
transcript:AT3G52040.1	Cau.Cau7BG000109	0.89	0.83	75.61	62	L1
transcript:AT4G11290.1	Cau.Cau2BG001185	1.00	1.00	65.85	216	L1
transcript:AT5G19485.1	Cau.Cau2AG000394	1.00	1.00	73.97	341	L1
transcript:AT5G52470.1	Cau.Cau7BG000960	0.79	0.80	93.83	228	L1
transcript:AT4G18425.1	Cau.Cau2BG002411	1.00	1.00	65.73	140	L1
transcript:AT2G05910.1	Cau.Cau4AG001703	1.00	0.79	61.00	122	L1
transcript:AT1G08640.1	Cau.Cau8BG001181	0.96	1.00	64.34	184	L1
transcript:AT3G14170.2	Cau.Cau1BG000989	1.00	0.99	56.18	300	L1
transcript:AT1G56720.2	Cau.Cau6AG002025	1.00	1.00	61.57	314	L1
transcript:AT4G30400.1	Cau.Cau4AG002156	0.99	1.00	54.30	284	L1
transcript:AT5G06740.1	Cau.Cau6BG000968	1.00	1.00	55.66	369	L1
transcript:AT1G78920.3	Cau.Cau1BG001843	1.00	1.00	87.03	698	L1
transcript:AT2G37500.1	Cau.Cau6AG001519	1.00	1.00	78.81	372	L1
transcript:AT3G28340.1	Cau.Cau2BG000454	0.93	0.96	69.68	239	L1
transcript:AT1G64600.1	Cau.Cau5AG000078	0.94	0.99	65.50	336	L1
transcript:AT1G31175.2	Cau.Cau2BG001949	0.69	0.92	67.07	55	L1
transcript:AT1G23280.1	Cau.Cau7AG000514	0.98	0.99	66.78	203	L1
transcript:AT1G67510.1	Cau.Cau7BG000638	0.99	0.99	71.03	510	L1
transcript:AT4G37780.1	Cau.Cau4BG000443	0.79	0.67	46.28	112	L1
transcript:AT3G47480.1	Cau.Cau5BG000961	0.92	0.89	39.66	71	L1
transcript:AT5G56480.1	Cau.Cau2BG000314	0.72	0.66	50.62	41	L1
transcript:AT1G11730.1	Cau.Cau2BG002650	1.00	1.00	66.08	263	L1
transcript:AT1G14750.1	Cau.Cau2BG001586	0.97	0.98	49.74	287	L1
transcript:AT5G48120.3	Cau.Cau1AG001061	1.00	1.00	50.65	585	L1
transcript:AT2G35736.1	Cau.Cau5AG000775	0.93	0.90	78.85	41	L1
transcript:AT3G27970.1	Cau.Cau2AG000487	0.99	1.00	78.59	279	L1
transcript:AT4G09153.1	Cau.Cau2AG002119	0.92	0.85	35.71	25	L1
transcript:AT3G05936.1	Cau.Cau6BG002440	0.84	0.80	38.83	40	L1
transcript:AT1G15270.1	Cau.Cau1BG001169	1.00	1.00	95.31	61	L1
transcript:AT4G09750.1	Cau.Cau3BG000635	0.99	0.94	75.94	243	L1
transcript:AT2G42580.1	Cau.Cau2BG000682	1.00	1.00	60.00	420	L1
transcript:AT2G41500.2	Cau.Cau9AG000732	0.94	0.91	64.30	344	L1
transcript:AT3G03940.1	Cau.Cau5BG002438	1.00	1.00	85.80	604	L1
transcript:AT1G80840.1	Cau.Cau1AG001435	1.00	1.00	54.60	178	L1
transcript:AT3G49500.5	Cau.Cau4AG000227	1.00	1.00	69.78	836	L1
transcript:AT4G01590.2	Cau.Cau5BG001126	0.81	0.79	45.03	77	L1
transcript:AT1G11570.2	Cau.Cau2AG002200	0.93	0.96	70.73	87	L1
transcript:AT5G52400.1	Cau.Cau9AG000249	0.99	1.00	61.54	320	L1
transcript:AT2G33410.1	Cau.Cau9AG001153	1.00	1.00	57.92	267	L1
transcript:AT3G10540.1	Cau.Cau7BG001754	1.00	1.00	84.43	412	L1
transcript:AT3G53390.1	Cau.Cau6BG001699	1.00	1.00	75.69	439	L1
transcript:AT5G10170.1	Cau.Cau1AG002058	1.00	1.00	88.29	201	L1
transcript:AT5G58860.1	Cau.Cau8AG001941	0.96	0.97	81.09	403	L1
transcript:AT5G19140.1	Cau.Cau9BG001580	1.00	0.99	83.69	195	L1
transcript:AT2G36810.1	Cau.Cau5AG001318	1.00	1.00	74.19	1279	L1
transcript:AT1G52740.1	Cau.Cau4BG000614	1.00	1.00	91.79	123	L1
transcript:AT1G04420.1	Cau.Cau9AG001236	0.89	0.89	77.38	284	L1
transcript:AT4G38630.1	Cau.Cau8BG000171	0.99	0.99	68.15	276	L1
transcript:AT5G01230.1	Cau.Cau6BG001344	0.99	0.96	93.11	284	L1
transcript:AT2G44150.1	Cau.Cau5AG001995	1.00	0.99	69.89	260	L1
transcript:AT3G02580.1	Cau.Cau6AG000389	0.95	0.97	79.10	212	L1
transcript:AT3G62250.1	Cau.Cau5BG003213	0.98	0.99	97.40	150	L1
transcript:AT3G63010.1	Cau.Cau5BG002956	0.96	0.99	78.65	269	L1
transcript:AT1G05120.1	Cau.Cau2BG001227	0.91	0.86	66.28	515	L1
transcript:AT4G25200.1	Cau.Cau9AG000436	1.00	1.00	61.57	133	L1
transcript:AT5G18480.1	Cau.Cau7AG001044	0.99	0.99	71.72	388	L1
transcript:AT4G20060.1	Cau.Cau2AG001911	1.00	0.99	42.61	496	L1
transcript:AT5G56510.6	Cau.Cau2AG000022	1.00	1.00	45.88	356	L1
transcript:AT1G73260.1	Cau.Cau2AG001951	0.95	0.97	36.36	76	L1
transcript:AT5G65720.3	Cau.Cau1BG000604	1.00	1.00	77.51	355	L1
transcript:AT4G00620.1	Cau.Cau5BG003556	0.99	0.99	77.09	286	L1
transcript:AT3G29300.1	Cau.Cau4BG000714	0.37	0.30	50.00	45	L1
transcript:AT3G51040.3	Cau.Cau1BG000209	0.99	1.00	58.97	138	L1
transcript:AT2G39970.1	Cau.Cau7BG002287	0.99	0.98	75.45	249	L1
transcript:AT1G65590.1	Cau.Cau2AG001852	0.98	0.97	71.00	377	L1
transcript:AT5G07900.1	Cau.Cau3AG001696	0.96	0.88	40.87	159	L1
transcript:AT5G62760.1	Cau.Cau5AG000325	0.97	0.98	49.64	343	L1
transcript:AT5G06830.1	Cau.Cau6BG001002	1.00	1.00	66.96	379	L1
transcript:AT5G03220.1	Cau.Cau6AG000920	1.00	1.00	83.93	141	L1
transcript:AT2G43500.11	Cau.Cau5BG002169	1.00	0.99	50.50	510	L1
transcript:AT4G14104.1	Cau.Cau6AG001507	0.56	0.96	37.04	30	L1
transcript:AT5G10730.1	Cau.Cau4BG000094	1.00	1.00	83.97	241	L1
transcript:AT4G14145.1	Cau.Cau7AG001836	0.99	0.99	72.18	96	L1
transcript:AT1G09195.10	Cau.Cau3BG001315	1.00	0.97	56.51	317	L1
transcript:AT3G09760.1	Cau.Cau6AG001696	0.97	0.94	52.22	259	L1
transcript:AT4G16570.1	Cau.Cau5BG000768	0.99	1.00	61.49	455	L1
transcript:AT5G24500.1	Cau.Cau5BG001589	0.75	0.59	36.47	93	L1
transcript:AT1G49750.1	Cau.Cau8AG000405	0.75	0.74	57.37	214	L1
transcript:AT3G07210.1	Cau.Cau5BG002542	1.00	1.00	62.96	362	L1
transcript:AT3G19160.1	Cau.Cau2AG001808	0.98	0.94	51.03	173	L1
transcript:AT4G01970.1	Cau.Cau5BG003176	0.97	0.98	61.44	529	L1
transcript:AT3G14180.1	Cau.Cau1BG000992	0.91	0.89	50.12	202	L1
transcript:AT2G22730.2	Cau.Cau1BG000619	0.98	0.95	66.73	353	L1
transcript:AT1G79690.2	Cau.Cau1AG001476	1.00	0.99	73.61	569	L1
transcript:AT2G41660.1	Cau.Cau9AG000684	0.99	0.99	52.08	163	L1
transcript:AT4G26530.1	Cau.Cau4AG001635	1.00	1.00	87.99	315	L1
transcript:AT1G68720.1	Cau.Cau7AG000832	1.00	1.00	36.88	534	L1
transcript:AT5G48230.2	Cau.Cau2AG001392	1.00	0.99	86.07	346	L1
transcript:AT1G24130.1	Cau.Cau7BG000381	0.99	0.99	58.81	267	L1
transcript:AT5G53770.1	Cau.Cau4AG001169	0.90	0.90	63.71	309	L1
transcript:AT1G19630.1	Cau.Cau1BG000146	0.93	0.92	58.70	270	L1
transcript:AT5G58750.1	Cau.Cau8BG001971	0.98	0.96	61.52	235	L1
transcript:AT5G37415.1	Cau.Cau9BG000783	0.73	0.75	22.92	55	L1
transcript:AT5G03070.1	Cau.Cau6BG001672	1.00	1.00	76.49	397	L1
transcript:AT1G67080.1	Cau.Cau6BG000367	0.92	0.82	60.29	123	L1
transcript:AT1G27440.1	Cau.Cau8BG001049	0.99	0.98	92.36	375	L1
transcript:AT4G28030.1	Cau.Cau4BG002175	0.88	0.90	63.35	159	L1
transcript:AT3G22150.1	Cau.Cau6AG001029	0.94	0.94	65.48	514	L1
transcript:AT1G78420.1	Cau.Cau5BG001419	1.00	1.00	53.85	245	L1
transcript:AT1G68540.1	Cau.Cau7BG000915	1.00	1.00	70.69	234	L1
transcript:AT5G17020.1	Cau.Cau5BG002329	1.00	1.00	88.01	947	L1
transcript:AT1G22140.3	Cau.Cau3BG000960	1.00	1.00	64.38	47	L1
transcript:AT1G52230.1	Cau.Cau1BG001141	1.00	1.00	83.45	121	L1
transcript:AT3G54340.1	Cau.Cau3BG000255	0.96	0.98	51.11	115	L1
transcript:AT5G18560.1	Cau.Cau9BG001709	0.90	0.85	43.58	146	L1
transcript:AT5G47690.2	Cau.Cau2BG002787	1.00	1.00	58.64	991	L1
transcript:AT1G69500.1	Cau.Cau4BG000547	0.99	0.97	78.69	410	L1
transcript:AT1G20370.1	Cau.Cau3AG000130	0.89	0.98	57.97	302	L1
transcript:AT2G29890.2	Cau.Cau8AG001952	1.00	1.00	61.16	559	L1
transcript:AT1G67856.1	Cau.Cau7BG000518	1.00	1.00	52.94	81	L1
transcript:AT3G17650.2	Cau.Cau5BG001698	0.97	0.99	74.72	526	L1
transcript:AT4G36950.1	Cau.Cau1BG000437	1.00	1.00	53.12	196	L1
transcript:AT1G06840.1	Cau.Cau1BG001771	0.99	0.99	71.08	676	L1
transcript:AT2G01690.1	Cau.Cau2AG001619	1.00	1.00	80.72	607	L1
transcript:AT1G04260.1	Cau.Cau9BG001398	0.97	0.93	53.11	94	L1
transcript:AT5G58210.2	Cau.Cau5AG001763	0.51	0.55	27.54	57	L1
transcript:AT3G20780.1	Cau.Cau2AG000149	0.99	0.99	82.33	545	L1
transcript:AT2G15220.1	Cau.Cau8AG000371	0.99	0.99	65.62	147	L1
transcript:AT5G40530.3	Cau.Cau2AG000569	0.94	0.94	65.20	193	L1
transcript:AT3G20390.1	Cau.Cau4BG001438	1.00	0.98	73.54	139	L1
transcript:AT1G19710.1	Cau.Cau3BG000282	1.00	1.00	74.64	359	L1
transcript:AT5G59990.1	Cau.Cau8BG001744	0.61	0.64	53.12	85	L1
transcript:AT1G15190.1	Cau.Cau3AG002016	0.66	0.43	48.54	83	L1
transcript:AT1G11530.1	Cau.Cau2BG002217	0.96	0.89	69.03	78	L1
transcript:AT2G38480.1	Cau.Cau6BG001215	1.00	1.00	51.01	101	L1
transcript:AT3G25910.1	Cau.Cau4BG000599	0.98	0.99	53.35	199	L1
transcript:AT3G10960.1	Cau.Cau7BG002142	0.98	0.99	76.47	442	L1
transcript:AT3G52420.1	Cau.Cau5BG002897	0.67	0.57	69.77	30	L1
transcript:AT1G52500.2	Cau.Cau1BG001397	0.88	0.86	71.77	267	L1
transcript:AT2G37770.2	Cau.Cau6BG001446	1.00	1.00	78.41	247	L1
transcript:AT4G12540.3	Cau.Cau1BG001080	0.98	0.91	40.21	191	L1
transcript:AT3G55780.1	Cau.Cau7BG002303	0.98	0.97	60.37	230	L1
transcript:AT2G23070.1	Cau.Cau1BG000534	0.99	1.00	78.38	348	L1
transcript:AT3G06610.1	Cau.Cau9BG001894	0.96	0.99	75.45	83	L1
transcript:AT4G14290.1	Cau.Cau9AG001552	1.00	1.00	52.68	314	L1
transcript:AT3G52910.1	Cau.Cau6BG000697	0.98	0.97	53.75	222	L1
transcript:AT4G37435.1	Cau.Cau1AG000489	0.95	0.54	41.49	78	L1
transcript:AT4G37445.1	Cau.Cau1BG000507	0.98	0.94	58.86	93	L1
transcript:AT2G40290.1	Cau.Cau7BG002201	1.00	1.00	87.25	301	L1
transcript:AT2G28880.1	Cau.Cau7BG001874	0.95	0.96	62.91	558	L1
transcript:AT5G24350.3	Cau.Cau1BG001805	0.99	1.00	56.78	1377	L1
transcript:AT4G12060.1	Cau.Cau5BG000851	0.86	0.88	60.19	127	L1
transcript:AT4G14010.1	Cau.Cau9BG000910	0.85	0.83	47.52	48	L1
transcript:AT3G57610.1	Cau.Cau7BG001901	1.00	1.00	81.17	401	L1
transcript:AT3G17350.1	Cau.Cau9BG001958	0.97	0.98	56.31	165	L1
transcript:AT4G13600.1	Cau.Cau9AG000930	0.90	1.00	48.39	105	L1
transcript:AT5G35320.1	Cau.Cau6BG001840	0.96	0.93	43.35	101	L1
transcript:AT4G24930.1	Cau.Cau7AG001439	0.82	0.79	65.43	123	L1
transcript:AT4G11655.1	Cau.Cau5BG000927	1.00	1.00	49.33	110	L1
transcript:AT3G21870.1	Cau.Cau2AG001172	0.90	0.87	66.67	136	L1
transcript:AT5G62680.1	Cau.Cau5BG000341	0.99	1.00	60.32	374	L1
transcript:AT2G20670.1	Cau.Cau2BG001015	0.98	0.96	51.01	151	L1
transcript:AT1G32580.1	Cau.Cau9BG001248	1.00	1.00	71.14	175	L1
transcript:AT3G01435.2	Cau.Cau2AG002725	0.96	0.95	59.57	84	L1
transcript:ATCG00540.1	Cau.Cau4AG000682	0.56	1.00	71.11	128	L1
transcript:AT3G11620.2	Cau.Cau6BG000820	1.00	0.91	60.77	189	L1
transcript:AT1G05205.1	Cau.Cau2BG001200	0.95	1.00	87.36	76	L1
transcript:AT5G53030.1	Cau.Cau5BG001521	0.95	0.98	40.00	104	L1
transcript:AT3G48750.1	Cau.Cau6BG000272	1.00	1.00	85.03	250	L1
transcript:AT1G68585.1	Cau.Cau7BG000901	0.86	0.86	52.78	57	L1
transcript:AT5G05930.1	Cau.Cau7BG002348	0.99	1.00	62.18	171	L1
transcript:AT2G43370.1	Cau.Cau5AG002337	0.98	0.99	60.83	205	L1
transcript:AT4G14190.1	Cau.Cau9BG000899	0.97	0.95	54.18	266	L1
transcript:AT3G61540.1	Cau.Cau5AG003505	0.96	0.96	71.40	357	L1
transcript:AT3G55920.1	Cau.Cau7AG002242	0.99	0.99	71.11	160	L1
transcript:AT4G00840.1	Cau.Cau5BG003325	0.98	0.99	64.33	193	L1
transcript:AT1G79180.1	Cau.Cau9BG000068	1.00	0.94	43.84	160	L1
transcript:AT2G37670.1	Cau.Cau6BG001514	0.98	1.00	55.43	541	L1
transcript:AT1G71460.1	Cau.Cau5BG001807	0.94	0.95	64.36	419	L1
transcript:AT3G50830.1	Cau.Cau1BG000356	1.00	1.00	72.91	148	L1
transcript:AT1G55190.1	Cau.Cau1BG000843	0.93	0.94	62.86	110	L1
transcript:AT5G56290.1	Cau.Cau4AG001688	0.96	1.00	72.32	520	L1
transcript:AT3G13000.1	Cau.Cau8AG002048	0.96	0.88	67.45	371	L1
transcript:AT3G54130.1	Cau.Cau6AG001371	1.00	0.98	72.38	207	L1
transcript:AT5G17550.1	Cau.Cau5BG000762	0.98	0.98	68.72	167	L1
transcript:AT4G29430.1	Cau.Cau8BG000847	1.00	1.00	82.95	107	L1
transcript:AT2G42210.5	Cau.Cau6BG001003	1.00	1.00	74.21	118	L1
transcript:AT3G26740.1	Cau.Cau2BG000789	0.98	0.98	49.66	73	L1
transcript:AT3G22510.1	Cau.Cau9AG001434	0.77	0.82	65.62	63	L1
transcript:AT4G00330.2	Cau.Cau5AG003537	0.90	0.86	62.41	249	L1
transcript:AT3G16175.1	Cau.Cau5AG002981	0.80	0.87	40.00	50	L1
transcript:AT4G15030.1	Cau.Cau7AG000069	0.99	1.00	61.61	191	L1
transcript:AT1G19490.1	Cau.Cau6AG000712	0.93	0.94	41.75	205	L1
transcript:AT2G44745.1	Cau.Cau5BG003777	0.89	0.85	60.39	125	L1
transcript:AT4G24280.1	Cau.Cau3AG002236	1.00	1.00	85.42	615	L1
transcript:AT5G59800.1	Cau.Cau8AG001754	0.79	0.94	31.80	97	L1
transcript:AT1G09812.1	Cau.Cau3BG002262	0.97	0.90	50.75	68	L1
transcript:AT2G22650.1	Cau.Cau4BG002306	0.97	0.92	64.65	267	L1
transcript:AT1G47056.1	Cau.Cau3BG000507	0.99	0.98	65.33	343	L1
transcript:AT2G07732.1	Cau.Cau9AG001010	0.59	1.00	53.62	37	L1
transcript:AT4G26288.1	Cau.Cau1BG001069	0.68	0.51	51.35	57	L1
transcript:AT3G13600.2	Cau.Cau2BG000056	1.00	0.96	61.08	397	L1
transcript:AT1G51600.2	Cau.Cau1BG001602	0.97	0.98	65.99	194	L1
transcript:AT3G02700.1	Cau.Cau6AG001072	0.97	0.99	67.98	172	L1
transcript:AT5G06560.1	Cau.Cau6AG000891	1.00	1.00	61.14	321	L1
transcript:AT4G00560.1	Cau.Cau5AG003611	0.97	0.99	67.40	215	L1
transcript:AT5G07350.1	Cau.Cau7BG001356	1.00	1.00	68.45	703	L1
transcript:AT3G06010.1	Cau.Cau9AG001487	0.98	0.98	73.87	820	L1
transcript:AT4G24730.2	Cau.Cau5AG000527	0.99	0.99	71.84	227	L1
transcript:AT4G18670.1	Cau.Cau4AG000667	0.47	0.53	72.17	293	L1
transcript:AT3G07060.1	Cau.Cau5BG002580	1.00	1.00	47.07	370	L1
transcript:AT5G65110.1	Cau.Cau1AG002074	1.00	1.00	84.78	585	L1
transcript:AT4G38150.2	Cau.Cau8BG000006	0.94	0.93	57.01	183	L1
transcript:AT2G06925.1	Cau.Cau5AG001962	0.96	0.90	71.83	102	L1
transcript:AT5G06400.1	Cau.Cau6AG000874	1.00	1.00	55.71	585	L1
transcript:AT1G73430.1	Cau.Cau4BG001784	1.00	1.00	81.51	639	L1
transcript:AT2G42840.1	Cau.Cau7BG001242	1.00	0.99	45.88	156	L1
transcript:AT3G50120.1	Cau.Cau1AG000460	1.00	1.00	68.15	368	L1
transcript:AT4G05180.2	Cau.Cau2BG002219	1.00	1.00	71.06	167	L1
transcript:AT1G01320.3	Cau.Cau5AG003432	0.47	0.78	58.32	476	L1
transcript:AT5G62370.1	Cau.Cau9BG000427	0.97	0.97	40.37	394	L1
transcript:AT1G18730.3	Cau.Cau5AG000962	0.97	0.99	57.22	103	L1
transcript:AT1G20580.1	Cau.Cau3BG000091	1.00	1.00	86.36	114	L1
transcript:AT1G29520.1	Cau.Cau2AG002559	0.97	0.97	81.17	125	L1
transcript:AT5G23590.1	Cau.Cau8BG000127	0.98	0.97	65.52	190	L1
transcript:AT1G70170.1	Cau.Cau7AG000383	0.93	0.95	58.54	209	L1
transcript:AT3G26935.1	Cau.Cau2AG000837	1.00	1.00	78.70	351	L1
transcript:AT2G26980.3	Cau.Cau2AG000424	0.98	0.99	84.30	365	L1
transcript:AT2G30710.1	Cau.Cau5BG002151	0.53	0.88	67.93	161	L1
transcript:AT5G19780.1	Cau.Cau2BG000040	1.00	1.00	96.89	436	L1
transcript:AT5G17590.1	Cau.Cau7BG001125	0.96	0.98	36.98	71	L1
transcript:AT3G49740.1	Cau.Cau1BG000587	0.98	0.99	54.60	398	L1
transcript:AT1G09890.3	Cau.Cau2AG002667	0.89	0.95	43.09	172	L1
transcript:AT3G28040.1	Cau.Cau9BG000878	0.99	0.99	60.84	623	L1
transcript:AT1G07310.1	Cau.Cau8BG001950	0.99	0.95	47.35	170	L1
transcript:AT3G16310.1	Cau.Cau1BG001103	1.00	1.00	73.27	244	L1
transcript:AT1G55580.1	Cau.Cau4AG001689	0.91	0.86	55.99	229	L1
transcript:AT3G21175.2	Cau.Cau1AG001525	0.98	0.99	64.86	192	L1
transcript:AT3G14130.3	Cau.Cau1AG000964	0.99	0.99	75.77	272	L1
transcript:AT4G34610.3	Cau.Cau8AG000699	1.00	0.96	45.30	299	L1
transcript:AT2G44140.3	Cau.Cau5AG001996	0.96	0.93	60.71	275	L1
transcript:AT3G51470.1	Cau.Cau1AG000024	0.97	0.89	75.49	268	L1
transcript:AT3G12590.1	Cau.Cau7BG002020	1.00	1.00	67.85	825	L1
transcript:AT4G18975.4	Cau.Cau2BG002544	0.94	0.90	63.33	171	L1
transcript:AT4G30360.1	Cau.Cau4AG002142	1.00	1.00	70.67	518	L1
transcript:AT2G46700.1	Cau.Cau5AG003379	1.00	1.00	80.17	481	L1
transcript:AT1G34110.1	Cau.Cau3BG000632	1.00	1.00	77.30	841	L1
transcript:AT2G40113.1	Cau.Cau2AG002783	0.87	0.76	38.99	62	L1
transcript:AT1G70590.1	Cau.Cau7BG000500	0.99	0.99	62.07	216	L1
transcript:AT2G07170.1	Cau.Cau4AG001953	1.00	1.00	53.29	445	L1
transcript:AT3G05760.1	Cau.Cau3AG001308	0.99	1.00	74.63	150	L1
transcript:AT5G23670.2	Cau.Cau2BG000804	1.00	1.00	84.66	414	L1
transcript:AT4G12760.1	Cau.Cau2BG001446	0.97	0.97	50.20	127	L1
transcript:AT1G01250.1	Cau.Cau5BG003369	0.96	1.00	56.19	109	L1
transcript:AT5G05560.2	Cau.Cau7BG002233	1.00	1.00	65.68	1200	L1
transcript:AT2G18990.1	Cau.Cau8BG000335	1.00	1.00	77.93	166	L1
transcript:AT5G67100.1	Cau.Cau1AG000434	1.00	1.00	63.07	970	L1
transcript:AT5G03415.1	Cau.Cau6BG001778	0.94	0.93	68.39	251	L1
transcript:AT3G46780.1	Cau.Cau8BG001875	1.00	0.88	63.50	334	L1
transcript:AT5G42670.1	Cau.Cau9AG001292	0.69	0.59	42.60	95	L1
transcript:AT1G15060.3	Cau.Cau2AG001772	1.00	1.00	64.62	389	L1
transcript:AT4G04630.1	Cau.Cau2AG002653	0.88	0.94	49.73	92	L1
transcript:AT3G03960.1	Cau.Cau5BG002435	1.00	1.00	84.31	462	L1
transcript:AT1G77122.1	Cau.Cau3BG000727	0.93	0.95	58.84	183	L1
transcript:AT2G31930.1	Cau.Cau7BG000005	0.92	0.91	36.84	56	L1
transcript:AT2G04550.1	Cau.Cau2AG001298	1.00	1.00	61.75	176	L1
transcript:AT3G45770.1	Cau.Cau8AG001703	0.99	0.95	74.06	277	L1
transcript:AT2G26900.1	Cau.Cau4BG000631	0.93	0.92	83.42	322	L1
transcript:AT1G63220.1	Cau.Cau5BG000934	1.00	1.00	58.02	94	L1
transcript:AT4G19650.2	Cau.Cau2BG001967	1.00	0.99	56.64	337	L1
transcript:AT3G05470.1	Cau.Cau3BG001383	0.50	0.47	76.59	337	L1
transcript:AT5G09570.1	Cau.Cau8BG000837	1.00	1.00	62.59	92	L1
transcript:AT2G17680.1	Cau.Cau1AG000059	0.99	0.99	42.35	130	L1
transcript:AT4G39680.1	Cau.Cau1BG002101	0.99	0.99	59.95	318	L1
transcript:AT2G15760.1	Cau.Cau8BG000474	0.96	1.00	48.14	168	L1
transcript:AT1G10480.1	Cau.Cau7BG000384	0.92	0.91	33.20	82	L1
transcript:AT5G57090.1	Cau.Cau4AG001993	1.00	1.00	78.15	515	L1
transcript:AT4G25550.1	Cau.Cau9BG000283	1.00	1.00	88.50	177	L1
transcript:AT5G02790.1	Cau.Cau6BG001619	0.97	0.96	68.72	156	L1
transcript:AT5G47790.1	Cau.Cau2AG002822	1.00	1.00	58.56	253	L1
transcript:AT5G20870.1	Cau.Cau4BG001795	0.97	0.98	63.47	311	L1
transcript:AT1G79900.1	Cau.Cau1BG001165	0.97	0.97	74.33	223	L1
transcript:AT4G34770.1	Cau.Cau8BG000765	1.00	1.00	74.04	77	L1
transcript:AT4G24670.2	Cau.Cau5BG000491	0.98	0.99	58.94	267	L1
transcript:AT1G19270.2	Cau.Cau3AG000382	1.00	1.00	62.22	331	L1
transcript:AT2G30320.1	Cau.Cau1BG001822	0.86	0.85	57.57	270	L1
transcript:AT3G49060.1	Cau.Cau9BG000240	0.99	0.99	47.23	383	L1
transcript:AT2G45790.1	Cau.Cau5BG003559	1.00	0.99	81.71	201	L1
transcript:AT1G45976.1	Cau.Cau3AG000483	0.98	0.95	66.87	218	L1
transcript:AT1G62310.1	Cau.Cau2AG002691	0.83	0.82	57.89	451	L1
transcript:AT5G03650.1	Cau.Cau6AG000701	1.00	0.99	77.19	643	L1
transcript:AT1G78980.1	Cau.Cau8AG002041	0.99	0.99	61.20	429	L1
transcript:AT2G23093.1	Cau.Cau1BG000520	1.00	1.00	62.89	283	L1
transcript:AT2G02970.1	Cau.Cau7BG000267	1.00	1.00	55.56	310	L1
transcript:AT4G15420.2	Cau.Cau2AG001244	0.82	1.00	66.61	383	L1
transcript:AT2G26570.2	Cau.Cau3AG000463	0.94	0.90	61.27	511	L1
transcript:AT4G22840.1	Cau.Cau5BG000857	0.88	0.89	69.89	260	L1
transcript:AT2G23970.1	Cau.Cau4AG002196	0.97	0.97	56.33	138	L1
transcript:AT3G12900.1	Cau.Cau9AG000087	1.00	1.00	67.03	244	L1
transcript:AT3G62910.1	Cau.Cau5AG003048	0.99	1.00	73.86	308	L1
transcript:AT3G45780.2	Cau.Cau8BG001730	1.00	1.00	73.37	744	L1
transcript:AT3G10700.1	Cau.Cau4AG001981	1.00	0.99	69.12	300	L1
transcript:AT4G34419.1	Cau.Cau8AG000451	0.80	0.64	54.05	60	L1
transcript:AT1G08280.1	Cau.Cau8BG001427	1.00	1.00	58.00	232	L1
transcript:AT5G16010.1	Cau.Cau7BG001617	1.00	1.00	55.60	149	L1
transcript:AT3G55070.1	Cau.Cau7BG001950	1.00	1.00	73.27	307	L1
transcript:AT4G09550.2	Cau.Cau4BG002038	0.97	0.96	78.57	55	L1
transcript:AT5G58850.1	Cau.Cau8AG001945	0.96	0.93	38.74	184	L1
transcript:AT5G47240.1	Cau.Cau5AG000713	0.98	0.97	59.00	213	L1
transcript:AT4G33970.1	Cau.Cau8BG000503	0.66	0.47	56.61	274	L1
transcript:AT5G46230.1	Cau.Cau2AG002619	1.00	0.99	58.04	83	L1
transcript:AT3G11580.1	Cau.Cau6AG000803	0.83	0.62	53.09	129	L1
transcript:AT2G26770.3	Cau.Cau2BG000399	0.99	1.00	81.34	401	L1
transcript:AT5G47630.2	Cau.Cau2AG002782	0.97	0.99	50.38	67	L1
transcript:AT2G46230.1	Cau.Cau5BG003440	0.99	0.99	81.73	161	L1
transcript:AT1G18100.1	Cau.Cau4BG001040	1.00	1.00	80.92	140	L1
transcript:AT3G28760.1	Cau.Cau6AG000140	0.84	0.88	72.03	255	L1
transcript:AT1G75710.1	Cau.Cau3BG000213	1.00	0.96	63.36	294	L1
transcript:AT2G27740.1	Cau.Cau8AG001437	0.98	0.97	63.74	109	L1
transcript:AT2G26250.1	Cau.Cau4AG001788	1.00	1.00	76.22	423	L1
transcript:AT5G46180.1	Cau.Cau2BG002142	0.99	0.99	77.28	364	L1
transcript:AT3G02910.1	Cau.Cau7BG001058	0.94	0.92	62.71	111	L1
transcript:AT1G11475.1	Cau.Cau7BG000465	1.00	1.00	91.55	65	L1
transcript:AT5G18400.3	Cau.Cau7BG001004	1.00	1.00	58.12	161	L1
transcript:AT3G10220.1	Cau.Cau9BG000843	1.00	1.00	75.72	184	L1
transcript:AT4G02600.2	Cau.Cau7BG001169	0.91	0.95	75.56	368	L1
transcript:AT4G31580.2	Cau.Cau4BG000078	1.00	1.00	70.50	141	L1
transcript:AT3G06150.1	Cau.Cau9BG001599	1.00	1.00	58.29	376	L1
transcript:AT1G31660.1	Cau.Cau5BG001425	1.00	1.00	66.00	299	L1
transcript:AT3G25660.1	Cau.Cau2BG001525	1.00	0.99	76.16	412	L1
transcript:AT3G25530.1	Cau.Cau2AG001444	0.99	0.98	80.35	229	L1
transcript:AT1G02460.1	Cau.Cau5AG003257	0.90	0.75	65.75	311	L1
transcript:AT5G25630.1	Cau.Cau4BG000347	0.99	0.95	58.48	355	L1
transcript:AT2G22870.1	Cau.Cau1AG000532	0.93	0.92	75.71	212	L1
transcript:AT3G49600.2	Cau.Cau4BG000001	1.00	1.00	61.65	672	L1
transcript:AT5G23550.1	Cau.Cau1AG000749	1.00	1.00	77.27	136	L1
transcript:AT5G56900.2	Cau.Cau4BG000917	1.00	0.99	69.93	421	L1
transcript:AT1G06230.1	Cau.Cau2BG000669	0.71	0.74	56.50	313	L1
transcript:AT2G40070.1	Cau.Cau7AG002254	1.00	1.00	65.76	411	L1
transcript:AT5G01680.1	Cau.Cau6BG001219	0.98	0.97	34.26	270	L1
transcript:AT3G33530.1	Cau.Cau4AG000528	1.00	1.00	69.44	950	L1
transcript:AT5G23940.1	Cau.Cau9BG000225	0.93	0.98	67.86	304	L1
transcript:AT1G11760.1	Cau.Cau8BG000584	1.00	1.00	67.11	102	L1
transcript:AT5G59720.1	Cau.Cau7AG002352	0.96	0.98	76.28	119	L1
transcript:AT5G20050.1	Cau.Cau4AG000603	1.00	1.00	62.42	284	L1
transcript:AT5G61440.1	Cau.Cau5AG000961	0.88	0.74	59.72	129	L1
transcript:AT2G02820.2	Cau.Cau7BG000298	0.98	1.00	60.12	291	L1
transcript:AT1G18040.1	Cau.Cau4AG001034	0.99	0.98	75.06	304	L1
transcript:AT3G47600.1	Cau.Cau5AG000942	1.00	1.00	57.45	212	L1
transcript:AT4G21790.1	Cau.Cau2AG002179	0.95	0.95	81.88	226	L1
transcript:AT5G59180.1	Cau.Cau8BG001887	0.99	0.99	89.14	156	L1
transcript:AT5G58200.2	Cau.Cau4AG002255	0.98	0.89	62.34	197	L1
transcript:AT3G59300.1	Cau.Cau5AG002353	0.99	0.99	61.24	286	L1
transcript:AT4G07960.2	Cau.Cau3AG001174	1.00	1.00	78.06	562	L1
transcript:AT5G65870.1	Cau.Cau3BG001181	1.00	1.00	45.57	36	L1
transcript:AT1G79985.3	Cau.Cau1AG001173	1.00	1.00	72.37	110	L1
transcript:AT5G13930.1	Cau.Cau9BG001077	0.98	0.99	86.53	334	L1
transcript:AT1G48175.4	Cau.Cau4BG002039	0.97	0.96	70.49	129	L1
transcript:AT1G69760.1	Cau.Cau7AG000295	1.00	1.00	49.21	93	L1
transcript:AT3G01510.1	Cau.Cau2AG000496	0.93	0.95	73.33	407	L1
transcript:AT5G42220.2	Cau.Cau3BG000121	1.00	1.00	49.64	479	L1
transcript:AT4G35530.1	Cau.Cau1BG000033	0.92	0.95	53.04	96	L1
transcript:AT4G32290.1	Cau.Cau4BG000223	1.00	0.98	59.48	229	L1
transcript:AT2G35940.3	Cau.Cau6BG000850	1.00	1.00	54.15	411	L1
transcript:AT5G45820.1	Cau.Cau2AG002498	0.97	1.00	69.93	314	L1
transcript:AT5G50280.1	Cau.Cau5BG000561	0.98	0.98	63.09	453	L1
transcript:AT4G16410.1	Cau.Cau2BG002766	0.58	0.54	68.22	73	L1
transcript:AT1G04970.1	Cau.Cau2BG001301	0.96	0.94	64.14	304	L1
transcript:AT4G14320.1	Cau.Cau5BG002139	1.00	1.00	93.33	98	L1
transcript:AT2G33550.1	Cau.Cau8BG001066	1.00	1.00	58.33	210	L1
transcript:AT3G18230.1	Cau.Cau4AG001047	1.00	0.99	43.21	315	L1
transcript:AT1G10170.2	Cau.Cau5AG001222	0.99	0.99	65.88	753	L1
transcript:AT2G33735.2	Cau.Cau3BG001075	0.93	0.86	64.04	73	L1
transcript:AT1G02370.1	Cau.Cau6BG001518	1.00	1.00	46.86	254	L1
transcript:AT4G02715.2	Cau.Cau5AG002906	1.00	1.00	48.23	109	L1
transcript:AT1G73030.1	Cau.Cau1BG000819	1.00	1.00	93.60	190	L1
transcript:AT1G80560.1	Cau.Cau1BG001435	1.00	1.00	80.84	329	L1
transcript:AT4G32300.1	Cau.Cau4BG000226	1.00	0.99	66.34	546	L1
transcript:AT5G63520.1	Cau.Cau7AG001430	0.98	0.99	44.03	247	L1
transcript:AT1G52820.1	Cau.Cau1BG001257	1.00	1.00	72.01	229	L1
transcript:AT5G54440.1	Cau.Cau4BG001230	1.00	1.00	74.54	937	L1
transcript:AT4G27620.2	Cau.Cau7AG001073	1.00	1.00	63.08	217	L1
transcript:AT3G18870.1	Cau.Cau8BG000567	0.90	0.89	59.44	148	L1
transcript:AT2G01640.2	Cau.Cau8BG000389	1.00	1.00	61.01	97	L1
transcript:AT4G10300.1	Cau.Cau5AG001961	0.86	0.84	70.94	83	L1
transcript:AT5G05800.5	Cau.Cau7AG002294	0.45	0.99	46.51	100	L1
transcript:AT1G29950.2	Cau.Cau2BG002584	0.95	0.93	46.67	112	L1
transcript:AT1G80880.3	Cau.Cau1BG001506	0.94	0.94	53.82	282	L1
transcript:AT1G77670.1	Cau.Cau3BG000886	0.91	0.86	83.05	338	L1
transcript:AT5G19630.1	Cau.Cau2AG000133	0.99	1.00	70.74	162	L1
transcript:AT3G59350.2	Cau.Cau5BG002289	1.00	1.00	85.48	312	L1
transcript:AT1G11790.1	Cau.Cau2AG002661	0.99	0.99	68.26	271	L1
transcript:AT3G53950.1	Cau.Cau6BG001417	0.95	0.96	77.22	400	L1
transcript:AT1G14730.1	Cau.Cau2BG001566	1.00	1.00	59.19	132	L1
transcript:AT5G10870.1	Cau.Cau4BG000145	0.94	0.92	65.06	162	L1
transcript:AT4G32320.1	Cau.Cau4AG000220	0.93	0.93	60.57	192	L1
transcript:AT3G62450.1	Cau.Cau9BG001684	0.93	0.97	76.81	53	L1
transcript:AT3G26070.1	Cau.Cau3BG002081	1.00	1.00	45.52	122	L1
transcript:AT2G02100.1	Cau.Cau8BG001111	1.00	1.00	63.64	49	L1
transcript:AT4G13110.1	Cau.Cau9AG001565	0.86	0.91	45.00	162	L1
transcript:AT3G53580.1	Cau.Cau6AG001556	1.00	1.00	73.42	268	L1
transcript:AT5G53660.1	Cau.Cau5BG001577	0.84	0.73	50.30	134	L1
transcript:AT3G54110.1	Cau.Cau6BG001373	0.97	0.97	85.62	256	L1
transcript:AT2G41480.1	Cau.Cau4BG000557	0.97	0.98	75.16	239	L1
transcript:AT5G20970.1	Cau.Cau2AG000434	0.93	0.94	30.45	88	L1
transcript:AT1G15550.1	Cau.Cau1BG001255	0.99	0.99	60.73	215	L1
transcript:AT3G24490.1	Cau.Cau4AG000672	0.91	0.94	57.14	184	L1
transcript:AT1G76650.3	Cau.Cau3BG000010	0.99	0.95	44.33	86	L1
transcript:AT2G24450.1	Cau.Cau4BG000042	0.98	0.99	43.46	123	L1
transcript:AT4G18820.1	Cau.Cau2BG002515	0.98	0.99	58.32	715	L1
transcript:AT4G21160.2	Cau.Cau2BG002074	0.98	0.96	77.88	257	L1
transcript:AT5G39660.2	Cau.Cau6BG000094	1.00	1.00	46.11	243	L1
transcript:AT2G36026.1	Cau.Cau6AG000822	0.84	0.90	42.86	78	L1
transcript:AT5G56600.1	Cau.Cau4BG000821	1.00	1.00	77.86	102	L1
transcript:AT4G01000.2	Cau.Cau5BG003392	0.97	0.97	48.68	221	L1
transcript:AT4G01680.1	Cau.Cau5BG003254	1.00	1.00	43.33	198	L1
transcript:AT1G03170.1	Cau.Cau5BG002882	0.94	0.77	36.40	95	L1
transcript:AT1G55230.1	Cau.Cau2AG000081	0.99	0.93	62.96	187	L1
transcript:AT4G24480.2	Cau.Cau3AG001113	0.99	1.00	58.64	570	L1
transcript:AT1G54070.1	Cau.Cau1BG000993	1.00	1.00	50.00	69	L1
transcript:AT5G47010.1	Cau.Cau7BG001484	0.98	0.98	82.00	1034	L1
transcript:AT1G16560.1	Cau.Cau9AG000093	0.99	0.99	74.85	256	L1
transcript:AT5G42110.1	Cau.Cau5BG000032	1.00	1.00	45.57	36	L1
transcript:AT1G64790.1	Cau.Cau5AG002438	1.00	1.00	74.95	1966	L1
transcript:AT5G04290.2	Cau.Cau7BG001800	0.82	0.67	49.29	622	L1
transcript:AT3G23730.1	Cau.Cau6BG000542	0.98	0.92	46.69	134	L1
transcript:AT1G53580.1	Cau.Cau5AG001431	0.83	0.80	85.19	207	L1
transcript:AT3G20770.1	Cau.Cau2BG000419	1.00	1.00	62.25	404	L1
transcript:AT1G56070.3	Cau.Cau9AG000095	1.00	1.00	94.07	793	L1
transcript:AT2G48110.1	Cau.Cau5AG002966	1.00	1.00	61.30	830	L1
transcript:AT3G61360.1	Cau.Cau5AG001193	0.95	0.95	60.71	289	L1
transcript:AT3G15260.2	Cau.Cau4BG001134	0.99	0.99	79.02	226	L1
transcript:AT1G15120.1	Cau.Cau3AG001989	1.00	0.79	86.96	60	L1
transcript:AT3G49750.1	Cau.Cau1BG000584	0.97	0.98	74.63	200	L1
transcript:AT1G14430.1	Cau.Cau7AG000329	0.99	0.99	61.11	352	L1
transcript:AT1G79620.1	Cau.Cau6BG000904	0.99	1.00	72.34	701	L1
transcript:AT3G02860.1	Cau.Cau1AG001370	1.00	1.00	50.29	171	L1
transcript:AT2G47980.1	Cau.Cau5AG003013	0.97	0.97	67.82	744	L1
transcript:AT2G20470.2	Cau.Cau5AG002761	0.98	0.99	77.18	433	L1
transcript:AT3G02040.1	Cau.Cau2BG000826	1.00	1.00	65.12	252	L1
transcript:AT5G40720.3	Cau.Cau2AG000957	0.95	0.98	52.21	295	L1
transcript:AT1G64810.1	Cau.Cau2AG002808	0.99	0.94	63.66	275	L1
transcript:AT2G26695.2	Cau.Cau4BG000592	0.93	0.98	71.09	91	L1
transcript:AT2G37440.3	Cau.Cau6AG001552	0.96	0.98	59.22	305	L1
transcript:AT3G06440.1	Cau.Cau9BG001947	0.99	1.00	54.56	359	L1
transcript:AT5G58300.3	Cau.Cau1BG001768	0.95	0.98	70.97	445	L1
transcript:AT2G31610.1	Cau.Cau4BG000968	0.92	0.97	88.21	202	L1
transcript:AT2G28780.1	Cau.Cau8BG001795	1.00	0.99	55.75	451	L1
transcript:AT2G27470.1	Cau.Cau8BG001408	0.40	0.78	66.96	75	L1
transcript:AT2G02370.2	Cau.Cau3BG002450	0.99	0.98	66.56	211	L1
transcript:AT3G08850.1	Cau.Cau6AG001199	0.99	1.00	74.00	1002	L1
transcript:AT3G18510.1	Cau.Cau5BG001175	0.84	0.88	58.93	33	L1
transcript:AT1G80770.3	Cau.Cau5BG003808	0.85	0.86	71.78	262	L1
transcript:AT2G28150.1	Cau.Cau8AG001519	0.97	0.99	61.54	336	L1
transcript:AT2G26760.1	Cau.Cau2BG000401	0.97	0.98	57.91	227	L1
transcript:AT1G56180.1	Cau.Cau9AG000055	1.00	1.00	68.34	272	L1
transcript:AT3G52570.1	Cau.Cau6AG000782	0.98	0.99	71.00	235	L1
transcript:AT2G30570.1	Cau.Cau5BG002780	1.00	1.00	63.50	87	L1
transcript:AT5G13760.1	Cau.Cau7AG000112	0.99	0.99	62.58	373	L1
transcript:AT1G63810.2	Cau.Cau1AG000274	1.00	1.00	67.11	710	L1
transcript:AT1G32910.1	Cau.Cau8AG001543	0.97	0.99	60.38	285	L1
transcript:AT5G03370.1	Cau.Cau6BG001771	0.57	0.39	69.39	68	L1
transcript:AT1G27320.1	Cau.Cau7BG000682	0.99	0.99	70.27	735	L1
transcript:AT1G10670.2	Cau.Cau7BG000472	1.00	1.00	85.11	360	L1
transcript:AT5G25170.1	Cau.Cau4AG000159	0.97	0.92	76.50	166	L1
transcript:AT1G09850.1	Cau.Cau3AG000271	0.94	0.94	66.34	274	L1
transcript:AT1G73730.1	Cau.Cau2BG000164	1.00	0.96	57.31	337	L1
transcript:AT1G47820.1	Cau.Cau5BG003139	1.00	0.99	47.47	47	L1
transcript:AT1G53600.2	Cau.Cau5BG001406	0.98	0.93	57.18	402	L1
transcript:AT1G68710.2	Cau.Cau7AG000831	0.99	0.99	78.78	939	L1
transcript:AT3G52950.2	Cau.Cau1BG001757	0.98	1.00	72.14	404	L1
transcript:AT5G62600.1	Cau.Cau5BG000372	0.99	0.99	75.10	718	L1
transcript:AT1G20330.1	Cau.Cau3AG000142	1.00	1.00	83.06	299	L1
transcript:AT5G43710.1	Cau.Cau9AG001335	0.94	0.97	74.79	454	L1
transcript:AT5G16690.1	Cau.Cau7BG001097	1.00	1.00	55.20	414	L1
transcript:AT5G10620.2	Cau.Cau4AG000037	1.00	1.00	67.36	130	L1
transcript:AT1G64160.1	Cau.Cau5BG000180	0.96	0.94	66.10	117	L1
transcript:AT3G10690.1	Cau.Cau7AG001573	0.97	0.97	74.97	695	L1
transcript:AT5G13430.1	Cau.Cau8AG001048	1.00	1.00	72.76	203	L1
transcript:AT4G32420.4	Cau.Cau4BG000269	0.60	0.67	56.23	307	L1
transcript:AT3G56160.1	Cau.Cau7BG001690	0.90	0.92	63.13	250	L1
transcript:AT5G08560.3	Cau.Cau2AG001834	1.00	1.00	67.35	396	L1
transcript:AT4G36830.1	Cau.Cau1BG000332	0.95	0.96	69.93	193	L1
transcript:AT1G02890.1	Cau.Cau5BG003032	1.00	1.00	65.88	836	L1
transcript:AT3G10630.1	Cau.Cau7BG001647	0.99	0.99	62.12	305	L1
transcript:AT5G20280.1	Cau.Cau4AG001896	1.00	1.00	79.02	836	L1
transcript:AT3G10180.1	Cau.Cau9AG000805	1.00	1.00	58.58	778	L1
transcript:AT1G55270.1	Cau.Cau2AG000068	0.99	1.00	83.83	363	L1
transcript:AT5G61310.4	Cau.Cau5BG003147	0.98	1.00	80.95	51	L1
transcript:AT1G69770.1	Cau.Cau2BG000105	0.97	0.92	59.34	483	L1
transcript:AT5G18830.3	Cau.Cau9BG001676	0.97	0.99	50.79	416	L1
transcript:AT1G05490.1	Cau.Cau5BG000657	0.52	0.76	44.52	337	L1
transcript:AT3G06840.1	Cau.Cau9AG001712	1.00	1.00	60.00	114	L1
transcript:AT5G04980.3	Cau.Cau3BG001916	0.97	0.77	64.93	274	L1
transcript:AT2G17040.1	Cau.Cau8BG000075	0.99	0.99	61.19	175	L1
transcript:AT3G03210.1	Cau.Cau6BG000632	1.00	1.00	69.81	259	L1
transcript:AT1G51100.1	Cau.Cau4BG001336	0.85	0.81	71.27	129	L1
transcript:AT1G25290.2	Cau.Cau3BG002108	0.94	0.91	53.33	168	L1
transcript:AT2G41705.2	Cau.Cau3AG000899	0.92	0.91	62.76	273	L1
transcript:AT5G42900.2	Cau.Cau3AG000471	0.76	0.77	42.27	82	L1
transcript:AT5G36740.5	Cau.Cau5AG002909	0.62	0.56	47.66	376	L1
transcript:AT1G05780.1	Cau.Cau2BG001897	1.00	1.00	68.22	73	L1
transcript:AT3G04560.1	Cau.Cau8BG001202	1.00	1.00	63.81	268	L1
transcript:AT1G28280.2	Cau.Cau2BG002375	0.99	0.95	62.85	159	L1
transcript:AT4G06534.1	Cau.Cau3AG000499	0.73	0.64	42.86	141	L1
transcript:AT2G20410.2	Cau.Cau3BG001828	0.99	0.98	54.73	185	L1
transcript:AT2G46980.2	Cau.Cau5AG003298	1.00	0.96	35.47	293	L1
transcript:AT5G55060.1	Cau.Cau4BG001476	0.99	0.93	63.32	423	L1
transcript:AT5G22390.1	Cau.Cau8AG001377	0.60	0.42	37.12	49	L1
transcript:AT5G66450.1	Cau.Cau1BG000247	0.97	0.98	50.17	144	L1
transcript:AT1G63770.6	Cau.Cau5BG000241	1.00	1.00	79.84	784	L1
transcript:AT3G62160.1	Cau.Cau5BG003234	0.99	1.00	57.93	252	L1
transcript:AT5G48290.3	Cau.Cau2AG001423	0.89	0.98	31.46	56	L1
transcript:AT2G32560.1	Cau.Cau2AG000373	1.00	1.00	60.29	246	L1
transcript:AT3G09350.1	Cau.Cau6BG001479	1.00	0.93	75.54	278	L1
transcript:AT1G18210.1	Cau.Cau4BG001026	0.82	0.87	66.20	94	L1
transcript:AT1G60000.1	Cau.Cau9BG001211	0.74	0.62	73.96	142	L1
transcript:AT5G38660.1	Cau.Cau6BG000343	0.99	1.00	70.83	204	L1
transcript:AT3G59390.1	Cau.Cau5BG002248	0.91	0.91	73.79	183	L1
transcript:AT3G29060.1	Cau.Cau6BG000079	0.99	0.99	58.41	469	L1
transcript:AT1G58220.1	Cau.Cau3BG001102	0.51	0.68	43.25	189	L1
transcript:AT3G06030.1	Cau.Cau9BG001565	0.99	0.98	67.17	446	L1
transcript:AT3G46960.1	Cau.Cau8BG001932	1.00	1.00	72.35	981	L1
transcript:AT3G55730.1	Cau.Cau7BG002354	0.85	0.88	46.76	195	L1
transcript:AT5G59240.1	Cau.Cau4AG001523	1.00	1.00	85.65	191	L1
transcript:AT5G05680.1	Cau.Cau7AG002248	1.00	1.00	62.84	509	L1
transcript:AT2G31680.1	Cau.Cau5BG002309	0.99	1.00	82.88	184	L1
transcript:AT2G41810.1	Cau.Cau9BG000648	0.99	0.99	70.54	261	L1
transcript:AT3G15180.1	Cau.Cau4BG001119	1.00	0.99	60.12	312	L1
transcript:AT2G37650.2	Cau.Cau6AG001489	0.93	0.93	56.84	403	L1
transcript:AT4G20990.1	Cau.Cau9BG000737	0.97	0.97	53.79	142	L1
transcript:AT5G02410.1	Cau.Cau6AG001508	1.00	1.00	60.47	312	L1
transcript:AT1G23890.2	Cau.Cau7BG000419	0.98	0.96	46.80	190	L1
transcript:AT1G29000.2	Cau.Cau5BG003825	0.98	0.99	48.93	137	L1
transcript:AT2G02400.1	Cau.Cau3BG002431	0.99	0.95	72.24	229	L1
transcript:AT4G32440.1	Cau.Cau4BG000273	0.98	0.85	44.70	177	L1
transcript:AT2G35330.2	Cau.Cau7BG001546	1.00	1.00	64.51	469	L1
transcript:AT1G17120.1	Cau.Cau5BG001415	0.99	0.99	72.43	423	L1
transcript:AT4G36250.1	Cau.Cau1BG000199	1.00	1.00	63.02	305	L1
transcript:AT2G04400.1	Cau.Cau2BG001397	1.00	1.00	67.58	271	L1
transcript:AT1G24460.1	Cau.Cau7AG000580	0.80	0.81	41.97	648	L1
transcript:AT1G28130.1	Cau.Cau3AG001937	0.99	0.97	70.94	432	L1
transcript:AT4G31890.3	Cau.Cau4AG000150	1.00	1.00	66.98	361	L1
transcript:AT4G12710.1	Cau.Cau2BG001403	0.92	0.96	65.85	243	L1
transcript:AT2G32040.1	Cau.Cau9AG001425	1.00	1.00	73.59	418	L1
transcript:AT4G35360.2	Cau.Cau8BG000025	0.99	0.99	85.21	311	L1
transcript:AT4G39410.1	Cau.Cau1AG001919	0.82	0.84	49.41	125	L1
transcript:AT4G32640.1	Cau.Cau3AG001594	1.00	1.00	65.68	754	L1
transcript:AT3G02260.2	Cau.Cau6BG000250	1.00	1.00	68.22	3506	L1
transcript:AT3G02530.1	Cau.Cau6AG000353	1.00	1.00	91.59	490	L1
transcript:AT4G18650.1	Cau.Cau2BG002489	0.99	1.00	54.81	131	L1
transcript:AT1G79840.6	Cau.Cau1AG001117	0.92	1.00	68.73	444	L1
transcript:AT3G02750.3	Cau.Cau6BG001217	0.84	0.83	38.18	140	L1
transcript:AT4G34120.1	Cau.Cau8BG000408	1.00	1.00	63.07	152	L1
transcript:AT4G34960.1	Cau.Cau8BG000175	1.00	1.00	77.68	174	L1
transcript:AT5G06530.2	Cau.Cau6AG000885	1.00	0.99	74.97	581	L1
transcript:AT4G11400.2	Cau.Cau5BG000238	0.99	0.96	40.06	254	L1
transcript:AT4G36900.1	Cau.Cau1BG000459	0.92	0.93	57.92	106	L1
transcript:AT2G01400.1	Cau.Cau2AG001700	0.86	0.89	32.56	42	L1
transcript:AT2G29630.2	Cau.Cau8BG001948	1.00	0.99	86.69	560	L1
transcript:AT1G08040.4	Cau.Cau8BG001619	0.99	0.99	75.07	283	L1
transcript:AT5G05190.1	Cau.Cau7AG002076	0.89	0.84	45.29	102	L1
transcript:AT3G23270.2	Cau.Cau9BG001306	1.00	0.99	63.83	706	L1
transcript:AT2G15680.1	Cau.Cau8AG000449	0.98	0.97	64.67	119	L1
transcript:AT5G06570.1	Cau.Cau6BG000893	0.99	0.99	61.26	204	L1
transcript:AT5G53110.1	Cau.Cau5BG000126	0.92	0.88	45.75	167	L1
transcript:AT3G18310.1	Cau.Cau3BG002235	0.97	0.97	39.78	356	L1
transcript:AT1G58350.4	Cau.Cau3AG001155	0.96	1.00	64.39	499	L1
transcript:AT5G55090.1	Cau.Cau2BG002675	0.99	0.89	40.38	189	L1
transcript:AT4G03115.1	Cau.Cau5BG002970	0.93	0.93	72.20	213	L1
transcript:AT2G06510.1	Cau.Cau4AG001002	1.00	0.99	69.97	459	L1
transcript:AT3G62600.1	Cau.Cau5AG003172	1.00	1.00	77.75	269	L1
transcript:AT5G44240.2	Cau.Cau2AG001001	1.00	1.00	87.35	967	L1
transcript:AT3G63230.1	Cau.Cau9AG001406	0.73	0.66	40.78	42	L1
transcript:AT1G11125.1	Cau.Cau2BG002302	1.00	1.00	31.01	107	L1
transcript:AT5G11330.1	Cau.Cau4BG000286	0.99	0.97	63.29	262	L1
transcript:AT3G24190.1	Cau.Cau9BG001071	1.00	1.00	79.42	633	L1
transcript:AT3G45880.2	Cau.Cau7BG001024	0.98	0.92	63.61	222	L1
transcript:AT5G64410.1	Cau.Cau3AG001131	0.64	0.92	57.01	192	L1
transcript:AT2G43890.1	Cau.Cau5BG001991	0.98	0.97	58.75	225	L1
transcript:AT1G32210.1	Cau.Cau3BG001746	1.00	1.00	88.70	102	L1
transcript:AT1G21530.2	Cau.Cau3AG000816	1.00	1.00	68.17	379	L1
transcript:AT2G17705.1	Cau.Cau1BG000088	0.98	0.99	68.80	86	L1
transcript:AT4G29420.1	Cau.Cau4BG000850	1.00	0.99	54.99	248	L1
transcript:AT2G34710.1	Cau.Cau2AG002096	0.99	1.00	77.09	656	L1
transcript:AT4G12400.2	Cau.Cau5BG000814	1.00	1.00	76.47	442	L1
transcript:AT2G25930.1	Cau.Cau4AG000455	1.00	1.00	42.59	322	L1
transcript:AT1G13130.1	Cau.Cau7BG000544	0.96	0.93	60.41	322	L1
transcript:AT2G04515.1	Cau.Cau2BG001370	0.91	0.84	37.50	69	L1
transcript:AT5G48580.1	Cau.Cau7BG001205	0.89	0.92	76.55	111	L1
transcript:AT5G65220.1	Cau.Cau1BG002173	0.91	0.92	64.78	103	L1
transcript:AT1G73650.3	Cau.Cau4AG000956	1.00	0.99	74.26	225	L1
transcript:AT2G19780.1	Cau.Cau4AG000818	0.86	0.85	68.56	242	L1
transcript:AT1G68820.1	Cau.Cau7BG000868	1.00	1.00	72.77	342	L1
transcript:AT2G17410.3	Cau.Cau1BG000002	0.39	0.58	76.62	236	L1
transcript:AT1G72510.1	Cau.Cau1AG000934	0.94	0.99	53.21	83	L1
transcript:AT1G79610.1	Cau.Cau2BG002798	0.98	0.97	80.15	337	L1
transcript:AT1G01090.1	Cau.Cau5AG003357	1.00	1.00	80.73	352	L1
transcript:AT4G01840.1	Cau.Cau5AG003283	1.00	0.90	59.90	245	L1
transcript:AT4G26680.1	Cau.Cau2BG001359	0.92	0.95	64.03	308	L1
transcript:AT3G60480.1	Cau.Cau5BG003743	0.79	0.87	57.95	51	L1
transcript:AT1G55770.1	Cau.Cau5AG003121	0.99	0.97	36.21	63	L1
transcript:AT1G67540.2	Cau.Cau7BG000634	0.96	0.99	29.87	95	L1
transcript:AT4G18780.1	Cau.Cau2BG002502	1.00	1.00	82.24	815	L1
transcript:AT1G29630.2	Cau.Cau2BG002546	1.00	1.00	55.36	418	L1
transcript:AT2G39020.1	Cau.Cau7AG001826	0.94	0.94	71.43	160	L1
transcript:AT3G07050.1	Cau.Cau5BG002583	0.99	0.99	70.85	423	L1
transcript:AT2G46090.1	Cau.Cau5AG003520	0.87	0.88	78.23	248	L1
transcript:AT3G26850.1	Cau.Cau5AG001070	0.96	0.16	48.31	129	L1
transcript:AT2G38570.1	Cau.Cau6BG001146	0.99	0.96	47.88	169	L1
transcript:AT4G08900.1	Cau.Cau5AG003711	1.00	1.00	88.89	304	L1
transcript:AT2G23430.1	Cau.Cau1BG000415	0.91	0.79	34.95	65	L1
transcript:AT5G45400.1	Cau.Cau3AG001857	0.99	0.93	52.45	450	L1
transcript:AT5G14530.1	Cau.Cau2BG000547	0.99	0.96	80.18	263	L1
transcript:AT1G73400.1	Cau.Cau6BG002373	1.00	1.00	62.13	356	L1
transcript:AT4G03550.1	Cau.Cau2BG001025	1.00	1.00	76.17	1362	L1
transcript:AT2G21237.1	Cau.Cau8BG000726	0.64	0.56	34.21	39	L1
transcript:AT5G15540.1	Cau.Cau6AG000032	0.99	0.99	64.54	1194	L1
transcript:AT1G54250.1	Cau.Cau5BG002136	0.99	0.99	76.55	111	L1
transcript:AT1G68765.1	Cau.Cau7AG000843	0.92	0.80	42.47	31	L1
transcript:AT3G20560.1	Cau.Cau4AG001328	0.91	0.97	73.38	270	L1
transcript:AT4G12850.1	Cau.Cau2BG001490	0.90	0.97	57.65	98	L1
transcript:AT3G19770.1	Cau.Cau3BG000928	0.86	0.95	65.05	296	L1
transcript:AT5G55840.3	Cau.Cau4AG001596	0.98	0.95	56.80	614	L1
transcript:AT3G07350.1	Cau.Cau7AG001187	0.99	0.98	52.77	162	L1
transcript:AT3G22560.1	Cau.Cau9BG001496	0.97	0.98	62.35	106	L1
transcript:AT4G05070.1	Cau.Cau2BG002260	0.34	0.34	73.33	22	L1
transcript:AT4G02210.2	Cau.Cau5AG003147	1.00	1.00	48.04	257	L1
transcript:AT5G47610.1	Cau.Cau5BG000009	0.90	0.65	48.54	83	L1
transcript:AT3G60660.1	Cau.Cau5BG003694	1.00	1.00	71.79	196	L1
transcript:AT3G16770.1	Cau.Cau9AG001732	0.99	0.96	46.39	122	L1
transcript:AT4G14180.1	Cau.Cau9AG000852	0.97	0.99	50.61	660	L1
transcript:AT5G63540.1	Cau.Cau7AG001415	0.84	0.84	50.28	272	L1
transcript:AT3G49250.1	Cau.Cau6BG001085	0.98	0.89	54.24	224	L1
transcript:AT3G51550.1	Cau.Cau6BG001137	1.00	1.00	74.47	668	L1
transcript:AT3G60200.1	Cau.Cau5BG003805	1.00	1.00	44.92	146	L1
transcript:AT2G06200.1	Cau.Cau4AG001005	0.94	0.81	44.44	108	L1
transcript:AT3G17830.1	Cau.Cau4AG000989	0.90	0.93	56.49	270	L1
transcript:AT5G26340.1	Cau.Cau9BG001546	1.00	1.00	82.45	437	L1
transcript:AT5G12060.1	Cau.Cau5AG002666	0.90	0.96	33.09	45	L1
transcript:AT1G50920.1	Cau.Cau9AG000888	1.00	1.00	79.71	542	L1
transcript:AT5G17710.3	Cau.Cau7AG001155	0.98	0.98	58.14	200	L1
transcript:AT4G10130.5	Cau.Cau3AG000448	0.99	0.97	53.98	95	L1
transcript:AT1G60560.1	Cau.Cau1AG001785	1.00	0.99	77.50	551	L1
transcript:AT2G28000.1	Cau.Cau8AG001565	0.98	0.98	84.90	489	L1
transcript:AT5G23090.5	Cau.Cau5BG001147	0.96	0.97	84.31	129	L1
transcript:AT5G22470.1	Cau.Cau8BG001426	0.99	1.00	71.22	579	L1
transcript:AT2G20000.1	Cau.Cau4BG000777	1.00	1.00	75.23	571	L1
transcript:AT3G14370.1	Cau.Cau5BG001441	0.98	0.98	62.58	311	L1
transcript:AT1G71000.1	Cau.Cau2AG001698	0.78	0.72	60.77	79	L1
transcript:AT1G10600.1	Cau.Cau7BG000446	1.00	0.83	69.82	155	L1
transcript:AT1G69470.1	Cau.Cau5AG002225	0.93	0.58	30.30	40	L1
transcript:AT2G32360.1	Cau.Cau2BG001189	0.45	0.76	46.84	37	L1
transcript:AT3G15430.6	Cau.Cau4AG001192	0.98	0.98	75.73	362	L1
transcript:AT1G77160.1	Cau.Cau1BG001899	0.87	0.77	40.42	97	L1
transcript:AT5G61000.1	Cau.Cau5AG001059	0.99	0.99	70.19	438	L1
transcript:AT5G45190.1	Cau.Cau2AG002003	1.00	1.00	65.31	401	L1
transcript:AT5G50900.1	Cau.Cau7AG001387	1.00	1.00	65.72	372	L1
transcript:AT1G76460.1	Cau.Cau3AG000034	0.99	1.00	66.78	195	L1
transcript:AT4G17340.1	Cau.Cau5AG000746	1.00	1.00	86.35	215	L1
transcript:AT3G21070.2	Cau.Cau2AG000268	0.98	0.98	69.00	394	L1
transcript:AT4G23980.1	Cau.Cau5BG000098	0.98	0.99	61.66	423	L1
transcript:AT1G30950.1	Cau.Cau2AG001901	0.90	0.90	68.30	278	L1
transcript:AT2G29960.3	Cau.Cau8AG001965	1.00	1.00	78.74	163	L1
transcript:AT4G25020.1	Cau.Cau3AG001735	1.00	0.99	43.67	176	L1
transcript:AT2G44620.1	Cau.Cau5AG003836	1.00	1.00	73.39	91	L1
transcript:AT4G33565.1	Cau.Cau8AG001018	0.82	0.87	39.25	126	L1
transcript:AT1G10940.1	Cau.Cau3AG002126	1.00	1.00	84.02	305	L1
transcript:AT1G09840.6	Cau.Cau3AG002251	1.00	1.00	87.91	371	L1
transcript:AT2G02750.1	Cau.Cau7BG000309	0.99	0.99	57.26	351	L1
transcript:AT3G02090.1	Cau.Cau6BG000032	1.00	1.00	81.05	432	L1
transcript:AT1G43690.1	Cau.Cau3BG000694	1.00	1.00	63.24	406	L1
transcript:AT4G04350.1	Cau.Cau2BG002684	0.94	0.96	78.78	724	L1
transcript:AT1G74055.1	Cau.Cau5BG001143	0.67	0.75	50.00	50	L1
transcript:AT5G22650.2	Cau.Cau8AG001457	0.93	0.95	47.12	139	L1
transcript:AT2G34640.1	Cau.Cau2BG002112	0.99	1.00	63.62	348	L1
transcript:AT4G08230.1	Cau.Cau3AG000897	1.00	0.99	69.03	78	L1
transcript:AT1G55040.1	Cau.Cau3BG001405	0.98	0.97	51.64	456	L1
transcript:AT4G20910.1	Cau.Cau2BG002062	0.98	0.97	50.84	484	L1
transcript:AT1G77130.1	Cau.Cau3AG000726	0.99	0.99	71.23	453	L1
transcript:AT1G70180.2	Cau.Cau7BG000383	0.99	0.98	52.27	170	L1
transcript:AT1G06890.2	Cau.Cau1BG001795	1.00	1.00	86.55	309	L1
transcript:AT2G34480.1	Cau.Cau2BG002600	1.00	1.00	92.70	165	L1
transcript:AT2G40660.1	Cau.Cau7AG002096	0.99	0.97	62.44	251	L1
transcript:AT4G24680.5	Cau.Cau5BG000475	0.98	0.99	39.23	591	L1
transcript:AT4G10550.1	Cau.Cau8AG000726	0.96	0.97	43.44	328	L1
transcript:AT5G13150.1	Cau.Cau7BG000183	1.00	0.98	51.70	349	L1
transcript:AT3G20230.1	Cau.Cau3AG000607	0.99	0.99	71.81	135	L1
transcript:AT3G12760.1	Cau.Cau9BG000044	1.00	0.99	78.80	197	L1
transcript:AT2G38550.1	Cau.Cau6BG001155	0.96	1.00	49.85	165	L1
transcript:AT1G48790.1	Cau.Cau5AG001240	1.00	1.00	65.49	334	L1
transcript:AT5G04600.1	Cau.Cau7AG001699	0.90	0.92	57.35	117	L1
transcript:AT1G53040.6	Cau.Cau4BG001161	1.00	0.92	61.96	347	L1
transcript:AT5G10700.2	Cau.Cau4AG000066	0.97	0.98	64.32	119	L1
transcript:AT5G52990.1	Cau.Cau5AG001545	1.00	1.00	48.16	131	L1
transcript:AT1G34355.1	Cau.Cau3BG000570	0.99	0.99	46.74	339	L1
transcript:AT4G25730.1	Cau.Cau8BG000640	0.99	0.98	64.17	532	L1
transcript:AT3G52220.1	Cau.Cau7BG001665	0.99	1.00	64.71	154	L1
transcript:AT3G04400.1	Cau.Cau9BG001220	1.00	1.00	97.86	137	L1
transcript:AT4G23050.1	Cau.Cau5BG000916	1.00	1.00	44.27	348	L1
transcript:AT2G33150.1	Cau.Cau9BG001082	1.00	1.00	89.13	410	L1
transcript:AT1G14900.1	Cau.Cau2BG001643	0.91	0.87	55.38	108	L1
transcript:AT1G32340.1	Cau.Cau6AG000562	1.00	0.99	56.61	394	L1
transcript:AT5G03345.1	Cau.Cau6AG001753	1.00	0.98	74.04	77	L1
transcript:AT4G10330.1	Cau.Cau5AG001958	0.94	0.97	62.31	81	L1
transcript:AT5G36950.1	Cau.Cau2BG001837	0.91	0.91	75.05	406	L1
transcript:AT3G18940.1	Cau.Cau8BG000546	1.00	1.00	65.84	185	L1
transcript:AT1G16350.1	Cau.Cau9AG000053	0.99	0.99	76.85	385	L1
transcript:AT5G02020.1	Cau.Cau6AG001409	1.00	1.00	58.18	96	L1
transcript:AT2G29350.1	Cau.Cau8BG001880	0.99	0.99	70.04	187	L1
transcript:AT3G48260.1	Cau.Cau5BG000523	0.98	0.97	55.92	340	L1
transcript:AT5G21970.2	Cau.Cau4AG001789	0.96	0.97	65.70	293	L1
transcript:AT3G09980.1	Cau.Cau6BG000696	0.85	0.89	84.97	130	L1
transcript:AT4G11800.1	Cau.Cau3BG000430	1.00	0.99	78.95	799	L1
transcript:AT3G52210.1	Cau.Cau7BG001742	1.00	1.00	66.76	239	L1
transcript:AT5G25940.1	Cau.Cau4BG000593	0.45	0.49	65.38	34	L1
transcript:AT5G65860.3	Cau.Cau3BG001226	0.99	0.98	76.78	248	L1
transcript:AT1G17810.1	Cau.Cau5AG001767	0.98	0.99	75.86	198	L1
transcript:AT1G20770.1	Cau.Cau3BG000070	0.99	0.96	52.56	113	L1
transcript:AT1G10040.1	Cau.Cau3BG001164	0.87	0.91	64.13	236	L1
transcript:AT3G52800.2	Cau.Cau6BG000726	1.00	1.00	64.12	109	L1
transcript:AT3G60320.1	Cau.Cau5AG003797	1.00	1.00	63.39	516	L1
transcript:AT5G65660.1	Cau.Cau1BG000628	1.00	1.00	70.80	97	L1
transcript:AT1G29880.1	Cau.Cau8BG001053	0.94	0.99	84.16	579	L1
transcript:AT1G21540.1	Cau.Cau3BG000817	1.00	1.00	68.35	378	L1
transcript:AT5G13690.1	Cau.Cau7BG000099	1.00	0.99	69.43	561	L1
transcript:AT3G21460.1	Cau.Cau9AG001634	1.00	1.00	78.43	80	L1
transcript:AT5G60520.1	Cau.Cau8AG001636	0.98	0.96	68.99	238	L1
transcript:AT5G49360.1	Cau.Cau9BG001855	0.98	0.98	75.92	580	L1
transcript:AT5G08030.1	Cau.Cau5AG001060	0.98	0.93	80.82	295	L1
transcript:AT2G17990.1	Cau.Cau1AG000167	1.00	1.00	60.57	212	L1
transcript:AT2G01970.1	Cau.Cau2AG001557	0.99	0.99	90.44	530	L1
transcript:AT1G08500.1	Cau.Cau2AG000380	0.90	0.85	53.40	110	L1
transcript:AT3G27730.7	Cau.Cau2BG000534	0.92	0.87	70.82	745	L1
transcript:AT5G06120.2	Cau.Cau3BG001932	1.00	1.00	84.41	888	L1
transcript:AT1G80550.1	Cau.Cau1BG001434	0.95	0.96	63.36	275	L1
transcript:AT1G05510.1	Cau.Cau9AG000837	0.95	0.98	68.56	157	L1
transcript:AT3G29240.1	Cau.Cau6BG000046	0.98	0.98	60.90	190	L1
transcript:AT4G17330.3	Cau.Cau5AG000748	1.00	1.00	43.38	832	L1
transcript:AT3G27880.1	Cau.Cau2BG000504	0.98	0.98	35.18	108	L1
transcript:AT3G23740.1	Cau.Cau9BG001174	0.87	0.88	37.70	175	L1
transcript:AT3G56690.1	Cau.Cau6BG000559	1.00	0.99	60.09	643	L1
transcript:AT1G75220.1	Cau.Cau3AG000329	1.00	1.00	77.85	383	L1
transcript:AT3G49142.1	Cau.Cau9BG000151	0.74	0.92	63.85	325	L1
transcript:AT4G22920.2	Cau.Cau5BG000882	0.96	0.99	66.91	184	L1
transcript:AT5G48100.1	Cau.Cau3BG000608	0.97	0.97	55.56	310	L1
transcript:AT5G19440.1	Cau.Cau2BG000255	0.99	0.98	78.64	254	L1
transcript:AT2G35920.1	Cau.Cau6AG000858	0.96	0.91	76.48	735	L1
transcript:AT5G41150.1	Cau.Cau5BG000670	1.00	1.00	69.02	684	L1
transcript:AT2G47910.1	Cau.Cau4AG002309	0.81	0.76	76.50	153	L1
transcript:AT1G02150.1	Cau.Cau5BG003779	0.99	0.99	61.24	327	L1
transcript:AT5G63040.1	Cau.Cau5BG000473	0.88	0.89	61.85	201	L1
transcript:AT1G07990.1	Cau.Cau8BG001626	1.00	1.00	68.84	590	L1
transcript:AT4G24170.2	Cau.Cau3BG000247	0.97	0.96	47.48	500	L1
transcript:AT1G19990.1	Cau.Cau3AG000202	0.90	0.89	48.56	118	L1
transcript:AT3G23637.1	Cau.Cau9BG001606	0.77	0.82	56.10	23	L1
transcript:AT4G24790.4	Cau.Cau5AG000556	0.99	0.83	49.66	442	L1
transcript:AT5G14710.1	Cau.Cau2BG000507	1.00	1.00	72.58	90	L1
transcript:AT1G35340.1	Cau.Cau3AG000543	0.91	0.99	59.93	172	L1
transcript:AT2G44610.1	Cau.Cau5BG003803	1.00	1.00	94.71	197	L1
transcript:AT4G31420.1	Cau.Cau4AG000046	1.00	1.00	63.68	263	L1
transcript:AT3G19610.1	Cau.Cau8BG000301	0.91	1.00	38.46	245	L1
transcript:AT4G36990.1	Cau.Cau1AG000418	0.98	1.00	60.69	176	L1
transcript:AT3G51100.1	Cau.Cau8BG000708	0.89	0.86	53.72	101	L1
transcript:AT2G42130.4	Cau.Cau6BG000976	1.00	1.00	67.11	202	L1
transcript:AT1G56345.1	Cau.Cau3AG001297	0.99	0.97	57.76	201	L1
transcript:AT1G05385.1	Cau.Cau9BG001523	0.80	0.78	68.07	113	L1
transcript:AT2G38710.2	Cau.Cau7BG001666	0.97	0.98	77.29	160	L1
transcript:AT3G11110.1	Cau.Cau7BG002223	0.96	0.95	50.64	79	L1
transcript:AT1G71140.1	Cau.Cau2BG001729	1.00	0.98	57.49	284	L1
transcript:AT1G71220.1	Cau.Cau3BG002149	0.99	1.00	71.26	1173	L1
transcript:AT5G13780.1	Cau.Cau7AG000113	1.00	0.95	83.58	168	L1
transcript:AT5G10820.1	Cau.Cau4AG000123	0.96	0.98	64.52	311	L1
transcript:AT2G42260.2	Cau.Cau9AG000571	1.00	1.00	54.85	147	L1
transcript:AT2G47230.1	Cau.Cau5BG003189	0.99	0.98	38.28	204	L1
transcript:AT1G58030.1	Cau.Cau5AG002559	1.00	0.97	72.84	472	L1
transcript:AT5G40690.1	Cau.Cau2AG000964	0.99	1.00	47.27	104	L1
transcript:AT1G21920.1	Cau.Cau3BG000885	0.99	0.98	60.35	274	L1
transcript:AT5G24740.3	Cau.Cau6AG001010	1.00	1.00	49.67	1801	L1
transcript:AT5G17990.1	Cau.Cau5AG000460	0.79	0.87	76.64	269	L1
transcript:AT3G50530.1	Cau.Cau1AG000393	1.00	0.99	82.00	501	L1
transcript:AT5G66390.1	Cau.Cau1BG000221	0.99	1.00	72.97	196	L1
transcript:AT1G15110.4	Cau.Cau2AG001746	1.00	0.99	82.63	352	L1
transcript:AT5G41380.1	Cau.Cau5BG000232	0.88	0.92	48.34	146	L1
transcript:AT1G57600.3	Cau.Cau6BG002434	0.99	0.98	67.80	358	L1
transcript:AT5G48890.2	Cau.Cau5AG002655	0.91	0.96	41.79	84	L1
transcript:AT5G28470.2	Cau.Cau5AG000339	0.98	0.92	60.57	338	L1
transcript:AT3G57560.1	Cau.Cau4AG000010	0.89	0.87	75.32	235	L1
transcript:AT2G18280.1	Cau.Cau1AG000262	1.00	1.00	63.46	264	L1
transcript:AT1G67930.1	Cau.Cau7BG001274	0.99	0.99	74.82	624	L1
transcript:AT5G27970.3	Cau.Cau3BG001562	1.00	1.00	72.50	1197	L1
transcript:AT4G03420.1	Cau.Cau2AG001054	0.98	0.98	74.52	231	L1
transcript:AT3G10720.2	Cau.Cau3AG001875	0.88	0.95	68.78	379	L1
transcript:AT5G12210.1	Cau.Cau2BG001149	0.98	1.00	82.75	259	L1
transcript:AT1G17680.1	Cau.Cau5BG001894	0.91	0.92	46.42	395	L1
transcript:AT3G18280.2	Cau.Cau5AG001260	0.65	0.88	62.65	52	L1
transcript:AT2G23260.1	Cau.Cau1BG000488	1.00	1.00	48.82	228	L1
transcript:AT1G69420.1	Cau.Cau7AG000223	1.00	0.94	68.73	422	L1
transcript:AT3G13677.3	Cau.Cau4AG001224	1.00	1.00	54.55	42	L1
transcript:AT2G38540.1	Cau.Cau6BG001169	0.97	0.98	54.70	64	L1
transcript:AT4G28460.1	Cau.Cau5BG002107	0.99	0.96	38.46	30	L1
transcript:AT3G14067.1	Cau.Cau1BG000950	1.00	1.00	68.46	534	L1
transcript:AT2G30620.2	Cau.Cau5AG002830	0.80	0.54	57.58	95	L1
transcript:AT3G06730.1	Cau.Cau3BG001999	1.00	1.00	65.57	120	L1
transcript:AT4G33160.1	Cau.Cau4BG001804	0.86	0.95	57.93	230	L1
transcript:AT5G48340.4	Cau.Cau2AG001460	1.00	0.99	55.00	286	L1
transcript:AT5G22950.1	Cau.Cau8AG001530	1.00	1.00	84.28	193	L1
transcript:AT5G06820.1	Cau.Cau6AG001003	0.99	1.00	57.09	423	L1
transcript:AT5G49015.3	Cau.Cau7BG001866	0.99	0.99	52.53	52	L1
transcript:AT3G23590.1	Cau.Cau9AG001536	0.99	0.99	68.39	902	L1
transcript:AT1G32810.2	Cau.Cau5BG000036	1.00	1.00	43.28	509	L1
transcript:AT4G18700.1	Cau.Cau2BG002491	0.99	0.98	78.23	381	L1
transcript:AT5G54910.1	Cau.Cau4AG001402	1.00	0.99	60.51	455	L1
transcript:AT1G19800.2	Cau.Cau5BG002182	0.86	0.86	81.79	247	L1
transcript:AT4G30320.1	Cau.Cau4BG002140	0.96	0.98	54.94	89	L1
transcript:AT3G14260.1	Cau.Cau5AG000271	0.89	0.98	46.60	96	L1
transcript:AT1G64750.2	Cau.Cau2AG000469	0.99	0.99	71.23	52	L1
transcript:AT1G22180.4	Cau.Cau3BG000972	0.92	0.90	67.99	206	L1
transcript:AT5G11490.1	Cau.Cau4BG000343	1.00	1.00	80.54	691	L1
transcript:AT2G47490.1	Cau.Cau5AG003145	0.98	0.98	80.26	248	L1
transcript:AT3G08960.3	Cau.Cau6BG001272	1.00	1.00	80.30	811	L1
transcript:AT4G22540.5	Cau.Cau5AG000782	0.99	0.99	71.50	547	L1
transcript:AT5G11350.1	Cau.Cau4AG000271	0.96	0.98	50.53	384	L1
transcript:AT1G19870.1	Cau.Cau3BG000235	1.00	1.00	38.42	345	L1
transcript:AT5G03150.1	Cau.Cau6AG001690	0.99	0.96	50.57	265	L1
transcript:AT4G26455.1	Cau.Cau4BG001701	0.95	0.96	36.17	217	L1
transcript:AT1G51560.1	Cau.Cau1BG001610	0.93	0.97	71.54	269	L1
transcript:AT2G33580.1	Cau.Cau3AG000014	0.99	0.99	53.44	365	L1
transcript:AT5G43260.1	Cau.Cau7BG000668	0.99	0.99	76.04	73	L1
transcript:AT5G03300.1	Cau.Cau7BG001849	0.98	0.99	84.07	285	L1
transcript:AT5G24020.1	Cau.Cau9AG000194	0.89	0.92	92.10	268	L1
transcript:AT4G30610.1	Cau.Cau4BG002255	0.99	0.95	70.37	323	L1
transcript:AT5G52180.1	Cau.Cau9BG000298	1.00	1.00	59.02	278	L1
transcript:AT1G07570.5	Cau.Cau8AG001822	1.00	1.00	71.87	304	L1
transcript:AT1G10630.2	Cau.Cau2BG000515	1.00	1.00	98.90	179	L1
transcript:AT2G21620.1	Cau.Cau8BG000632	0.95	1.00	71.51	128	L1
transcript:AT1G18670.1	Cau.Cau5AG000988	1.00	1.00	67.96	490	L1
transcript:AT1G67940.1	Cau.Cau4BG002005	1.00	1.00	65.93	178	L1
transcript:AT5G01090.1	Cau.Cau6BG001383	1.00	0.99	47.38	172	L1
transcript:AT5G08310.2	Cau.Cau7BG000951	0.97	0.95	52.23	422	L1
transcript:AT1G10500.1	Cau.Cau1AG001943	1.00	1.00	72.93	132	L1
transcript:AT5G41970.1	Cau.Cau5AG000065	0.99	0.98	74.06	277	L1
transcript:AT3G15940.1	Cau.Cau1AG001206	0.98	0.97	61.36	443	L1
transcript:AT1G17690.1	Cau.Cau7BG000136	0.98	0.98	60.45	454	L1
transcript:AT2G41850.1	Cau.Cau9BG000636	0.98	0.97	55.75	252	L1
transcript:AT4G23060.1	Cau.Cau5AG000914	1.00	1.00	47.66	255	L1
transcript:AT1G65090.2	Cau.Cau6BG001866	0.99	0.98	34.55	123	L1
transcript:AT1G66520.1	Cau.Cau6BG000447	1.00	0.99	74.09	266	L1
transcript:AT3G56310.1	Cau.Cau7AG002123	1.00	1.00	74.20	325	L1
transcript:AT2G17250.1	Cau.Cau8AG000018	0.99	0.95	62.98	376	L1
transcript:AT3G07630.2	Cau.Cau8AG001683	1.00	1.00	72.36	288	L1
transcript:AT5G44000.1	Cau.Cau5BG002662	0.96	0.93	68.38	266	L1
transcript:AT4G11630.1	Cau.Cau5AG000523	0.99	0.99	56.22	140	L1
transcript:AT5G10450.1	Cau.Cau1BG000695	0.99	1.00	86.99	214	L1
transcript:AT3G16230.2	Cau.Cau1AG001095	0.98	0.97	54.35	275	L1
transcript:AT3G47700.1	Cau.Cau5BG000309	1.00	1.00	61.02	490	L1
transcript:AT5G24270.1	Cau.Cau5AG001532	0.98	1.00	73.73	160	L1
transcript:AT4G28400.1	Cau.Cau2AG001004	1.00	1.00	78.09	221	L1
transcript:AT1G11880.1	Cau.Cau2BG000085	0.97	0.98	61.55	301	L1
transcript:AT1G30510.1	Cau.Cau2AG002094	1.00	1.00	78.27	299	L1
transcript:AT4G22290.1	Cau.Cau2AG002721	1.00	1.00	70.11	312	L1
transcript:AT1G30110.1	Cau.Cau2BG001674	1.00	1.00	82.86	145	L1
transcript:AT1G76920.1	Cau.Cau3AG000704	1.00	1.00	68.07	258	L1
transcript:AT1G07040.1	Cau.Cau7BG000320	1.00	0.97	65.74	259	L1
transcript:AT4G01810.3	Cau.Cau5AG003288	1.00	1.00	76.11	669	L1
transcript:AT1G44110.1	Cau.Cau3BG000824	0.99	0.99	62.87	315	L1
transcript:AT3G15351.5	Cau.Cau5BG003726	0.96	0.96	69.18	110	L1
transcript:AT1G68430.1	Cau.Cau2AG001785	1.00	1.00	46.47	79	L1
transcript:AT5G07670.1	Cau.Cau9BG000462	0.99	0.96	63.00	298	L1
transcript:AT1G48840.1	Cau.Cau5BG001214	1.00	1.00	68.63	477	L1
transcript:AT5G02640.1	Cau.Cau6AG001581	0.99	0.99	54.49	91	L1
transcript:AT5G09995.2	Cau.Cau1AG001983	1.00	1.00	54.85	147	L1
transcript:AT4G36850.1	Cau.Cau1AG000332	0.99	0.99	63.78	250	L1
transcript:AT1G20340.1	Cau.Cau3AG000138	1.00	1.00	68.18	120	L1
transcript:AT1G16540.1	Cau.Cau9AG000090	1.00	0.99	65.82	541	L1
transcript:AT5G14600.1	Cau.Cau2BG000525	1.00	1.00	71.70	228	L1
transcript:AT2G30130.1	Cau.Cau8BG002032	0.98	0.99	68.42	130	L1
transcript:AT1G27340.1	Cau.Cau7AG000674	0.99	1.00	68.49	326	L1
transcript:AT5G06970.1	Cau.Cau3BG001992	1.00	1.00	73.98	819	L1
transcript:AT5G67130.1	Cau.Cau1AG000440	0.94	0.91	73.57	295	L1
transcript:AT2G42750.1	Cau.Cau2BG000714	0.99	0.98	70.06	241	L1
transcript:AT3G54720.1	Cau.Cau6BG000898	1.00	1.00	59.03	425	L1
transcript:AT5G19600.1	Cau.Cau4AG000668	0.97	0.98	68.96	431	L1
transcript:AT2G30980.1	Cau.Cau2AG000714	1.00	1.00	89.50	375	L1
transcript:AT1G03780.3	Cau.Cau2AG001007	0.96	1.00	59.78	480	L1
transcript:AT3G20540.1	Cau.Cau4AG001348	0.79	0.69	70.06	578	L1
transcript:AT3G14430.1	Cau.Cau6BG001067	0.96	0.95	60.27	44	L1
transcript:AT1G14920.1	Cau.Cau2BG001653	0.97	0.96	66.38	381	L1
transcript:AT3G28857.1	Cau.Cau6AG000124	1.00	1.00	76.09	70	L1
transcript:AT3G48420.1	Cau.Cau5AG000564	0.87	0.78	82.80	231	L1
transcript:AT4G28100.1	Cau.Cau2BG001109	0.98	0.98	69.04	223	L1
transcript:AT3G52030.2	Cau.Cau7BG000112	1.00	0.99	60.14	261	L1
transcript:AT4G19420.2	Cau.Cau3BG001677	0.96	0.97	63.42	241	L1
transcript:AT3G18880.2	Cau.Cau4AG001945	1.00	1.00	72.64	77	L1
transcript:AT2G45610.1	Cau.Cau5BG003625	0.98	0.99	51.90	164	L1
transcript:AT3G25210.1	Cau.Cau7AG001179	0.91	0.93	67.13	243	L1
transcript:AT2G01460.3	Cau.Cau2BG001673	1.00	1.00	82.85	792	L1
transcript:AT1G71190.1	Cau.Cau3BG002127	1.00	1.00	73.70	213	L1
transcript:AT3G28150.1	Cau.Cau2BG000456	1.00	0.99	53.10	223	L1
transcript:AT1G34630.1	Cau.Cau3AG000992	0.97	0.97	72.26	349	L1
transcript:AT3G10530.1	Cau.Cau3AG002043	0.99	0.99	72.76	390	L1
transcript:AT4G21770.1	Cau.Cau2AG002189	1.00	0.97	66.46	317	L1
transcript:AT1G28390.1	Cau.Cau3BG001066	0.98	0.89	52.37	254	L1
transcript:AT2G45540.4	Cau.Cau5BG003631	0.99	0.98	73.09	2173	L1
transcript:AT3G25110.1	Cau.Cau5BG002543	1.00	1.00	73.67	277	L1
transcript:AT3G12020.4	Cau.Cau6BG000942	0.99	1.00	70.50	717	L1
transcript:AT5G45130.1	Cau.Cau2BG001963	1.00	1.00	89.50	179	L1
transcript:AT4G00080.1	Cau.Cau5AG003715	0.93	0.96	46.53	94	L1
transcript:AT1G72550.1	Cau.Cau2BG002082	1.00	1.00	74.79	448	L1
transcript:AT1G10657.1	Cau.Cau7AG000469	0.93	0.93	52.99	62	L1
transcript:AT2G20562.1	Cau.Cau2BG000627	1.00	0.57	73.97	54	L1
transcript:AT2G30505.1	Cau.Cau1BG001767	0.59	0.70	28.42	54	L1
transcript:AT5G16530.1	Cau.Cau6BG001878	1.00	1.00	75.99	269	L1
transcript:AT1G78830.1	Cau.Cau5BG001277	0.99	0.97	48.36	221	L1
transcript:AT5G42940.2	Cau.Cau3AG000492	0.99	1.00	41.52	301	L1
transcript:AT5G67060.1	Cau.Cau1AG000427	0.97	0.91	48.46	126	L1
transcript:AT1G48760.3	Cau.Cau5AG001244	1.00	1.00	56.16	561	L1
transcript:AT1G54320.1	Cau.Cau9BG000029	1.00	1.00	73.37	259	L1
transcript:AT4G09020.1	Cau.Cau3BG001036	1.00	0.98	73.12	563	L1
transcript:AT5G60210.6	Cau.Cau8AG001680	1.00	1.00	50.24	315	L1
transcript:AT5G28690.3	Cau.Cau8BG001248	0.99	0.99	55.45	112	L1
transcript:AT2G31170.1	Cau.Cau4BG000197	1.00	1.00	75.52	435	L1
transcript:AT5G12960.1	Cau.Cau2BG000197	0.99	1.00	66.29	507	L1
transcript:AT5G42310.1	Cau.Cau3AG000097	1.00	1.00	71.89	514	L1
transcript:AT3G45890.1	Cau.Cau6AG000279	0.83	0.86	71.01	360	L1
transcript:AT5G04010.1	Cau.Cau9BG000786	0.82	0.91	32.06	84	L1
transcript:AT1G32070.3	Cau.Cau6BG001129	0.91	0.90	69.36	163	L1
transcript:AT1G37140.1	Cau.Cau3AG000914	0.94	0.93	36.86	101	L1
transcript:AT1G20510.1	Cau.Cau3AG000111	0.99	0.99	76.61	416	L1
transcript:AT3G52115.1	Cau.Cau7AG000092	0.99	0.98	42.03	269	L1
transcript:AT1G06515.1	Cau.Cau5BG002637	0.98	0.79	76.36	42	L1
transcript:AT5G56270.1	Cau.Cau4BG001706	1.00	0.99	54.06	406	L1
transcript:AT1G30755.6	Cau.Cau3BG000194	0.99	1.00	53.97	340	L1
transcript:AT5G22640.1	Cau.Cau8BG001474	0.99	0.99	55.49	495	L1
transcript:AT5G63400.1	Cau.Cau5BG000608	0.98	0.98	80.91	195	L1
transcript:AT4G22550.1	Cau.Cau5BG000784	0.96	1.00	50.72	106	L1
transcript:AT4G13230.1	Cau.Cau6BG001863	0.98	0.97	32.14	45	L1
transcript:AT4G38080.1	Cau.Cau1AG000670	1.00	1.00	45.99	63	L1
transcript:AT5G40740.1	Cau.Cau2BG000938	1.00	1.00	75.60	564	L1
transcript:AT5G25840.1	Cau.Cau1BG001092	0.98	0.84	50.56	91	L1
transcript:AT5G28830.1	Cau.Cau3BG001647	0.98	0.98	53.85	175	L1
transcript:AT1G62640.1	Cau.Cau5BG000801	1.00	1.00	75.00	303	L1
transcript:AT3G49350.1	Cau.Cau5AG001597	0.90	0.90	71.52	354	L1
transcript:AT5G47540.1	Cau.Cau2BG002746	0.99	0.99	84.46	288	L1
transcript:AT1G72030.1	Cau.Cau5BG001751	0.79	0.75	61.08	124	L1
transcript:AT2G17480.1	Cau.Cau1BG000018	0.97	1.00	64.40	378	L1
transcript:AT1G69850.1	Cau.Cau7AG000330	0.99	0.99	75.13	438	L1
transcript:AT1G11820.2	Cau.Cau2AG002665	0.98	0.97	78.29	393	L1
transcript:AT3G51070.1	Cau.Cau1AG000206	1.00	1.00	56.91	519	L1
transcript:AT5G64790.1	Cau.Cau1BG001995	0.94	0.70	57.86	265	L1
transcript:AT5G51800.1	Cau.Cau9BG000355	0.99	0.98	50.80	538	L1
transcript:AT5G05920.1	Cau.Cau4AG000849	1.00	1.00	82.88	305	L1
transcript:AT3G14440.1	Cau.Cau2AG002635	0.99	0.99	70.72	430	L1
transcript:AT1G72880.2	Cau.Cau1BG000877	1.00	0.98	72.29	287	L1
transcript:AT1G51680.1	Cau.Cau1BG001556	0.99	0.95	74.77	415	L1
transcript:AT1G77990.1	Cau.Cau3BG000961	0.97	0.98	66.41	439	L1
transcript:AT2G17570.1	Cau.Cau1BG000042	0.95	0.96	50.99	180	L1
transcript:AT2G38650.2	Cau.Cau6BG001094	0.98	0.97	59.21	373	L1
transcript:AT5G57880.1	Cau.Cau4AG002226	0.95	0.96	52.17	192	L1
transcript:AT5G03870.1	Cau.Cau6AG000763	1.00	1.00	48.19	200	L1
transcript:AT2G40540.5	Cau.Cau7BG002134	1.00	1.00	81.05	650	L1
transcript:AT4G27250.1	Cau.Cau4AG001287	0.96	0.97	60.23	206	L1
transcript:AT5G19860.1	Cau.Cau2AG000075	0.85	0.86	61.44	94	L1
transcript:AT2G16920.2	Cau.Cau8BG000140	0.97	0.95	64.85	712	L1
transcript:AT4G33820.1	Cau.Cau8BG000292	0.97	0.97	48.17	277	L1
transcript:AT5G49510.2	Cau.Cau9BG001911	0.90	0.87	82.39	145	L1
transcript:AT1G67690.1	Cau.Cau7AG000595	1.00	1.00	65.25	462	L1
transcript:AT5G15350.1	Cau.Cau6AG000046	0.97	0.96	54.22	90	L1
transcript:AT1G09540.1	Cau.Cau6BG002427	1.00	1.00	51.02	226	L1
transcript:AT5G51760.1	Cau.Cau9AG000354	0.99	0.99	51.70	228	L1
transcript:AT5G16480.1	Cau.Cau6AG001897	0.99	0.99	69.46	141	L1
transcript:AT1G75350.1	Cau.Cau3AG000305	1.00	0.99	65.52	95	L1
transcript:AT5G25540.3	Cau.Cau4BG000312	0.83	0.83	45.68	74	L1
transcript:AT5G20250.3	Cau.Cau4BG001902	1.00	1.00	74.84	583	L1
transcript:AT4G19440.4	Cau.Cau3BG001681	0.97	1.00	54.36	449	L1
transcript:AT3G22740.1	Cau.Cau9AG001401	0.95	0.96	75.68	252	L1
transcript:AT1G76080.1	Cau.Cau3AG000143	1.00	1.00	67.54	206	L1
transcript:AT5G62880.2	Cau.Cau5BG000411	0.79	0.93	78.43	120	L1
transcript:AT5G35200.1	Cau.Cau4BG001910	0.98	0.98	69.03	379	L1
transcript:AT3G17510.1	Cau.Cau9BG001982	0.98	0.98	70.87	309	L1
transcript:AT4G21215.2	Cau.Cau2AG002210	0.85	0.76	42.44	73	L1
transcript:AT1G13690.1	Cau.Cau7BG000754	0.95	0.97	81.07	137	L1
transcript:AT5G54250.1	Cau.Cau4BG001261	1.00	1.00	75.18	527	L1
transcript:AT3G19360.2	Cau.Cau4BG000591	0.89	0.91	51.45	178	L1
transcript:AT4G01670.1	Cau.Cau5BG003255	0.98	0.99	46.46	138	L1
transcript:AT2G43950.1	Cau.Cau5BG001985	1.00	1.00	65.99	227	L1
transcript:AT5G42690.5	Cau.Cau3AG000429	0.99	0.94	55.68	304	L1
transcript:AT2G03120.1	Cau.Cau2AG000342	0.99	1.00	81.58	279	L1
transcript:AT3G02720.1	Cau.Cau6BG000646	1.00	1.00	78.32	307	L1
transcript:AT3G50340.1	Cau.Cau1AG000421	1.00	1.00	77.40	315	L1
transcript:AT5G01460.1	Cau.Cau6BG001305	1.00	1.00	87.25	445	L1
transcript:AT5G43700.1	Cau.Cau3BG001655	0.96	0.99	62.05	121	L1
transcript:AT4G39235.2	Cau.Cau8BG000625	1.00	0.93	64.89	61	L1
transcript:AT5G39980.1	Cau.Cau6BG000177	0.99	0.98	75.37	508	L1
transcript:AT4G11690.1	Cau.Cau8AG001818	0.98	0.98	57.58	323	L1
transcript:AT5G58100.2	Cau.Cau4AG001940	0.99	0.99	76.01	713	L1
transcript:AT3G25290.2	Cau.Cau7BG001222	0.98	0.99	64.27	250	L1
transcript:AT3G17020.1	Cau.Cau9AG001803	0.98	0.97	72.33	115	L1
transcript:AT5G09970.1	Cau.Cau1AG001973	1.00	1.00	68.66	368	L1
transcript:AT5G19190.1	Cau.Cau9BG001574	0.64	0.82	48.57	51	L1
transcript:AT3G59990.2	Cau.Cau5BG001943	1.00	1.00	85.42	375	L1
transcript:AT2G04560.1	Cau.Cau2AG001294	0.97	0.96	63.52	289	L1
transcript:AT3G52440.1	Cau.Cau6BG000854	0.95	0.97	39.59	116	L1
transcript:AT4G00872.1	Cau.Cau9AG000075	0.96	0.93	36.00	63	L1
transcript:AT5G08200.1	Cau.Cau5BG001690	0.82	0.96	48.19	173	L1
transcript:AT5G47020.1	Cau.Cau5BG000639	1.00	0.99	69.87	1004	L1
transcript:AT5G64830.1	Cau.Cau1BG002040	0.98	0.97	47.35	179	L1
transcript:AT5G57250.1	Cau.Cau4BG002058	0.99	0.98	47.92	508	L1
transcript:AT5G01660.2	Cau.Cau6BG001222	1.00	1.00	49.86	348	L1
transcript:AT4G18260.1	Cau.Cau2AG002605	0.91	0.92	52.47	138	L1
transcript:AT1G26520.1	Cau.Cau7BG000714	0.97	0.99	73.50	269	L1
transcript:AT4G21800.1	Cau.Cau9AG001838	0.93	0.84	73.39	262	L1
transcript:AT5G62940.1	Cau.Cau5BG000449	1.00	1.00	47.01	181	L1
transcript:AT3G13540.1	Cau.Cau2AG000043	0.82	0.59	58.56	130	L1
transcript:AT3G52260.2	Cau.Cau7AG001881	1.00	0.94	68.46	254	L1
transcript:AT3G18770.1	Cau.Cau1AG001848	0.97	0.98	57.45	374	L1
transcript:AT5G48300.1	Cau.Cau2AG001425	1.00	1.00	85.14	447	L1
transcript:AT2G26450.1	Cau.Cau4BG001787	1.00	1.00	48.72	304	L1
transcript:AT5G43020.1	Cau.Cau3AG000503	0.93	0.93	62.72	397	L1
transcript:AT1G32370.1	Cau.Cau7AG001500	0.96	0.75	64.10	75	L1
transcript:AT5G56220.1	Cau.Cau4AG001679	0.99	0.98	72.45	710	L1
transcript:AT1G29790.2	Cau.Cau2AG002573	0.99	1.00	67.79	261	L1
transcript:AT1G30690.1	Cau.Cau2BG002032	0.92	0.95	59.36	298	L1
transcript:AT2G36530.1	Cau.Cau6AG000678	1.00	0.99	88.24	390	L1
transcript:AT2G40090.1	Cau.Cau7AG002246	1.00	1.00	76.02	409	L1
transcript:AT1G26750.1	Cau.Cau7BG000239	0.95	0.98	52.43	97	L1
transcript:AT5G53400.1	Cau.Cau5BG001490	1.00	1.00	58.13	186	L1
transcript:AT5G06070.1	Cau.Cau7AG002313	0.86	0.84	41.84	82	L1
transcript:AT4G23750.2	Cau.Cau5AG000168	1.00	1.00	45.60	166	L1
transcript:AT5G05480.1	Cau.Cau7AG002197	0.93	0.96	53.40	306	L1
transcript:AT4G19540.1	Cau.Cau5BG002768	0.85	0.91	72.39	194	L1
transcript:AT3G07310.1	Cau.Cau7BG001194	0.97	1.00	55.73	219	L1
transcript:AT4G24610.1	Cau.Cau3BG001077	0.99	0.97	65.77	786	L1
transcript:AT1G77120.1	Cau.Cau3AG000734	0.99	0.99	87.47	328	L1
transcript:AT3G24280.1	Cau.Cau9BG001166	0.88	1.00	47.83	33	L1
transcript:AT4G31160.1	Cau.Cau4BG000009	0.92	0.93	60.98	1130	L1
transcript:AT5G21170.1	Cau.Cau2AG000422	1.00	1.00	61.03	177	L1
transcript:AT5G57300.4	Cau.Cau4BG002072	1.00	1.00	79.24	229	L1
transcript:AT5G46800.3	Cau.Cau7AG001543	1.00	1.00	77.00	231	L1
transcript:AT2G36840.1	Cau.Cau6AG001796	1.00	1.00	68.60	284	L1
transcript:AT3G28850.1	Cau.Cau6BG000122	1.00	1.00	52.16	242	L1
transcript:AT3G22490.1	Cau.Cau9BG001512	0.98	0.84	67.80	179	L1
transcript:AT5G02130.1	Cau.Cau6BG001476	0.92	0.91	57.82	233	L1
transcript:AT2G46040.3	Cau.Cau5AG003542	0.94	0.95	43.78	252	L1
transcript:AT2G01480.1	Cau.Cau2BG001669	0.98	0.99	83.99	467	L1
transcript:AT4G20900.1	Cau.Cau2BG002061	0.67	0.67	48.83	167	L1
transcript:AT5G38450.1	Cau.Cau6BG000359	1.00	0.99	73.45	379	L1
transcript:AT3G62080.1	Cau.Cau5AG003300	1.00	1.00	52.89	229	L1
transcript:AT1G34640.1	Cau.Cau3BG000996	0.98	0.97	59.09	65	L1
transcript:AT2G42360.1	Cau.Cau2BG000661	1.00	0.99	44.27	116	L1
transcript:AT5G20570.1	Cau.Cau4BG001725	1.00	1.00	93.22	110	L1
transcript:AT2G24765.1	Cau.Cau4BG000097	0.99	0.99	93.33	168	L1
transcript:AT5G42680.1	Cau.Cau3BG000421	1.00	0.99	69.46	166	L1
transcript:AT5G35700.1	Cau.Cau2BG001320	0.97	0.99	73.66	495	L1
transcript:AT4G38740.1	Cau.Cau8BG000809	1.00	1.00	84.88	146	L1
transcript:AT4G14590.1	Cau.Cau2BG000325	0.85	0.90	61.32	279	L1
transcript:AT5G65590.1	Cau.Cau1BG000656	0.91	0.92	45.76	151	L1
transcript:AT2G45670.1	Cau.Cau5AG003655	1.00	0.96	66.42	358	L1
transcript:AT4G17350.1	Cau.Cau5AG000743	0.99	0.99	64.78	263	L1
transcript:AT4G39050.1	Cau.Cau8AG000715	0.98	0.97	74.26	802	L1
transcript:AT1G71695.1	Cau.Cau3AG000653	1.00	1.00	58.38	209	L1
transcript:AT1G32500.1	Cau.Cau7BG001542	0.97	0.96	68.44	321	L1
transcript:AT1G32860.1	Cau.Cau5AG000036	0.88	0.92	65.69	247	L1
transcript:AT3G59670.1	Cau.Cau5AG002142	0.90	0.90	51.86	251	L1
transcript:AT2G42410.3	Cau.Cau5BG002756	0.72	0.86	40.00	80	L1
transcript:AT3G46970.1	Cau.Cau8AG001924	1.00	0.99	82.92	694	L1
transcript:AT5G23290.1	Cau.Cau7AG000939	0.99	0.99	77.18	115	L1
transcript:AT1G30680.1	Cau.Cau2AG002048	0.98	1.00	59.19	422	L1
transcript:AT1G04140.1	Cau.Cau5BG002636	1.00	1.00	62.47	511	L1
transcript:AT1G60660.1	Cau.Cau4AG000796	0.99	0.97	60.00	72	L1
transcript:AT3G50110.1	Cau.Cau1AG000462	1.00	1.00	57.79	397	L1
transcript:AT2G33793.2	Cau.Cau2AG002360	0.89	0.91	69.31	131	L1
transcript:AT4G12590.1	Cau.Cau2BG002740	1.00	1.00	90.20	221	L1
transcript:AT5G13650.1	Cau.Cau9BG000633	0.92	0.91	88.24	548	L1
transcript:AT2G03150.2	Cau.Cau7AG000250	0.67	0.69	41.78	407	L1
transcript:AT1G59730.1	Cau.Cau7BG000337	0.99	0.99	47.29	61	L1
transcript:AT3G09850.1	Cau.Cau4BG002316	0.98	1.00	50.00	394	L1
transcript:AT3G02220.1	Cau.Cau6AG000002	0.96	0.96	57.80	126	L1
transcript:AT5G11310.1	Cau.Cau4BG000305	0.90	0.95	51.48	279	L1
transcript:AT1G26330.2	Cau.Cau7BG000758	1.00	1.00	36.50	473	L1
transcript:AT4G28570.2	Cau.Cau5BG002683	0.98	0.98	60.78	451	L1
transcript:AT4G31985.1	Cau.Cau4BG002303	1.00	1.00	94.12	48	L1
transcript:AT2G30350.2	Cau.Cau1BG001809	0.98	1.00	47.86	190	L1
transcript:AT4G00300.1	Cau.Cau5AG003529	0.94	0.95	54.25	249	L1
transcript:AT4G18770.1	Cau.Cau5AG000451	0.83	0.75	49.07	185	L1
transcript:AT1G11430.1	Cau.Cau4AG001273	0.87	0.88	76.73	155	L1
transcript:AT2G41430.5	Cau.Cau9BG000788	1.00	1.00	52.38	88	L1
transcript:AT1G17650.1	Cau.Cau1BG000856	0.98	0.97	76.35	268	L1
transcript:AT2G32080.2	Cau.Cau2BG000006	0.91	0.91	86.40	235	L1
transcript:AT1G05020.1	Cau.Cau2BG001275	1.00	1.00	47.80	326	L1
transcript:AT1G24560.1	Cau.Cau7AG000545	0.99	0.99	61.67	428	L1
transcript:AT3G60360.1	Cau.Cau6BG000622	1.00	1.00	65.07	149	L1
transcript:AT3G28450.1	Cau.Cau6AG000194	0.97	0.96	66.95	399	L1
transcript:AT3G48610.1	Cau.Cau7BG001461	0.97	0.97	81.84	419	L1
transcript:AT5G06150.1	Cau.Cau6AG000560	0.98	0.98	57.20	274	L1
transcript:AT1G75330.1	Cau.Cau3BG000305	0.91	0.91	78.03	270	L1
transcript:AT5G58730.1	Cau.Cau8BG001974	0.89	0.91	66.04	212	L1
transcript:AT5G37660.1	Cau.Cau6BG000499	0.94	0.93	68.38	186	L1
transcript:AT1G74410.1	Cau.Cau5BG000976	0.90	0.94	61.19	123	L1
transcript:AT5G12380.1	Cau.Cau7BG000156	0.98	0.99	60.06	188	L1
transcript:AT2G04350.2	Cau.Cau2BG001400	0.98	0.98	73.09	516	L1
transcript:AT2G26780.2	Cau.Cau2BG000384	0.99	0.99	67.48	1216	L1
transcript:AT1G67420.1	Cau.Cau7AG000650	1.00	1.00	62.69	546	L1
transcript:AT1G71260.1	Cau.Cau5BG001906	1.00	1.00	60.25	147	L1
transcript:AT1G47410.1	Cau.Cau3BG000440	0.96	0.91	42.86	87	L1
transcript:AT1G30480.1	Cau.Cau2BG002080	0.58	1.00	81.30	187	L1
transcript:AT2G31060.2	Cau.Cau2AG000648	1.00	1.00	82.93	554	L1
transcript:AT1G32190.1	Cau.Cau3BG001748	0.95	0.97	68.12	282	L1
transcript:AT5G12260.1	Cau.Cau2BG000398	0.89	0.91	59.54	340	L1
transcript:AT2G14580.1	Cau.Cau8BG000236	0.94	0.95	67.10	104	L1
transcript:AT2G27760.1	Cau.Cau8BG001463	0.98	0.97	62.08	293	L1
transcript:AT4G38680.1	Cau.Cau8AG000192	0.94	0.96	59.02	121	L1
transcript:AT2G38580.3	Cau.Cau6BG001135	1.00	0.99	38.32	187	L1
transcript:AT5G17420.1	Cau.Cau4AG002222	1.00	1.00	84.45	907	L1
transcript:AT1G72650.2	Cau.Cau1BG000920	1.00	0.96	42.14	287	L1
transcript:AT3G11840.1	Cau.Cau6BG000852	0.97	0.99	44.74	204	L1
transcript:AT2G29980.1	Cau.Cau8AG001976	0.98	0.97	72.56	275	L1
transcript:AT5G15280.1	Cau.Cau6AG000086	0.39	0.90	50.30	249	L1
transcript:AT2G45700.1	Cau.Cau4BG001813	0.99	0.98	58.29	429	L1
transcript:AT1G61850.2	Cau.Cau2BG002169	1.00	1.00	73.30	994	L1
transcript:AT5G25250.1	Cau.Cau4BG000193	0.99	0.97	68.60	332	L1
transcript:AT3G25560.1	Cau.Cau7BG000821	0.95	0.96	78.74	474	L1
transcript:AT5G57150.1	Cau.Cau4AG002010	0.94	0.95	63.03	150	L1
transcript:AT2G24260.1	Cau.Cau4AG002274	0.78	0.61	58.03	177	L1
transcript:AT1G26665.1	Cau.Cau5BG000050	0.94	0.94	77.97	138	L1
transcript:AT4G23020.2	Cau.Cau5AG000896	0.96	0.97	33.26	158	L1
transcript:AT2G45590.1	Cau.Cau5BG003627	1.00	1.00	62.18	439	L1
transcript:AT4G18465.1	Cau.Cau2AG002445	0.99	0.99	79.10	545	L1
transcript:AT2G28350.1	Cau.Cau8BG001624	1.00	1.00	60.96	459	L1
transcript:AT1G69290.1	Cau.Cau7BG000731	0.96	0.95	67.97	435	L1
transcript:AT3G63270.1	Cau.Cau8AG000419	0.83	0.73	29.85	100	L1
transcript:AT3G25150.1	Cau.Cau5BG002536	0.98	0.99	54.41	265	L1
transcript:AT5G67265.1	Cau.Cau1BG000480	1.00	0.99	41.67	35	L1
transcript:AT3G18570.1	Cau.Cau5AG001167	0.92	0.96	57.50	92	L1
transcript:AT5G53340.1	Cau.Cau9AG000145	1.00	1.00	71.35	244	L1
transcript:AT1G07410.1	Cau.Cau8BG001891	1.00	1.00	89.81	194	L1
transcript:AT1G14140.1	Cau.Cau7BG000242	0.96	0.96	73.58	220	L1
transcript:AT3G06880.5	Cau.Cau9BG001770	0.68	0.98	42.45	391	L1
transcript:AT4G30630.1	Cau.Cau4BG002253	0.95	0.90	37.65	93	L1
transcript:AT4G40045.1	Cau.Cau7BG001721	0.69	0.58	59.79	58	L1
transcript:AT4G05030.2	Cau.Cau2BG002813	0.96	0.99	62.16	46	L1
transcript:AT1G50870.1	Cau.Cau9BG000791	0.82	0.84	29.52	111	L1
transcript:AT2G37230.1	Cau.Cau6BG001725	1.00	1.00	67.93	519	L1
transcript:AT5G36260.1	Cau.Cau6AG001912	0.95	0.95	55.36	258	L1
transcript:AT5G63135.1	Cau.Cau5BG000510	1.00	1.00	65.66	65	L1
transcript:AT1G52380.4	Cau.Cau1AG001182	1.00	1.00	51.10	233	L1
transcript:AT3G04945.1	Cau.Cau9AG001163	0.96	0.99	38.46	30	L1
transcript:AT3G03670.1	Cau.Cau5BG002517	0.98	0.86	56.01	177	L1
transcript:AT4G30880.1	Cau.Cau2BG000304	0.98	0.93	43.12	47	L1
transcript:AT1G27620.1	Cau.Cau3BG000290	0.99	0.98	66.82	296	L1
transcript:AT5G11000.1	Cau.Cau4BG000169	0.93	0.90	57.68	214	L1
transcript:AT5G16270.1	Cau.Cau2AG001857	1.00	1.00	44.94	520	L1
transcript:AT2G16090.1	Cau.Cau8BG000527	1.00	1.00	71.07	425	L1
transcript:AT4G02670.1	Cau.Cau5BG002813	0.90	0.91	51.67	232	L1
transcript:AT5G07620.1	Cau.Cau9AG000503	1.00	1.00	64.29	234	L1
transcript:AT1G04945.2	Cau.Cau7BG000028	0.99	0.95	55.23	227	L1
transcript:AT1G30380.1	Cau.Cau2BG002098	1.00	1.00	80.77	105	L1
transcript:AT5G64370.1	Cau.Cau8AG000866	0.99	0.99	82.72	335	L1
transcript:AT1G15390.1	Cau.Cau1AG001279	0.96	0.98	66.04	175	L1
transcript:AT5G41570.1	Cau.Cau5BG003456	0.65	0.70	68.55	85	L1
transcript:AT3G63070.1	Cau.Cau5AG002960	1.00	1.00	40.22	590	L1
transcript:AT5G08750.2	Cau.Cau1BG001749	0.99	0.99	65.76	242	L1
transcript:AT1G36390.1	Cau.Cau3AG000934	0.78	0.73	54.13	118	L1
transcript:AT1G74160.1	Cau.Cau5BG001066	1.00	1.00	50.57	573	L1
transcript:AT4G36630.1	Cau.Cau1BG000280	1.00	1.00	74.25	747	L1
transcript:AT2G32320.1	Cau.Cau1AG001926	1.00	0.99	71.32	373	L1
transcript:AT3G57990.1	Cau.Cau6BG000988	1.00	0.99	60.80	228	L1
transcript:AT4G02640.3	Cau.Cau5AG002851	0.98	0.97	42.20	184	L1
transcript:AT3G54460.1	Cau.Cau8AG001077	0.98	0.99	58.72	815	L1
transcript:AT1G02880.6	Cau.Cau5AG003082	0.96	0.99	72.93	194	L1
transcript:AT1G15880.1	Cau.Cau1BG001470	1.00	1.00	84.82	190	L1
transcript:AT5G40820.2	Cau.Cau8BG000111	1.00	1.00	65.40	1792	L1
transcript:AT2G20370.1	Cau.Cau5AG002706	0.94	0.99	69.54	427	L1
transcript:AT1G02310.1	Cau.Cau5AG003315	0.96	0.96	57.11	229	L1
transcript:AT4G33110.2	Cau.Cau4BG001876	1.00	0.99	75.21	267	L1
transcript:AT5G46580.1	Cau.Cau7BG001541	1.00	1.00	72.27	516	L1
transcript:AT5G26910.4	Cau.Cau3BG001311	0.97	1.00	36.66	342	L1
transcript:AT5G39040.1	Cau.Cau5BG001073	0.96	0.97	77.05	480	L1
transcript:AT4G34860.3	Cau.Cau8AG000804	0.97	1.00	83.51	471	L1
transcript:AT5G39950.1	Cau.Cau6BG000168	1.00	0.99	58.96	79	L1
transcript:AT5G03860.2	Cau.Cau5AG000592	0.98	0.97	83.45	459	L1
transcript:AT2G26670.1	Cau.Cau4BG000558	1.00	1.00	71.28	206	L1
transcript:AT3G13550.1	Cau.Cau2AG000058	0.99	1.00	57.69	105	L1
transcript:AT2G16070.2	Cau.Cau8BG000529	0.99	1.00	47.94	151	L1
transcript:ATMG00110.1	Cau.Cau6AG001682	0.33	0.79	83.82	57	L1
transcript:AT5G47750.1	Cau.Cau2BG002794	0.96	0.95	76.94	447	L1
transcript:AT3G15150.1	Cau.Cau4BG001112	0.99	0.97	58.87	146	L1
transcript:AT1G03030.1	Cau.Cau5BG002785	1.00	1.00	65.50	205	L1
transcript:AT4G10010.2	Cau.Cau5BG001798	0.99	0.98	61.05	406	L1
transcript:AT5G49540.1	Cau.Cau9BG001926	0.96	0.67	73.39	80	L1
transcript:AT1G07020.1	Cau.Cau8AG002028	0.96	0.84	43.92	65	L1
transcript:AT3G20440.2	Cau.Cau4AG001472	1.00	1.00	73.42	663	L1
transcript:AT2G02170.5	Cau.Cau8AG001126	1.00	1.00	57.62	310	L1
transcript:AT5G15100.1	Cau.Cau6AG000164	1.00	1.00	61.85	227	L1
transcript:AT3G19460.7	Cau.Cau8AG000385	1.00	1.00	52.89	128	L1
transcript:AT4G30100.2	Cau.Cau7BG001746	1.00	1.00	64.93	898	L1
transcript:AT5G14780.1	Cau.Cau2BG000490	1.00	1.00	81.65	316	L1
transcript:AT4G06676.1	Cau.Cau3AG002172	1.00	0.94	65.22	210	L1
transcript:AT5G51190.1	Cau.Cau9AG000544	0.95	0.97	46.67	112	L1
transcript:AT5G58470.2	Cau.Cau8BG002029	0.79	0.80	57.81	211	L1
transcript:AT5G20165.1	Cau.Cau7BG000640	1.00	1.00	88.57	62	L1
transcript:AT3G17980.1	Cau.Cau4BG001015	1.00	0.88	76.84	136	L1
transcript:AT1G01780.1	Cau.Cau5BG003553	1.00	0.97	77.18	159	L1
transcript:AT4G19610.1	Cau.Cau2AG000332	0.98	0.91	57.79	471	L1
transcript:AT2G44950.1	Cau.Cau5AG003768	1.00	1.00	58.64	516	L1
transcript:AT4G27750.1	Cau.Cau5BG001553	1.00	1.00	70.92	217	L1
transcript:AT2G24540.1	Cau.Cau4AG000061	0.99	0.99	57.26	213	L1
transcript:AT1G34040.1	Cau.Cau3AG000639	0.97	0.97	58.93	264	L1
transcript:AT3G30340.1	Cau.Cau5AG003332	0.98	0.98	50.00	180	L1
transcript:AT2G26280.3	Cau.Cau4AG001796	1.00	1.00	67.47	392	L1
transcript:AT4G37730.1	Cau.Cau1AG000564	0.74	0.89	40.71	92	L1
transcript:AT4G33925.1	Cau.Cau8AG000335	1.00	1.00	67.42	89	L1
transcript:AT5G14930.2	Cau.Cau6AG000208	0.98	0.98	37.18	219	L1
transcript:AT3G16560.1	Cau.Cau9BG001748	1.00	0.99	63.44	328	L1
transcript:AT4G16640.1	Cau.Cau5BG000753	0.93	0.93	52.92	181	L1
transcript:AT2G34090.1	Cau.Cau2BG002469	0.96	0.94	72.37	317	L1
transcript:AT1G12470.1	Cau.Cau2AG001092	1.00	1.00	83.20	822	L1
transcript:AT5G51030.1	Cau.Cau7BG001363	1.00	1.00	75.16	236	L1
transcript:AT2G26700.1	Cau.Cau4BG000594	0.98	0.99	61.36	324	L1
transcript:AT5G03800.1	Cau.Cau6BG000653	0.97	0.96	58.44	509	L1
transcript:AT5G23200.1	Cau.Cau7BG000976	1.00	1.00	66.58	267	L1
transcript:AT3G52380.1	Cau.Cau6AG000862	0.66	0.67	66.51	145	L1
transcript:AT5G07950.1	Cau.Cau5AG001031	0.97	0.95	58.39	174	L1
transcript:AT2G11890.1	Cau.Cau4AG001921	1.00	1.00	57.62	121	L1
transcript:AT1G12230.1	Cau.Cau5BG000805	1.00	1.00	76.79	311	L1
transcript:AT5G65210.7	Cau.Cau1AG002020	1.00	1.00	71.74	264	L1
transcript:AT1G35660.1	Cau.Cau3BG000588	0.99	1.00	57.97	851	L1
transcript:AT3G07700.4	Cau.Cau2BG001392	1.00	1.00	77.62	548	L1
transcript:AT3G01790.1	Cau.Cau2BG000913	1.00	1.00	73.17	150	L1
transcript:AT1G78130.1	Cau.Cau3AG000983	0.97	0.92	79.30	383	L1
transcript:AT2G17870.1	Cau.Cau1BG000143	0.97	0.98	43.58	129	L1
transcript:AT1G73020.2	Cau.Cau1BG000820	0.99	1.00	68.33	451	L1
transcript:AT3G44820.1	Cau.Cau8BG001491	1.00	1.00	66.97	438	L1
transcript:AT4G26750.1	Cau.Cau4BG001526	0.99	1.00	58.07	259	L1
transcript:AT5G56260.5	Cau.Cau4BG001709	0.98	0.97	78.44	131	L1
transcript:AT2G01275.4	Cau.Cau2AG001723	1.00	1.00	56.78	155	L1
transcript:AT1G59650.1	Cau.Cau7BG000353	1.00	1.00	61.24	335	L1
transcript:AT5G55540.1	Cau.Cau4AG001530	1.00	1.00	69.29	961	L1
transcript:AT3G11320.1	Cau.Cau7BG002359	0.99	1.00	90.20	276	L1
transcript:AT5G64830.2	Cau.Cau1AG001964	0.94	0.83	50.86	148	L1
transcript:AT2G41460.4	Cau.Cau9BG000765	0.88	0.98	62.84	274	L1
transcript:AT5G05210.2	Cau.Cau1AG000748	0.99	0.99	51.92	203	L1
transcript:AT1G34270.1	Cau.Cau3AG000562	0.96	0.97	70.00	329	L1
transcript:AT5G41760.2	Cau.Cau5BG000161	0.99	0.99	80.90	271	L1
transcript:AT2G46900.1	Cau.Cau5BG003277	0.99	0.98	60.66	387	L1
transcript:AT3G51520.1	Cau.Cau9AG001005	0.99	0.95	71.11	224	L1
transcript:AT2G40980.1	Cau.Cau6AG000617	1.00	1.00	75.72	468	L1
transcript:AT3G02760.2	Cau.Cau5AG001877	1.00	1.00	62.40	556	L1
transcript:AT1G75130.1	Cau.Cau3BG000356	0.99	0.99	58.25	293	L1
transcript:AT3G08900.1	Cau.Cau7AG000754	0.98	0.98	87.29	309	L1
transcript:AT3G07220.1	Cau.Cau5AG002598	0.98	0.98	71.30	241	L1
transcript:AT1G30540.1	Cau.Cau7BG001313	0.93	0.95	72.26	237	L1
transcript:AT1G32250.1	Cau.Cau3BG001733	1.00	1.00	77.71	129	L1
transcript:AT1G49350.1	Cau.Cau8AG000603	1.00	0.90	54.95	211	L1
transcript:AT4G26965.1	Cau.Cau4AG001440	1.00	1.00	63.78	118	L1
transcript:AT1G15900.1	Cau.Cau1AG001421	0.90	0.93	60.00	66	L1
transcript:AT4G11440.2	Cau.Cau5BG000259	0.96	0.93	45.17	304	L1
transcript:AT2G23060.1	Cau.Cau1BG000536	0.99	0.96	71.78	295	L1
transcript:AT5G11600.2	Cau.Cau4AG000391	0.59	0.66	66.44	97	L1
transcript:AT1G15000.1	Cau.Cau2AG001689	0.93	0.94	60.47	257	L1
transcript:AT5G55960.1	Cau.Cau4AG001619	1.00	1.00	71.49	469	L1
transcript:AT5G48720.4	Cau.Cau5BG000273	0.97	0.91	53.02	158	L1
transcript:AT2G27480.1	Cau.Cau8BG001409	1.00	0.97	47.74	116	L1
transcript:AT4G01020.1	Cau.Cau1AG000703	0.97	1.00	59.35	1035	L1
transcript:AT5G27370.1	Cau.Cau3AG001502	0.94	0.82	45.50	86	L1
transcript:AT2G28840.1	Cau.Cau8AG001800	0.99	1.00	67.25	306	L1
transcript:AT1G75840.1	Cau.Cau2AG002434	0.91	0.98	76.54	137	L1
transcript:AT1G78210.1	Cau.Cau3BG001001	1.00	0.98	59.74	187	L1
transcript:AT3G06980.1	Cau.Cau5BG001931	0.58	0.67	73.13	332	L1
transcript:AT5G63770.2	Cau.Cau1AG001691	1.00	1.00	68.81	492	L1
transcript:AT3G14280.1	Cau.Cau1AG000998	0.98	0.96	39.86	57	L1
transcript:AT2G44910.1	Cau.Cau5BG003748	0.99	1.00	65.20	208	L1
transcript:AT2G41820.1	Cau.Cau9AG000637	1.00	1.00	77.48	688	L1
transcript:AT3G18620.1	Cau.Cau7BG001001	0.99	0.99	59.77	205	L1
transcript:AT3G49601.1	Cau.Cau4BG000455	0.38	0.27	50.86	118	L1
transcript:AT5G53530.1	Cau.Cau5BG001560	1.00	1.00	89.37	269	L1
transcript:AT2G46220.1	Cau.Cau5BG003444	0.99	0.97	60.66	148	L1
transcript:AT3G52270.1	Cau.Cau7BG001892	0.91	0.92	67.73	170	L1
transcript:AT4G37470.1	Cau.Cau1AG000500	1.00	1.00	83.64	225	L1
transcript:AT3G51730.1	Cau.Cau6AG001190	0.96	0.93	45.45	100	L1
transcript:AT5G06140.1	Cau.Cau6AG000787	1.00	1.00	83.33	335	L1
transcript:AT4G33140.1	Cau.Cau4BG001794	0.80	0.83	66.33	195	L1
transcript:AT2G38560.1	Cau.Cau6AG001150	1.00	1.00	59.48	229	L1
transcript:AT1G32360.1	Cau.Cau7AG001568	0.99	0.99	58.25	226	L1
transcript:AT3G29280.2	Cau.Cau6AG000061	0.86	0.93	71.88	115	L1
transcript:AT2G24530.2	Cau.Cau4AG000053	0.99	1.00	54.95	233	L1
transcript:AT4G00660.1	Cau.Cau5BG003549	1.00	1.00	85.77	434	L1
transcript:AT1G23840.1	Cau.Cau3BG001332	0.98	0.97	29.12	106	L1
transcript:AT3G10020.1	Cau.Cau6BG000673	0.95	0.96	57.53	84	L1
transcript:AT5G12130.1	Cau.Cau6AG001610	0.99	1.00	68.13	263	L1
transcript:AT4G29010.1	Cau.Cau4AG000733	0.99	0.99	74.83	538	L1
transcript:AT1G70230.1	Cau.Cau7AG000403	0.97	0.96	57.21	246	L1
transcript:AT1G62440.1	Cau.Cau4AG002316	0.96	0.95	63.22	348	L1
transcript:AT5G05950.1	Cau.Cau7BG002346	0.99	0.98	68.39	119	L1
transcript:AT3G18050.1	Cau.Cau4BG001039	0.97	0.93	57.40	194	L1
transcript:AT1G09390.1	Cau.Cau6BG002353	0.92	0.91	70.35	242	L1
transcript:AT2G25625.1	Cau.Cau4AG000292	1.00	1.00	43.23	67	L1
transcript:AT3G52200.1	Cau.Cau7BG001747	1.00	1.00	66.82	431	L1
transcript:AT1G21690.1	Cau.Cau3AG000827	1.00	0.99	84.07	285	L1
transcript:AT2G17900.1	Cau.Cau3BG000906	0.98	0.99	67.58	321	L1
transcript:AT4G09980.1	Cau.Cau9BG000227	1.00	0.91	56.89	623	L1
transcript:AT5G05660.1	Cau.Cau7BG002245	0.97	0.99	66.24	575	L1
transcript:AT5G02830.1	Cau.Cau6AG001625	0.99	0.99	54.97	470	L1
transcript:AT1G62260.1	Cau.Cau4AG000859	0.96	0.94	60.86	384	L1
transcript:AT5G66380.1	Cau.Cau1BG000219	0.98	0.97	80.53	244	L1
transcript:AT5G51890.1	Cau.Cau9BG000339	0.99	0.99	72.10	230	L1
transcript:AT5G59740.1	Cau.Cau8BG001764	0.98	0.94	77.68	261	L1
transcript:AT1G80300.1	Cau.Cau1BG001276	1.00	1.00	79.87	508	L1
transcript:AT5G50290.1	Cau.Cau5BG000463	0.83	0.86	69.60	174	L1
transcript:AT3G07470.3	Cau.Cau2BG001501	0.99	0.91	61.94	96	L1
transcript:AT2G38960.1	Cau.Cau2BG002134	0.94	0.96	73.66	330	L1
transcript:AT4G38070.1	Cau.Cau1BG000685	0.66	0.87	48.04	86	L1
transcript:AT4G21470.1	Cau.Cau2AG002287	0.99	0.98	74.93	281	L1
transcript:AT1G72770.3	Cau.Cau1BG000895	1.00	1.00	60.91	335	L1
transcript:AT2G26260.1	Cau.Cau4AG001792	0.99	0.99	70.97	396	L1
transcript:AT1G24020.2	Cau.Cau7BG000409	0.95	0.95	60.54	89	L1
transcript:AT4G16460.2	Cau.Cau2BG002755	0.73	0.74	42.96	58	L1
transcript:AT3G20810.2	Cau.Cau2AG000166	0.96	0.99	69.90	288	L1
transcript:AT2G39490.1	Cau.Cau7AG001989	0.99	0.93	44.87	175	L1
transcript:AT5G65685.2	Cau.Cau1AG000606	0.87	0.58	64.25	257	L1
transcript:AT3G12810.1	Cau.Cau6AG000988	0.99	1.00	64.89	1362	L1
transcript:AT1G63260.2	Cau.Cau5BG000941	1.00	1.00	77.19	203	L1
transcript:AT2G20280.1	Cau.Cau7BG001932	1.00	1.00	78.98	293	L1
transcript:AT4G02820.1	Cau.Cau5BG002884	0.99	1.00	61.55	325	L1
transcript:AT5G08160.1	Cau.Cau5BG001124	1.00	0.99	83.57	290	L1
transcript:AT1G09960.1	Cau.Cau3BG001152	0.99	1.00	72.66	372	L1
transcript:AT3G19130.1	Cau.Cau8AG000476	0.99	0.98	59.59	261	L1
transcript:AT2G41540.3	Cau.Cau9AG000711	1.00	1.00	87.72	407	L1
transcript:AT3G04770.2	Cau.Cau1BG001002	0.97	0.91	74.56	214	L1
transcript:AT3G15518.1	Cau.Cau4BG001226	0.64	0.54	54.41	37	L1
transcript:AT2G40840.1	Cau.Cau6BG000585	1.00	0.98	70.52	701	L1
transcript:AT3G20340.1	Cau.Cau4BG001436	1.00	1.00	41.60	52	L1
transcript:AT5G67550.1	Cau.Cau1BG000562	0.95	0.96	47.65	233	L1
transcript:AT1G32400.2	Cau.Cau7AG001493	1.00	1.00	72.86	204	L1
transcript:AT1G29760.1	Cau.Cau2BG002525	0.97	0.95	41.55	214	L1
transcript:AT2G32150.1	Cau.Cau9AG001466	0.99	0.99	63.08	164	L1
transcript:AT5G53580.1	Cau.Cau5BG001570	1.00	1.00	78.75	289	L1
transcript:AT2G40320.1	Cau.Cau7BG002189	1.00	1.00	58.02	246	L1
transcript:AT2G25270.1	Cau.Cau4AG000182	0.97	0.97	56.64	303	L1
transcript:AT5G52390.1	Cau.Cau9AG000254	0.96	0.91	57.22	107	L1
transcript:AT1G53880.1	Cau.Cau1BG001016	1.00	1.00	80.05	317	L1
transcript:AT5G57170.1	Cau.Cau4BG002035	1.00	1.00	81.74	94	L1
transcript:AT1G49050.1	Cau.Cau5BG001189	0.98	0.98	54.48	316	L1
transcript:AT3G11040.2	Cau.Cau7AG002190	0.99	0.96	54.80	405	L1
transcript:AT1G51745.1	Cau.Cau1AG000807	0.99	0.99	47.95	329	L1
transcript:AT1G30280.1	Cau.Cau2BG002105	0.99	0.99	42.94	225	L1
transcript:AT2G36670.2	Cau.Cau6AG001841	0.92	0.93	70.39	328	L1
transcript:AT5G18525.1	Cau.Cau9AG001890	1.00	0.99	61.33	1031	L1
transcript:AT1G77230.1	Cau.Cau3AG000785	0.98	0.98	57.75	123	L1
transcript:AT3G50210.4	Cau.Cau1BG000466	1.00	1.00	73.95	247	L1
transcript:AT5G34850.1	Cau.Cau4BG001919	1.00	0.99	79.62	379	L1
transcript:AT2G14660.1	Cau.Cau8BG000266	1.00	0.98	65.19	103	L1
transcript:AT5G23760.1	Cau.Cau5BG000272	0.70	0.77	75.00	54	L1
transcript:AT4G32690.1	Cau.Cau4BG000334	1.00	1.00	80.00	140	L1
transcript:AT5G13010.1	Cau.Cau7BG000639	1.00	0.99	74.45	953	L1
transcript:AT1G80630.1	Cau.Cau1AG001389	0.95	0.99	49.56	284	L1
transcript:AT3G60450.1	Cau.Cau5BG003740	0.93	0.92	62.99	160	L1
transcript:AT2G24370.1	Cau.Cau4AG000013	0.99	0.98	68.88	549	L1
transcript:AT5G06340.1	Cau.Cau6AG000843	0.92	0.83	62.79	135	L1
transcript:AT2G25730.3	Cau.Cau4BG000329	1.00	1.00	68.56	1749	L1
transcript:AT5G16490.1	Cau.Cau6BG001887	0.89	0.84	49.03	76	L1
transcript:AT2G31440.2	Cau.Cau5AG002324	0.97	1.00	81.82	198	L1
transcript:AT2G40110.1	Cau.Cau7BG002260	1.00	1.00	86.15	112	L1
transcript:AT5G43100.1	Cau.Cau3BG001234	0.98	0.97	65.18	408	L1
transcript:AT3G47060.1	Cau.Cau8BG001947	1.00	0.99	74.27	609	L1
transcript:AT3G10050.1	Cau.Cau6BG000656	1.00	0.97	75.71	452	L1
transcript:AT2G23140.4	Cau.Cau1AG000493	1.00	0.99	63.70	530	L1
transcript:AT5G03560.1	Cau.Cau4AG001745	0.82	0.96	69.70	138	L1
transcript:AT5G44265.1	Cau.Cau2AG001006	0.92	0.91	53.78	64	L1
transcript:AT2G04850.1	Cau.Cau2AG001335	0.99	0.98	72.00	288	L1
transcript:ATCG00470.1	Cau.Cau9BG000715	0.64	0.99	57.65	49	L1
transcript:AT3G12700.1	Cau.Cau9BG000011	0.92	0.96	48.13	219	L1
transcript:AT4G37235.1	Cau.Cau8BG000539	0.97	0.97	57.24	87	L1
transcript:AT1G08620.1	Cau.Cau8BG001177	1.00	1.00	55.43	709	L1
transcript:AT5G24130.1	Cau.Cau9BG000127	1.00	1.00	61.20	194	L1
transcript:AT4G14000.1	Cau.Cau9BG000911	0.94	1.00	64.58	186	L1
transcript:AT4G36470.1	Cau.Cau2AG000476	0.98	0.99	64.31	236	L1
transcript:AT3G21550.1	Cau.Cau9BG001664	0.95	0.96	60.34	108	L1
transcript:AT1G11320.1	Cau.Cau3BG000166	1.00	1.00	46.12	196	L1
transcript:AT1G69640.1	Cau.Cau7BG000278	0.98	0.97	78.38	203	L1
transcript:AT4G02730.1	Cau.Cau5BG002864	0.93	0.99	76.38	236	L1
transcript:AT3G49300.1	Cau.Cau5AG001562	0.74	0.90	40.28	29	L1
transcript:AT1G33400.1	Cau.Cau6BG002448	0.99	1.00	49.62	396	L1
transcript:AT5G03980.1	Cau.Cau7BG000162	0.97	0.99	45.38	162	L1
transcript:AT3G28210.2	Cau.Cau6BG000209	0.99	0.99	60.73	116	L1
transcript:AT1G55865.1	Cau.Cau4AG001594	0.51	0.40	41.35	55	L1
transcript:AT1G13330.1	Cau.Cau7BG000896	1.00	0.99	74.67	168	L1
transcript:AT3G18380.3	Cau.Cau4BG001102	1.00	0.96	61.46	228	L1
transcript:AT5G23450.5	Cau.Cau2AG001845	0.99	0.96	73.70	569	L1
transcript:AT4G34090.1	Cau.Cau8AG000415	1.00	0.99	69.44	234	L1
transcript:AT1G27730.1	Cau.Cau3BG001213	1.00	1.00	49.04	128	L1
transcript:AT5G56300.1	Cau.Cau2BG000005	0.97	0.97	55.34	175	L1
transcript:AT2G20760.1	Cau.Cau2BG001061	0.80	0.80	60.22	168	L1
transcript:AT5G04670.2	Cau.Cau7AG001682	0.99	0.99	46.14	359	L1
transcript:AT1G58520.7	Cau.Cau3BG001169	0.97	0.97	60.74	441	L1
transcript:AT1G77800.4	Cau.Cau3AG000925	0.99	0.98	48.45	717	L1
transcript:AT4G02485.2	Cau.Cau5AG003079	1.00	1.00	55.17	144	L1
transcript:AT1G11910.1	Cau.Cau2BG002676	0.99	0.99	76.62	390	L1
transcript:AT3G59510.1	Cau.Cau5BG002218	0.91	0.94	53.52	205	L1
transcript:AT1G23230.3	Cau.Cau2BG001626	0.99	0.99	74.49	1200	L1
transcript:AT5G16000.1	Cau.Cau6AG000308	0.99	1.00	79.46	503	L1
transcript:AT3G23123.1	Cau.Cau9BG001376	0.84	0.72	47.83	33	L1
transcript:AT5G58080.1	Cau.Cau4BG002277	0.99	0.97	38.71	271	L1
transcript:AT5G05410.1	Cau.Cau7BG002186	0.96	0.91	41.57	143	L1
transcript:AT3G29180.3	Cau.Cau6AG000041	0.89	0.83	68.46	330	L1
transcript:AT3G10060.1	Cau.Cau6BG000658	0.86	0.83	76.77	152	L1
transcript:AT1G67670.1	Cau.Cau7BG000595	1.00	1.00	56.25	36	L1
transcript:AT4G13930.1	Cau.Cau9BG000929	1.00	1.00	90.45	426	L1
transcript:AT4G16660.1	Cau.Cau6AG001056	0.97	0.91	68.31	498	L1
transcript:AT1G52600.1	Cau.Cau1BG001322	1.00	1.00	91.11	164	L1
transcript:AT1G11080.1	Cau.Cau2AG002320	1.00	1.00	65.45	322	L1
transcript:AT5G58330.2	Cau.Cau7BG001787	1.00	1.00	78.96	349	L1
transcript:AT5G52210.2	Cau.Cau9BG000293	0.97	0.97	75.76	150	L1
transcript:AT4G28500.1	Cau.Cau2BG000633	1.00	0.96	62.58	199	L1
transcript:AT1G44770.1	Cau.Cau3BG000875	1.00	1.00	58.51	165	L1
transcript:AT4G02075.3	Cau.Cau5BG003135	0.95	0.86	56.16	114	L1
transcript:AT1G78570.1	Cau.Cau5AG001403	1.00	1.00	88.94	595	L1
transcript:AT5G55950.1	Cau.Cau4AG001616	0.94	0.97	79.36	296	L1
transcript:AT5G10080.1	Cau.Cau1BG002107	0.95	0.95	56.16	287	L1
transcript:AT4G16450.2	Cau.Cau2BG002756	0.96	0.97	88.24	90	L1
transcript:AT1G42430.1	Cau.Cau3AG000102	0.98	1.00	77.78	336	L1
transcript:AT5G45840.1	Cau.Cau2AG002495	1.00	1.00	51.10	371	L1
transcript:AT1G02880.3	Cau.Cau5BG003033	0.96	0.99	74.62	194	L1
transcript:AT3G19895.1	Cau.Cau7BG001012	0.91	0.86	70.87	365	L1
transcript:AT2G46180.1	Cau.Cau5AG003496	1.00	1.00	56.64	448	L1
transcript:AT2G28550.3	Cau.Cau8BG001716	0.97	0.92	56.36	279	L1
transcript:AT5G10780.1	Cau.Cau4BG000122	0.98	0.98	84.18	149	L1
transcript:AT3G09180.3	Cau.Cau6BG000843	0.99	0.96	63.94	266	L1
transcript:AT1G26360.1	Cau.Cau7BG000744	0.83	0.87	60.33	222	L1
transcript:AT3G58670.3	Cau.Cau2BG000701	1.00	1.00	75.93	183	L1
transcript:AT3G62100.1	Cau.Cau5AG003296	0.85	0.90	54.84	85	L1
transcript:AT3G12500.1	Cau.Cau1BG000060	0.91	0.96	64.87	205	L1
transcript:AT5G51820.1	Cau.Cau9BG000347	0.94	0.90	86.20	506	L1
transcript:AT5G57520.1	Cau.Cau4AG002098	1.00	1.00	53.66	88	L1
transcript:AT4G27800.1	Cau.Cau5BG001535	1.00	1.00	65.05	255	L1
transcript:AT4G14750.1	Cau.Cau9BG001459	0.99	0.99	46.56	230	L1
transcript:AT4G28020.1	Cau.Cau4AG002138	0.94	0.93	61.10	223	L1
transcript:AT1G58025.6	Cau.Cau3AG002209	0.93	0.93	43.40	253	L1
transcript:AT1G59900.1	Cau.Cau7AG000374	1.00	1.00	83.25	328	L1
transcript:AT4G26630.2	Cau.Cau4BG001601	0.69	0.82	52.59	294	L1
transcript:AT5G62420.1	Cau.Cau9BG000460	1.00	1.00	65.66	218	L1
transcript:AT1G55365.1	Cau.Cau2AG000030	0.59	0.66	51.95	40	L1
transcript:AT1G36980.2	Cau.Cau3AG000924	1.00	1.00	88.89	120	L1
transcript:AT2G37310.1	Cau.Cau6BG001612	0.99	0.96	59.69	388	L1
transcript:AT4G30790.1	Cau.Cau4AG002220	1.00	1.00	66.72	774	L1
transcript:AT3G48190.1	Cau.Cau5BG000448	0.99	1.00	57.14	1489	L1
transcript:AT1G49540.2	Cau.Cau2AG001771	1.00	1.00	69.58	590	L1
transcript:AT5G01510.1	Cau.Cau6BG001311	0.99	0.99	62.92	319	L1
transcript:AT3G62220.3	Cau.Cau5BG003223	1.00	1.00	83.61	301	L1
transcript:AT5G66720.2	Cau.Cau1BG000314	1.00	0.99	56.38	252	L1
transcript:AT5G52290.1	Cau.Cau9BG000275	1.00	0.99	40.90	690	L1
transcript:AT1G48950.1	Cau.Cau5BG001153	1.00	1.00	47.39	327	L1
transcript:AT3G03320.1	Cau.Cau5AG002252	0.96	0.96	53.12	136	L1
transcript:AT2G39420.1	Cau.Cau7AG001956	0.99	0.99	71.97	226	L1
transcript:AT5G42890.1	Cau.Cau3AG000467	0.98	0.98	81.82	99	L1
transcript:AT4G13430.1	Cau.Cau9BG001200	1.00	1.00	80.43	415	L1
transcript:AT4G15140.1	Cau.Cau6BG001027	0.75	0.74	46.21	61	L1
transcript:AT3G43920.2	Cau.Cau4AG001795	0.99	1.00	52.02	862	L1
transcript:AT1G07030.1	Cau.Cau8AG002026	1.00	0.99	79.39	262	L1
transcript:AT5G36160.1	Cau.Cau2BG000980	1.00	0.99	61.24	256	L1
transcript:AT3G01710.1	Cau.Cau2AG000963	0.99	0.86	53.75	148	L1
transcript:AT2G33540.1	Cau.Cau7BG000160	0.98	1.00	47.74	612	L1
transcript:AT1G70820.1	Cau.Cau2BG001658	0.99	0.99	74.76	462	L1
transcript:AT2G38330.1	Cau.Cau6BG001229	0.97	0.93	64.26	338	L1
transcript:AT1G61260.1	Cau.Cau2AG002296	0.99	0.98	42.70	155	L1
transcript:AT4G37130.1	Cau.Cau1AG000372	0.94	0.99	61.90	307	L1
transcript:AT5G09960.1	Cau.Cau1BG002042	0.98	0.99	67.27	74	L1
transcript:AT1G42970.1	Cau.Cau3BG000060	1.00	1.00	85.21	386	L1
transcript:AT1G17370.1	Cau.Cau1BG000964	0.92	0.99	84.95	333	L1
transcript:AT2G44870.1	Cau.Cau6AG001851	0.96	0.94	67.51	160	L1
transcript:AT2G25530.1	Cau.Cau4BG000253	0.89	0.99	69.34	407	L1
transcript:AT5G60840.1	Cau.Cau5BG001112	0.61	0.69	32.06	42	L1
transcript:AT4G17770.2	Cau.Cau3BG001722	0.98	0.98	82.62	699	L1
transcript:AT5G13310.2	Cau.Cau8BG001065	0.98	0.99	35.60	157	L1
transcript:AT1G22920.1	Cau.Cau4BG000052	0.99	0.99	83.89	302	L1
transcript:AT3G13740.1	Cau.Cau1BG000850	0.90	0.92	62.03	147	L1
transcript:AT3G56010.1	Cau.Cau7AG002219	0.40	0.35	67.90	55	L1
transcript:AT1G55250.5	Cau.Cau2BG000088	1.00	1.00	61.97	554	L1
transcript:AT5G61600.1	Cau.Cau9AG000545	0.97	0.96	41.20	117	L1
transcript:AT3G16890.1	Cau.Cau9BG001852	0.95	0.87	58.85	369	L1
transcript:AT4G08960.1	Cau.Cau3AG001020	1.00	1.00	73.03	287	L1
transcript:AT1G12672.2	Cau.Cau1BG001216	0.89	0.92	31.07	32	L1
transcript:AT2G13540.1	Cau.Cau2BG000301	1.00	1.00	64.97	562	L1
transcript:AT5G60750.1	Cau.Cau5BG000188	0.96	0.97	71.68	243	L1
transcript:AT5G05130.1	Cau.Cau6AG000555	0.96	1.00	66.36	578	L1
transcript:AT1G09130.2	Cau.Cau3AG001384	0.99	0.98	72.12	238	L1
transcript:AT4G30920.1	Cau.Cau4BG002267	0.90	0.90	80.04	421	L1
transcript:AT5G49630.1	Cau.Cau3AG001156	0.99	0.98	78.91	378	L1
transcript:AT3G49725.1	Cau.Cau1AG000580	0.92	0.99	57.94	354	L1
transcript:AT3G01960.1	Cau.Cau2AG000862	0.86	0.86	37.80	48	L1
transcript:AT1G54380.1	Cau.Cau5BG002288	0.87	0.86	36.87	212	L1
transcript:AT3G20510.1	Cau.Cau4BG001414	1.00	1.00	74.79	89	L1
transcript:AT3G49470.1	Cau.Cau5AG001633	0.93	0.99	74.75	151	L1
transcript:AT3G50430.1	Cau.Cau1AG000374	0.99	0.99	42.46	290	L1
transcript:AT1G73500.1	Cau.Cau5BG001632	0.99	0.98	65.19	206	L1
transcript:AT1G32080.1	Cau.Cau3BG001831	0.91	0.89	78.60	371	L1
transcript:AT1G60780.1	Cau.Cau7BG000507	1.00	1.00	91.36	391	L1
transcript:AT1G12350.2	Cau.Cau9AG000768	0.97	0.98	68.40	210	L1
transcript:AT2G23240.1	Cau.Cau8AG000043	0.98	0.95	55.95	47	L1
transcript:AT4G39170.1	Cau.Cau3BG000294	0.99	1.00	64.69	403	L1
transcript:AT1G17200.1	Cau.Cau5BG001433	0.99	0.99	64.90	135	L1
transcript:AT1G21320.2	Cau.Cau3AG000706	1.00	1.00	54.83	142	L1
transcript:AT3G06660.1	Cau.Cau9BG001877	1.00	1.00	49.89	228	L1
transcript:AT1G01080.1	Cau.Cau5BG003306	0.76	0.80	63.64	147	L1
transcript:AT3G26720.1	Cau.Cau2AG000792	0.99	1.00	70.76	721	L1
transcript:AT2G25770.2	Cau.Cau4AG000415	0.90	0.94	52.07	88	L1
transcript:AT5G15080.1	Cau.Cau6BG000164	0.99	1.00	76.60	383	L1
transcript:AT4G02440.1	Cau.Cau5BG003046	1.00	1.00	61.85	214	L1
transcript:AT3G04780.1	Cau.Cau3BG001623	1.00	0.99	82.39	145	L1
transcript:AT5G04260.1	Cau.Cau7BG001836	0.99	0.99	53.50	107	L1
transcript:AT1G28190.1	Cau.Cau8AG000967	0.80	0.76	46.58	102	L1
transcript:AT5G03260.1	Cau.Cau1BG000264	0.99	0.97	75.91	419	L1
transcript:AT5G19460.1	Cau.Cau4AG000656	1.00	1.00	59.79	232	L1
transcript:AT4G35910.1	Cau.Cau9AG000650	1.00	1.00	61.49	281	L1
transcript:AT4G13460.2	Cau.Cau9BG001188	0.98	0.95	62.92	409	L1
transcript:AT5G08630.3	Cau.Cau1BG000792	1.00	1.00	52.54	383	L1
transcript:AT2G39210.1	Cau.Cau7AG001786	0.94	0.96	73.73	435	L1
transcript:AT3G06200.1	Cau.Cau9AG001546	0.99	0.99	63.86	182	L1
transcript:AT2G40940.1	Cau.Cau5BG003090	0.98	0.94	74.33	446	L1
transcript:AT5G61500.1	Cau.Cau9AG000475	1.00	1.00	81.45	259	L1
transcript:AT4G29480.1	Cau.Cau4BG000466	0.99	0.99	85.12	103	L1
transcript:AT2G44010.1	Cau.Cau5BG001976	0.99	0.98	46.15	54	L1
transcript:AT3G53270.9	Cau.Cau7BG002214	1.00	1.00	57.84	166	L1
transcript:AT5G02500.1	Cau.Cau7AG002027	1.00	1.00	93.71	611	L1
transcript:AT1G19690.1	Cau.Cau3AG000289	1.00	0.99	53.04	192	L1
transcript:AT5G56880.1	Cau.Cau4BG000913	0.66	0.51	44.44	48	L1
transcript:AT3G10650.2	Cau.Cau7BG001623	0.41	0.44	45.70	271	L1
transcript:ATCG00650.1	Cau.Cau7AG002379	0.58	1.00	88.14	52	L1
transcript:AT3G49570.1	Cau.Cau5BG001625	0.68	0.67	52.05	38	L1
transcript:AT3G55320.1	Cau.Cau7AG001983	1.00	1.00	85.40	1205	L1
transcript:AT5G48310.1	Cau.Cau2AG001437	0.99	0.98	58.42	701	L1
transcript:AT2G36010.1	Cau.Cau6BG000823	0.91	0.92	61.59	279	L1
transcript:AT1G68470.1	Cau.Cau9AG000094	0.83	0.83	64.12	252	L1
transcript:AT5G63480.2	Cau.Cau7AG001438	0.99	0.92	60.66	111	L1
transcript:AT1G14380.6	Cau.Cau7BG000306	1.00	1.00	39.91	253	L1
transcript:AT1G16840.4	Cau.Cau1BG001616	0.85	0.82	58.27	81	L1
transcript:AT1G74480.1	Cau.Cau5AG000949	0.94	0.92	40.00	122	L1
transcript:AT5G57400.2	Cau.Cau4BG002103	0.59	0.54	44.12	60	L1
transcript:AT1G32450.1	Cau.Cau7BG001532	0.96	0.98	77.76	458	L1
transcript:AT5G61480.1	Cau.Cau9AG000467	0.94	0.96	64.46	644	L1
transcript:AT1G15220.1	Cau.Cau5BG002934	0.98	0.98	70.51	110	L1
transcript:AT3G07360.1	Cau.Cau7BG001214	1.00	1.00	64.67	302	L1
transcript:AT3G18520.1	Cau.Cau5BG001172	0.98	0.92	66.01	371	L1
transcript:AT4G10850.1	Cau.Cau5BG000089	0.97	0.98	58.27	148	L1
transcript:AT1G43650.1	Cau.Cau3AG000688	0.98	0.93	59.48	204	L1
transcript:AT2G41720.1	Cau.Cau9AG000672	0.99	0.96	66.99	550	L1
transcript:AT1G19170.1	Cau.Cau4BG001744	1.00	1.00	70.11	272	L1
transcript:AT2G28330.1	Cau.Cau6BG001112	0.66	0.51	34.96	43	L1
transcript:AT5G11680.1	Cau.Cau9AG000963	1.00	1.00	81.16	168	L1
transcript:AT5G08740.1	Cau.Cau1AG001695	0.91	0.92	69.90	346	L1
transcript:AT1G21680.1	Cau.Cau3AG000824	0.99	0.99	65.70	475	L1
transcript:AT1G55360.1	Cau.Cau2BG000033	0.97	0.99	84.15	345	L1
transcript:AT3G07450.1	Cau.Cau7BG000044	0.88	0.74	59.14	55	L1
transcript:AT4G38170.1	Cau.Cau5AG002099	0.48	0.80	27.88	75	L1
transcript:AT1G58340.1	Cau.Cau3BG001151	0.97	0.91	73.59	379	L1
transcript:AT5G66930.2	Cau.Cau1AG000376	1.00	1.00	82.49	179	L1
transcript:AT5G12460.1	Cau.Cau2BG000260	0.93	0.86	54.29	228	L1
transcript:AT2G46780.2	Cau.Cau5BG003313	0.83	0.86	62.41	176	L1
transcript:AT1G68810.1	Cau.Cau7BG000867	0.96	0.98	56.08	212	L1
transcript:AT5G49940.1	Cau.Cau3BG002221	1.00	1.00	70.29	168	L1
transcript:AT1G06900.1	Cau.Cau1AG001655	1.00	1.00	70.01	719	L1
transcript:AT3G59280.2	Cau.Cau7BG001381	0.99	0.98	73.91	85	L1
transcript:AT5G41790.1	Cau.Cau5BG000155	0.68	0.97	28.97	332	L1
transcript:AT3G47420.3	Cau.Cau9BG000439	0.98	0.99	73.56	384	L1
transcript:AT2G41020.1	Cau.Cau6AG000605	1.00	1.00	54.11	270	L1
transcript:AT3G60240.4	Cau.Cau5AG003825	0.82	0.99	50.87	702	L1
transcript:AT3G08650.1	Cau.Cau6BG001125	0.98	0.99	76.87	452	L1
transcript:AT2G28940.2	Cau.Cau8BG001836	1.00	1.00	72.40	341	L1
transcript:AT2G24020.1	Cau.Cau4BG002254	0.90	0.89	74.85	128	L1
transcript:AT5G04900.1	Cau.Cau7AG001579	0.93	0.93	75.38	248	L1
transcript:AT2G25840.1	Cau.Cau4AG000430	0.99	1.00	69.05	290	L1
transcript:AT3G25640.1	Cau.Cau7AG000842	1.00	1.00	60.43	168	L1
transcript:AT2G25110.1	Cau.Cau4AG000149	0.99	1.00	75.00	162	L1
transcript:AT1G05840.1	Cau.Cau5BG002318	0.95	0.96	75.05	349	L1
transcript:AT3G19540.1	Cau.Cau8AG000339	1.00	1.00	75.60	375	L1
transcript:AT3G15850.1	Cau.Cau1AG001316	0.80	0.77	78.38	232	L1
transcript:AT2G37400.1	Cau.Cau6BG001562	0.99	0.98	60.46	211	L1
transcript:AT2G25490.1	Cau.Cau4BG000232	1.00	1.00	62.95	406	L1
transcript:AT4G33180.1	Cau.Cau4BG001822	0.99	0.99	57.76	175	L1
transcript:AT1G48100.1	Cau.Cau9BG001949	1.00	1.00	70.53	335	L1
transcript:AT4G10180.1	Cau.Cau2BG001838	1.00	1.00	71.14	387	L1
transcript:AT2G19810.1	Cau.Cau4BG000840	1.00	0.99	61.30	236	L1
transcript:AT4G14100.1	Cau.Cau8BG001041	0.92	0.90	66.67	128	L1
transcript:AT4G27000.1	Cau.Cau4BG001427	0.89	0.90	71.93	269	L1
transcript:AT1G78440.1	Cau.Cau5AG001449	0.92	0.89	65.25	199	L1
transcript:AT5G11530.3	Cau.Cau4BG000365	0.99	0.98	28.82	370	L1
transcript:AT3G60510.3	Cau.Cau5BG003728	0.93	0.93	65.82	260	L1
transcript:AT3G11540.1	Cau.Cau6BG000788	0.97	0.97	83.74	752	L1
transcript:AT5G46330.2	Cau.Cau5AG002263	0.99	0.97	54.80	639	L1
transcript:AT5G49665.1	Cau.Cau3BG001144	1.00	1.00	60.15	474	L1
transcript:AT4G13830.2	Cau.Cau9BG000937	0.98	0.97	53.17	109	L1
transcript:AT5G04490.1	Cau.Cau7AG001739	0.82	0.83	70.80	177	L1
transcript:AT1G70310.1	Cau.Cau7AG000425	0.99	0.99	78.84	272	L1
transcript:AT5G14285.1	Cau.Cau2AG000936	0.92	0.96	68.94	162	L1
transcript:AT1G63470.1	Cau.Cau5BG000287	1.00	1.00	53.52	205	L1
transcript:AT2G20920.1	Cau.Cau8BG000122	1.00	1.00	66.45	202	L1
transcript:AT1G30270.1	Cau.Cau2BG002127	0.94	1.00	81.54	371	L1
transcript:AT3G17611.1	Cau.Cau5AG001978	1.00	1.00	68.47	228	L1
transcript:AT5G16290.2	Cau.Cau2AG001856	0.95	0.94	72.97	332	L1
transcript:AT3G23610.2	Cau.Cau9AG001519	0.86	0.99	67.44	116	L1
transcript:AT2G18790.1	Cau.Cau9AG001814	0.97	0.99	79.05	898	L1
transcript:AT1G72740.1	Cau.Cau4BG000945	1.00	1.00	49.48	144	L1
transcript:AT2G04305.1	Cau.Cau8BG000191	0.98	0.98	73.76	326	L1
transcript:AT1G36990.1	Cau.Cau3AG000922	0.97	0.95	51.19	301	L1
transcript:AT5G06660.1	Cau.Cau6BG000945	1.00	1.00	84.18	165	L1
transcript:AT3G23700.1	Cau.Cau9AG000841	0.88	0.89	66.38	233	L1
transcript:AT3G09600.7	Cau.Cau6BG001635	0.94	0.92	65.03	186	L1
transcript:AT4G31010.1	Cau.Cau5BG003611	0.97	0.95	70.79	286	L1
transcript:AT2G45690.1	Cau.Cau5BG003608	1.00	1.00	61.74	234	L1
transcript:AT1G08380.1	Cau.Cau8BG001354	0.99	0.97	78.17	111	L1
transcript:AT4G34290.1	Cau.Cau8BG000330	1.00	1.00	62.84	93	L1
transcript:AT1G69700.1	Cau.Cau7BG000286	0.98	0.97	67.22	121	L1
transcript:AT4G33495.1	Cau.Cau9BG000300	0.99	0.86	72.68	298	L1
transcript:AT3G57360.1	Cau.Cau9BG000711	1.00	1.00	49.64	136	L1
transcript:AT1G67560.1	Cau.Cau7AG000620	0.96	0.94	62.01	360	L1
transcript:AT3G05320.1	Cau.Cau2BG001972	1.00	1.00	66.31	307	L1
transcript:AT1G21810.3	Cau.Cau3AG000861	0.98	0.89	42.96	296	L1
transcript:AT1G32740.1	Cau.Cau5BG000643	1.00	1.00	48.36	177	L1
transcript:ATCG01090.1	Cau.Cau4BG000744	0.47	0.76	75.31	61	L1
transcript:AT3G51830.1	Cau.Cau6BG001283	0.98	0.66	72.73	424	L1
transcript:AT5G04680.1	Cau.Cau9AG000911	0.84	0.93	26.96	179	L1
transcript:AT5G42750.1	Cau.Cau3BG000449	0.95	0.95	45.00	153	L1
transcript:AT1G47960.2	Cau.Cau9BG001919	0.86	0.85	45.45	65	L1
transcript:AT5G15930.1	Cau.Cau6AG000315	0.99	0.96	82.44	291	L1
transcript:AT5G34940.2	Cau.Cau4AG001914	0.94	0.92	67.19	340	L1
transcript:AT5G51680.1	Cau.Cau9AG000372	0.97	0.97	40.23	142	L1
transcript:AT3G04730.1	Cau.Cau3BG001656	1.00	1.00	68.87	177	L1
transcript:AT2G26600.1	Cau.Cau4BG000536	0.92	0.92	72.63	260	L1
transcript:AT3G29010.3	Cau.Cau6BG000091	0.98	0.96	67.19	172	L1
transcript:AT1G27520.1	Cau.Cau5AG000396	0.98	0.99	71.65	412	L1
transcript:AT1G79260.1	Cau.Cau9AG000009	0.94	0.98	64.97	102	L1
transcript:AT3G09920.4	Cau.Cau6BG001807	0.99	0.99	74.79	614	L1
transcript:AT3G50220.1	Cau.Cau1AG000454	1.00	1.00	70.81	228	L1
transcript:AT3G19630.1	Cau.Cau8AG000303	0.99	0.98	75.61	279	L1
transcript:AT2G02870.2	Cau.Cau7BG000291	1.00	1.00	65.20	311	L1
transcript:AT4G38470.1	Cau.Cau8AG000116	1.00	1.00	73.33	429	L1
transcript:AT4G15840.1	Cau.Cau9BG001760	0.98	0.99	61.70	538	L1
transcript:AT4G04910.1	Cau.Cau6BG001868	1.00	1.00	80.54	600	L1
transcript:AT2G13560.1	Cau.Cau5AG003841	1.00	1.00	80.80	505	L1
transcript:AT5G65000.1	Cau.Cau1BG002164	0.99	0.97	76.95	247	L1
transcript:AT5G60940.1	Cau.Cau5AG001078	0.98	0.97	70.87	309	L1
transcript:AT3G57910.1	Cau.Cau6BG001000	1.00	0.99	63.67	170	L1
transcript:AT5G57990.1	Cau.Cau4BG002274	0.99	0.99	46.22	446	L1
transcript:AT2G45270.1	Cau.Cau5BG003671	0.98	0.97	73.09	345	L1
transcript:AT1G24330.1	Cau.Cau7BG000636	1.00	1.00	70.53	548	L1
transcript:AT2G33835.1	Cau.Cau2BG002393	0.88	0.75	31.61	202	L1
transcript:AT3G55250.1	Cau.Cau2AG000482	0.97	0.95	62.50	175	L1
transcript:AT1G10030.1	Cau.Cau3BG001161	1.00	1.00	82.95	107	L1
transcript:AT3G54180.1	Cau.Cau6BG001106	1.00	1.00	83.85	270	L1
transcript:AT5G14250.1	Cau.Cau2BG000915	0.99	1.00	66.35	282	L1
transcript:AT1G79270.1	Cau.Cau9AG000012	0.97	0.97	44.58	263	L1
transcript:AT5G13700.1	Cau.Cau7AG000101	0.95	0.94	74.73	349	L1
transcript:AT4G02770.1	Cau.Cau5BG002866	1.00	1.00	76.53	163	L1
transcript:AT1G69935.1	Cau.Cau7AG000360	0.47	0.46	74.44	67	L1
transcript:AT2G21370.1	Cau.Cau8AG000716	0.88	0.88	77.43	326	L1
transcript:AT4G33060.1	Cau.Cau4BG001884	1.00	1.00	68.24	348	L1
transcript:AT4G25650.1	Cau.Cau2BG000054	0.97	0.95	65.44	339	L1
transcript:ATCG00160.1	Cau.Cau9BG000798	0.87	1.00	87.80	180	L1
transcript:AT1G14205.1	Cau.Cau7BG000261	0.97	0.98	64.67	108	L1
transcript:AT5G13510.1	Cau.Cau7AG001924	0.82	0.82	80.11	145	L1
transcript:AT3G44735.2	Cau.Cau3AG001636	0.99	0.99	42.55	40	L1
transcript:AT1G78380.1	Cau.Cau7BG000995	0.98	0.97	57.67	124	L1
transcript:AT4G20040.1	Cau.Cau2BG001904	0.87	0.87	65.81	283	L1
transcript:AT4G24560.1	Cau.Cau3AG001086	0.98	0.91	52.08	470	L1
transcript:AT5G41800.1	Cau.Cau5AG000152	1.00	1.00	82.30	372	L1
transcript:AT5G25620.2	Cau.Cau4BG000340	0.95	0.97	69.19	292	L1
transcript:AT2G43630.1	Cau.Cau5AG002187	0.93	0.99	46.77	123	L1
transcript:AT1G05270.1	Cau.Cau2AG001178	0.96	0.81	63.38	225	L1
transcript:AT5G47660.1	Cau.Cau2AG002785	0.57	0.63	44.59	103	L1
transcript:AT1G71490.1	Cau.Cau5BG001805	0.99	1.00	59.82	405	L1
transcript:AT2G20250.3	Cau.Cau5AG002678	0.47	0.34	33.04	76	L1
transcript:AT1G31335.1	Cau.Cau2AG002008	1.00	1.00	62.50	50	L1
transcript:AT1G77410.1	Cau.Cau3BG000832	1.00	1.00	66.42	548	L1
transcript:AT2G31670.1	Cau.Cau6BG000279	0.95	0.94	56.40	141	L1
transcript:AT1G47570.1	Cau.Cau1AG000764	0.99	1.00	61.39	283	L1
transcript:AT2G38050.1	Cau.Cau6BG001367	0.99	1.00	69.35	181	L1
transcript:AT5G01260.2	Cau.Cau6AG001327	0.90	0.92	37.07	140	L1
transcript:AT1G80860.2	Cau.Cau1AG001438	1.00	1.00	77.44	127	L1
transcript:AT1G24260.1	Cau.Cau7AG000686	0.98	1.00	76.11	188	L1
transcript:AT4G21350.1	Cau.Cau2AG002252	0.99	0.99	64.71	242	L1
transcript:AT5G20350.1	Cau.Cau4AG001925	1.00	1.00	77.32	491	L1
transcript:AT3G11980.1	Cau.Cau6AG000927	1.00	0.99	62.88	308	L1
transcript:AT5G23860.2	Cau.Cau9BG000264	0.96	0.96	99.53	428	L1
transcript:AT5G55380.1	Cau.Cau4BG001539	0.99	0.99	51.28	180	L1
transcript:AT5G07610.1	Cau.Cau9BG000526	1.00	1.00	38.41	169	L1
transcript:AT2G30920.2	Cau.Cau2BG001521	0.89	0.92	70.79	206	L1
transcript:AT5G27830.5	Cau.Cau3AG001371	0.98	0.99	51.64	157	L1
transcript:AT2G39130.2	Cau.Cau7BG001832	1.00	1.00	71.30	400	L1
transcript:AT1G03950.1	Cau.Cau5BG002698	1.00	0.99	85.71	180	L1
transcript:AT1G13340.1	Cau.Cau7AG000889	1.00	1.00	48.05	209	L1
transcript:AT2G29050.1	Cau.Cau6AG001492	0.99	0.99	63.50	247	L1
transcript:AT3G22680.1	Cau.Cau9BG001474	0.91	0.82	60.39	93	L1
transcript:AT3G55420.1	Cau.Cau7AG002051	0.98	0.92	64.41	143	L1
transcript:AT5G61360.1	Cau.Cau5AG000980	0.90	0.85	33.50	67	L1
transcript:AT3G24330.1	Cau.Cau4BG000647	0.97	0.98	64.95	315	L1
transcript:AT2G27090.1	Cau.Cau2BG000416	0.99	0.99	60.05	457	L1
transcript:AT2G47310.1	Cau.Cau5AG003233	0.80	0.84	42.76	198	L1
transcript:AT5G37180.1	Cau.Cau6AG000641	1.00	0.99	70.73	592	L1
transcript:AT5G26940.2	Cau.Cau3BG001321	0.99	0.96	49.24	161	L1
transcript:AT3G13080.1	Cau.Cau4AG001551	0.98	1.00	71.61	1067	L1
transcript:AT1G72170.1	Cau.Cau3BG000544	1.00	1.00	68.27	71	L1
transcript:AT4G21105.3	Cau.Cau8AG001434	0.97	0.96	87.88	58	L1
transcript:AT4G08280.1	Cau.Cau3BG000879	0.99	0.99	67.15	92	L1
transcript:AT5G50780.2	Cau.Cau7BG001427	0.99	0.98	55.21	466	L1
transcript:AT2G41350.1	Cau.Cau9BG000838	0.94	0.95	82.08	229	L1
transcript:AT1G53390.1	Cau.Cau7BG001840	0.99	1.00	64.88	728	L1
transcript:AT3G01090.1	Cau.Cau6BG000069	1.00	1.00	87.18	449	L1
transcript:AT1G66345.1	Cau.Cau6BG000491	0.98	0.96	50.83	275	L1
transcript:AT1G67740.1	Cau.Cau5BG000564	0.99	1.00	50.95	107	L1
transcript:AT3G24650.1	Cau.Cau5AG002661	0.93	0.94	53.32	385	L1
transcript:AT3G08780.1	Cau.Cau6AG001230	0.99	0.98	54.81	171	L1
transcript:AT1G08650.1	Cau.Cau8BG001183	0.97	0.98	66.30	183	L1
transcript:AT5G01520.1	Cau.Cau6BG001313	0.99	0.99	77.41	185	L1
transcript:AT5G54860.1	Cau.Cau4BG001409	0.99	1.00	67.14	331	L1
transcript:AT1G10550.1	Cau.Cau7AG000428	0.97	0.95	55.78	169	L1
transcript:AT1G48050.1	Cau.Cau5AG003693	0.99	0.99	61.57	423	L1
transcript:AT4G08950.1	Cau.Cau3BG001016	0.99	0.98	72.50	232	L1
transcript:AT3G47650.1	Cau.Cau4BG000560	0.99	1.00	50.72	70	L1
transcript:AT1G04910.1	Cau.Cau9BG000952	1.00	1.00	80.46	420	L1
transcript:AT5G42390.1	Cau.Cau3AG000009	1.00	1.00	73.78	940	L1
transcript:AT2G46300.1	Cau.Cau5AG003473	1.00	0.97	46.43	117	L1
transcript:AT1G18870.1	Cau.Cau5BG000325	0.99	0.98	60.28	340	L1
transcript:AT5G30490.2	Cau.Cau9BG001944	0.97	0.74	51.01	126	L1
transcript:AT3G61610.1	Cau.Cau5BG003426	0.98	1.00	76.28	238	L1
transcript:AT5G64420.1	Cau.Cau8AG000202	0.96	0.95	62.80	790	L1
transcript:AT1G18500.1	Cau.Cau5BG002290	0.98	1.00	78.33	488	L1
transcript:AT3G23490.2	Cau.Cau9BG001247	0.95	0.97	77.50	124	L1
transcript:AT1G12520.1	Cau.Cau5BG000867	0.88	0.87	67.59	196	L1
transcript:AT1G05575.1	Cau.Cau7BG000011	0.76	0.62	65.71	46	L1
transcript:AT2G17930.1	Cau.Cau1BG000154	1.00	1.00	81.36	3178	L1
transcript:AT2G41450.1	Cau.Cau9BG000784	1.00	1.00	51.41	328	L1
transcript:AT4G12620.1	Cau.Cau2BG000231	1.00	1.00	65.10	554	L1
transcript:AT4G27500.2	Cau.Cau4AG001148	0.98	0.98	50.75	270	L1
transcript:AT5G03080.1	Cau.Cau6BG001673	0.97	0.98	76.36	168	L1
transcript:AT1G08010.2	Cau.Cau8AG001602	0.88	0.95	44.01	125	L1
transcript:AT3G13800.4	Cau.Cau1AG000844	0.96	0.98	76.79	268	L1
transcript:AT5G22360.1	Cau.Cau8BG001382	1.00	1.00	88.69	196	L1
transcript:AT4G21120.1	Cau.Cau2AG002108	1.00	1.00	75.25	453	L1
transcript:AT4G15850.1	Cau.Cau1BG001189	0.98	0.99	72.30	368	L1
transcript:AT1G50590.1	Cau.Cau4BG001547	1.00	1.00	68.49	213	L1
transcript:AT3G05210.1	Cau.Cau3AG001468	0.99	0.97	63.88	260	L1
transcript:AT1G31500.7	Cau.Cau3AG001709	0.98	0.98	57.65	245	L1
transcript:AT4G39840.1	Cau.Cau1AG002088	1.00	1.00	58.37	272	L1
transcript:AT1G78750.2	Cau.Cau2BG000529	0.96	0.92	28.75	136	L1
transcript:AT5G45330.1	Cau.Cau6AG000229	0.89	0.95	39.42	216	L1
transcript:AT5G48870.1	Cau.Cau5AG002650	0.97	0.98	95.29	81	L1
transcript:AT4G35520.2	Cau.Cau1BG000032	1.00	1.00	52.66	494	L1
transcript:AT5G10550.1	Cau.Cau8BG000195	0.91	0.92	41.02	226	L1
transcript:AT5G64500.1	Cau.Cau8BG000207	0.98	0.94	68.06	343	L1
transcript:AT3G20020.1	Cau.Cau7BG000923	1.00	1.00	72.71	317	L1
transcript:AT4G28880.4	Cau.Cau4BG000755	0.99	0.98	74.70	316	L1
transcript:AT5G38700.1	Cau.Cau5BG003116	0.94	0.96	52.91	100	L1
transcript:AT2G30933.1	Cau.Cau7AG001233	0.83	0.79	45.41	89	L1
transcript:AT1G18860.1	Cau.Cau5BG000320	0.96	0.85	40.68	238	L1
transcript:AT3G60220.1	Cau.Cau5BG003796	0.95	0.85	56.78	180	L1
transcript:AT5G44560.1	Cau.Cau2BG002011	1.00	1.00	81.61	182	L1
transcript:AT1G01630.1	Cau.Cau8BG001051	1.00	1.00	68.09	175	L1
transcript:AT5G07630.2	Cau.Cau9AG000468	0.99	0.99	70.99	367	L1
transcript:AT2G28160.1	Cau.Cau8BG001530	0.95	0.95	54.31	170	L1
transcript:AT4G30490.1	Cau.Cau4BG002205	0.97	0.96	71.64	346	L1
transcript:AT4G34390.1	Cau.Cau8BG000548	1.00	1.00	54.37	435	L1
transcript:AT4G35880.1	Cau.Cau1AG000095	0.92	0.92	72.16	350	L1
transcript:AT5G66360.2	Cau.Cau1AG000218	0.90	0.89	63.04	220	L1
transcript:AT5G11540.1	Cau.Cau4BG000366	0.97	0.96	67.19	383	L1
transcript:AT2G34580.2	Cau.Cau2AG002628	0.99	0.74	56.88	91	L1
transcript:AT1G43710.1	Cau.Cau3BG000701	0.95	0.96	83.15	380	L1
transcript:AT4G24620.1	Cau.Cau3BG001076	1.00	1.00	82.26	510	L1
transcript:AT5G54970.1	Cau.Cau2AG001207	0.92	0.89	36.36	44	L1
transcript:AT3G54790.3	Cau.Cau5BG002713	1.00	1.00	56.78	448	L1
transcript:AT4G25590.1	Cau.Cau9AG000259	1.00	1.00	84.67	116	L1
transcript:AT3G54030.1	Cau.Cau6BG001394	0.99	1.00	78.41	385	L1
transcript:AT5G62770.1	Cau.Cau5AG000442	0.95	0.97	34.12	116	L1
transcript:AT4G25433.1	Cau.Cau9AG000324	0.93	0.72	53.70	58	L1
transcript:AT5G41950.1	Cau.Cau5BG000056	1.00	1.00	62.08	352	L1
transcript:AT3G33520.1	Cau.Cau4AG000527	1.00	1.00	75.63	329	L1
transcript:AT1G57770.1	Cau.Cau3AG002263	0.97	0.97	81.14	456	L1
transcript:AT1G27750.1	Cau.Cau3BG001210	1.00	1.00	44.26	502	L1
transcript:AT3G04440.2	Cau.Cau5AG002567	0.92	0.90	54.67	234	L1
transcript:AT1G62450.1	Cau.Cau2BG002737	0.98	0.90	64.35	148	L1
transcript:AT5G48655.1	Cau.Cau5AG002603	1.00	1.00	55.29	115	L1
transcript:AT3G54540.2	Cau.Cau1BG001245	1.00	1.00	82.76	605	L1
transcript:AT4G38440.1	Cau.Cau8BG000079	0.96	0.90	47.34	703	L1
transcript:AT1G32730.1	Cau.Cau5BG000642	1.00	1.00	50.14	183	L1
transcript:AT3G63460.1	Cau.Cau7AG000123	1.00	1.00	68.84	780	L1
transcript:AT5G04920.1	Cau.Cau7AG001575	0.97	0.99	65.77	294	L1
transcript:AT1G76110.1	Cau.Cau3BG000135	0.92	0.94	69.43	218	L1
transcript:AT4G37850.1	Cau.Cau1BG000615	1.00	1.00	39.53	153	L1
transcript:AT1G15950.3	Cau.Cau1AG001431	0.96	0.96	79.64	262	L1
transcript:AT1G80670.1	Cau.Cau1BG001454	1.00	0.88	84.29	295	L1
transcript:AT5G49020.1	Cau.Cau9AG001670	0.98	0.99	72.88	387	L1
transcript:AT4G18010.1	Cau.Cau7AG001494	1.00	0.97	56.63	380	L1
transcript:AT5G67620.1	Cau.Cau1AG000541	0.99	1.00	54.36	106	L1
transcript:AT5G49320.1	Cau.Cau9AG001766	0.91	0.89	62.81	152	L1
transcript:AT5G11640.1	Cau.Cau4AG000406	0.96	1.00	58.63	146	L1
transcript:AT1G16040.1	Cau.Cau1BG001526	0.98	0.97	52.25	116	L1
transcript:AT3G23900.2	Cau.Cau9AG000839	0.99	0.91	55.29	528	L1
transcript:AT2G33845.1	Cau.Cau2BG002401	0.73	0.82	77.27	102	L1
transcript:AT4G16310.5	Cau.Cau3AG000245	1.00	0.98	56.24	857	L1
transcript:AT1G79820.1	Cau.Cau1BG001134	0.97	0.99	72.02	350	L1
transcript:AT2G45740.1	Cau.Cau5BG003589	0.99	1.00	85.47	200	L1
transcript:AT3G27920.1	Cau.Cau7BG000445	0.94	1.00	48.88	109	L1
transcript:AT5G38860.1	Cau.Cau6BG000247	0.99	0.97	40.42	135	L1
transcript:AT2G40120.1	Cau.Cau7BG002242	0.98	0.98	72.03	392	L1
transcript:AT4G27660.1	Cau.Cau5BG001596	0.77	0.87	52.05	76	L1
transcript:AT1G23420.1	Cau.Cau7BG000467	0.95	0.98	61.71	137	L1
transcript:AT5G57020.1	Cau.Cau1AG000873	1.00	1.00	77.88	338	L1
transcript:AT1G22930.1	Cau.Cau3BG002155	0.98	0.97	54.72	644	L1
transcript:AT5G15780.1	Cau.Cau6BG000252	0.50	0.56	56.19	118	L1
transcript:AT4G31210.3	Cau.Cau4BG000014	0.76	0.86	62.97	636	L1
transcript:AT5G09660.1	Cau.Cau8AG000224	1.00	1.00	85.71	306	L1
transcript:AT5G01470.2	Cau.Cau6AG001314	0.98	1.00	71.72	175	L1
transcript:AT1G63780.1	Cau.Cau7BG000147	1.00	1.00	79.25	233	L1
transcript:AT2G03420.1	Cau.Cau7BG000203	0.82	0.77	67.86	95	L1
transcript:AT2G04845.1	Cau.Cau2BG001333	0.91	0.89	72.22	143	L1
transcript:AT5G46680.1	Cau.Cau4AG000303	0.97	0.99	49.67	225	L1
transcript:AT1G66400.1	Cau.Cau6BG000476	0.89	0.98	58.27	81	L1
transcript:AT3G48860.2	Cau.Cau7AG001378	1.00	0.99	65.58	381	L1
transcript:AT3G23580.1	Cau.Cau9BG001611	1.00	1.00	80.46	280	L1
transcript:AT1G64510.1	Cau.Cau5AG000096	0.92	0.89	71.13	138	L1
transcript:AT5G40940.1	Cau.Cau2BG000871	0.87	0.99	40.38	149	L1
transcript:AT5G18070.1	Cau.Cau7BG001508	1.00	0.99	68.04	379	L1
transcript:AT3G14860.2	Cau.Cau5AG001355	0.96	0.98	66.80	328	L1
transcript:AT1G53380.5	Cau.Cau5AG001353	1.00	0.99	58.14	282	L1
transcript:AT1G68760.1	Cau.Cau7BG000850	0.93	0.97	72.26	99	L1
transcript:AT3G05270.2	Cau.Cau1BG001756	1.00	0.96	46.21	311	L1
transcript:AT3G27080.1	Cau.Cau2BG000874	1.00	0.98	58.62	119	L1
transcript:AT4G12800.1	Cau.Cau2AG001481	1.00	1.00	79.91	175	L1
transcript:AT4G21960.1	Cau.Cau2BG002644	1.00	0.99	81.93	272	L1
transcript:AT2G43330.1	Cau.Cau5AG002329	1.00	1.00	81.34	414	L1
transcript:AT1G33590.1	Cau.Cau5BG001841	0.99	0.99	66.74	317	L1
transcript:AT5G62140.1	Cau.Cau9BG000328	0.90	0.93	56.77	130	L1
transcript:AT2G06990.1	Cau.Cau5BG002416	1.00	1.00	83.25	825	L1
transcript:AT3G59710.3	Cau.Cau5BG002035	0.95	0.92	64.62	179	L1
transcript:AT4G37040.1	Cau.Cau1BG000414	0.99	0.98	77.97	269	L1
transcript:AT5G12440.7	Cau.Cau2BG000283	1.00	0.98	45.09	317	L1
transcript:AT4G30470.1	Cau.Cau4BG002202	0.99	0.98	72.24	216	L1
transcript:AT1G13020.1	Cau.Cau7BG000526	1.00	1.00	54.37	311	L1
transcript:AT2G21860.1	Cau.Cau1AG001927	0.96	0.97	67.49	357	L1
transcript:AT5G07810.1	Cau.Cau5BG001009	0.99	0.99	56.59	700	L1
transcript:AT1G79070.2	Cau.Cau5BG001463	0.75	0.62	60.19	62	L1
transcript:AT3G07870.1	Cau.Cau2BG001325	1.00	0.99	56.19	236	L1
transcript:AT1G16080.1	Cau.Cau1AG001475	0.91	0.93	79.09	227	L1
transcript:AT5G47710.4	Cau.Cau2BG002788	0.98	0.99	73.62	120	L1
transcript:AT3G54840.1	Cau.Cau7BG001826	1.00	1.00	87.62	177	L1
transcript:AT1G74970.1	Cau.Cau3AG000386	0.90	0.89	77.78	147	L1
transcript:AT5G40950.1	Cau.Cau2AG000875	0.99	1.00	76.38	152	L1
transcript:AT5G45410.5	Cau.Cau3AG001856	0.99	0.96	64.47	225	L1
transcript:AT4G39390.3	Cau.Cau1BG001986	1.00	1.00	81.74	273	L1
transcript:AT1G15670.1	Cau.Cau1AG001208	1.00	1.00	54.17	195	L1
transcript:AT2G27240.1	Cau.Cau8AG001303	0.91	0.91	56.83	262	L1
transcript:AT1G21722.1	Cau.Cau3AG000837	0.91	0.94	47.83	110	L1
transcript:AT3G44716.2	Cau.Cau8BG001465	0.69	0.62	41.94	39	L1
transcript:AT4G24630.1	Cau.Cau3BG000655	1.00	1.00	70.82	301	L1
transcript:AT1G22020.1	Cau.Cau3BG000935	0.99	0.98	73.45	437	L1
transcript:AT5G55940.1	Cau.Cau4AG001613	0.97	0.99	78.11	157	L1
transcript:AT5G58370.3	Cau.Cau1BG001807	0.70	0.62	77.37	253	L1
transcript:AT3G53490.1	Cau.Cau6BG001599	0.94	0.93	56.34	120	L1
transcript:AT3G55410.2	Cau.Cau5BG001827	1.00	0.99	88.50	900	L1
transcript:AT1G01940.1	Cau.Cau5AG003679	0.99	0.99	92.45	147	L1
transcript:AT2G37790.1	Cau.Cau6BG001444	1.00	0.94	77.46	244	L1
transcript:AT5G13680.1	Cau.Cau7BG002016	1.00	1.00	63.30	840	L1
transcript:AT5G58375.1	Cau.Cau1AG001635	0.99	0.99	59.30	51	L1
transcript:AT5G03280.1	Cau.Cau6AG001724	1.00	1.00	55.40	739	L1
transcript:AT2G19385.1	Cau.Cau4BG000958	1.00	1.00	48.43	154	L1
transcript:AT5G16220.1	Cau.Cau6AG000411	0.94	0.91	37.67	191	L1
transcript:AT3G55800.1	Cau.Cau7BG002298	1.00	1.00	82.74	326	L1
transcript:AT1G34790.1	Cau.Cau3BG001010	0.84	0.87	66.67	170	L1
transcript:AT5G41370.1	Cau.Cau5BG000233	0.99	1.00	87.58	670	L1
transcript:AT5G06410.1	Cau.Cau6AG000873	0.80	0.77	64.11	134	L1
transcript:AT5G43080.1	Cau.Cau3AG001245	0.99	0.99	62.90	234	L1
transcript:AT1G60860.1	Cau.Cau7BG001014	1.00	1.00	66.20	523	L1
transcript:AT3G43220.1	Cau.Cau4AG001749	1.00	1.00	64.87	543	L1
transcript:AT5G54290.1	Cau.Cau4BG001254	0.95	0.99	73.68	252	L1
transcript:AT1G72520.1	Cau.Cau1BG000947	0.99	1.00	66.64	503	L1
transcript:AT3G05545.1	Cau.Cau3BG001367	0.91	0.91	50.60	211	L1
transcript:AT4G34190.1	Cau.Cau8BG000387	1.00	1.00	62.00	93	L1
transcript:AT4G02830.1	Cau.Cau5BG002885	0.98	0.96	38.31	77	L1
transcript:AT1G53840.1	Cau.Cau1AG001002	1.00	1.00	59.53	353	L1
transcript:AT1G70150.1	Cau.Cau7AG000380	1.00	1.00	64.21	244	L1
transcript:AT5G46080.1	Cau.Cau2AG002417	0.98	0.99	58.33	196	L1
transcript:AT1G49670.2	Cau.Cau8AG000456	1.00	1.00	68.24	449	L1
transcript:AT2G38720.1	Cau.Cau3AG001926	0.99	0.99	60.07	331	L1
transcript:AT1G17130.1	Cau.Cau5BG001417	0.99	1.00	69.82	236	L1
transcript:AT5G64560.1	Cau.Cau9AG001329	1.00	1.00	80.10	318	L1
transcript:AT2G26430.1	Cau.Cau7AG001896	1.00	1.00	69.96	312	L1
transcript:AT1G68730.1	Cau.Cau7BG000842	0.99	0.99	47.06	80	L1
transcript:AT5G42650.1	Cau.Cau3AG000397	0.98	0.96	66.15	340	L1
transcript:AT5G58530.1	Cau.Cau8BG002019	0.98	0.99	50.00	137	L1
transcript:AT5G19430.1	Cau.Cau2AG000350	1.00	0.97	57.65	147	L1
transcript:AT2G21820.1	Cau.Cau9AG000008	1.00	1.00	65.17	58	L1
transcript:AT1G60070.1	Cau.Cau7AG000418	1.00	1.00	80.83	704	L1
transcript:AT4G35230.1	Cau.Cau3BG000108	1.00	1.00	81.40	420	L1
transcript:AT5G51720.1	Cau.Cau9AG000366	0.81	0.81	77.01	67	L1
transcript:AT4G27745.4	Cau.Cau5BG001554	0.99	0.98	83.81	88	L1
transcript:AT3G26340.1	Cau.Cau7BG000637	1.00	0.99	84.56	230	L1
transcript:AT1G27990.1	Cau.Cau7AG000695	1.00	1.00	66.91	184	L1
transcript:AT1G73060.1	Cau.Cau1BG001494	0.96	0.89	75.29	262	L1
transcript:AT1G71010.1	Cau.Cau2BG001694	1.00	1.00	57.95	1024	L1
transcript:AT2G12550.1	Cau.Cau4BG001949	0.99	0.98	58.33	329	L1
transcript:AT3G05620.1	Cau.Cau3BG001343	0.99	0.99	66.17	358	L1
transcript:AT2G11520.1	Cau.Cau4BG001916	0.97	0.98	58.06	299	L1
transcript:AT5G63660.1	Cau.Cau1BG000784	0.97	0.99	63.89	46	L1
transcript:AT3G60070.3	Cau.Cau7BG000006	0.99	0.97	69.74	325	L1
transcript:AT1G63900.1	Cau.Cau5BG002926	1.00	1.00	76.74	264	L1
transcript:AT1G30880.1	Cau.Cau2AG001888	0.94	0.95	57.26	67	L1
transcript:AT5G20820.1	Cau.Cau4BG001766	1.00	1.00	59.40	79	L1
transcript:AT3G22960.1	Cau.Cau9AG001355	1.00	1.00	80.94	484	L1
transcript:AT4G21870.1	Cau.Cau2BG002157	1.00	1.00	58.27	81	L1
transcript:AT4G21670.1	Cau.Cau2AG002337	0.99	0.99	64.22	621	L1
transcript:AT3G14200.1	Cau.Cau1BG000994	0.80	0.92	51.24	103	L1
transcript:AT1G77270.1	Cau.Cau3AG000797	0.41	0.57	28.57	82	L1
transcript:AT2G03690.1	Cau.Cau7BG000746	0.99	1.00	79.46	178	L1
transcript:AT3G61470.1	Cau.Cau7BG000667	0.99	1.00	73.98	199	L1
transcript:AT3G09280.1	Cau.Cau6AG001412	0.87	0.96	37.04	50	L1
transcript:AT3G01440.1	Cau.Cau4AG001294	1.00	1.00	62.33	139	L1
transcript:AT2G25910.1	Cau.Cau4BG000445	0.99	0.99	75.44	255	L1
transcript:AT1G75860.1	Cau.Cau3BG000173	0.74	0.70	37.22	83	L1
transcript:AT2G46210.1	Cau.Cau5AG003491	0.99	1.00	74.89	334	L1
transcript:AT4G09350.1	Cau.Cau3AG000609	1.00	1.00	59.77	156	L1
transcript:AT1G18520.1	Cau.Cau5BG001133	0.99	0.97	47.78	129	L1
transcript:AT4G24200.2	Cau.Cau3BG000185	1.00	1.00	36.36	393	L1
transcript:AT1G30230.2	Cau.Cau5BG000622	0.90	0.86	81.12	189	L1
transcript:AT1G69010.1	Cau.Cau7BG000783	0.99	1.00	57.96	193	L1
transcript:AT2G01070.1	Cau.Cau3AG002041	1.00	1.00	68.54	353	L1
transcript:AT3G10520.1	Cau.Cau7BG001752	0.96	0.97	73.51	111	L1
transcript:AT4G13220.1	Cau.Cau5AG002659	0.87	0.91	55.56	85	L1
transcript:AT4G18950.1	Cau.Cau2BG002535	0.95	0.95	52.97	232	L1
transcript:AT5G04520.1	Cau.Cau7BG001748	0.99	0.99	78.07	235	L1
transcript:AT1G71120.1	Cau.Cau2AG001730	0.97	0.98	66.76	237	L1
transcript:AT5G24830.1	Cau.Cau4BG000035	0.97	1.00	52.14	304	L1
transcript:AT1G63640.3	Cau.Cau5BG000258	0.99	0.99	54.56	616	L1
transcript:AT3G58120.1	Cau.Cau2BG000654	1.00	1.00	62.75	219	L1
transcript:AT5G43330.1	Cau.Cau9AG001245	1.00	1.00	92.17	306	L1
transcript:AT5G04990.1	Cau.Cau3AG001877	0.97	0.99	54.01	256	L1
transcript:AT5G61850.1	Cau.Cau7BG001373	0.92	0.94	68.25	273	L1
transcript:AT1G79280.1	Cau.Cau9AG000013	0.99	0.99	55.53	1164	L1
transcript:AT1G73050.1	Cau.Cau1AG001498	0.98	0.98	69.65	381	L1
transcript:AT5G67030.1	Cau.Cau1AG000422	1.00	1.00	69.64	468	L1
transcript:AT1G32415.1	Cau.Cau7BG001505	0.96	0.97	54.64	406	L1
transcript:AT5G15020.2	Cau.Cau6AG000203	1.00	1.00	59.79	858	L1
transcript:AT2G36090.1	Cau.Cau6AG000798	0.95	0.97	53.03	175	L1
transcript:AT2G30120.4	Cau.Cau8BG002030	0.84	0.80	46.93	107	L1
transcript:AT4G39160.3	Cau.Cau8BG000661	0.54	0.44	38.99	131	L1
transcript:AT4G37510.1	Cau.Cau1AG000512	1.00	1.00	80.74	436	L1
transcript:AT1G49980.8	Cau.Cau8BG000294	1.00	0.99	64.15	433	L1
transcript:AT1G51160.1	Cau.Cau9BG000170	1.00	1.00	91.12	154	L1
transcript:AT2G43280.1	Cau.Cau5BG002232	0.85	0.99	78.86	138	L1
transcript:AT1G17160.1	Cau.Cau5BG001431	0.85	0.85	77.16	250	L1
transcript:AT2G19690.1	Cau.Cau4AG000854	0.99	0.95	53.64	81	L1
transcript:AT4G17060.1	Cau.Cau5AG000670	0.86	0.52	35.21	100	L1
transcript:AT5G40890.1	Cau.Cau2BG000888	1.00	1.00	81.46	637	L1
transcript:AT1G78800.1	Cau.Cau5BG001295	1.00	1.00	75.55	309	L1
transcript:AT4G15410.1	Cau.Cau2AG001257	0.99	0.99	57.96	244	L1
transcript:AT3G53360.2	Cau.Cau6BG001670	0.98	0.97	60.77	457	L1
transcript:AT2G39725.1	Cau.Cau5AG001863	0.93	0.98	70.11	61	L1
transcript:AT1G02660.1	Cau.Cau5AG003174	1.00	1.00	56.42	435	L1
transcript:AT5G45700.1	Cau.Cau2BG002523	0.98	0.98	47.04	135	L1
transcript:AT5G57030.1	Cau.Cau4AG000938	1.00	0.99	74.15	393	L1
transcript:AT3G04870.4	Cau.Cau3AG001613	1.00	1.00	81.40	464	L1
transcript:AT4G17010.1	Cau.Cau5BG000685	0.97	0.96	61.94	96	L1
transcript:AT4G05210.3	Cau.Cau2BG002200	0.79	0.90	71.02	174	L1
transcript:AT4G22030.1	Cau.Cau2AG002676	1.00	1.00	52.82	234	L1
transcript:AT2G30970.2	Cau.Cau2BG000709	0.94	0.96	85.96	349	L1
transcript:AT1G61140.1	Cau.Cau2AG002318	0.98	0.99	51.34	636	L1
transcript:AT4G34310.2	Cau.Cau3AG000438	0.99	1.00	69.13	665	L1
transcript:AT2G23780.3	Cau.Cau1AG000330	0.93	0.86	65.44	142	L1
transcript:AT2G20570.1	Cau.Cau2BG000626	1.00	1.00	50.43	234	L1
transcript:AT4G12040.2	Cau.Cau5AG000851	1.00	1.00	59.44	107	L1
transcript:AT1G30475.3	Cau.Cau4BG001646	0.98	0.96	49.14	86	L1
transcript:AT4G35350.1	Cau.Cau8BG000024	0.96	0.97	77.42	264	L1
transcript:AT3G16290.1	Cau.Cau1BG001105	0.99	0.99	76.62	675	L1
transcript:AT3G19210.1	Cau.Cau8AG000450	1.00	1.00	72.61	676	L1
transcript:AT2G35800.1	Cau.Cau7BG001909	1.00	1.00	68.05	575	L1
transcript:AT2G24970.1	Cau.Cau4BG000117	0.97	0.96	60.40	90	L1
transcript:AT4G28640.1	Cau.Cau5AG002711	0.93	0.92	54.48	146	L1
transcript:AT5G07050.1	Cau.Cau3AG001927	1.00	1.00	66.02	274	L1
transcript:AT3G20570.1	Cau.Cau4BG001353	0.95	0.81	48.10	101	L1
transcript:AT4G32880.1	Cau.Cau4AG000407	1.00	0.99	81.11	687	L1
transcript:AT1G58225.1	Cau.Cau3BG001109	0.38	0.52	50.00	27	L1
transcript:AT2G04039.1	Cau.Cau2AG001442	0.88	0.87	59.89	106	L1
transcript:AT3G18930.2	Cau.Cau8AG000566	0.90	0.90	55.13	215	L1
transcript:AT1G05950.1	Cau.Cau5AG002319	0.27	0.75	43.26	77	L1
transcript:AT3G26700.3	Cau.Cau2BG000768	1.00	1.00	70.08	267	L1
transcript:AT1G71040.1	Cau.Cau2AG001707	0.99	0.99	71.30	410	L1
transcript:AT5G18310.2	Cau.Cau5AG002451	0.93	0.93	42.17	70	L1
transcript:AT4G35905.1	Cau.Cau1BG000106	1.00	0.89	70.13	54	L1
transcript:AT1G20050.1	Cau.Cau8AG000960	0.99	1.00	62.61	139	L1
transcript:AT3G26085.1	Cau.Cau7BG000575	0.88	0.87	57.84	155	L1
transcript:AT2G33585.1	Cau.Cau3BG000033	0.50	1.00	76.04	73	L1
transcript:AT1G04790.1	Cau.Cau9BG001079	1.00	1.00	36.79	273	L1
transcript:AT5G08680.1	Cau.Cau2BG001725	0.95	0.96	85.07	456	L1
transcript:AT4G15417.1	Cau.Cau2BG001251	0.89	0.85	52.97	125	L1
transcript:AT4G12420.1	Cau.Cau5AG000803	0.97	0.97	80.17	461	L1
transcript:AT3G15353.1	Cau.Cau4AG001157	0.96	0.96	58.21	39	L1
transcript:AT1G67060.1	Cau.Cau6BG000375	1.00	1.00	86.38	203	L1
transcript:AT2G28190.1	Cau.Cau8BG001528	0.91	0.83	79.59	156	L1
transcript:AT5G11620.2	Cau.Cau4AG000402	0.96	0.93	46.59	123	L1
transcript:AT5G04220.2	Cau.Cau7AG001833	0.99	0.99	64.60	354	L1
transcript:AT2G32000.1	Cau.Cau9BG000892	1.00	1.00	74.22	642	L1
transcript:AT5G55100.1	Cau.Cau4BG001489	1.00	1.00	45.58	423	L1
transcript:AT1G60470.1	Cau.Cau7AG000457	0.94	0.93	81.59	257	L1
transcript:AT3G09210.1	Cau.Cau6AG001384	0.98	0.99	60.12	208	L1
transcript:AT1G03900.1	Cau.Cau5AG002764	1.00	1.00	74.56	214	L1
transcript:AT5G41761.1	Cau.Cau5BG000163	0.61	0.68	64.52	40	L1
transcript:AT1G05500.1	Cau.Cau4BG001918	1.00	1.00	74.87	429	L1
transcript:AT5G40840.1	Cau.Cau2BG000911	1.00	1.00	33.22	290	L1
transcript:AT3G06920.1	Cau.Cau9AG001675	0.97	0.92	75.32	641	L1
transcript:AT5G64920.1	Cau.Cau3AG000188	0.95	0.94	49.16	176	L1
transcript:AT3G06260.1	Cau.Cau5BG002932	0.93	0.92	72.12	238	L1
transcript:AT1G17850.2	Cau.Cau5AG001710	0.85	0.84	68.16	259	L1
transcript:AT1G51405.1	Cau.Cau2BG000252	0.98	0.95	42.75	224	L1
transcript:ATCG00300.1	Cau.Cau5AG001702	1.00	1.00	95.16	59	L1
transcript:AT4G14716.1	Cau.Cau9AG001379	0.98	0.99	83.25	164	L1
transcript:AT5G24650.1	Cau.Cau5BG001624	0.93	0.97	60.32	152	L1
transcript:AT4G17785.1	Cau.Cau3AG001750	0.99	1.00	44.51	162	L1
transcript:AT2G38890.2	Cau.Cau7AG001906	0.81	0.88	32.97	92	L1
transcript:AT2G26790.2	Cau.Cau6AG001277	0.96	0.94	42.07	329	L1
transcript:AT5G49720.1	Cau.Cau3BG002447	0.97	0.97	80.33	486	L1
transcript:AT3G27027.1	Cau.Cau2AG000865	0.99	0.97	86.76	59	L1
transcript:AT1G57540.2	Cau.Cau6BG002407	0.93	1.00	84.38	81	L1
transcript:AT5G42970.1	Cau.Cau3BG000353	1.00	1.00	85.89	341	L1
transcript:AT1G80580.1	Cau.Cau1AG001386	0.91	0.94	38.81	111	L1
transcript:AT1G28200.1	Cau.Cau3BG001064	0.88	0.88	70.25	170	L1
transcript:AT4G04920.3	Cau.Cau2AG002340	0.97	0.98	77.20	958	L1
transcript:AT2G05170.1	Cau.Cau2BG001355	1.00	0.99	79.57	748	L1
transcript:AT1G10370.1	Cau.Cau7AG000349	0.96	0.95	69.78	157	L1
transcript:AT4G35560.2	Cau.Cau1BG000036	1.00	1.00	54.91	587	L1
transcript:AT5G11890.1	Cau.Cau4AG000503	1.00	1.00	50.35	145	L1
transcript:AT2G45030.1	Cau.Cau5BG003729	1.00	1.00	83.71	637	L1
transcript:AT3G18360.1	Cau.Cau5BG001213	0.86	0.88	37.01	94	L1
transcript:AT1G53920.1	Cau.Cau1BG001007	0.96	0.96	60.21	227	L1
transcript:AT2G05220.2	Cau.Cau7BG001659	1.00	1.00	87.86	123	L1
transcript:AT1G47270.3	Cau.Cau3AG000319	1.00	1.00	63.19	273	L1
transcript:AT3G15880.4	Cau.Cau4AG000524	1.00	1.00	74.69	850	L1
transcript:AT5G48545.1	Cau.Cau7BG001217	0.95	0.92	68.45	128	L1
transcript:AT5G37478.1	Cau.Cau9BG000879	0.96	0.93	51.76	88	L1
transcript:AT4G03090.1	Cau.Cau5BG002963	0.99	0.97	45.74	440	L1
transcript:AT3G11710.1	Cau.Cau4AG002061	0.99	1.00	77.00	482	L1
transcript:AT1G61740.1	Cau.Cau2BG002215	0.99	0.97	58.53	271	L1
transcript:AT1G14600.1	Cau.Cau8BG001102	0.99	0.99	34.21	117	L1
transcript:AT2G34050.1	Cau.Cau2AG002442	0.92	0.95	65.52	152	L1
transcript:AT4G10840.1	Cau.Cau5AG000089	1.00	1.00	78.76	482	L1
transcript:AT3G07610.1	Cau.Cau7AG000949	0.72	0.73	51.78	380	L1
transcript:AT3G26630.1	Cau.Cau2BG000735	0.89	0.93	60.84	247	L1
transcript:AT3G49870.1	Cau.Cau8BG000290	1.00	1.00	91.30	168	L1
transcript:AT5G15700.1	Cau.Cau6BG000232	1.00	1.00	66.83	693	L1
transcript:AT3G50930.1	Cau.Cau1AG000238	0.81	0.97	61.67	288	L1
transcript:AT1G17980.1	Cau.Cau6BG001751	0.99	0.99	62.57	478	L1
transcript:AT1G66740.1	Cau.Cau2BG001726	0.93	0.95	79.78	146	L1
transcript:AT2G06520.1	Cau.Cau4BG001848	0.90	0.86	67.29	72	L1
transcript:AT4G03260.4	Cau.Cau2AG001068	1.00	1.00	50.21	356	L1
transcript:AT1G78810.3	Cau.Cau5BG001289	0.91	0.92	40.34	170	L1
transcript:AT2G37300.4	Cau.Cau6AG001607	0.31	0.20	65.38	34	L1
transcript:AT4G10260.1	Cau.Cau5AG001964	0.99	1.00	78.64	254	L1
transcript:AT3G55960.1	Cau.Cau7BG002243	0.99	0.99	72.61	220	L1
transcript:AT2G20560.1	Cau.Cau2AG000624	1.00	1.00	81.21	281	L1
transcript:AT1G64570.1	Cau.Cau6AG002042	0.96	0.96	42.24	555	L1
transcript:AT4G03340.1	Cau.Cau2AG001076	1.00	1.00	72.57	328	L1
transcript:AT2G30500.2	Cau.Cau1AG001686	1.00	1.00	44.94	280	L1
transcript:AT3G27030.1	Cau.Cau2BG000861	0.49	1.00	72.46	50	L1
transcript:AT2G17972.1	Cau.Cau1BG000160	1.00	0.97	46.71	78	L1
transcript:AT4G05150.1	Cau.Cau2AG002265	0.94	1.00	50.00	238	L1
transcript:AT5G24580.4	Cau.Cau5AG001637	1.00	1.00	61.04	199	L1
transcript:AT1G10155.1	Cau.Cau2BG001956	0.96	0.98	49.72	89	L1
transcript:AT2G04280.1	Cau.Cau2BG001404	1.00	1.00	74.35	426	L1
transcript:AT1G79340.1	Cau.Cau9BG000017	1.00	1.00	68.63	291	L1
transcript:AT3G07560.1	Cau.Cau2AG001457	1.00	0.97	59.81	186	L1
transcript:AT3G18590.1	Cau.Cau5BG001151	0.79	0.88	52.60	81	L1
transcript:AT4G36670.1	Cau.Cau1BG000306	0.97	0.93	69.46	332	L1
transcript:AT4G14510.1	Cau.Cau9AG001319	0.68	0.98	57.47	377	L1
transcript:AT2G16430.2	Cau.Cau8AG000706	0.98	0.98	77.95	357	L1
transcript:AT2G35980.1	Cau.Cau6AG000834	1.00	1.00	54.11	125	L1
transcript:AT3G06850.2	Cau.Cau9AG001706	1.00	1.00	61.51	318	L1
transcript:AT2G37040.1	Cau.Cau6AG001726	1.00	1.00	82.69	602	L1
transcript:AT4G31130.1	Cau.Cau4BG000005	0.91	0.89	76.27	135	L1
transcript:AT3G26980.1	Cau.Cau2AG000845	1.00	1.00	72.50	87	L1
transcript:AT4G13580.1	Cau.Cau9BG001122	0.99	0.98	74.80	187	L1
transcript:AT4G37190.1	Cau.Cau1BG000391	1.00	1.00	65.86	380	L1
transcript:AT5G02890.1	Cau.Cau5BG000694	0.98	0.97	38.24	143	L1
transcript:AT2G47010.2	Cau.Cau5BG003232	0.96	0.93	72.94	345	L1
transcript:AT4G24990.1	Cau.Cau7BG001424	1.00	1.00	77.97	92	L1
transcript:AT2G42040.1	Cau.Cau6AG000964	0.93	0.99	32.25	109	L1
transcript:AT2G43640.1	Cau.Cau5BG002120	0.99	0.98	70.83	85	L1
transcript:AT1G11000.3	Cau.Cau3AG002130	1.00	1.00	70.80	417	L1
transcript:AT2G35360.1	Cau.Cau7BG001539	0.93	0.96	65.44	142	L1
transcript:AT3G05740.1	Cau.Cau3AG001311	0.88	1.00	61.28	345	L1
transcript:AT3G10400.1	Cau.Cau7BG001813	0.96	0.96	61.81	157	L1
transcript:AT1G02140.1	Cau.Cau5BG003773	1.00	1.00	90.00	135	L1
transcript:AT1G07705.2	Cau.Cau8BG001751	0.99	1.00	70.70	473	L1
transcript:AT3G62770.1	Cau.Cau5AG003064	1.00	1.00	75.79	335	L1
transcript:AT3G56600.2	Cau.Cau6BG000584	1.00	0.99	53.31	306	L1
transcript:AT1G67920.1	Cau.Cau2AG001623	0.78	0.48	70.37	38	L1
transcript:AT1G49410.1	Cau.Cau8BG000540	1.00	1.00	72.22	39	L1
transcript:AT4G33380.1	Cau.Cau3AG000450	1.00	1.00	61.93	205	L1
transcript:AT2G35620.4	Cau.Cau3AG001727	1.00	1.00	66.78	404	L1
transcript:AT1G65840.1	Cau.Cau6BG000645	1.00	1.00	73.29	365	L1
transcript:AT1G43190.2	Cau.Cau3AG000666	0.52	1.00	82.22	185	L1
transcript:AT1G29850.1	Cau.Cau2BG002569	1.00	1.00	83.33	110	L1
transcript:AT5G57100.1	Cau.Cau4BG002013	1.00	0.99	71.50	281	L1
transcript:AT4G29100.1	Cau.Cau4AG000744	1.00	1.00	39.29	176	L1
transcript:AT3G47840.1	Cau.Cau1BG000249	0.91	0.91	60.50	389	L1
transcript:AT1G05610.2	Cau.Cau5AG002016	0.95	0.95	58.33	273	L1
transcript:AT5G17200.1	Cau.Cau1AG001292	0.99	0.99	44.50	190	L1
transcript:AT1G73470.3	Cau.Cau5AG001674	1.00	0.99	65.17	232	L1
transcript:AT4G23840.1	Cau.Cau5BG000131	0.97	0.97	52.32	305	L1
transcript:AT3G08670.1	Cau.Cau6AG001136	1.00	1.00	59.00	354	L1
transcript:AT5G26820.1	Cau.Cau3AG001280	0.98	0.98	68.69	408	L1
transcript:AT4G09730.1	Cau.Cau3BG000629	0.99	0.97	62.69	420	L1
transcript:AT2G43070.1	Cau.Cau5BG002313	0.96	0.98	65.26	340	L1
transcript:AT2G21195.1	Cau.Cau5AG001867	0.71	0.58	65.15	43	L1
transcript:AT5G65380.1	Cau.Cau1AG000693	0.98	0.98	74.74	358	L1
transcript:AT3G01390.2	Cau.Cau6BG001706	1.00	1.00	76.36	84	L1
transcript:AT4G37925.1	Cau.Cau3BG000799	0.81	0.84	68.93	122	L1
transcript:AT4G33620.1	Cau.Cau8AG000900	0.82	0.78	40.20	287	L1
transcript:AT3G59910.1	Cau.Cau5AG002004	0.98	0.96	73.61	449	L1
transcript:AT1G28710.4	Cau.Cau5AG003818	0.97	0.97	57.55	202	L1
transcript:AT5G37060.1	Cau.Cau8AG002031	0.96	0.93	48.12	396	L1
transcript:AT3G56750.1	Cau.Cau6BG000537	0.99	1.00	67.25	271	L1
transcript:AT5G07380.2	Cau.Cau7AG001331	1.00	1.00	56.73	375	L1
transcript:AT4G10920.1	Cau.Cau5AG000105	1.00	0.99	58.79	97	L1
transcript:AT3G10330.1	Cau.Cau9BG000709	1.00	1.00	94.23	294	L1
transcript:AT4G35240.4	Cau.Cau8BG000065	0.99	0.99	53.94	479	L1
transcript:AT5G05570.2	Cau.Cau7BG002236	1.00	1.00	50.40	568	L1
transcript:AT3G27830.2	Cau.Cau2AG000505	0.99	0.95	62.30	119	L1
transcript:AT2G20430.1	Cau.Cau5AG002751	0.96	0.89	44.98	94	L1
transcript:AT1G66510.1	Cau.Cau6BG000455	0.97	1.00	71.54	279	L1
transcript:AT3G54750.4	Cau.Cau6AG000888	0.99	0.96	52.44	322	L1
transcript:AT1G16860.1	Cau.Cau1BG001614	1.00	1.00	77.55	373	L1
transcript:AT1G27290.2	Cau.Cau7AG000684	1.00	1.00	58.78	87	L1
transcript:AT1G74750.4	Cau.Cau5BG000346	1.00	1.00	67.27	590	L1
transcript:AT1G07810.1	Cau.Cau8BG001747	1.00	1.00	83.08	884	L1
transcript:AT4G18550.1	Cau.Cau2AG002464	0.98	0.97	63.02	259	L1
transcript:AT4G13200.1	Cau.Cau5BG002584	0.82	0.75	50.00	82	L1
transcript:AT2G24220.1	Cau.Cau4BG002271	0.99	1.00	73.26	263	L1
transcript:AT1G28300.1	Cau.Cau2AG002387	0.85	0.79	40.17	145	L1
transcript:AT3G21630.1	Cau.Cau2AG001247	1.00	1.00	60.83	379	L1
transcript:AT1G03600.1	Cau.Cau2BG001033	0.95	0.98	62.50	110	L1
transcript:AT1G74850.1	Cau.Cau5AG000374	0.98	0.97	72.59	617	L1
transcript:AT4G25720.1	Cau.Cau9AG000189	1.00	0.99	56.20	195	L1
transcript:AT1G31300.3	Cau.Cau2BG001965	0.97	0.99	74.54	202	L1
transcript:AT3G19840.1	Cau.Cau7AG001026	0.88	0.81	57.77	450	L1
transcript:AT1G20270.1	Cau.Cau2AG002362	1.00	1.00	79.72	228	L1
transcript:AT3G05327.1	Cau.Cau3BG001425	0.89	0.86	49.74	94	L1
transcript:AT1G11020.1	Cau.Cau4BG000610	1.00	1.00	77.50	248	L1
transcript:AT2G04530.1	Cau.Cau2BG001300	1.00	1.00	74.65	268	L1
transcript:AT1G53590.1	Cau.Cau5BG001400	0.99	0.98	60.41	473	L1
transcript:AT3G26370.1	Cau.Cau7AG000535	0.56	1.00	94.21	293	L1
transcript:AT2G30110.1	Cau.Cau8AG002013	1.00	1.00	81.17	888	L1
transcript:AT5G41980.1	Cau.Cau4AG000987	0.42	1.00	55.36	93	L1
transcript:AT1G26850.2	Cau.Cau7BG000276	1.00	1.00	82.76	509	L1
transcript:AT5G49820.1	Cau.Cau3BG002393	0.98	0.98	70.70	362	L1
transcript:AT4G39380.2	Cau.Cau1AG001911	0.81	0.83	38.79	173	L1
transcript:AT4G21060.2	Cau.Cau2BG002113	1.00	1.00	69.08	478	L1
transcript:AT1G68070.1	Cau.Cau2BG001607	0.99	0.99	68.26	243	L1
transcript:AT3G52105.1	Cau.Cau7BG000074	0.94	0.97	65.15	43	L1
transcript:AT3G24170.3	Cau.Cau9BG001042	1.00	1.00	80.80	404	L1
transcript:AT5G07930.1	Cau.Cau8AG000717	0.50	0.40	54.55	78	L1
transcript:AT5G45930.1	Cau.Cau2AG002451	1.00	1.00	79.58	339	L1
transcript:AT5G19570.1	Cau.Cau4AG000751	0.99	0.99	63.24	86	L1
transcript:AT3G21150.1	Cau.Cau1AG001530	0.98	0.99	43.62	106	L1
transcript:AT3G02230.1	Cau.Cau6BG000266	0.99	0.95	88.70	314	L1
transcript:AT5G22090.2	Cau.Cau8BG001305	0.96	0.95	35.42	192	L1
transcript:AT3G17590.1	Cau.Cau9BG002004	1.00	1.00	77.08	185	L1
transcript:AT2G18660.1	Cau.Cau4BG002172	0.95	0.95	53.60	67	L1
transcript:AT2G30480.2	Cau.Cau1BG001786	0.67	0.99	33.70	154	L1
transcript:AT5G24930.1	Cau.Cau4BG000098	1.00	1.00	63.40	239	L1
transcript:AT5G28020.2	Cau.Cau3AG001585	1.00	1.00	74.92	242	L1
transcript:AT3G23940.1	Cau.Cau9BG001078	1.00	1.00	84.20	517	L1
transcript:AT5G61540.1	Cau.Cau9AG000498	0.98	0.99	72.80	257	L1
transcript:AT5G17530.3	Cau.Cau7BG001861	1.00	0.99	75.00	462	L1
transcript:AT1G16810.2	Cau.Cau1AG001562	1.00	1.00	63.89	92	L1
transcript:AT2G19070.1	Cau.Cau4BG002075	1.00	1.00	66.52	302	L1
transcript:AT2G44300.1	Cau.Cau7BG000007	0.96	0.96	55.28	110	L1
transcript:AT4G18335.1	Cau.Cau2AG002617	0.90	0.89	31.08	46	L1
transcript:AT1G68050.1	Cau.Cau2BG001601	0.94	0.91	83.73	494	L1
transcript:AT4G01400.1	Cau.Cau5AG003354	0.96	0.96	65.71	299	L1
transcript:AT5G61820.2	Cau.Cau7AG001341	0.98	0.98	54.35	256	L1
transcript:AT1G02065.1	Cau.Cau5AG003757	0.99	0.89	49.16	175	L1
transcript:AT5G13390.1	Cau.Cau8BG001039	1.00	1.00	73.79	836	L1
transcript:AT1G77480.1	Cau.Cau3AG000843	0.92	0.94	56.65	247	L1
transcript:AT1G61215.1	Cau.Cau2BG002299	0.97	0.98	46.52	227	L1
transcript:AT1G15130.1	Cau.Cau2BG001722	1.00	0.99	75.06	653	L1
transcript:AT5G47940.1	Cau.Cau7AG000062	0.68	0.66	42.11	235	L1
transcript:AT2G20500.1	Cau.Cau5AG002783	0.96	0.95	31.87	58	L1
transcript:AT1G79890.1	Cau.Cau1BG001157	0.98	0.98	62.80	574	L1
transcript:AT1G73770.3	Cau.Cau5BG001249	0.81	0.98	40.71	57	L1
transcript:AT3G59400.1	Cau.Cau5BG002246	0.70	0.67	60.51	118	L1
transcript:AT5G54540.1	Cau.Cau4AG001275	0.96	0.97	36.62	119	L1
transcript:AT2G17230.1	Cau.Cau8BG000036	0.88	0.93	73.44	235	L1
transcript:AT5G48740.1	Cau.Cau5BG002567	1.00	0.99	67.92	612	L1
transcript:AT1G18010.1	Cau.Cau5AG003324	0.94	0.90	76.10	328	L1
transcript:AT2G25310.1	Cau.Cau4BG000199	0.99	1.00	68.10	143	L1
transcript:AT1G04530.1	Cau.Cau9AG001137	1.00	0.74	43.46	138	L1
transcript:AT1G12630.1	Cau.Cau5BG000902	0.99	0.66	58.42	111	L1
transcript:AT1G66235.1	Cau.Cau2AG001175	0.95	0.88	31.10	88	L1
transcript:AT5G35670.1	Cau.Cau2AG001304	0.91	0.92	42.30	173	L1
transcript:AT5G53800.1	Cau.Cau4BG001193	0.48	0.52	77.38	130	L1
transcript:AT3G12620.2	Cau.Cau7AG001934	0.99	0.99	76.82	295	L1
transcript:AT1G02180.1	Cau.Cau5BG003797	0.87	0.86	60.71	119	L1
transcript:AT4G35180.1	Cau.Cau8BG000090	0.94	0.93	48.60	226	L1
transcript:AT1G77550.1	Cau.Cau4BG001720	1.00	0.99	69.32	601	L1
transcript:AT5G20935.1	Cau.Cau8BG001269	0.97	1.00	59.50	72	L1
transcript:AT5G17460.5	Cau.Cau6AG000461	1.00	0.92	70.78	218	L1
transcript:AT3G51620.2	Cau.Cau6AG001179	0.96	0.96	55.04	470	L1
transcript:AT5G55150.1	Cau.Cau4AG001589	0.94	0.55	26.89	103	L1
transcript:AT3G16810.1	Cau.Cau9BG001817	0.99	0.94	61.91	395	L1
transcript:AT2G39690.1	Cau.Cau7BG002368	0.99	0.97	53.63	281	L1
transcript:AT3G07370.1	Cau.Cau7AG001192	0.99	0.97	66.42	182	L1
transcript:AT1G26090.1	Cau.Cau7BG000861	0.99	1.00	59.03	268	L1
transcript:AT3G61250.1	Cau.Cau5AG003594	0.94	0.95	65.23	197	L1
transcript:AT1G12064.1	Cau.Cau2BG002736	0.97	0.95	48.11	51	L1
transcript:AT5G67090.1	Cau.Cau1AG000431	1.00	0.99	49.61	382	L1
transcript:AT3G22890.1	Cau.Cau9BG001441	0.99	0.99	81.78	377	L1
transcript:AT1G75820.1	Cau.Cau3BG000182	0.98	0.97	65.66	631	L1
transcript:AT4G11420.1	Cau.Cau3BG001329	0.99	1.00	72.13	722	L1
transcript:AT3G01930.2	Cau.Cau2AG000870	0.99	0.99	77.83	460	L1
transcript:AT4G28840.1	Cau.Cau4BG000753	1.00	0.99	51.43	108	L1
transcript:AT5G67300.1	Cau.Cau1BG000484	0.92	0.91	58.94	178	L1
transcript:AT5G52040.2	Cau.Cau9AG000308	1.00	1.00	64.01	249	L1
transcript:AT3G04020.1	Cau.Cau7AG002026	1.00	1.00	49.68	153	L1
transcript:AT5G18550.1	Cau.Cau9AG001623	1.00	1.00	58.74	289	L1
transcript:AT5G14660.3	Cau.Cau2AG000509	0.99	0.99	66.79	183	L1
transcript:AT2G45220.1	Cau.Cau5AG003719	1.00	1.00	66.86	343	L1
transcript:AT1G03290.1	Cau.Cau5AG002958	0.99	0.99	46.73	260	L1
transcript:AT2G32240.1	Cau.Cau6BG001043	1.00	1.00	54.24	749	L1
transcript:AT5G01300.1	Cau.Cau6BG001263	0.99	0.90	72.73	120	L1
transcript:AT3G61600.2	Cau.Cau5AG003480	0.98	0.99	83.09	457	L1
transcript:AT2G39940.1	Cau.Cau7AG002287	0.99	0.98	70.70	415	L1
transcript:AT3G20320.1	Cau.Cau5AG002257	1.00	1.00	73.30	280	L1
transcript:AT3G18990.1	Cau.Cau8BG000511	0.48	0.71	75.15	124	L1
transcript:AT5G08640.2	Cau.Cau3AG000898	0.99	1.00	60.88	207	L1
transcript:AT1G69610.3	Cau.Cau7BG000272	0.63	0.45	52.08	200	L1
transcript:AT5G48150.4	Cau.Cau4BG001312	0.86	0.79	58.23	269	L1
transcript:ATCG00270.1	Cau.Cau5AG001705	0.14	0.96	95.83	46	L1
transcript:AT3G62060.2	Cau.Cau5AG003304	0.96	0.96	69.75	309	L1
transcript:AT3G20550.1	Cau.Cau4BG001365	0.98	0.65	57.10	197	L1
transcript:AT2G31370.5	Cau.Cau5BG002211	0.90	0.86	67.02	250	L1
transcript:AT3G59060.4	Cau.Cau7BG001312	0.98	0.94	35.57	154	L1
transcript:AT3G21060.1	Cau.Cau7BG001607	1.00	1.00	72.96	402	L1
transcript:AT1G77020.1	Cau.Cau3AG000766	1.00	1.00	75.52	290	L1
transcript:AT3G47630.2	Cau.Cau2AG001895	0.99	0.99	69.39	229	L1
transcript:AT1G15740.1	Cau.Cau1AG001363	0.99	1.00	73.06	423	L1
transcript:AT3G30530.1	Cau.Cau6AG000297	0.99	0.96	55.74	102	L1
transcript:AT1G75450.2	Cau.Cau3AG000278	0.99	0.93	71.79	392	L1
transcript:AT2G21140.1	Cau.Cau8AG000816	0.88	0.71	46.18	151	L1
transcript:AT5G27270.1	Cau.Cau5BG002340	1.00	0.97	60.38	628	L1
transcript:AT3G61820.1	Cau.Cau5AG003423	1.00	1.00	66.12	324	L1
transcript:AT4G09650.1	Cau.Cau3AG000554	1.00	1.00	64.53	151	L1
transcript:AT3G57590.1	Cau.Cau8BG000298	0.91	0.90	25.77	101	L1
transcript:AT5G51170.1	Cau.Cau7BG001315	1.00	1.00	60.34	175	L1
transcript:AT1G68350.1	Cau.Cau2BG001790	0.97	0.97	38.32	64	L1
transcript:AT5G37840.1	Cau.Cau6BG000459	0.94	0.94	53.74	115	L1
transcript:AT2G17695.2	Cau.Cau1AG000068	1.00	1.00	67.80	139	L1
transcript:AT1G09935.1	Cau.Cau3BG001137	0.98	0.95	61.40	140	L1
transcript:AT3G46510.1	Cau.Cau8BG001811	1.00	1.00	72.89	484	L1
transcript:AT4G16600.1	Cau.Cau5AG000762	0.90	0.93	73.87	328	L1
transcript:AT5G64750.1	Cau.Cau1AG001885	0.80	0.80	42.98	147	L1
transcript:AT5G42360.1	Cau.Cau3AG000065	1.00	1.00	62.80	368	L1
transcript:AT5G20930.1	Cau.Cau8BG001270	1.00	1.00	71.28	494	L1
transcript:AT5G24318.1	Cau.Cau5AG001568	0.98	0.98	65.93	300	L1
transcript:AT1G10760.3	Cau.Cau7BG000482	1.00	1.00	64.40	966	L1
transcript:AT1G27120.1	Cau.Cau7BG000349	1.00	1.00	66.18	454	L1
transcript:AT4G31760.1	Cau.Cau4AG000105	1.00	0.98	63.50	207	L1
transcript:AT1G28560.3	Cau.Cau2BG002804	0.92	0.97	53.90	235	L1
transcript:AT1G72970.1	Cau.Cau1BG000873	0.97	0.96	70.48	413	L1
transcript:AT3G16080.1	Cau.Cau1BG001156	1.00	1.00	88.42	84	L1
transcript:AT5G11030.6	Cau.Cau4BG000177	1.00	1.00	46.10	284	L1
transcript:AT2G21180.1	Cau.Cau8AG000806	0.96	0.98	56.49	74	L1
transcript:AT2G35380.1	Cau.Cau7BG001525	0.98	0.98	51.96	172	L1
transcript:AT2G18230.1	Cau.Cau1BG000256	0.92	0.93	85.50	171	L1
transcript:AT5G04000.1	Cau.Cau9BG000745	0.57	0.48	71.21	47	L1
transcript:AT1G32770.1	Cau.Cau5AG000041	0.99	1.00	51.90	219	L1
transcript:AT4G26470.1	Cau.Cau4AG001670	0.94	0.94	75.46	163	L1
transcript:AT5G44730.2	Cau.Cau2BG001888	0.99	1.00	79.13	201	L1
transcript:AT5G04550.2	Cau.Cau7BG001732	1.00	1.00	60.30	366	L1
transcript:AT2G47140.1	Cau.Cau5AG003266	0.97	0.97	64.40	161	L1
transcript:AT5G27930.3	Cau.Cau5AG001329	0.57	0.92	57.61	106	L1
transcript:AT5G46860.1	Cau.Cau7AG001569	0.96	0.96	79.01	207	L1
transcript:AT4G24700.1	Cau.Cau5AG000517	1.00	0.91	42.00	63	L1
transcript:AT3G12720.1	Cau.Cau9AG000022	0.64	0.56	66.33	132	L1
transcript:AT5G11700.2	Cau.Cau4BG000441	0.97	0.97	76.40	1078	L1
transcript:AT4G03020.1	Cau.Cau5BG002954	1.00	1.00	76.06	375	L1
transcript:AT3G03760.1	Cau.Cau5AG002553	0.72	0.86	65.50	131	L1
transcript:AT1G08630.2	Cau.Cau8BG001179	0.97	0.97	75.29	262	L1
transcript:AT1G74030.1	Cau.Cau5AG001140	0.93	0.94	86.10	384	L1
transcript:AT3G07390.1	Cau.Cau7BG001221	0.89	0.98	49.59	121	L1
transcript:AT4G15090.4	Cau.Cau6BG001038	0.38	0.99	61.61	199	L1
transcript:AT2G47330.1	Cau.Cau5BG003160	1.00	1.00	74.69	593	L1
transcript:AT2G25890.1	Cau.Cau4BG000438	0.92	0.99	60.42	87	L1
transcript:AT3G60740.1	Cau.Cau5AG003716	0.98	1.00	71.46	894	L1
transcript:AT1G22060.2	Cau.Cau3AG000952	1.00	1.00	47.18	988	L1
transcript:AT1G24470.1	Cau.Cau7AG000576	0.98	0.93	61.94	192	L1
transcript:AT5G51690.1	Cau.Cau9BG000381	1.00	0.96	64.54	324	L1
transcript:AT3G13682.1	Cau.Cau4BG001237	0.99	1.00	69.89	527	L1
transcript:AT2G29410.1	Cau.Cau8BG001890	0.99	0.96	48.43	185	L1
transcript:AT4G31430.3	Cau.Cau4AG000049	0.93	0.80	37.88	197	L1
transcript:AT5G02850.1	Cau.Cau6BG001637	0.95	0.95	67.24	275	L1
transcript:AT5G24870.1	Cau.Cau4BG000056	0.99	0.99	47.76	266	L1
transcript:AT1G48350.1	Cau.Cau5BG001932	0.98	0.99	71.18	121	L1
transcript:AT3G52780.1	Cau.Cau6AG000731	0.99	0.98	62.91	268	L1
transcript:AT5G66860.1	Cau.Cau1AG000387	0.98	0.98	64.08	157	L1
transcript:AT5G25310.1	Cau.Cau4AG000198	0.97	0.97	56.78	268	L1
transcript:AT3G17600.1	Cau.Cau9BG002005	0.85	0.62	46.67	77	L1
transcript:AT3G60190.1	Cau.Cau5BG003807	1.00	1.00	81.64	507	L1
transcript:AT5G04740.1	Cau.Cau7AG001657	0.72	0.81	84.40	184	L1
transcript:AT1G68800.1	Cau.Cau7BG000865	0.87	0.73	41.94	151	L1
transcript:AT2G46050.1	Cau.Cau5BG003491	0.97	0.86	48.46	283	L1
transcript:AT1G01260.2	Cau.Cau5BG003370	1.00	0.99	55.09	352	L1
transcript:AT3G14310.1	Cau.Cau1BG001024	0.99	0.99	70.88	426	L1
transcript:AT1G19340.1	Cau.Cau3AG000370	0.98	0.97	62.41	254	L1
transcript:AT1G71980.1	Cau.Cau3AG000595	1.00	0.99	67.56	304	L1
transcript:AT5G52420.1	Cau.Cau9AG000234	0.99	0.97	49.80	123	L1
transcript:AT5G16320.1	Cau.Cau4BG001561	1.00	1.00	38.56	214	L1
transcript:AT2G33400.1	Cau.Cau9AG001154	0.99	0.99	33.33	119	L1
transcript:AT4G33355.1	Cau.Cau7BG000966	0.92	0.93	51.35	57	L1
transcript:AT1G22710.1	Cau.Cau3AG000570	0.97	0.96	66.41	340	L1
transcript:AT2G28110.1	Cau.Cau8BG001556	0.98	0.93	69.16	305	L1
transcript:AT1G22040.1	Cau.Cau3BG000953	1.00	1.00	65.70	316	L1
transcript:AT5G44150.1	Cau.Cau2AG000634	1.00	1.00	45.69	155	L1
transcript:AT5G24080.2	Cau.Cau9AG000163	0.61	0.99	60.11	330	L1
transcript:AT1G08390.1	Cau.Cau8AG001476	0.99	0.99	64.71	88	L1
transcript:AT4G00990.1	Cau.Cau5BG001507	0.98	0.54	54.06	414	L1
transcript:AT4G13850.3	Cau.Cau9BG000934	0.83	0.80	58.54	72	L1
transcript:AT2G06005.1	Cau.Cau4BG001721	0.97	0.97	80.69	280	L1
transcript:AT5G66631.1	Cau.Cau1AG000339	0.97	0.97	59.72	384	L1
transcript:AT4G25290.1	Cau.Cau9BG000409	0.97	0.99	60.38	413	L1
transcript:AT4G08150.1	Cau.Cau3AG001166	1.00	1.00	61.54	248	L1
transcript:AT5G16780.3	Cau.Cau3AG002193	0.96	0.92	59.56	492	L1
transcript:AT4G14920.3	Cau.Cau9BG001525	0.86	0.63	51.94	535	L1
transcript:AT5G48905.1	Cau.Cau9BG001196	0.86	0.95	39.19	29	L1
transcript:ATCG00150.1	Cau.Cau9BG000799	1.00	1.00	93.17	232	L1
transcript:AT1G72050.3	Cau.Cau6AG000278	0.94	0.96	53.83	218	L1
transcript:AT2G29110.1	Cau.Cau4AG000081	0.85	0.92	49.34	352	L1
transcript:AT5G61900.1	Cau.Cau7BG001382	0.99	1.00	72.01	422	L1
transcript:AT1G09300.1	Cau.Cau3AG001266	0.94	0.96	70.97	330	L1
transcript:AT4G36550.1	Cau.Cau1BG000267	0.98	0.98	38.75	291	L1
transcript:AT5G17350.1	Cau.Cau6AG000433	0.99	0.98	48.65	90	L1
transcript:AT3G06035.1	Cau.Cau9AG001494	0.92	0.93	63.39	116	L1
transcript:AT4G26620.1	Cau.Cau4BG001629	0.99	0.90	63.74	283	L1
transcript:AT1G12240.1	Cau.Cau5BG000806	0.95	0.93	66.16	432	L1
transcript:AT3G09430.1	Cau.Cau6AG001512	0.93	0.95	62.67	183	L1
transcript:AT1G80680.1	Cau.Cau1BG001464	0.97	0.98	64.45	660	L1
transcript:AT1G55170.1	Cau.Cau1AG000829	1.00	1.00	57.04	162	L1
transcript:AT1G07220.1	Cau.Cau8AG001966	0.92	1.00	64.95	302	L1
transcript:AT5G39740.2	Cau.Cau2BG001452	1.00	1.00	81.33	244	L1
transcript:AT4G26310.1	Cau.Cau2BG000038	0.99	0.99	58.82	150	L1
transcript:AT4G20770.1	Cau.Cau2AG002043	0.98	0.99	54.24	416	L1
transcript:AT1G21760.1	Cau.Cau3AG000853	1.00	1.00	79.33	261	L1
transcript:AT4G25110.1	Cau.Cau7BG001340	1.00	1.00	49.16	141	L1
transcript:AT3G18490.1	Cau.Cau5AG001190	0.97	0.96	63.22	306	L1
transcript:AT2G01980.1	Cau.Cau2AG001554	0.99	0.99	66.11	757	L1
transcript:AT4G37090.1	Cau.Cau1AG000360	0.51	1.00	51.58	49	L1
transcript:AT1G71750.1	Cau.Cau3BG000627	0.99	0.99	67.38	126	L1
transcript:AT5G59750.2	Cau.Cau8BG001765	0.99	0.96	67.94	373	L1
transcript:AT3G08800.1	Cau.Cau1AG002044	0.98	0.98	43.96	415	L1
transcript:AT2G24960.2	Cau.Cau4BG000126	0.99	0.93	55.18	442	L1
transcript:AT1G67320.3	Cau.Cau7BG000692	1.00	1.00	65.78	321	L1
transcript:AT5G50700.1	Cau.Cau7BG001437	1.00	1.00	61.03	213	L1
transcript:AT3G10870.1	Cau.Cau7BG002088	0.68	0.77	63.83	120	L1
transcript:AT5G40520.2	Cau.Cau5AG002228	0.98	0.99	41.45	291	L1
transcript:AT4G13250.1	Cau.Cau4AG000715	1.00	0.99	69.86	357	L1
transcript:AT5G58440.1	Cau.Cau8AG002035	0.99	1.00	74.02	436	L1
transcript:AT3G03310.1	Cau.Cau6BG001946	0.98	0.96	72.05	317	L1
transcript:AT5G14880.1	Cau.Cau2AG000466	1.00	1.00	78.23	611	L1
transcript:AT5G10860.1	Cau.Cau1BG001780	1.00	1.00	83.01	171	L1
transcript:AT5G07800.1	Cau.Cau5AG001000	0.98	0.97	74.51	339	L1
transcript:AT5G55820.8	Cau.Cau4BG001612	0.99	0.99	41.85	325	L1
transcript:AT1G64150.1	Cau.Cau5BG000183	0.96	0.94	62.60	226	L1
transcript:AT5G41470.1	Cau.Cau5BG000223	0.74	0.72	52.94	108	L1
transcript:AT2G33490.3	Cau.Cau7BG000175	0.97	0.96	59.34	378	L1
transcript:AT4G16440.1	Cau.Cau2BG002760	0.62	0.97	74.00	222	L1
transcript:AT3G51130.1	Cau.Cau1AG000192	0.98	1.00	81.93	331	L1
transcript:AT1G04610.1	Cau.Cau9AG001091	1.00	1.00	76.20	333	L1
transcript:AT4G15240.1	Cau.Cau2BG001172	1.00	0.99	60.16	296	L1
transcript:AT3G21410.1	Cau.Cau6AG000119	0.90	0.98	24.65	105	L1
transcript:AT4G24330.1	Cau.Cau3AG002189	0.99	0.99	65.57	320	L1
transcript:AT4G05590.1	Cau.Cau2AG002726	1.00	1.00	62.39	73	L1
transcript:AT2G45320.1	Cau.Cau4BG001144	0.98	0.96	67.35	262	L1
transcript:AT1G29380.1	Cau.Cau2BG002562	0.54	0.86	56.47	96	L1
transcript:AT5G08080.4	Cau.Cau5BG002460	1.00	1.00	83.99	257	L1
transcript:AT5G52280.1	Cau.Cau9BG000276	1.00	1.00	47.28	461	L1
transcript:AT3G50370.2	Cau.Cau1AG000412	0.99	0.98	46.07	1125	L1
transcript:AT4G19010.1	Cau.Cau3BG001830	0.97	0.99	61.22	341	L1
transcript:AT4G35550.1	Cau.Cau1AG000033	1.00	1.00	54.67	164	L1
transcript:AT1G75090.1	Cau.Cau3AG000367	0.97	1.00	59.94	196	L1
transcript:AT1G17030.1	Cau.Cau5BG001379	0.97	0.99	66.53	328	L1
transcript:AT2G28480.1	Cau.Cau5AG002285	0.93	0.82	64.74	235	L1
transcript:AT2G40030.2	Cau.Cau8BG001099	0.41	0.99	65.29	476	L1
transcript:AT5G52882.1	Cau.Cau9BG000163	1.00	1.00	73.75	621	L1
transcript:AT5G14210.1	Cau.Cau2BG000904	0.99	0.99	63.36	486	L1
transcript:AT3G57170.1	Cau.Cau1BG001029	0.94	0.73	56.66	302	L1
transcript:AT3G13690.3	Cau.Cau1BG000841	0.99	0.99	73.87	557	L1
transcript:AT4G09970.1	Cau.Cau5AG001823	0.96	0.93	26.09	78	L1
transcript:AT2G46410.1	Cau.Cau5AG003454	0.87	0.92	69.05	58	L1
transcript:AT5G64660.1	Cau.Cau1BG001908	1.00	1.00	55.58	244	L1
transcript:AT1G42990.1	Cau.Cau3AG000026	0.94	0.97	45.64	136	L1
transcript:AT2G46760.1	Cau.Cau5BG003319	0.95	0.96	68.06	390	L1
transcript:AT4G14410.2	Cau.Cau9BG001340	0.87	0.97	58.26	141	L1
transcript:AT5G16180.1	Cau.Cau6AG000390	0.95	0.97	58.73	405	L1
transcript:AT5G62260.3	Cau.Cau9BG000391	0.71	0.77	57.14	168	L1
transcript:AT3G57000.1	Cau.Cau9BG000444	1.00	0.95	62.71	190	L1
transcript:AT3G18080.1	Cau.Cau6AG000457	0.97	0.98	66.73	353	L1
transcript:AT1G22750.4	Cau.Cau3AG000625	0.97	1.00	51.60	129	L1
transcript:AT5G52880.1	Cau.Cau9BG000162	0.88	0.87	50.38	132	L1
transcript:AT2G37925.1	Cau.Cau6AG001400	0.94	0.83	49.26	67	L1
transcript:AT3G12490.2	Cau.Cau3BG001960	0.96	0.96	62.39	141	L1
transcript:AT2G38140.1	Cau.Cau6BG001335	1.00	1.00	66.10	78	L1
transcript:AT1G06330.1	Cau.Cau2AG000693	0.97	0.95	67.12	98	L1
transcript:AT1G30970.1	Cau.Cau2BG001895	1.00	1.00	66.49	254	L1
transcript:AT2G04790.2	Cau.Cau2AG001323	0.98	0.96	55.56	90	L1
transcript:AT3G27540.1	Cau.Cau2BG000582	0.98	0.99	80.26	309	L1
transcript:AT3G49780.1	Cau.Cau3AG001183	1.00	1.00	45.12	37	L1
transcript:AT2G03350.1	Cau.Cau7BG000211	0.98	0.98	79.43	139	L1
transcript:AT5G47360.1	Cau.Cau5BG000719	0.99	0.99	53.70	254	L1
transcript:AT1G18060.1	Cau.Cau4BG001054	0.88	0.77	70.39	145	L1
transcript:AT5G46150.2	Cau.Cau2AG002145	0.98	1.00	70.55	242	L1
transcript:AT3G59780.1	Cau.Cau5AG002094	1.00	1.00	54.02	376	L1
transcript:AT2G47210.3	Cau.Cau5BG003192	0.99	1.00	73.56	331	L1
transcript:AT1G25275.3	Cau.Cau3AG002007	0.67	0.91	36.67	22	L1
transcript:AT1G28050.1	Cau.Cau7AG000175	0.99	0.91	45.59	222	L1
transcript:AT5G49220.1	Cau.Cau9BG001833	1.00	1.00	49.89	222	L1
transcript:AT2G37860.4	Cau.Cau6AG001422	1.00	1.00	67.27	298	L1
transcript:AT2G47110.2	Cau.Cau5AG003264	0.99	0.99	96.77	150	L1
transcript:AT5G26250.1	Cau.Cau9BG001548	0.98	0.96	69.35	344	L1
transcript:AT5G64470.2	Cau.Cau8BG000201	0.89	0.93	62.83	235	L1
transcript:AT4G39640.2	Cau.Cau1AG002016	0.99	0.98	66.78	384	L1
transcript:AT3G10110.1	Cau.Cau8BG002026	1.00	1.00	71.68	124	L1
transcript:AT2G26930.1	Cau.Cau2AG000426	0.87	0.87	80.54	269	L1
transcript:AT1G76850.1	Cau.Cau3AG000693	1.00	1.00	67.59	755	L1
transcript:AT4G27350.1	Cau.Cau4BG001264	1.00	1.00	63.67	184	L1
transcript:AT1G32190.2	Cau.Cau6AG001658	0.94	0.96	59.08	192	L1
transcript:AT4G30990.3	Cau.Cau9BG000938	1.00	1.00	50.05	1367	L1
transcript:AT3G04900.1	Cau.Cau5AG002968	0.97	0.94	28.06	71	L1
transcript:AT3G49070.2	Cau.Cau9BG000224	0.95	0.97	50.68	187	L1
transcript:AT3G47730.1	Cau.Cau5BG000316	0.97	0.99	71.92	694	L1
transcript:AT5G50380.1	Cau.Cau5BG000629	0.97	0.99	64.07	428	L1
transcript:AT1G02040.1	Cau.Cau5BG003712	0.70	0.58	38.30	108	L1
transcript:AT3G50685.1	Cau.Cau1BG000301	0.82	0.75	75.19	97	L1
transcript:AT2G38010.3	Cau.Cau6AG001375	0.99	0.99	75.42	580	L1
transcript:AT4G25170.2	Cau.Cau9AG000470	0.93	0.90	37.36	133	L1
transcript:AT1G13635.1	Cau.Cau7AG000781	0.98	0.98	69.87	218	L1
transcript:AT3G05200.1	Cau.Cau3BG001456	0.86	0.97	48.00	180	L1
transcript:AT5G17280.1	Cau.Cau1AG000204	0.51	0.45	66.67	46	L1
transcript:AT4G04220.1	Cau.Cau5BG002440	0.96	0.93	54.20	426	L1
transcript:AT3G22970.1	Cau.Cau9BG001427	0.99	1.00	58.42	229	L1
transcript:AT2G24570.1	Cau.Cau4AG000069	1.00	1.00	65.23	227	L1
transcript:AT4G36220.1	Cau.Cau1BG000191	0.99	1.00	76.79	397	L1
transcript:AT1G79930.1	Cau.Cau1BG001197	0.99	0.99	79.29	674	L1
transcript:AT5G26240.1	Cau.Cau9BG001549	1.00	0.99	84.05	669	L1
transcript:AT2G47710.1	Cau.Cau8AG000896	0.99	0.99	75.78	122	L1
transcript:AT5G58410.2	Cau.Cau1AG001614	1.00	1.00	54.02	1034	L1
transcript:ATCG01240.1	Cau.Cau7BG001634	0.73	1.00	93.81	106	L1
transcript:AT5G61340.2	Cau.Cau5BG000990	0.87	0.94	52.48	169	L1
transcript:AT2G22610.3	Cau.Cau1BG000657	0.96	0.96	65.30	687	L1
transcript:AT2G27930.4	Cau.Cau8AG001498	1.00	0.97	60.00	129	L1
transcript:AT2G37030.1	Cau.Cau6BG001737	0.99	0.98	57.58	76	L1
transcript:AT1G71930.1	Cau.Cau3AG000587	0.85	0.90	60.26	185	L1
transcript:AT5G22920.1	Cau.Cau8BG001546	0.94	0.94	72.89	199	L1
transcript:AT2G29510.1	Cau.Cau8AG001900	1.00	1.00	36.46	346	L1
transcript:AT2G45130.1	Cau.Cau5AG003739	1.00	0.99	61.07	160	L1
transcript:AT3G16920.1	Cau.Cau9AG001784	0.93	0.95	77.81	242	L1
transcript:AT5G11900.1	Cau.Cau4AG000506	1.00	1.00	81.31	161	L1
transcript:AT1G06560.1	Cau.Cau7AG001265	1.00	1.00	63.91	386	L1
transcript:AT4G21110.2	Cau.Cau3BG001728	1.00	1.00	87.59	127	L1
transcript:AT1G80260.1	Cau.Cau3BG000416	0.98	0.98	61.31	610	L1
transcript:AT5G01075.1	Cau.Cau3AG001218	0.54	0.37	61.36	27	L1
transcript:AT3G07150.1	Cau.Cau5BG002554	0.98	1.00	48.02	109	L1
transcript:AT1G12600.1	Cau.Cau5AG000895	0.99	0.95	81.10	279	L1
transcript:AT2G26710.1	Cau.Cau4AG000607	0.98	0.95	74.38	389	L1
transcript:AT5G45790.2	Cau.Cau6AG000601	0.96	0.97	63.95	275	L1
transcript:AT1G75590.1	Cau.Cau3AG000230	1.00	1.00	68.18	105	L1
transcript:AT2G42070.1	Cau.Cau6AG000972	1.00	1.00	65.89	197	L1
transcript:AT2G28605.1	Cau.Cau1AG001717	0.82	0.81	65.46	127	L1
transcript:AT1G03110.1	Cau.Cau5BG002851	0.99	0.99	65.57	280	L1
transcript:AT4G14315.1	Cau.Cau2BG002784	0.97	0.98	49.12	28	L1
transcript:AT5G64580.1	Cau.Cau1BG001880	0.99	1.00	78.39	664	L1
transcript:AT1G73720.1	Cau.Cau4AG001856	1.00	1.00	86.72	444	L1
transcript:AT1G64520.1	Cau.Cau5AG000095	1.00	1.00	83.52	223	L1
transcript:AT2G46820.2	Cau.Cau5AG003348	0.94	0.93	65.85	108	L1
transcript:AT1G77860.2	Cau.Cau3AG000938	1.00	0.98	51.03	198	L1
transcript:AT4G34020.2	Cau.Cau8AG000435	0.78	0.78	48.88	174	L1
transcript:AT5G63220.1	Cau.Cau7BG001917	1.00	1.00	64.81	210	L1
transcript:AT1G56310.2	Cau.Cau3BG001314	0.98	1.00	60.28	349	L1
transcript:AT1G21840.2	Cau.Cau3AG001935	0.93	0.91	71.30	159	L1
transcript:AT3G03570.1	Cau.Cau7AG001107	1.00	0.98	67.47	419	L1
transcript:AT5G53490.1	Cau.Cau5BG001544	0.76	0.84	70.88	129	L1
transcript:AT1G65720.1	Cau.Cau6AG001074	0.99	0.99	45.21	85	L1
transcript:AT1G65560.1	Cau.Cau2BG001845	0.98	0.99	65.99	229	L1
transcript:AT5G03570.2	Cau.Cau6BG001212	0.94	0.97	65.07	313	L1
transcript:AT4G18020.9	Cau.Cau7BG001521	0.99	1.00	52.20	309	L1
transcript:AT4G37160.1	Cau.Cau1BG000382	0.99	0.99	72.76	390	L1
transcript:AT1G29310.2	Cau.Cau2BG002513	1.00	1.00	94.11	447	L1
transcript:AT4G17090.1	Cau.Cau5BG000653	1.00	1.00	71.74	396	L1
transcript:AT5G57370.1	Cau.Cau4AG002070	0.78	0.76	52.91	91	L1
transcript:AT4G10040.1	Cau.Cau5BG001813	1.00	1.00	95.54	107	L1
transcript:AT3G03220.1	Cau.Cau6BG000631	0.92	0.91	80.72	201	L1
transcript:AT1G68550.1	Cau.Cau7AG000905	0.89	1.00	36.81	127	L1
transcript:AT3G55020.1	Cau.Cau7BG001942	0.95	0.92	73.03	585	L1
transcript:AT5G03900.2	Cau.Cau6BG000749	0.99	1.00	63.50	334	L1
transcript:AT1G71200.1	Cau.Cau3AG002099	0.71	0.58	40.22	72	L1
transcript:AT1G60460.3	Cau.Cau7BG000455	0.99	0.99	51.27	243	L1
transcript:AT5G63860.1	Cau.Cau1BG001732	1.00	1.00	80.49	359	L1
transcript:AT1G69310.4	Cau.Cau7AG000196	0.89	0.91	52.94	144	L1
transcript:AT3G28910.1	Cau.Cau6BG000113	1.00	1.00	52.67	197	L1
transcript:AT3G60160.1	Cau.Cau5BG003815	0.98	0.98	67.62	1015	L1
transcript:AT5G57110.2	Cau.Cau4AG001999	0.94	0.99	74.95	772	L1
transcript:AT3G23250.1	Cau.Cau9BG001319	0.98	0.98	50.52	145	L1
transcript:AT4G16330.2	Cau.Cau6BG001009	0.95	0.96	58.15	207	L1
transcript:AT2G40770.2	Cau.Cau7AG002079	0.99	1.00	59.92	1015	L1
transcript:AT4G14790.1	Cau.Cau9BG001476	1.00	0.98	68.07	388	L1
transcript:AT4G39520.1	Cau.Cau1BG002045	1.00	1.00	92.14	340	L1
transcript:AT5G47820.2	Cau.Cau3BG000496	0.99	0.99	80.89	838	L1
transcript:AT3G17170.1	Cau.Cau9AG001853	0.73	0.74	56.41	132	L1
transcript:AT3G01990.10	Cau.Cau2AG000854	1.00	0.97	74.08	323	L1
transcript:AT2G46370.4	Cau.Cau5AG003463	0.99	0.99	67.29	393	L1
transcript:AT2G48060.2	Cau.Cau5AG002987	1.00	1.00	72.16	1796	L1
transcript:AT5G13140.1	Cau.Cau7AG000189	0.67	0.51	60.22	109	L1
transcript:AT5G11040.1	Cau.Cau4AG000169	1.00	1.00	79.70	958	L1
transcript:AT5G19130.1	Cau.Cau2BG000557	0.97	0.99	59.89	418	L1
transcript:AT2G24860.1	Cau.Cau4AG000112	0.97	0.94	62.16	92	L1
transcript:AT5G14720.2	Cau.Cau2AG000499	0.99	0.98	68.78	467	L1
transcript:AT1G13270.1	Cau.Cau7AG000866	0.92	0.92	77.65	264	L1
transcript:AT4G02900.4	Cau.Cau5BG002915	0.98	0.99	72.30	548	L1
transcript:AT1G64480.3	Cau.Cau5BG000109	0.99	0.99	68.40	145	L1
transcript:AT3G52820.1	Cau.Cau6BG000727	0.91	0.87	75.57	300	L1
transcript:AT5G50170.1	Cau.Cau5BG000511	0.99	0.99	58.18	594	L1
transcript:AT1G16800.2	Cau.Cau1AG001586	0.99	0.99	54.45	1284	L1
transcript:AT2G14820.2	Cau.Cau8AG000315	1.00	1.00	64.84	413	L1
transcript:AT3G44960.2	Cau.Cau8AG001525	1.00	0.94	43.01	123	L1
transcript:AT3G59660.1	Cau.Cau5BG002081	0.99	0.99	71.45	423	L1
transcript:AT3G60890.2	Cau.Cau5BG000855	0.73	0.62	45.45	35	L1
transcript:AT2G21250.1	Cau.Cau8AG000748	1.00	1.00	86.73	268	L1
transcript:AT4G20350.6	Cau.Cau6AG002077	0.99	0.98	62.15	156	L1
transcript:AT5G14570.1	Cau.Cau2BG000538	0.96	0.99	66.53	318	L1
transcript:AT4G25620.1	Cau.Cau9AG000225	0.99	0.99	55.71	283	L1
transcript:AT1G31780.1	Cau.Cau6AG000285	0.99	1.00	74.74	509	L1
transcript:AT3G04760.1	Cau.Cau8BG001173	0.87	0.90	69.35	362	L1
transcript:AT1G29800.2	Cau.Cau2AG002530	0.98	0.93	71.49	351	L1
transcript:AT3G53120.1	Cau.Cau4AG001744	1.00	0.98	66.09	154	L1
transcript:AT4G35760.1	Cau.Cau1BG000074	0.91	0.94	59.24	202	L1
transcript:AT3G58750.1	Cau.Cau2AG001524	0.98	0.97	85.32	430	L1
transcript:AT1G44750.6	Cau.Cau5BG003804	0.98	0.99	69.17	249	L1
transcript:AT5G40200.1	Cau.Cau2AG000457	0.99	1.00	74.26	450	L1
transcript:AT3G15000.1	Cau.Cau4AG001058	0.92	0.87	60.05	251	L1
transcript:AT1G73950.1	Cau.Cau5BG001169	1.00	1.00	76.23	356	L1
transcript:AT5G07250.1	Cau.Cau9BG000305	0.98	0.81	68.73	233	L1
transcript:AT5G28350.1	Cau.Cau5AG003531	0.99	0.99	75.04	839	L1
transcript:AT1G14830.1	Cau.Cau2AG001613	1.00	1.00	87.86	550	L1
transcript:AT5G07890.5	Cau.Cau5AG001013	0.95	0.99	51.01	202	L1
transcript:AT2G43400.1	Cau.Cau5AG002273	0.99	0.98	74.37	473	L1
transcript:AT5G58660.1	Cau.Cau8BG001995	0.88	0.97	52.24	163	L1
transcript:AT5G05080.2	Cau.Cau6AG000619	1.00	1.00	73.88	198	L1
transcript:AT3G16170.1	Cau.Cau1BG001133	0.92	0.91	66.73	377	L1
transcript:AT1G34780.1	Cau.Cau3BG001004	0.96	0.95	62.01	191	L1
transcript:AT1G30040.1	Cau.Cau2BG002618	0.97	0.97	65.67	220	L1
transcript:AT4G39670.1	Cau.Cau7BG000905	0.89	0.84	67.49	137	L1
transcript:AT1G47750.1	Cau.Cau3AG000365	0.98	0.96	69.48	173	L1
transcript:AT1G68100.1	Cau.Cau2BG001555	0.86	0.87	68.96	291	L1
transcript:AT3G11680.2	Cau.Cau6BG000848	0.98	0.97	59.22	289	L1
transcript:AT3G22840.1	Cau.Cau9BG001448	1.00	0.98	62.05	121	L1
transcript:AT2G06530.1	Cau.Cau4BG000970	1.00	1.00	91.52	205	L1
transcript:AT2G28560.6	Cau.Cau8BG001717	0.96	1.00	66.76	239	L1
transcript:AT4G31820.1	Cau.Cau4BG000141	0.95	0.94	60.03	353	L1
transcript:AT1G56340.1	Cau.Cau3AG001299	1.00	0.98	80.52	343	L1
transcript:AT5G02010.1	Cau.Cau6BG001407	0.90	0.73	68.43	362	L1
transcript:AT3G44100.1	Cau.Cau8AG001276	0.97	0.78	53.33	80	L1
transcript:AT5G57390.1	Cau.Cau4BG002100	0.95	1.00	51.71	302	L1
transcript:AT4G19230.1	Cau.Cau6AG000295	0.99	0.97	79.49	372	L1
transcript:AT4G17600.1	Cau.Cau5AG000678	0.99	0.96	60.00	156	L1
transcript:AT1G24450.1	Cau.Cau5AG000417	0.97	0.98	54.55	102	L1
transcript:AT1G80180.1	Cau.Cau1BG001312	1.00	0.99	51.75	74	L1
transcript:AT1G52370.4	Cau.Cau6BG000870	0.98	0.99	64.58	175	L1
transcript:AT2G31290.1	Cau.Cau3AG000696	0.95	0.93	71.90	284	L1
transcript:AT1G78910.1	Cau.Cau1BG001660	1.00	1.00	71.73	345	L1
transcript:AT1G71060.1	Cau.Cau2AG001713	0.95	0.92	63.97	316	L1
transcript:AT1G71310.2	Cau.Cau5BG001903	0.79	0.77	81.12	116	L1
transcript:AT2G40700.1	Cau.Cau7AG002088	0.94	0.96	69.93	400	L1
transcript:AT5G64030.1	Cau.Cau1AG001748	1.00	1.00	67.43	561	L1
transcript:AT4G39880.1	Cau.Cau1AG002097	0.98	0.98	63.84	113	L1
transcript:AT3G24590.1	Cau.Cau4AG000722	0.90	0.76	69.81	185	L1
transcript:AT1G12420.1	Cau.Cau5AG000847	1.00	1.00	70.88	314	L1
transcript:AT1G48300.1	Cau.Cau5BG003237	0.97	0.97	34.43	126	L1
transcript:AT3G50780.2	Cau.Cau1BG000346	1.00	1.00	66.91	362	L1
transcript:AT5G55990.2	Cau.Cau2AG002820	1.00	1.00	89.38	202	L1
transcript:AT5G17520.1	Cau.Cau7BG001110	0.96	0.94	63.00	252	L1
transcript:AT2G44940.1	Cau.Cau5BG003737	0.70	0.77	48.83	104	L1
transcript:AT1G56330.1	Cau.Cau3BG001302	0.99	0.99	97.40	187	L1
transcript:AT5G58900.1	Cau.Cau8BG001943	1.00	0.97	57.10	177	L1
transcript:AT3G55340.1	Cau.Cau7BG002003	0.85	0.99	41.25	231	L1
transcript:AT3G01170.1	Cau.Cau6BG000095	1.00	1.00	62.88	144	L1
transcript:AT3G28420.1	Cau.Cau6AG000197	0.93	0.90	33.83	68	L1
transcript:AT3G04260.1	Cau.Cau5BG002385	0.98	0.99	74.39	668	L1
transcript:AT1G07970.1	Cau.Cau8BG001676	0.98	0.98	63.28	436	L1
transcript:AT5G05020.1	Cau.Cau6BG000612	0.90	0.97	30.56	44	L1
transcript:AT4G01050.1	Cau.Cau5BG003404	0.98	0.98	60.55	284	L1
transcript:AT1G01430.1	Cau.Cau5AG003460	0.97	0.99	59.03	268	L1
transcript:AT4G14890.1	Cau.Cau9BG001518	0.88	0.97	62.84	93	L1
transcript:AT1G32640.1	Cau.Cau7AG001549	0.99	1.00	55.83	383	L1
transcript:AT5G67610.2	Cau.Cau1AG000542	1.00	1.00	50.59	259	L1
transcript:AT3G46520.2	Cau.Cau7BG002062	1.00	1.00	97.08	366	L1
transcript:AT5G01410.2	Cau.Cau6AG001309	1.00	1.00	90.97	282	L1
transcript:AT1G02680.1	Cau.Cau5BG003124	0.98	0.97	72.09	93	L1
transcript:AT1G50000.1	Cau.Cau8BG000267	0.99	0.99	69.05	203	L1
transcript:AT5G02560.1	Cau.Cau6BG001547	1.00	1.00	88.89	136	L1
transcript:AT4G12790.3	Cau.Cau1BG001651	0.99	1.00	78.65	210	L1
transcript:AT3G14730.1	Cau.Cau5AG003728	0.94	0.95	54.57	340	L1
transcript:AT5G58110.1	Cau.Cau4AG001933	0.98	0.94	66.32	128	L1
transcript:AT2G46550.1	Cau.Cau5BG003364	0.99	0.99	39.88	193	L1
transcript:AT3G26115.1	Cau.Cau7AG000558	1.00	0.98	57.55	263	L1
transcript:AT5G47040.1	Cau.Cau5BG000641	1.00	1.00	84.53	754	L1
transcript:AT5G51330.2	Cau.Cau9BG000483	0.93	0.79	38.39	238	L1
transcript:AT4G38495.1	Cau.Cau8AG000133	1.00	1.00	68.55	85	L1
transcript:AT2G19490.1	Cau.Cau4BG000931	0.97	1.00	73.19	314	L1
transcript:AT1G52620.1	Cau.Cau1BG001320	0.99	1.00	55.97	455	L1
transcript:AT1G80770.5	Cau.Cau5AG003843	0.87	0.93	66.83	272	L1
transcript:AT4G18590.1	Cau.Cau6AG000767	1.00	1.00	68.52	74	L1
transcript:AT1G27595.1	Cau.Cau3AG001147	1.00	1.00	57.79	783	L1
transcript:AT4G39400.1	Cau.Cau1BG001987	1.00	1.00	72.79	872	L1
transcript:AT1G64390.1	Cau.Cau5AG000135	0.79	0.96	67.69	352	L1
transcript:AT1G04360.1	Cau.Cau9AG001263	1.00	1.00	50.13	196	L1
transcript:AT1G72190.1	Cau.Cau5AG001782	0.91	0.83	68.09	239	L1
transcript:AT5G20400.1	Cau.Cau1BG002011	1.00	0.99	56.29	197	L1
transcript:AT5G47960.1	Cau.Cau7BG000094	1.00	1.00	78.76	178	L1
transcript:AT4G01070.1	Cau.Cau5AG003457	0.98	0.98	64.08	305	L1
transcript:AT1G53300.1	Cau.Cau5AG001283	0.97	0.96	63.88	444	L1
transcript:AT1G34350.1	Cau.Cau3BG000569	1.00	1.00	74.23	121	L1
transcript:AT4G05440.1	Cau.Cau2AG002114	1.00	1.00	63.58	213	L1
transcript:AT5G10060.1	Cau.Cau1BG002096	1.00	1.00	54.34	288	L1
transcript:AT3G61060.1	Cau.Cau5BG003587	0.99	0.98	67.12	196	L1
transcript:AT3G02130.1	Cau.Cau6AG000015	1.00	1.00	66.41	773	L1
transcript:AT5G25390.2	Cau.Cau4AG000226	1.00	1.00	60.89	123	L1
transcript:AT3G16970.1	Cau.Cau9AG001029	0.99	0.89	35.51	49	L1
transcript:AT2G28810.1	Cau.Cau8AG001796	0.95	0.94	44.67	151	L1
transcript:AT3G17860.1	Cau.Cau2AG001635	0.94	1.00	36.88	142	L1
transcript:AT4G36930.1	Cau.Cau1AG000436	0.94	0.83	40.84	156	L1
transcript:AT2G46320.1	Cau.Cau5BG003423	0.97	0.88	67.70	241	L1
transcript:AT3G48810.1	Cau.Cau9AG001851	0.99	1.00	57.85	383	L1
transcript:AT5G02180.2	Cau.Cau6BG001482	1.00	1.00	52.38	297	L1
transcript:AT1G10720.1	Cau.Cau3BG001182	0.86	0.86	46.27	186	L1
transcript:AT3G10030.1	Cau.Cau6BG000663	0.99	1.00	62.57	346	L1
transcript:AT2G25680.1	Cau.Cau4BG000320	0.96	1.00	69.38	315	L1
transcript:AT4G18800.1	Cau.Cau2BG002508	1.00	1.00	90.78	197	L1
transcript:AT3G63190.1	Cau.Cau5BG002872	1.00	1.00	68.33	192	L1
transcript:AT4G01630.1	Cau.Cau5BG003263	1.00	1.00	72.55	185	L1
transcript:AT2G32250.7	Cau.Cau6BG001036	0.50	1.00	46.51	180	L1
transcript:AT3G02380.1	Cau.Cau6BG000301	1.00	1.00	62.43	231	L1
transcript:AT2G01210.1	Cau.Cau2AG001774	0.99	0.99	71.13	510	L1
transcript:AT4G36730.1	Cau.Cau1BG000317	1.00	1.00	58.97	207	L1
transcript:AT5G56180.1	Cau.Cau4AG001673	1.00	0.97	70.82	335	L1
transcript:AT4G26540.1	Cau.Cau4AG001630	1.00	1.00	63.01	695	L1
transcript:AT3G51000.1	Cau.Cau8BG000674	0.98	0.98	58.62	187	L1
transcript:AT4G33860.1	Cau.Cau8BG000293	0.97	0.96	60.71	340	L1
transcript:AT2G34570.1	Cau.Cau2AG000782	0.98	0.98	52.61	151	L1
transcript:AT1G67623.1	Cau.Cau7BG000608	0.74	0.85	34.08	76	L1
transcript:AT4G25150.1	Cau.Cau9AG000502	1.00	0.94	63.70	172	L1
transcript:AT2G36970.1	Cau.Cau6BG001756	0.95	0.95	64.21	305	L1
transcript:AT5G18270.2	Cau.Cau5AG002463	0.99	1.00	48.03	195	L1
transcript:AT3G23430.1	Cau.Cau9AG001182	1.00	1.00	68.43	542	L1
transcript:AT1G27190.1	Cau.Cau7AG000367	0.96	0.96	71.60	416	L1
transcript:AT2G34410.1	Cau.Cau2BG002572	0.99	0.99	82.06	439	L1
transcript:AT3G57050.1	Cau.Cau9BG000845	1.00	1.00	75.00	351	L1
transcript:AT5G25610.1	Cau.Cau4BG000339	0.99	0.98	57.58	224	L1
transcript:AT1G47485.1	Cau.Cau1AG000399	0.96	0.97	35.56	32	L1
transcript:AT3G27640.2	Cau.Cau2AG000541	1.00	1.00	61.52	323	L1
transcript:AT5G23060.1	Cau.Cau5BG001140	0.99	0.99	69.23	270	L1
transcript:AT1G50440.3	Cau.Cau1AG001541	0.92	0.85	74.46	172	L1
transcript:AT1G05440.1	Cau.Cau9BG001500	0.93	1.00	50.81	188	L1
transcript:AT3G09230.1	Cau.Cau6AG001391	0.89	0.95	51.11	184	L1
transcript:AT5G07360.3	Cau.Cau7AG001334	0.87	0.88	75.48	434	L1
transcript:AT5G18430.1	Cau.Cau5BG002384	1.00	0.98	70.77	259	L1
transcript:AT1G56423.1	Cau.Cau3AG001290	0.99	0.99	61.71	166	L1
transcript:AT1G62040.1	Cau.Cau4BG001469	0.98	0.97	92.31	108	L1
transcript:AT5G02440.1	Cau.Cau8AG001801	0.98	0.68	45.40	79	L1
transcript:AT5G22400.1	Cau.Cau8BG001394	0.82	0.84	61.81	267	L1
transcript:AT1G50480.1	Cau.Cau2BG000112	1.00	1.00	88.78	562	L1
transcript:AT4G02500.1	Cau.Cau9AG001669	1.00	1.00	82.00	378	L1
transcript:AT5G57685.1	Cau.Cau4BG002153	0.84	0.88	54.74	75	L1
transcript:AT3G51895.1	Cau.Cau9BG001458	0.98	0.98	75.15	487	L1
transcript:AT5G66410.1	Cau.Cau1BG000229	1.00	1.00	76.52	176	L1
transcript:AT2G38040.2	Cau.Cau6AG001369	1.00	1.00	64.07	501	L1
transcript:AT5G18930.1	Cau.Cau9AG001570	1.00	1.00	64.62	232	L1
transcript:AT5G52100.1	Cau.Cau9AG000304	1.00	1.00	77.48	234	L1
transcript:AT1G30450.2	Cau.Cau2AG002109	0.10	0.89	54.46	55	L1
transcript:AT3G49340.1	Cau.Cau3AG001831	0.99	0.98	56.60	193	L1
transcript:AT3G13570.1	Cau.Cau2BG000058	1.00	1.00	63.30	169	L1
transcript:AT1G31050.6	Cau.Cau8AG001097	0.98	0.97	36.55	182	L1
transcript:AT4G15520.1	Cau.Cau9BG001662	0.98	0.99	76.61	167	L1
transcript:AT5G39850.1	Cau.Cau7BG000289	0.95	0.95	90.37	169	L1
transcript:AT2G27450.1	Cau.Cau8BG001396	0.99	0.98	89.83	265	L1
transcript:AT4G22580.1	Cau.Cau5BG000802	1.00	0.99	66.00	295	L1
transcript:AT5G07830.1	Cau.Cau5AG001009	1.00	1.00	62.82	343	L1
transcript:AT1G27680.1	Cau.Cau3AG000306	0.99	0.99	71.78	379	L1
transcript:AT4G15475.1	Cau.Cau9AG001567	1.00	1.00	71.41	437	L1
transcript:AT3G12400.2	Cau.Cau3BG001940	0.90	0.99	66.90	281	L1
transcript:AT2G42320.1	Cau.Cau9BG000581	0.81	0.73	64.53	373	L1
transcript:AT1G07530.1	Cau.Cau8AG001833	0.89	0.86	54.90	392	L1
transcript:AT2G25420.1	Cau.Cau4BG000220	0.99	0.98	41.93	330	L1
transcript:AT2G30600.2	Cau.Cau3BG000090	1.00	1.00	68.36	553	L1
transcript:AT1G52360.3	Cau.Cau1BG001205	1.00	1.00	86.08	798	L1
transcript:AT4G21530.1	Cau.Cau2BG002277	0.99	1.00	68.65	530	L1
transcript:AT5G42950.1	Cau.Cau3AG000349	1.00	1.00	47.06	879	L1
transcript:AT4G03170.1	Cau.Cau4BG000762	0.47	0.50	41.67	50	L1
transcript:ATCG00640.1	Cau.Cau7AG002378	1.00	1.00	84.85	56	L1
transcript:AT4G16190.1	Cau.Cau3AG000263	0.99	0.99	72.19	270	L1
transcript:AT1G59840.2	Cau.Cau7BG000366	0.96	0.96	74.04	211	L1
transcript:AT3G11900.2	Cau.Cau6BG000897	0.97	0.96	68.65	289	L1
transcript:AT1G12530.1	Cau.Cau5BG000871	0.61	0.49	70.94	83	L1
transcript:AT5G11090.1	Cau.Cau4BG000189	1.00	1.00	59.55	131	L1
transcript:AT5G64330.1	Cau.Cau8BG000940	1.00	1.00	72.65	542	L1
transcript:AT2G44900.2	Cau.Cau5BG003753	0.99	0.99	79.14	732	L1
transcript:AT5G56980.1	Cau.Cau4BG000918	0.99	0.98	36.53	141	L1
transcript:AT5G48800.1	Cau.Cau5BG002571	0.98	0.99	78.94	491	L1
transcript:AT2G26580.2	Cau.Cau4BG000539	0.96	0.87	76.51	127	L1
transcript:AT4G31600.1	Cau.Cau4AG000077	1.00	1.00	80.19	259	L1
transcript:AT1G03100.1	Cau.Cau5AG002895	0.90	0.90	69.94	498	L1
transcript:AT3G62650.1	Cau.Cau5AG003153	0.80	0.83	54.55	72	L1
transcript:AT5G32440.3	Cau.Cau4BG001898	1.00	1.00	63.87	175	L1
transcript:AT4G25850.1	Cau.Cau4AG002030	1.00	0.99	55.87	214	L1
transcript:AT3G19800.2	Cau.Cau7AG001005	0.79	0.80	61.29	114	L1
transcript:AT4G21320.1	Cau.Cau2AG002239	0.99	0.99	75.79	216	L1
transcript:AT5G06210.1	Cau.Cau6BG000793	0.89	0.87	59.12	81	L1
transcript:AT1G35530.3	Cau.Cau3AG000603	1.00	1.00	53.71	775	L1
transcript:AT3G22200.1	Cau.Cau6AG001042	0.93	0.91	83.65	394	L1
transcript:AT5G66055.1	Cau.Cau1AG000079	0.95	1.00	56.88	252	L1
transcript:AT5G01430.2	Cau.Cau1BG002097	1.00	1.00	85.00	119	L1
transcript:AT1G70650.1	Cau.Cau2BG001617	0.68	0.72	55.76	184	L1
transcript:AT5G08520.1	Cau.Cau7BG000927	1.00	1.00	66.46	210	L1
transcript:AT4G39910.1	Cau.Cau1BG002172	0.99	0.98	87.77	323	L1
transcript:AT1G10865.1	Cau.Cau2BG000213	1.00	1.00	90.14	64	L1
transcript:AT3G56030.1	Cau.Cau7BG002220	0.95	1.00	50.30	168	L1
transcript:AT5G01820.1	Cau.Cau6AG001185	0.95	0.97	64.64	276	L1
transcript:AT2G14260.1	Cau.Cau8BG000217	0.96	0.92	76.36	281	L1
transcript:AT2G39380.1	Cau.Cau7AG001954	0.96	0.96	56.13	348	L1
transcript:AT1G08030.2	Cau.Cau8BG001622	0.98	0.98	54.49	273	L1
transcript:AT4G26300.5	Cau.Cau4AG000809	1.00	0.99	74.65	486	L1
transcript:AT1G55310.5	Cau.Cau6BG000919	0.97	0.98	70.37	152	L1
transcript:AT4G25030.2	Cau.Cau7BG001891	0.97	0.96	68.79	238	L1
transcript:AT2G17510.1	Cau.Cau1BG000020	1.00	1.00	81.91	765	L1
transcript:AT3G05670.3	Cau.Cau3BG001324	0.98	0.98	45.69	413	L1
transcript:AT5G13260.1	Cau.Cau7AG000162	0.99	1.00	63.75	357	L1
transcript:AT2G24120.1	Cau.Cau4BG002233	0.93	1.00	73.71	687	L1
transcript:AT5G04140.2	Cau.Cau9BG000862	1.00	1.00	82.64	1366	L1
transcript:AT1G22870.1	Cau.Cau5BG001855	1.00	1.00	68.84	645	L1
transcript:AT4G02790.1	Cau.Cau5BG002875	0.99	0.98	69.11	255	L1
transcript:AT1G31860.1	Cau.Cau8AG001093	0.99	0.99	69.40	195	L1
transcript:AT3G54290.1	Cau.Cau7BG001668	0.94	0.96	52.82	187	L1
transcript:AT1G73740.1	Cau.Cau5AG001270	0.98	1.00	52.17	228	L1
transcript:AT4G28485.2	Cau.Cau2BG000631	0.98	0.96	54.08	106	L1
transcript:AT1G31710.1	Cau.Cau9BG001536	0.99	0.99	57.72	389	L1
transcript:AT4G16070.1	Cau.Cau9BG001815	0.99	0.98	67.90	440	L1
transcript:AT5G26360.1	Cau.Cau1AG002115	1.00	1.00	92.10	513	L1
transcript:AT1G22910.1	Cau.Cau5AG001946	1.00	0.96	54.23	154	L1
transcript:AT4G09680.4	Cau.Cau3AG000421	1.00	1.00	38.73	536	L1
transcript:AT4G01900.1	Cau.Cau5AG003252	0.96	0.95	70.21	132	L1
transcript:AT1G76270.1	Cau.Cau3BG000102	1.00	1.00	71.97	416	L1
transcript:AT5G14640.2	Cau.Cau2BG000518	1.00	1.00	85.31	366	L1
transcript:AT4G27390.1	Cau.Cau4BG001240	0.95	0.94	55.51	131	L1
transcript:AT3G22440.1	Cau.Cau9AG001446	0.96	0.99	72.48	374	L1
transcript:AT3G26950.1	Cau.Cau2AG000839	1.00	1.00	63.96	362	L1
transcript:AT5G16920.1	Cau.Cau5BG002341	0.87	0.80	45.54	102	L1
transcript:AT3G61710.1	Cau.Cau5BG003393	0.98	0.98	78.35	398	L1
transcript:AT1G73040.1	Cau.Cau1AG000802	0.94	0.87	62.42	103	L1
transcript:AT5G47870.1	Cau.Cau8BG000999	0.99	0.92	62.50	125	L1
transcript:AT4G31570.4	Cau.Cau4AG000070	1.00	1.00	40.83	1185	L1
transcript:AT3G12280.2	Cau.Cau3BG001987	1.00	1.00	72.45	747	L1
transcript:AT2G17560.1	Cau.Cau1AG000037	1.00	1.00	62.59	92	L1
transcript:AT1G06720.2	Cau.Cau5BG002152	0.99	0.99	62.94	766	L1
transcript:AT2G34620.1	Cau.Cau2BG002125	0.95	0.93	65.52	190	L1
transcript:AT5G20070.1	Cau.Cau4AG000590	0.97	1.00	69.75	309	L1
transcript:AT4G23860.1	Cau.Cau5BG000125	0.99	1.00	53.70	247	L1
transcript:AT4G37550.1	Cau.Cau1BG000532	1.00	1.00	84.00	378	L1
transcript:AT1G69450.1	Cau.Cau7AG000229	1.00	1.00	61.66	439	L1
transcript:AT1G01840.1	Cau.Cau5BG003595	0.95	0.90	45.51	76	L1
transcript:AT5G62570.1	Cau.Cau5AG000398	1.00	0.98	53.67	300	L1
transcript:AT3G11440.4	Cau.Cau3BG001933	0.98	0.97	46.26	260	L1
transcript:AT3G18660.2	Cau.Cau1AG001819	0.98	1.00	68.29	450	L1
transcript:AT1G09090.2	Cau.Cau3AG001390	0.98	0.96	70.66	607	L1
transcript:AT2G10950.3	Cau.Cau4BG001909	1.00	1.00	40.91	162	L1
transcript:AT1G29280.1	Cau.Cau2BG002507	0.90	0.88	57.55	141	L1
transcript:AT2G44510.1	Cau.Cau2AG001660	1.00	0.99	59.00	200	L1
transcript:AT5G58450.2	Cau.Cau8BG002047	1.00	1.00	65.29	664	L1
transcript:AT1G44446.1	Cau.Cau3BG000855	0.99	0.99	76.69	408	L1
transcript:AT3G44850.1	Cau.Cau8AG001479	1.00	0.98	71.77	389	L1
transcript:AT2G20050.1	Cau.Cau4BG000759	1.00	1.00	70.16	769	L1
transcript:AT1G75680.1	Cau.Cau3AG000224	1.00	1.00	72.24	380	L1
transcript:AT2G35290.1	Cau.Cau7BG001558	0.99	0.99	52.38	66	L1
transcript:AT2G39830.1	Cau.Cau7BG002336	0.98	1.00	73.18	382	L1
transcript:AT5G66680.1	Cau.Cau8BG000573	0.97	0.97	74.47	315	L1
transcript:AT5G23150.3	Cau.Cau7BG000968	0.76	0.78	45.34	530	L1
transcript:AT4G33650.1	Cau.Cau8BG000838	0.97	0.96	75.06	602	L1
transcript:AT1G26660.1	Cau.Cau7BG000222	0.95	0.95	57.64	83	L1
transcript:AT1G11120.1	Cau.Cau2BG002303	0.84	0.78	54.09	86	L1
transcript:AT3G59090.1	Cau.Cau2AG002595	0.98	1.00	45.36	166	L1
transcript:AT1G12370.2	Cau.Cau5AG000833	0.96	0.96	76.89	366	L1
transcript:AT2G01260.1	Cau.Cau2BG001770	1.00	1.00	58.91	238	L1
transcript:AT2G16650.1	Cau.Cau8BG001438	0.95	0.81	63.49	320	L1
transcript:AT2G27080.1	Cau.Cau2BG000417	1.00	1.00	51.52	136	L1
transcript:AT4G15610.1	Cau.Cau9AG001619	0.92	0.92	51.10	93	L1
transcript:AT2G27315.1	Cau.Cau4BG001939	0.89	0.93	49.57	57	L1
transcript:AT5G10480.1	Cau.Cau1BG000679	0.90	0.94	76.88	153	L1
transcript:AT3G55080.1	Cau.Cau7AG001941	0.99	1.00	55.31	255	L1
transcript:AT2G34560.2	Cau.Cau2BG002619	0.99	1.00	74.31	298	L1
transcript:AT4G14605.2	Cau.Cau6AG001052	0.98	0.97	65.15	314	L1
transcript:AT4G35510.1	Cau.Cau1AG000030	1.00	1.00	40.98	159	L1
transcript:AT5G21105.1	Cau.Cau2BG000420	0.97	0.98	67.08	381	L1
transcript:AT2G33770.1	Cau.Cau2AG002370	1.00	1.00	53.89	499	L1
transcript:AT4G35860.1	Cau.Cau2BG000601	1.00	1.00	90.00	189	L1
transcript:AT4G35140.2	Cau.Cau8AG000120	0.85	0.84	62.32	301	L1
transcript:AT1G08710.2	Cau.Cau7BG001185	0.89	1.00	54.96	144	L1
transcript:AT5G46570.1	Cau.Cau5BG003819	1.00	1.00	79.63	391	L1
transcript:AT1G01490.3	Cau.Cau9BG001118	0.99	1.00	56.34	80	L1
transcript:AT2G21650.1	Cau.Cau8AG000645	0.87	0.85	64.77	57	L1
transcript:AT1G09150.1	Cau.Cau3BG001354	1.00	1.00	86.74	157	L1
transcript:AT3G50845.1	Cau.Cau1AG000282	1.00	1.00	75.16	118	L1
transcript:AT5G19280.1	Cau.Cau9BG001563	0.96	0.94	62.59	348	L1
transcript:AT4G33760.1	Cau.Cau8BG000249	0.40	0.95	62.46	178	L1
transcript:AT2G37240.1	Cau.Cau6BG001629	0.82	0.80	75.98	155	L1
transcript:AT1G63610.1	Cau.Cau3BG000101	1.00	1.00	73.84	254	L1
transcript:AT3G63095.1	Cau.Cau5BG002907	0.23	0.36	70.18	40	L1
transcript:AT3G06430.1	Cau.Cau9AG001896	0.95	0.95	67.65	322	L1
transcript:AT3G04940.2	Cau.Cau3BG001568	1.00	1.00	72.92	237	L1
transcript:AT1G34570.1	Cau.Cau7AG000146	0.95	0.97	42.52	91	L1
transcript:AT5G58270.1	Cau.Cau1BG001777	0.93	0.92	79.26	535	L1
transcript:AT1G74790.1	Cau.Cau5BG000356	0.95	0.95	68.52	455	L1
transcript:AT1G64850.1	Cau.Cau7AG001112	0.96	0.95	71.79	112	L1
transcript:AT2G03620.2	Cau.Cau7BG000736	1.00	1.00	70.14	296	L1
transcript:AT5G62290.2	Cau.Cau9BG000400	1.00	1.00	67.97	157	L1
transcript:AT3G17000.1	Cau.Cau9AG001801	0.99	0.99	67.42	209	L1
transcript:AT1G18440.1	Cau.Cau5BG001183	0.77	0.81	76.92	170	L1
transcript:AT3G14980.3	Cau.Cau5BG001259	0.98	0.91	47.52	528	L1
transcript:AT1G71080.1	Cau.Cau2AG001715	0.84	0.89	57.39	167	L1
transcript:AT1G60220.1	Cau.Cau7AG000434	0.97	0.95	41.78	249	L1
transcript:AT2G15580.1	Cau.Cau4AG002301	1.00	0.97	47.57	98	L1
transcript:AT1G34210.2	Cau.Cau3AG000552	0.76	1.00	91.46	450	L1
transcript:AT1G18640.2	Cau.Cau5AG001050	1.00	1.00	72.88	215	L1
transcript:AT2G03060.1	Cau.Cau7AG000259	0.99	0.99	52.76	201	L1
transcript:AT5G26680.2	Cau.Cau6AG002062	1.00	1.00	87.01	335	L1
transcript:AT1G08660.1	Cau.Cau2AG000795	0.99	0.99	77.41	370	L1
transcript:AT3G60670.1	Cau.Cau5BG003690	1.00	0.99	56.45	140	L1
transcript:AT2G43710.1	Cau.Cau5BG002067	1.00	1.00	84.04	337	L1
transcript:AT4G27450.1	Cau.Cau4AG001194	1.00	0.98	83.13	207	L1
transcript:AT4G16380.1	Cau.Cau2AG000196	0.98	0.99	40.38	105	L1
transcript:AT1G12940.1	Cau.Cau7BG000480	1.00	0.99	73.36	369	L1
transcript:AT4G27020.1	Cau.Cau4AG001385	0.95	0.94	81.53	406	L1
transcript:AT1G27461.1	Cau.Cau3BG001194	0.98	0.97	49.48	189	L1
transcript:AT1G71430.1	Cau.Cau8AG000247	0.96	0.97	48.68	92	L1
transcript:AT5G47780.1	Cau.Cau2AG002810	1.00	1.00	68.88	447	L1
transcript:AT4G39870.1	Cau.Cau1BG002160	1.00	1.00	64.56	255	L1
transcript:AT5G43060.1	Cau.Cau8BG000400	0.96	0.95	64.84	295	L1
transcript:AT1G28520.5	Cau.Cau2BG002421	1.00	1.00	71.37	354	L1
transcript:AT1G22730.1	Cau.Cau3AG000622	0.98	0.97	62.80	444	L1
transcript:AT3G50790.2	Cau.Cau5BG000053	0.90	0.90	73.17	270	L1
transcript:AT3G07565.1	Cau.Cau2BG001456	1.00	1.00	73.56	192	L1
transcript:AT3G18820.1	Cau.Cau8BG000606	1.00	1.00	92.72	191	L1
transcript:AT5G23630.1	Cau.Cau5AG001888	1.00	1.00	79.53	948	L1
transcript:AT1G73320.1	Cau.Cau5AG001757	0.91	0.99	67.70	197	L1
transcript:AT4G22190.1	Cau.Cau2BG002703	0.88	1.00	52.07	189	L1
transcript:AT1G80270.5	Cau.Cau6BG000532	0.97	0.95	56.35	337	L1
transcript:AT5G40400.2	Cau.Cau2AG000536	0.88	0.97	56.93	345	L1
transcript:AT2G22570.1	Cau.Cau1BG000672	0.99	0.98	65.70	159	L1
transcript:AT4G15550.1	Cau.Cau5AG002011	0.99	0.96	48.27	237	L1
transcript:AT1G79750.1	Cau.Cau1BG001086	1.00	1.00	77.08	501	L1
transcript:AT3G59140.1	Cau.Cau9AG000146	1.00	1.00	67.63	1005	L1
transcript:AT5G02390.3	Cau.Cau6AG001504	1.00	1.00	36.92	333	L1
transcript:AT3G18210.2	Cau.Cau4AG001042	0.94	0.93	70.00	259	L1
transcript:AT5G49130.1	Cau.Cau9BG001784	0.97	0.96	66.94	326	L1
transcript:AT4G10350.1	Cau.Cau5AG001936	0.99	1.00	60.48	225	L1
transcript:AT1G22640.1	Cau.Cau3AG000605	0.97	0.95	53.08	155	L1
transcript:AT1G05087.1	Cau.Cau2AG001237	0.80	0.26	41.63	92	L1
transcript:AT3G45590.2	Cau.Cau8AG001678	0.98	0.96	59.75	141	L1
transcript:AT5G28490.1	Cau.Cau8BG001178	0.84	0.85	75.86	132	L1
transcript:AT1G75540.1	Cau.Cau3BG000253	0.96	0.95	48.48	160	L1
transcript:AT3G45040.1	Cau.Cau8BG001576	0.99	0.99	65.19	369	L1
transcript:AT2G28320.1	Cau.Cau8AG001600	0.99	0.98	72.97	540	L1
transcript:AT4G02280.1	Cau.Cau5BG003082	1.00	1.00	85.29	690	L1
transcript:AT3G06740.1	Cau.Cau9BG001841	1.00	1.00	56.88	91	L1
transcript:AT2G36730.1	Cau.Cau6AG000104	0.97	0.95	57.35	281	L1
transcript:AT4G29380.1	Cau.Cau4BG000812	1.00	1.00	71.06	1105	L1
transcript:AT5G15410.1	Cau.Cau6BG000053	1.00	1.00	76.20	557	L1
transcript:AT1G50660.1	Cau.Cau4BG001435	1.00	1.00	61.41	452	L1
transcript:AT5G56970.1	Cau.Cau4AG000914	0.95	0.97	58.94	300	L1
transcript:AT1G04690.1	Cau.Cau9BG001088	0.59	1.00	88.54	170	L1
transcript:AT1G77170.1	Cau.Cau4BG000776	0.95	0.98	59.69	268	L1
transcript:AT4G00755.1	Cau.Cau5BG003588	0.98	0.99	52.66	198	L1
transcript:AT2G44525.1	Cau.Cau5BG003817	1.00	1.00	75.44	129	L1
transcript:AT4G20440.4	Cau.Cau2BG002012	0.70	0.68	86.15	168	L1
transcript:AT3G57390.1	Cau.Cau9AG000685	1.00	1.00	53.23	140	L1
transcript:AT1G21910.1	Cau.Cau3BG000882	1.00	1.00	47.29	122	L1
transcript:AT3G02320.1	Cau.Cau6BG000265	0.98	0.98	76.92	450	L1
transcript:AT2G28800.1	Cau.Cau8BG001803	0.97	0.96	70.73	319	L1
transcript:AT1G16720.2	Cau.Cau8AG002054	0.96	0.95	72.98	443	L1
transcript:AT4G22300.1	Cau.Cau2AG002724	0.97	0.99	72.16	184	L1
transcript:AT5G45380.1	Cau.Cau3AG001739	1.00	0.99	77.10	542	L1
transcript:AT1G52590.1	Cau.Cau1BG001327	1.00	0.98	72.99	127	L1
transcript:AT4G27340.1	Cau.Cau4BG001277	0.99	0.99	58.39	362	L1
transcript:AT5G67385.1	Cau.Cau1BG000525	1.00	0.98	70.87	438	L1
transcript:AT2G04410.1	Cau.Cau2BG001395	0.99	0.94	75.34	55	L1
transcript:AT3G50950.2	Cau.Cau1AG000235	0.99	0.99	61.59	526	L1
transcript:AT1G15860.2	Cau.Cau1BG001465	1.00	1.00	77.09	175	L1
transcript:AT4G02940.1	Cau.Cau5BG002929	0.99	0.99	55.54	321	L1
transcript:AT2G25660.3	Cau.Cau4AG000314	1.00	1.00	64.30	1412	L1
transcript:AT5G27390.2	Cau.Cau3BG001503	1.00	1.00	58.72	165	L1
transcript:AT4G24175.1	Cau.Cau3BG000192	0.98	1.00	46.52	147	L1
transcript:AT4G27600.1	Cau.Cau7AG001057	0.99	0.97	67.87	319	L1
transcript:AT3G21110.2	Cau.Cau3BG001055	1.00	1.00	70.91	295	L1
transcript:AT5G57830.1	Cau.Cau4AG002214	0.99	0.99	40.67	162	L1
transcript:AT4G19680.1	Cau.Cau2AG001991	0.76	0.77	54.00	108	L1
transcript:AT1G62250.3	Cau.Cau2BG002667	0.76	0.73	75.86	154	L1
transcript:AT3G26040.1	Cau.Cau7BG000589	0.99	1.00	43.01	197	L1
transcript:AT4G32530.1	Cau.Cau4BG000291	0.97	0.98	90.80	158	L1
transcript:AT4G30420.2	Cau.Cau4AG002165	0.99	0.90	57.81	222	L1
transcript:AT1G79580.5	Cau.Cau9BG000002	0.98	1.00	54.50	212	L1
transcript:AT1G50450.1	Cau.Cau2AG000289	0.59	1.00	65.34	164	L1
transcript:AT3G03270.2	Cau.Cau3BG001679	1.00	0.97	80.50	128	L1
transcript:AT3G13920.1	Cau.Cau1BG000888	1.00	1.00	93.96	389	L1
transcript:AT2G38110.1	Cau.Cau6BG001338	1.00	0.99	80.80	404	L1
transcript:AT1G53708.1	Cau.Cau1BG000552	0.39	0.72	83.72	36	L1
transcript:AT1G24430.1	Cau.Cau7BG000588	0.98	1.00	47.71	208	L1
transcript:AT5G48390.1	Cau.Cau2BG001471	1.00	0.99	64.35	603	L1
transcript:AT3G16720.1	Cau.Cau9BG001790	0.99	0.99	44.52	134	L1
transcript:AT5G08260.1	Cau.Cau7AG000967	0.99	0.98	65.19	309	L1
transcript:AT5G16620.1	Cau.Cau6AG000520	1.00	1.00	53.90	242	L1
transcript:AT3G51390.1	Cau.Cau1AG000063	0.96	0.95	66.47	220	L1
transcript:AT2G44970.3	Cau.Cau5AG003767	0.99	0.99	67.41	333	L1
transcript:AT4G35250.1	Cau.Cau8AG000069	1.00	1.00	81.14	327	L1
transcript:AT4G31020.1	Cau.Cau4BG002276	1.00	1.00	83.67	246	L1
transcript:AT5G23080.1	Cau.Cau5BG001146	0.84	0.80	65.24	518	L1
transcript:AT3G21710.2	Cau.Cau2AG001191	0.99	1.00	39.82	88	L1
transcript:AT3G60400.1	Cau.Cau5AG003779	0.96	0.96	53.99	291	L1
transcript:AT2G18740.1	Cau.Cau4BG002154	1.00	1.00	96.59	85	L1
transcript:AT3G15800.1	Cau.Cau1AG001311	0.91	0.94	74.31	269	L1
transcript:AT4G29070.2	Cau.Cau2BG000361	0.76	0.94	65.48	129	L1
transcript:AT3G12930.1	Cau.Cau5AG001511	0.98	0.98	63.52	155	L1
transcript:AT5G10260.1	Cau.Cau1BG002167	1.00	1.00	93.24	193	L1
transcript:AT3G47670.1	Cau.Cau5BG000307	0.87	0.98	38.93	95	L1
transcript:AT2G37200.1	Cau.Cau6BG001715	0.99	1.00	72.22	130	L1
transcript:AT5G20200.1	Cau.Cau4BG000540	1.00	1.00	38.15	306	L1
transcript:AT5G36170.1	Cau.Cau6AG001948	0.88	0.87	79.35	319	L1
transcript:AT5G53000.1	Cau.Cau5BG001519	1.00	1.00	70.76	288	L1
transcript:AT5G63150.1	Cau.Cau5AG000545	1.00	1.00	43.17	60	L1
transcript:AT4G08810.1	Cau.Cau2BG000050	1.00	1.00	67.74	380	L1
transcript:AT2G22420.1	Cau.Cau1AG000718	0.63	1.00	80.10	165	L1
transcript:AT2G31690.1	Cau.Cau5AG002364	0.80	0.82	67.17	266	L1
transcript:AT5G04410.1	Cau.Cau7BG001788	1.00	1.00	48.05	284	L1
transcript:AT3G07130.1	Cau.Cau5BG002560	0.99	0.96	74.15	393	L1
transcript:AT2G04920.1	Cau.Cau6AG001418	0.95	0.93	25.00	97	L1
transcript:AT3G56370.1	Cau.Cau7AG002097	0.99	0.99	71.58	695	L1
transcript:AT4G24580.2	Cau.Cau3AG001080	0.94	0.95	55.36	522	L1
transcript:AT1G27060.1	Cau.Cau7BG000329	0.96	0.93	62.95	243	L1
transcript:AT4G29950.1	Cau.Cau4AG002026	1.00	0.99	57.29	491	L1
transcript:AT3G06480.1	Cau.Cau9AG001881	0.80	0.79	61.24	564	L1
transcript:AT3G23820.1	Cau.Cau9BG000926	0.98	0.96	79.44	367	L1
transcript:AT1G19600.1	Cau.Cau3AG000312	0.97	0.96	76.08	264	L1
transcript:AT5G62520.1	Cau.Cau5BG000447	0.96	0.89	47.95	152	L1
transcript:AT4G03965.1	Cau.Cau2BG002707	1.00	1.00	47.97	118	L1
transcript:AT3G24570.1	Cau.Cau4AG000719	1.00	1.00	74.04	174	L1
transcript:AT3G07740.1	Cau.Cau2BG001363	1.00	1.00	56.77	327	L1
transcript:AT3G26680.1	Cau.Cau2BG000754	0.97	0.96	64.00	304	L1
transcript:AT2G42080.1	Cau.Cau6BG000971	1.00	1.00	47.04	127	L1
transcript:AT1G12110.1	Cau.Cau5BG000786	0.99	0.99	67.34	398	L1
transcript:AT5G38290.1	Cau.Cau6AG000383	1.00	1.00	70.33	173	L1
transcript:AT3G56180.2	Cau.Cau7AG002156	0.95	0.97	51.02	100	L1
transcript:AT2G41600.3	Cau.Cau9BG000713	0.99	1.00	53.43	109	L1
transcript:AT3G04590.2	Cau.Cau8BG001205	0.93	0.98	51.39	203	L1
transcript:AT2G03380.1	Cau.Cau7BG000207	0.99	0.96	58.25	399	L1
transcript:AT2G46000.1	Cau.Cau5BG003501	0.86	0.87	58.79	107	L1
transcript:AT3G56360.1	Cau.Cau7BG002116	0.95	0.94	43.78	102	L1
transcript:AT5G24170.1	Cau.Cau9BG000101	1.00	1.00	68.71	112	L1
transcript:AT4G00770.1	Cau.Cau5BG003599	0.95	1.00	31.95	154	L1
transcript:AT1G63680.3	Cau.Cau5BG000251	1.00	1.00	71.11	566	L1
transcript:AT5G46100.1	Cau.Cau2BG002410	1.00	0.97	66.17	311	L1
transcript:AT4G20300.2	Cau.Cau2AG001865	1.00	1.00	40.64	165	L1
transcript:AT5G51960.2	Cau.Cau7AG001908	1.00	1.00	65.45	72	L1
transcript:AT1G61667.1	Cau.Cau2BG002233	0.90	0.87	65.73	94	L1
transcript:AT1G11720.2	Cau.Cau2BG002648	1.00	0.99	65.32	761	L1
transcript:AT1G24490.1	Cau.Cau7AG000569	1.00	0.93	59.77	312	L1
transcript:AT2G37420.2	Cau.Cau6AG001555	1.00	1.00	64.83	682	L1
transcript:AT1G05920.1	Cau.Cau2BG000275	0.50	0.48	33.73	56	L1
transcript:AT2G43760.3	Cau.Cau2BG000400	0.93	0.95	69.15	130	L1
transcript:AT2G01820.1	Cau.Cau2BG001573	1.00	1.00	63.28	605	L1
transcript:AT4G02760.9	Cau.Cau5AG002917	0.92	0.81	41.79	196	L1
transcript:AT3G16090.1	Cau.Cau5BG002332	1.00	0.97	65.68	356	L1
transcript:AT3G55240.1	Cau.Cau7AG001966	0.96	0.93	78.26	72	L1
transcript:AT2G43080.1	Cau.Cau5BG002312	1.00	0.99	77.97	223	L1
transcript:AT5G25150.1	Cau.Cau4BG000153	1.00	1.00	77.76	521	L1
transcript:AT4G03220.1	Cau.Cau2AG001135	1.00	1.00	51.65	266	L1
transcript:AT3G63380.1	Cau.Cau5AG002867	0.99	0.99	72.47	753	L1
transcript:AT2G39090.1	Cau.Cau9BG001715	1.00	1.00	75.94	426	L1
transcript:AT1G03190.2	Cau.Cau5BG002889	1.00	1.00	88.01	668	L1
transcript:AT5G46740.2	Cau.Cau7AG001552	0.99	0.77	39.30	213	L1
transcript:AT5G64340.1	Cau.Cau8BG000939	0.91	0.93	38.62	134	L1
transcript:AT3G59290.1	Cau.Cau5BG002301	1.00	1.00	41.89	478	L1
transcript:AT1G53570.4	Cau.Cau1BG001862	0.99	1.00	57.68	368	L1
transcript:AT3G25410.1	Cau.Cau2BG001502	0.87	0.91	68.12	182	L1
transcript:AT3G26370.2	Cau.Cau7BG000532	0.53	0.94	73.43	152	L1
transcript:AT5G01720.1	Cau.Cau6AG001214	1.00	1.00	66.02	439	L1
transcript:AT2G01130.1	Cau.Cau2BG001738	1.00	0.96	68.56	809	L1
transcript:AT5G52060.1	Cau.Cau9AG000305	1.00	1.00	55.01	203	L1
transcript:AT5G64980.2	Cau.Cau5BG002903	0.38	0.34	39.85	53	L1
transcript:AT3G03590.1	Cau.Cau7BG001161	1.00	1.00	56.55	82	L1
transcript:AT1G73830.1	Cau.Cau5BG001216	0.80	0.99	50.22	115	L1
transcript:AT5G14610.2	Cau.Cau2AG000514	1.00	0.91	71.08	467	L1
transcript:AT5G06160.1	Cau.Cau9BG000100	1.00	1.00	76.67	391	L1
transcript:AT4G19170.1	Cau.Cau7BG001026	0.97	0.96	69.78	411	L1
transcript:AT5G10920.1	Cau.Cau3AG001101	0.89	0.89	82.25	380	L1
transcript:AT3G09640.2	Cau.Cau6AG001639	0.99	0.99	85.48	212	L1
transcript:AT5G60370.1	Cau.Cau8BG001687	0.88	0.93	52.48	201	L1
transcript:AT4G39740.1	Cau.Cau1BG002149	0.99	0.99	59.42	164	L1
transcript:AT2G22120.1	Cau.Cau1BG002090	1.00	1.00	85.80	278	L1
transcript:AT4G34730.3	Cau.Cau8AG000759	0.99	0.97	72.73	160	L1
transcript:AT1G15690.1	Cau.Cau1BG001406	0.99	0.99	89.80	687	L1
transcript:AT5G53550.6	Cau.Cau5BG001563	0.99	0.99	76.76	512	L1
transcript:AT5G05450.1	Cau.Cau7BG002195	0.99	1.00	72.68	431	L1
transcript:AT2G13610.1	Cau.Cau1AG001763	1.00	1.00	72.92	474	L1
transcript:AT3G44220.1	Cau.Cau8BG001335	1.00	1.00	60.38	128	L1
transcript:AT4G26140.7	Cau.Cau4BG000910	1.00	1.00	66.40	500	L1
transcript:AT5G05580.1	Cau.Cau6BG001292	1.00	0.99	71.62	328	L1
transcript:AT5G65650.1	Cau.Cau1BG000304	0.94	0.95	70.69	123	L1
transcript:AT1G04130.1	Cau.Cau5AG002689	0.97	0.91	65.07	231	L1
transcript:AT3G01690.1	Cau.Cau2BG000609	1.00	1.00	78.65	291	L1
transcript:AT1G72200.1	Cau.Cau3BG001044	0.93	0.98	43.11	172	L1
transcript:AT2G38670.1	Cau.Cau6AG001100	0.99	0.98	81.34	340	L1
transcript:AT2G06040.1	Cau.Cau4AG001976	1.00	0.97	45.75	355	L1
transcript:AT5G19760.1	Cau.Cau2AG000037	1.00	1.00	84.67	254	L1
transcript:AT1G12760.1	Cau.Cau5BG000921	0.97	1.00	67.25	269	L1
transcript:AT5G26860.1	Cau.Cau3BG001291	1.00	1.00	73.24	769	L1
transcript:AT1G67280.1	Cau.Cau4BG000758	1.00	1.00	83.47	303	L1
transcript:AT3G19700.1	Cau.Cau8BG000216	0.99	0.98	56.36	567	L1
transcript:AT3G63500.3	Cau.Cau7BG000048	1.00	1.00	44.62	568	L1
transcript:AT3G06290.3	Cau.Cau9AG001572	1.00	0.87	45.41	697	L1
transcript:AT1G71691.2	Cau.Cau5AG001808	0.87	0.89	73.13	245	L1
transcript:AT5G07330.1	Cau.Cau7BG001359	0.96	0.99	47.93	81	L1
transcript:AT5G41880.1	Cau.Cau5AG000139	1.00	1.00	67.99	308	L1
transcript:AT3G07020.2	Cau.Cau5BG002598	0.96	0.97	66.97	448	L1
transcript:AT1G71480.1	Cau.Cau5AG001843	0.65	0.61	76.60	108	L1
transcript:AT4G38650.1	Cau.Cau8AG000185	0.99	0.98	67.50	376	L1
transcript:AT5G38200.1	Cau.Cau6BG000394	0.96	0.98	76.43	321	L1
transcript:AT4G30340.1	Cau.Cau4BG002160	0.98	0.99	69.07	335	L1
transcript:AT1G20950.1	Cau.Cau3AG000027	1.00	1.00	84.04	516	L1
transcript:AT5G18900.1	Cau.Cau9AG001585	1.00	1.00	73.49	219	L1
transcript:AT1G76400.1	Cau.Cau3BG000054	0.98	0.99	66.39	401	L1
transcript:AT4G23660.3	Cau.Cau7BG000984	0.92	0.92	63.87	251	L1
transcript:AT4G38020.1	Cau.Cau1AG000646	0.94	0.90	60.78	203	L1
transcript:AT5G50120.1	Cau.Cau5AG000391	0.93	0.86	61.10	223	L1
transcript:AT5G67270.1	Cau.Cau1BG000481	1.00	1.00	70.59	240	L1
transcript:AT1G69830.1	Cau.Cau7BG000317	1.00	1.00	67.62	616	L1
transcript:AT3G62920.1	Cau.Cau5BG002999	0.99	0.96	63.29	50	L1
transcript:AT4G23760.1	Cau.Cau5BG000165	0.50	0.84	62.07	36	L1
transcript:AT1G70950.1	Cau.Cau2AG001694	0.87	0.80	58.70	132	L1
transcript:AT1G13220.1	Cau.Cau7AG000845	0.29	0.99	47.15	58	L1
transcript:AT1G72390.2	Cau.Cau1BG000968	1.00	1.00	51.77	718	L1
transcript:AT1G78930.1	Cau.Cau1AG001597	0.91	0.90	58.44	322	L1
transcript:AT5G14580.1	Cau.Cau2AG000522	0.99	1.00	67.85	686	L1
transcript:AT2G16880.1	Cau.Cau7BG001919	0.98	0.94	52.49	390	L1
transcript:AT4G10190.1	Cau.Cau5AG001727	0.97	0.93	25.32	99	L1
transcript:AT1G60950.1	Cau.Cau3AG002128	0.97	0.98	72.73	104	L1
transcript:AT5G58240.2	Cau.Cau9BG000686	0.99	0.99	72.78	115	L1
transcript:AT5G24890.1	Cau.Cau4BG000069	0.87	0.79	42.00	105	L1
transcript:AT1G64690.3	Cau.Cau5AG000045	0.80	0.98	33.92	116	L1
transcript:AT5G51020.1	Cau.Cau7BG001366	1.00	1.00	76.38	207	L1
transcript:AT1G16520.1	Cau.Cau9BG000082	0.98	0.96	66.57	219	L1
transcript:AT3G03990.1	Cau.Cau3BG001205	0.99	0.99	79.09	208	L1
transcript:AT5G03330.2	Cau.Cau6BG001743	1.00	1.00	50.83	183	L1
transcript:AT3G51580.2	Cau.Cau6AG001161	0.61	0.42	49.80	127	L1
transcript:AT5G50160.1	Cau.Cau5BG000507	0.99	0.99	54.81	399	L1
transcript:AT2G29950.1	Cau.Cau8AG001964	0.84	0.73	54.72	58	L1
transcript:AT4G30810.1	Cau.Cau4AG002219	0.96	0.97	68.83	318	L1
transcript:AT2G18245.1	Cau.Cau1AG000257	0.99	1.00	50.12	203	L1
transcript:AT2G36020.1	Cau.Cau6BG000821	0.97	0.98	45.35	117	L1
transcript:AT3G43110.1	Cau.Cau5AG003214	0.93	0.90	43.35	88	L1
transcript:AT5G17640.1	Cau.Cau7BG001156	0.97	0.97	78.62	331	L1
transcript:AT5G36210.1	Cau.Cau3AG000427	1.00	1.00	72.67	537	L1
transcript:AT3G50820.1	Cau.Cau1AG000352	1.00	1.00	80.18	267	L1
transcript:AT3G14120.2	Cau.Cau1AG000949	1.00	1.00	72.78	794	L1
transcript:AT4G37980.1	Cau.Cau1AG000640	1.00	0.99	69.44	250	L1
transcript:AT3G15730.1	Cau.Cau1AG001301	1.00	1.00	77.04	624	L1
transcript:AT4G13040.7	Cau.Cau5BG002538	0.87	0.81	51.43	108	L1
transcript:AT1G77940.1	Cau.Cau8BG001063	1.00	1.00	87.50	98	L1
transcript:AT1G27300.1	Cau.Cau7AG000680	0.99	0.99	37.85	81	L1
transcript:AT2G33205.1	Cau.Cau9BG001127	0.90	0.96	67.28	255	L1
transcript:AT3G18600.1	Cau.Cau3BG002137	0.97	0.96	67.19	385	L1
transcript:AT3G54040.1	Cau.Cau6BG001388	0.93	0.90	59.77	104	L1
transcript:AT2G37380.1	Cau.Cau6AG001576	0.99	0.98	43.77	165	L1
transcript:AT5G04040.2	Cau.Cau9AG000770	1.00	1.00	73.65	629	L1
transcript:AT3G22600.1	Cau.Cau9BG001489	0.96	0.92	61.54	104	L1
transcript:AT2G43390.1	Cau.Cau5AG002277	0.73	0.64	35.71	30	L1
transcript:AT3G19050.1	Cau.Cau8AG000498	1.00	1.00	51.32	1471	L1
transcript:AT1G79950.1	Cau.Cau1AG001167	0.94	0.99	54.48	565	L1
transcript:AT1G78060.1	Cau.Cau3BG000974	0.99	0.99	68.75	528	L1
transcript:AT1G01040.1	Cau.Cau5AG003341	0.99	0.99	75.32	1483	L1
transcript:AT5G59610.5	Cau.Cau8BG001867	0.98	0.99	54.70	157	L1
transcript:AT5G44120.3	Cau.Cau9AG001238	0.97	0.98	44.93	217	L1
transcript:AT1G12710.1	Cau.Cau5AG000905	1.00	1.00	66.32	193	L1
transcript:AT4G09580.1	Cau.Cau3BG000584	1.00	1.00	76.66	220	L1
transcript:AT2G04650.1	Cau.Cau2BG000444	0.99	1.00	81.75	336	L1
transcript:AT2G30380.1	Cau.Cau1AG001641	1.00	1.00	50.11	226	L1
transcript:AT1G43130.1	Cau.Cau3AG000664	1.00	1.00	81.61	213	L1
transcript:AT1G48930.1	Cau.Cau7BG000979	0.96	0.95	58.30	281	L1
transcript:AT5G61410.1	Cau.Cau5AG000969	0.99	1.00	87.50	245	L1
transcript:AT1G09970.1	Cau.Cau3AG001152	0.98	0.98	65.80	635	L1
transcript:AT5G04200.1	Cau.Cau6BG000619	1.00	0.99	64.63	212	L1
transcript:AT3G59500.2	Cau.Cau5BG002219	1.00	1.00	82.66	224	L1
transcript:AT4G38220.1	Cau.Cau8AG000033	0.99	0.99	72.44	318	L1
transcript:AT1G02360.1	Cau.Cau5BG003246	0.97	0.96	70.70	193	L1
transcript:AT3G17810.1	Cau.Cau5BG001634	0.99	1.00	78.35	333	L1
transcript:AT1G72460.1	Cau.Cau1BG000961	1.00	0.95	46.90	310	L1
transcript:AT3G56330.1	Cau.Cau7BG002128	0.99	0.98	67.44	290	L1
transcript:AT3G15820.1	Cau.Cau1AG001318	0.94	0.95	66.78	189	L1
transcript:AT1G56260.2	Cau.Cau3BG001334	0.98	0.99	60.80	76	L1
transcript:AT5G49730.1	Cau.Cau3BG002445	1.00	1.00	60.53	452	L1
transcript:AT2G18040.1	Cau.Cau1BG000167	1.00	1.00	78.15	93	L1
transcript:AT3G20600.1	Cau.Cau4AG001309	0.96	0.98	50.94	108	L1
transcript:AT3G04880.1	Cau.Cau3BG001583	0.99	0.98	70.13	216	L1
transcript:AT2G42770.1	Cau.Cau2BG000723	1.00	1.00	66.24	157	L1
transcript:AT1G51350.1	Cau.Cau2AG000246	1.00	1.00	57.33	387	L1
transcript:AT2G26180.1	Cau.Cau4AG000516	0.99	0.97	63.29	281	L1
transcript:AT3G61920.1	Cau.Cau5BG000038	0.96	0.93	44.98	94	L1
transcript:AT1G53165.1	Cau.Cau4AG001124	1.00	1.00	68.75	484	L1
transcript:AT3G18850.4	Cau.Cau8BG000569	0.97	0.95	66.48	242	L1
transcript:AT3G07750.1	Cau.Cau2BG001362	1.00	1.00	82.87	237	L1
transcript:AT1G44910.1	Cau.Cau8BG000262	1.00	1.00	52.00	532	L1
transcript:AT4G33420.1	Cau.Cau1BG000761	1.00	1.00	70.86	231	L1
transcript:AT5G66710.1	Cau.Cau1AG000316	0.86	0.88	57.14	200	L1
transcript:AT5G28680.2	Cau.Cau8BG001247	0.97	0.95	64.31	537	L1
transcript:AT4G31120.1	Cau.Cau4AG000004	1.00	1.00	77.42	504	L1
transcript:AT1G05160.1	Cau.Cau5BG003821	0.99	0.98	70.12	345	L1
transcript:AT2G18170.1	Cau.Cau1AG000232	1.00	1.00	85.60	315	L1
transcript:AT3G61670.1	Cau.Cau5BG003413	1.00	1.00	44.22	413	L1
transcript:AT3G49050.1	Cau.Cau9AG000242	0.99	0.99	73.15	346	L1
transcript:AT2G02880.1	Cau.Cau7BG000288	0.98	0.97	63.46	198	L1
transcript:AT1G58370.2	Cau.Cau3AG001165	1.00	1.00	70.16	677	L1
transcript:AT4G22970.1	Cau.Cau3BG002063	1.00	1.00	46.66	1047	L1
transcript:AT2G38360.1	Cau.Cau6AG001228	0.94	0.92	69.23	144	L1
transcript:AT1G73820.1	Cau.Cau9BG000707	1.00	1.00	80.31	155	L1
transcript:AT4G06599.1	Cau.Cau3AG002162	0.94	0.96	84.06	269	L1
transcript:AT1G60600.2	Cau.Cau8BG000961	0.80	0.78	72.13	220	L1
transcript:AT3G07650.3	Cau.Cau2BG001408	1.00	1.00	57.27	248	L1
transcript:AT1G52900.1	Cau.Cau4BG001221	0.94	0.92	61.50	115	L1
transcript:AT3G42880.1	Cau.Cau4BG001742	0.99	0.98	49.77	320	L1
transcript:AT1G09680.1	Cau.Cau6BG000530	0.98	0.99	56.67	340	L1
transcript:AT3G50440.1	Cau.Cau1AG000375	0.93	1.00	49.81	129	L1
transcript:AT2G18020.1	Cau.Cau2BG001150	1.00	0.99	93.41	241	L1
transcript:AT1G77010.1	Cau.Cau3BG000772	0.96	0.99	59.20	399	L1
transcript:AT3G53320.1	Cau.Cau6AG001648	0.89	0.68	38.52	203	L1
transcript:AT1G18835.1	Cau.Cau5BG000946	0.99	1.00	74.19	69	L1
transcript:AT2G20340.1	Cau.Cau5AG002702	0.98	0.96	78.42	378	L1
transcript:AT1G71070.1	Cau.Cau2AG001714	1.00	1.00	72.22	286	L1
transcript:AT5G02190.1	Cau.Cau6AG001476	0.91	0.92	68.84	285	L1
transcript:AT3G12800.1	Cau.Cau9AG000033	1.00	0.99	81.21	242	L1
transcript:AT5G52540.1	Cau.Cau9BG000203	1.00	1.00	68.07	324	L1
transcript:AT5G19970.1	Cau.Cau4BG000622	0.97	0.98	48.24	192	L1
transcript:AT1G72450.1	Cau.Cau1AG000943	1.00	0.99	33.33	92	L1
transcript:AT1G03140.1	Cau.Cau5AG002919	1.00	1.00	69.52	292	L1
transcript:AT2G25620.1	Cau.Cau4BG000293	1.00	1.00	68.96	271	L1
transcript:AT5G58575.2	Cau.Cau8AG001998	0.95	0.97	70.52	122	L1
transcript:AT2G46375.1	Cau.Cau5BG003414	0.46	0.55	43.86	25	L1
transcript:AT2G24400.1	Cau.Cau4BG000026	1.00	1.00	60.54	112	L1
transcript:AT4G17190.1	Cau.Cau4AG001622	1.00	1.00	79.53	272	L1
transcript:AT5G04810.1	Cau.Cau7BG001658	0.98	0.96	69.42	663	L1
transcript:AT3G20890.1	Cau.Cau2BG000244	1.00	1.00	67.91	201	L1
transcript:AT2G40750.1	Cau.Cau7BG002101	0.59	0.61	44.50	97	L1
transcript:AT1G49870.1	Cau.Cau8AG000330	0.99	0.99	43.54	411	L1
transcript:AT3G17450.2	Cau.Cau5AG003277	0.95	0.93	55.56	475	L1
transcript:AT2G36370.1	Cau.Cau6AG000707	1.00	1.00	49.85	489	L1
transcript:AT4G11970.5	Cau.Cau5BG000872	1.00	1.00	57.96	233	L1
transcript:AT4G39630.1	Cau.Cau1AG002014	0.98	0.97	51.30	118	L1
transcript:AT4G09060.2	Cau.Cau3AG001042	0.95	0.99	46.02	162	L1
transcript:AT3G16980.1	Cau.Cau9BG001868	1.00	1.00	92.11	105	L1
transcript:AT5G16100.2	Cau.Cau4AG001834	0.76	0.90	32.59	117	L1
transcript:AT5G03960.2	Cau.Cau9BG000749	0.96	0.95	48.86	193	L1
transcript:AT3G10985.1	Cau.Cau7BG002164	1.00	0.99	58.06	72	L1
transcript:AT3G56490.1	Cau.Cau6BG000626	0.99	0.94	80.14	117	L1
transcript:AT5G58170.1	Cau.Cau4BG002283	0.99	0.98	52.68	403	L1
transcript:AT1G76640.1	Cau.Cau2BG000900	0.90	0.99	50.35	72	L1
transcript:AT2G28070.2	Cau.Cau8BG001578	1.00	1.00	81.07	591	L1
transcript:AT1G77180.2	Cau.Cau6AG001147	0.98	0.99	74.84	455	L1
transcript:AT1G29120.2	Cau.Cau2AG002479	0.87	0.86	74.26	300	L1
transcript:AT4G18160.1	Cau.Cau2BG002570	0.98	0.99	62.39	277	L1
transcript:AT5G41650.1	Cau.Cau5BG000175	1.00	1.00	82.91	97	L1
transcript:AT1G25220.1	Cau.Cau2AG001576	0.98	0.98	70.04	194	L1
transcript:AT5G54530.1	Cau.Cau4BG001302	0.81	0.76	63.85	83	L1
transcript:AT3G09780.1	Cau.Cau6BG001705	0.97	0.97	66.53	505	L1
transcript:AT2G19790.1	Cau.Cau4BG000834	0.59	0.97	88.10	74	L1
transcript:AT3G58560.1	Cau.Cau6BG000933	0.99	1.00	77.92	473	L1
transcript:AT3G10910.1	Cau.Cau7BG002119	0.96	0.84	57.14	100	L1
transcript:AT3G14880.2	Cau.Cau5BG001293	0.95	0.97	58.15	132	L1
transcript:AT1G76730.1	Cau.Cau3BG000664	1.00	0.99	70.05	255	L1
transcript:AT1G53000.1	Cau.Cau4BG001187	0.96	0.95	88.89	248	L1
transcript:AT1G26110.2	Cau.Cau6BG000332	0.97	0.96	50.08	304	L1
transcript:AT5G23720.3	Cau.Cau7AG001377	0.99	0.97	69.67	634	L1
transcript:AT1G73805.1	Cau.Cau5AG001246	0.99	0.93	54.03	248	L1
transcript:AT3G09250.3	Cau.Cau6BG001396	0.80	0.69	67.93	125	L1
transcript:AT2G41140.1	Cau.Cau6BG000538	1.00	1.00	82.79	481	L1
transcript:AT5G04480.1	Cau.Cau7AG001755	1.00	1.00	60.89	654	L1
transcript:AT2G18710.1	Cau.Cau4BG002164	1.00	0.99	80.51	442	L1
transcript:AT2G41490.1	Cau.Cau9AG000733	1.00	1.00	74.65	324	L1
transcript:AT5G23240.1	Cau.Cau7AG000954	0.97	1.00	57.20	266	L1
transcript:AT1G74460.1	Cau.Cau5BG000955	0.98	0.97	74.09	266	L1
transcript:AT3G45660.3	Cau.Cau8BG001711	0.96	0.89	50.37	215	L1
transcript:AT5G59560.2	Cau.Cau8BG001263	0.93	0.92	58.30	151	L1
transcript:AT1G51110.1	Cau.Cau2AG000114	0.99	0.98	63.24	258	L1
transcript:AT5G13120.2	Cau.Cau7AG000703	0.82	0.79	78.85	164	L1
transcript:AT3G21400.1	Cau.Cau9AG001651	0.99	0.99	55.15	107	L1
transcript:AT5G58720.1	Cau.Cau8AG001963	0.97	0.98	48.86	258	L1
transcript:AT3G12390.1	Cau.Cau3AG001904	1.00	1.00	80.49	165	L1
transcript:AT1G49760.1	Cau.Cau8BG000409	1.00	1.00	70.03	356	L1
transcript:AT1G01050.2	Cau.Cau5BG003294	1.00	1.00	87.26	185	L1
transcript:AT5G11320.1	Cau.Cau4AG000295	0.95	0.95	73.72	289	L1
transcript:AT5G12100.1	Cau.Cau1AG001567	0.97	0.97	51.52	408	L1
transcript:AT5G24070.1	Cau.Cau5BG002184	0.99	0.97	71.81	242	L1
transcript:AT5G14950.1	Cau.Cau2BG000445	1.00	1.00	72.66	861	L1
transcript:AT3G18840.3	Cau.Cau8AG000602	0.99	0.99	55.22	370	L1
transcript:AT4G03000.2	Cau.Cau5AG002989	0.98	0.99	46.78	400	L1
transcript:AT1G18950.3	Cau.Cau5AG000356	0.95	0.94	62.79	459	L1
transcript:AT1G11390.1	Cau.Cau2AG002270	1.00	1.00	68.88	436	L1
transcript:AT2G28470.3	Cau.Cau8AG001637	0.98	0.99	73.14	618	L1
transcript:AT1G77250.1	Cau.Cau3BG000792	0.76	0.70	42.79	181	L1
transcript:AT4G32750.1	Cau.Cau4BG000358	1.00	1.00	76.95	227	L1
transcript:AT1G54220.2	Cau.Cau1AG000875	1.00	1.00	72.50	398	L1
transcript:AT3G15900.1	Cau.Cau1AG001330	0.86	0.89	48.12	64	L1
transcript:AT3G53140.1	Cau.Cau6AG001844	1.00	0.99	74.58	267	L1
transcript:AT5G23140.1	Cau.Cau7BG000969	0.98	0.95	78.39	185	L1
transcript:AT1G18180.1	Cau.Cau4BG001030	0.98	0.98	74.67	224	L1
transcript:AT4G20130.1	Cau.Cau2AG001890	1.00	1.00	73.51	358	L1
transcript:AT3G11410.1	Cau.Cau7BG002321	0.99	0.99	61.28	258	L1
transcript:AT3G61200.1	Cau.Cau5BG003576	0.85	0.96	47.56	78	L1
transcript:AT4G13630.2	Cau.Cau9AG000947	0.95	0.94	42.13	222	L1
transcript:AT3G27560.1	Cau.Cau2BG000579	0.99	0.98	78.98	278	L1
transcript:AT1G52510.1	Cau.Cau1BG001395	0.92	0.88	74.57	261	L1
transcript:AT5G01530.1	Cau.Cau6BG001315	1.00	1.00	83.04	240	L1
transcript:AT3G09030.1	Cau.Cau6BG001339	0.98	0.97	62.01	284	L1
transcript:AT2G13100.4	Cau.Cau4AG002305	0.97	0.96	72.41	349	L1
transcript:AT5G19380.1	Cau.Cau2BG000368	0.98	0.98	60.57	275	L1
transcript:AT3G06120.1	Cau.Cau9BG001594	0.98	0.97	64.29	135	L1
transcript:AT4G22758.1	Cau.Cau5AG000840	0.84	0.84	42.79	98	L1
transcript:AT1G03080.3	Cau.Cau5BG002832	1.00	1.00	50.49	936	L1
transcript:AT5G10790.1	Cau.Cau4BG000124	1.00	1.00	59.86	337	L1
transcript:AT1G24540.1	Cau.Cau7BG000546	0.98	0.96	59.92	308	L1
transcript:AT5G45780.1	Cau.Cau2AG002505	1.00	0.99	70.47	439	L1
transcript:AT5G51545.1	Cau.Cau9AG000398	1.00	1.00	54.73	110	L1
transcript:AT2G27800.1	Cau.Cau8AG001658	0.79	0.83	61.21	213	L1
transcript:AT1G32200.2	Cau.Cau3AG001769	1.00	0.99	62.93	292	L1
transcript:AT5G57900.1	Cau.Cau4BG002250	0.99	0.95	62.08	185	L1
transcript:AT4G26000.1	Cau.Cau4BG002036	0.98	0.98	56.46	284	L1
transcript:AT5G51750.1	Cau.Cau9BG000363	0.99	0.99	72.22	559	L1
transcript:AT1G52650.1	Cau.Cau5AG002544	0.97	0.91	28.14	139	L1
transcript:AT5G15630.1	Cau.Cau5AG001081	0.99	0.97	79.58	343	L1
transcript:AT3G15610.1	Cau.Cau4BG000613	1.00	1.00	82.76	288	L1
transcript:AT1G68170.2	Cau.Cau3AG001993	0.97	0.93	44.07	156	L1
transcript:AT4G31870.1	Cau.Cau4BG000131	1.00	0.98	61.41	148	L1
transcript:AT2G41050.1	Cau.Cau6AG001080	0.99	0.93	56.30	219	L1
transcript:AT3G52560.1	Cau.Cau6AG000818	1.00	0.97	86.99	127	L1
transcript:AT3G45640.1	Cau.Cau8BG001713	0.74	0.91	84.73	233	L1
transcript:AT1G26500.1	Cau.Cau7AG000747	0.92	0.92	65.30	303	L1
transcript:AT5G07480.1	Cau.Cau9AG000557	1.00	1.00	62.46	223	L1
transcript:AT1G63910.1	Cau.Cau5BG000214	1.00	1.00	49.60	187	L1
transcript:AT1G14130.1	Cau.Cau4BG002066	0.95	0.97	65.53	192	L1
transcript:AT5G35180.2	Cau.Cau4AG002289	0.93	0.94	75.45	547	L1
transcript:AT5G02960.1	Cau.Cau6BG001654	1.00	1.00	96.48	137	L1
transcript:AT1G65290.1	Cau.Cau6BG001931	0.99	0.98	78.40	98	L1
transcript:AT5G11260.1	Cau.Cau4AG000244	1.00	1.00	79.29	134	L1
transcript:ATMG00650.1	Cau.Cau1BG001281	0.63	0.97	84.13	53	L1
transcript:AT4G04950.1	Cau.Cau2BG002345	1.00	1.00	75.46	372	L1
transcript:AT2G28380.1	Cau.Cau8BG001633	0.89	0.80	66.58	259	L1
transcript:AT1G28240.1	Cau.Cau2BG002362	0.94	0.92	70.09	403	L1
transcript:AT3G59530.3	Cau.Cau5AG002274	0.99	1.00	75.31	308	L1
transcript:AT2G31090.1	Cau.Cau2AG000675	0.97	0.95	83.56	61	L1
transcript:AT5G47520.1	Cau.Cau2BG002751	1.00	1.00	85.71	192	L1
transcript:AT1G73880.1	Cau.Cau5BG001106	0.98	0.99	50.00	239	L1
transcript:AT1G79090.3	Cau.Cau5BG001471	0.99	1.00	54.06	439	L1
transcript:AT1G16180.2	Cau.Cau1BG001541	0.95	0.95	87.09	344	L1
transcript:AT2G16270.1	Cau.Cau8AG000255	0.97	0.97	32.75	282	L1
transcript:AT4G01240.1	Cau.Cau5BG003452	0.69	0.95	70.26	326	L1
transcript:AT1G49880.1	Cau.Cau8BG000316	0.96	0.95	66.67	126	L1
transcript:AT1G03905.1	Cau.Cau5BG002703	0.96	0.96	81.05	231	L1
transcript:AT2G14610.1	Cau.Cau8BG000233	1.00	1.00	64.63	106	L1
transcript:AT2G33730.1	Cau.Cau8AG001029	0.81	0.88	87.67	519	L1
transcript:AT5G42130.1	Cau.Cau3BG000708	0.99	0.99	71.95	295	L1
transcript:AT2G40316.1	Cau.Cau7AG002183	0.96	0.97	54.31	145	L1
transcript:AT4G03150.1	Cau.Cau5BG002976	0.69	0.75	67.69	88	L1
transcript:AT4G34700.1	Cau.Cau8AG000740	0.99	0.99	76.92	90	L1
transcript:AT1G71692.1	Cau.Cau5BG001759	1.00	1.00	64.62	137	L1
transcript:AT2G39220.1	Cau.Cau7BG001872	0.90	0.98	69.48	321	L1
transcript:AT1G55325.4	Cau.Cau2BG000037	1.00	1.00	63.42	1257	L1
transcript:AT3G55400.1	Cau.Cau7BG002025	0.99	1.00	74.63	459	L1
transcript:AT4G27760.1	Cau.Cau5AG001720	1.00	0.99	77.57	294	L1
transcript:AT4G25130.1	Cau.Cau9BG000557	0.98	0.92	71.37	182	L1
transcript:AT5G35970.1	Cau.Cau7BG001103	0.94	0.91	78.87	724	L1
transcript:AT5G24230.3	Cau.Cau5AG001525	0.97	1.00	55.99	201	L1
transcript:AT5G60010.1	Cau.Cau8AG001718	1.00	1.00	61.09	540	L1
transcript:AT1G18990.1	Cau.Cau5AG000368	0.83	0.84	60.08	289	L1
transcript:AT3G12680.1	Cau.Cau9AG000005	0.75	0.81	64.42	268	L1
transcript:AT5G43990.2	Cau.Cau5AG002718	0.96	1.00	43.59	357	L1
transcript:AT4G36010.1	Cau.Cau1BG000142	0.99	0.98	62.67	188	L1
transcript:AT3G24030.1	Cau.Cau9BG001121	0.99	0.99	70.59	192	L1
transcript:AT5G07030.1	Cau.Cau3BG002001	0.96	0.99	65.35	298	L1
transcript:AT5G39250.2	Cau.Cau6BG000028	1.00	1.00	63.49	160	L1
transcript:AT5G64380.1	Cau.Cau8AG000872	1.00	1.00	69.74	295	L1
transcript:AT3G63480.2	Cau.Cau3AG001513	0.94	0.90	65.30	286	L1
transcript:AT2G16850.1	Cau.Cau8AG000153	1.00	1.00	73.85	209	L1
transcript:AT3G46740.1	Cau.Cau8AG001855	1.00	1.00	78.31	650	L1
transcript:AT1G19250.1	Cau.Cau4BG001758	0.96	0.98	72.69	370	L1
transcript:AT3G18690.1	Cau.Cau1BG001903	0.94	0.97	44.05	100	L1
transcript:AT4G21690.1	Cau.Cau4BG000633	1.00	0.98	51.97	185	L1
transcript:AT1G16880.1	Cau.Cau1AG001490	0.87	0.88	76.08	194	L1
transcript:AT3G54510.2	Cau.Cau7AG000154	0.97	0.99	56.35	408	L1
transcript:AT2G46735.1	Cau.Cau5AG003370	0.97	0.97	33.72	58	L1
transcript:AT5G64010.1	Cau.Cau1AG001759	0.98	0.98	47.98	119	L1
transcript:AT4G26555.1	Cau.Cau4AG001628	1.00	0.99	66.99	140	L1
transcript:AT5G64220.1	Cau.Cau8AG000969	1.00	1.00	55.01	609	L1
transcript:AT3G46870.1	Cau.Cau8AG001883	0.99	1.00	69.92	179	L1
transcript:AT4G01935.1	Cau.Cau5BG003191	0.92	0.91	62.86	154	L1
transcript:AT3G27050.1	Cau.Cau2BG000870	0.99	0.96	60.94	117	L1
transcript:AT3G25800.3	Cau.Cau7AG000884	1.00	1.00	94.21	553	L1
transcript:AT1G27930.1	Cau.Cau7BG000672	0.98	0.97	63.38	180	L1
transcript:AT1G70570.1	Cau.Cau7AG000509	1.00	1.00	77.35	461	L1
transcript:AT3G25597.1	Cau.Cau7BG000837	0.94	0.99	38.85	61	L1
transcript:AT1G53800.1	Cau.Cau1AG001012	1.00	1.00	49.92	296	L1
transcript:AT5G48450.2	Cau.Cau2BG001500	0.98	0.99	74.11	438	L1
transcript:AT4G32272.2	Cau.Cau4AG000210	0.99	0.98	70.56	254	L1
transcript:AT2G32650.2	Cau.Cau2AG001252	0.88	0.85	74.80	92	L1
transcript:AT1G24040.3	Cau.Cau7AG000406	0.99	1.00	59.63	195	L1
transcript:AT1G22450.1	Cau.Cau3AG001029	0.99	1.00	57.64	117	L1
transcript:AT5G23110.1	Cau.Cau7BG000978	1.00	1.00	64.20	3060	L1
transcript:AT5G50710.1	Cau.Cau7AG001418	0.80	0.91	30.64	53	L1
transcript:AT3G03100.1	Cau.Cau5BG002333	0.97	0.99	74.19	115	L1
transcript:AT5G15680.1	Cau.Cau6AG000234	1.00	1.00	87.81	1894	L1
transcript:AT5G64700.1	Cau.Cau1AG001872	0.99	0.96	62.57	224	L1
transcript:AT4G32390.1	Cau.Cau4BG000251	1.00	1.00	88.35	311	L1
transcript:AT3G62940.4	Cau.Cau5BG002996	0.98	1.00	66.57	221	L1
transcript:AT4G24265.2	Cau.Cau3BG002385	1.00	0.96	40.00	64	L1
transcript:AT5G37370.1	Cau.Cau7AG001561	1.00	1.00	63.49	280	L1
transcript:AT4G24880.1	Cau.Cau5BG000631	1.00	1.00	70.78	298	L1
transcript:AT5G35400.2	Cau.Cau4AG001965	0.99	0.91	55.06	261	L1
transcript:AT3G51050.1	Cau.Cau1BG000205	1.00	1.00	80.09	559	L1
transcript:AT2G22720.6	Cau.Cau1BG000621	0.95	0.94	45.23	191	L1
transcript:AT3G05580.1	Cau.Cau3BG001361	1.00	0.99	87.93	284	L1
transcript:AT5G05500.1	Cau.Cau7AG002204	0.92	0.91	57.40	97	L1
transcript:AT3G51370.3	Cau.Cau1BG000095	1.00	0.96	77.81	298	L1
transcript:AT1G69670.2	Cau.Cau7BG000283	1.00	1.00	86.75	635	L1
transcript:AT4G27870.1	Cau.Cau5AG001579	0.82	0.84	38.15	191	L1
transcript:AT3G47160.1	Cau.Cau8BG001967	1.00	1.00	76.33	187	L1
transcript:AT3G19720.1	Cau.Cau3AG001977	0.98	1.00	77.21	593	L1
transcript:AT2G15860.1	Cau.Cau8BG000506	0.91	0.92	66.45	313	L1
transcript:AT5G09750.1	Cau.Cau1AG001816	0.58	0.53	74.64	103	L1
transcript:AT5G25500.1	Cau.Cau4BG000264	0.94	0.95	50.00	202	L1
transcript:AT5G63905.1	Cau.Cau3BG001200	1.00	1.00	81.58	62	L1
transcript:AT1G64640.1	Cau.Cau5BG000065	0.96	0.96	54.55	102	L1
transcript:AT3G19270.2	Cau.Cau8BG000441	0.98	0.97	70.37	323	L1
transcript:AT1G69870.1	Cau.Cau7AG000340	0.98	0.98	57.50	364	L1
transcript:AT3G05530.1	Cau.Cau3BG001369	1.00	1.00	94.81	402	L1
transcript:AT2G47300.2	Cau.Cau5BG003169	0.97	0.98	52.71	448	L1
transcript:AT3G16010.1	Cau.Cau5BG001470	0.98	0.99	69.30	438	L1
transcript:AT3G10350.1	Cau.Cau7AG001823	0.95	0.93	81.54	318	L1
transcript:AT5G49980.1	Cau.Cau3AG001064	1.00	1.00	70.29	466	L1
transcript:AT1G26810.1	Cau.Cau7BG000263	1.00	1.00	63.75	408	L1
transcript:AT2G35260.1	Cau.Cau7AG001536	0.94	0.93	68.32	248	L1
transcript:AT4G14540.1	Cau.Cau2BG001377	0.77	0.58	86.72	111	L1
transcript:AT3G06780.1	Cau.Cau9AG001733	1.00	1.00	43.41	89	L1
transcript:AT3G21510.1	Cau.Cau9BG001670	1.00	1.00	72.08	111	L1
transcript:AT3G52140.4	Cau.Cau7BG000042	1.00	1.00	69.89	1026	L1
transcript:AT5G16170.1	Cau.Cau6BG000383	0.99	0.98	53.45	217	L1
transcript:AT3G44890.1	Cau.Cau8AG001509	0.99	0.98	71.94	141	L1
transcript:AT2G41000.1	Cau.Cau6BG001086	0.98	1.00	50.27	94	L1
transcript:AT1G27600.1	Cau.Cau3AG001148	1.00	1.00	64.01	265	L1
transcript:AT5G60030.3	Cau.Cau8AG001711	0.97	0.77	35.78	83	L1
transcript:AT3G63180.1	Cau.Cau5BG002871	1.00	1.00	30.63	401	L1
transcript:AT3G23310.1	Cau.Cau9BG001300	0.97	1.00	84.03	463	L1
transcript:AT3G24150.2	Cau.Cau4AG000530	1.00	0.94	43.03	179	L1
transcript:AT1G21326.1	Cau.Cau3AG000713	0.98	0.96	42.65	119	L1
transcript:AT4G14330.1	Cau.Cau9BG001261	0.77	0.88	66.06	469	L1
transcript:AT5G58560.1	Cau.Cau8AG002000	0.98	0.99	57.19	175	L1
transcript:AT5G36960.1	Cau.Cau2BG000225	0.93	0.98	38.58	49	L1
transcript:AT3G11810.1	Cau.Cau7AG000224	1.00	1.00	49.01	174	L1
transcript:AT3G13750.1	Cau.Cau1AG000835	0.99	1.00	79.48	670	L1
transcript:AT5G65490.1	Cau.Cau1BG000671	0.97	0.98	66.24	416	L1
transcript:AT1G73350.2	Cau.Cau5AG001762	1.00	1.00	64.68	152	L1
transcript:AT1G10910.2	Cau.Cau3BG002116	0.55	0.75	68.83	223	L1
transcript:AT5G18940.1	Cau.Cau9AG001566	0.99	0.99	81.58	279	L1
transcript:AT1G19485.1	Cau.Cau6AG000714	0.98	0.97	49.05	439	L1
transcript:AT4G15563.7	Cau.Cau9BG001700	0.79	0.63	53.16	84	L1
transcript:AT1G14340.1	Cau.Cau7BG000294	0.97	0.98	67.78	162	L1
transcript:AT1G71240.2	Cau.Cau3BG002082	0.94	0.94	63.25	494	L1
transcript:AT1G14760.2	Cau.Cau2AG001602	0.80	0.82	49.55	55	L1
transcript:AT1G70060.2	Cau.Cau7BG000369	1.00	0.97	59.05	845	L1
transcript:AT3G19990.1	Cau.Cau2BG001815	0.98	0.97	73.92	309	L1
transcript:AT5G26030.2	Cau.Cau4AG000473	0.86	0.85	75.06	307	L1
transcript:AT3G28715.1	Cau.Cau6BG000149	1.00	1.00	94.02	330	L1
transcript:AT1G62390.1	Cau.Cau2BG002709	1.00	0.97	68.88	529	L1
transcript:AT1G52870.2	Cau.Cau4BG001227	0.94	0.96	69.06	250	L1
transcript:AT3G04580.2	Cau.Cau8BG001204	1.00	1.00	66.19	511	L1
transcript:AT5G46850.1	Cau.Cau7BG001626	0.93	0.87	42.96	125	L1
transcript:AT1G69780.1	Cau.Cau7BG000296	1.00	1.00	62.87	193	L1
transcript:AT5G21430.1	Cau.Cau4BG001845	0.79	0.78	59.30	102	L1
transcript:AT5G64230.1	Cau.Cau8BG000975	0.99	0.97	52.79	199	L1
transcript:AT1G63855.4	Cau.Cau1BG000102	0.99	0.92	72.97	162	L1
transcript:AT2G27490.3	Cau.Cau5BG003019	0.98	0.99	73.25	167	L1
transcript:AT2G01050.1	Cau.Cau9AG000493	0.32	0.38	28.82	49	L1
transcript:AT5G14680.1	Cau.Cau2BG000510	1.00	1.00	78.86	138	L1
transcript:AT1G61720.1	Cau.Cau2BG002223	0.97	0.99	62.84	208	L1
transcript:AT1G06280.1	Cau.Cau2BG000650	0.88	0.92	43.36	98	L1
transcript:AT5G61840.1	Cau.Cau7BG001368	1.00	1.00	90.38	376	L1
transcript:AT2G35470.1	Cau.Cau3BG001730	1.00	1.00	43.65	79	L1
transcript:AT5G48385.1	Cau.Cau2AG001476	1.00	1.00	63.73	362	L1
transcript:AT5G46250.1	Cau.Cau2AG002611	0.96	0.99	52.04	217	L1
transcript:AT5G49470.3	Cau.Cau9BG001893	1.00	1.00	59.07	472	L1
transcript:AT3G22790.2	Cau.Cau9BG001470	1.00	1.00	49.12	897	L1
transcript:AT5G20650.1	Cau.Cau4BG001820	1.00	1.00	54.73	81	L1
transcript:AT2G21940.4	Cau.Cau1BG002047	0.98	0.99	61.59	186	L1
transcript:AT5G59030.1	Cau.Cau8BG001906	0.99	0.81	55.95	94	L1
transcript:AT5G26740.3	Cau.Cau6AG002070	1.00	1.00	75.30	317	L1
transcript:AT5G27620.1	Cau.Cau3BG001401	0.98	1.00	66.57	221	L1
transcript:AT2G46680.1	Cau.Cau5AG003382	1.00	1.00	54.10	145	L1
transcript:AT4G27010.2	Cau.Cau4AG001399	0.99	0.99	47.29	1254	L1
transcript:AT1G67840.1	Cau.Cau7AG000524	0.97	0.95	64.47	392	L1
transcript:AT2G01670.1	Cau.Cau2AG001624	0.90	0.94	71.26	119	L1
transcript:AT3G04830.1	Cau.Cau3BG001607	1.00	1.00	78.88	239	L1
transcript:AT1G14360.1	Cau.Cau7BG000299	1.00	0.99	90.61	299	L1
transcript:AT4G04960.1	Cau.Cau2BG002363	0.98	0.97	62.77	435	L1
transcript:AT2G38830.1	Cau.Cau5BG002796	0.95	0.96	44.65	146	L1
transcript:AT4G08250.1	Cau.Cau3BG000887	0.98	0.98	55.69	274	L1
transcript:AT1G05894.1	Cau.Cau5BG002266	0.54	0.73	33.20	86	L1
transcript:AT1G14610.1	Cau.Cau9BG000084	0.98	0.97	74.61	811	L1
transcript:AT5G55360.1	Cau.Cau4AG001513	0.99	0.96	45.61	161	L1
transcript:AT5G54520.1	Cau.Cau4BG001298	1.00	1.00	56.59	262	L1
transcript:AT5G65930.2	Cau.Cau1AG000005	1.00	1.00	75.14	946	L1
transcript:AT4G19860.1	Cau.Cau2BG001953	1.00	1.00	68.83	371	L1
transcript:AT4G00550.1	Cau.Cau5AG003614	0.97	0.98	74.67	342	L1
transcript:AT4G00850.1	Cau.Cau5AG003375	0.96	0.97	60.81	135	L1
transcript:AT3G43630.1	Cau.Cau3BG000698	0.96	0.89	76.24	154	L1
transcript:AT3G57670.1	Cau.Cau7AG000082	0.97	0.98	56.53	212	L1
transcript:AT1G26550.1	Cau.Cau5AG000967	0.77	0.77	94.55	104	L1
transcript:AT5G03680.1	Cau.Cau6BG000688	1.00	0.97	47.16	299	L1
transcript:AT4G19400.1	Cau.Cau3AG001707	1.00	1.00	68.24	101	L1
transcript:AT5G13550.1	Cau.Cau7AG001967	0.92	0.90	75.82	483	L1
transcript:AT1G62520.1	Cau.Cau5BG000794	1.00	1.00	59.52	175	L1
transcript:AT1G79740.1	Cau.Cau9BG000145	0.87	1.00	72.29	420	L1
transcript:AT1G49620.1	Cau.Cau8BG000460	0.91	0.74	37.57	68	L1
transcript:AT1G80870.1	Cau.Cau1AG001445	1.00	0.99	61.27	454	L1
transcript:AT2G18350.1	Cau.Cau1AG000269	0.92	0.94	44.19	137	L1
transcript:AT1G21780.1	Cau.Cau3AG000856	1.00	1.00	78.83	257	L1
transcript:AT1G67800.6	Cau.Cau7BG000542	1.00	1.00	65.51	302	L1
transcript:AT5G15802.1	Cau.Cau6AG000268	0.98	0.96	54.63	59	L1
transcript:AT3G04030.3	Cau.Cau5AG002480	1.00	1.00	60.92	251	L1
transcript:AT2G23540.1	Cau.Cau1BG000375	0.95	0.98	73.17	270	L1
transcript:AT5G63710.1	Cau.Cau1AG000788	0.95	0.95	69.80	409	L1
transcript:AT2G20520.1	Cau.Cau2BG000640	0.99	1.00	52.94	135	L1
transcript:AT5G24165.2	Cau.Cau9AG000101	0.96	0.94	68.92	51	L1
transcript:AT5G15310.1	Cau.Cau6BG000082	1.00	1.00	57.73	224	L1
transcript:AT3G21330.1	Cau.Cau1AG000789	0.83	0.79	50.69	184	L1
transcript:AT3G51810.2	Cau.Cau6BG001276	0.90	0.76	74.26	75	L1
transcript:AT4G10090.1	Cau.Cau7BG001940	0.99	0.99	60.00	156	L1
transcript:AT5G15920.1	Cau.Cau7BG000106	0.99	0.99	70.15	731	L1
transcript:AT2G25280.1	Cau.Cau4BG000187	1.00	1.00	80.07	233	L1
transcript:AT3G24110.1	Cau.Cau9BG001020	0.98	0.91	61.23	139	L1
transcript:AT5G43280.1	Cau.Cau7AG000184	0.99	0.99	72.36	199	L1
transcript:AT5G41610.3	Cau.Cau5BG000178	0.99	0.98	71.18	573	L1
transcript:AT3G05900.2	Cau.Cau9AG001932	0.23	0.22	37.74	60	L1
transcript:AT4G28250.1	Cau.Cau2AG001063	0.96	0.95	76.86	196	L1
transcript:AT1G26840.1	Cau.Cau7AG000284	0.99	0.99	57.75	164	L1
transcript:AT5G02030.1	Cau.Cau6AG001416	1.00	1.00	46.02	312	L1
transcript:AT3G19290.5	Cau.Cau8AG000436	1.00	1.00	50.95	242	L1
transcript:AT1G24440.1	Cau.Cau7AG000582	1.00	1.00	70.87	180	L1
transcript:AT5G01740.1	Cau.Cau6BG001206	0.98	0.97	54.55	90	L1
transcript:AT3G07170.1	Cau.Cau5BG002552	1.00	1.00	62.98	131	L1
transcript:AT1G31040.1	Cau.Cau2AG001920	0.98	0.98	66.00	165	L1
transcript:AT4G23940.1	Cau.Cau5AG000109	0.99	0.99	74.97	707	L1
transcript:AT3G09220.1	Cau.Cau6BG001385	1.00	1.00	66.72	383	L1
transcript:AT5G05510.1	Cau.Cau7AG002205	1.00	1.00	59.93	287	L1
transcript:AT2G25740.1	Cau.Cau4BG000423	0.99	0.99	58.27	324	L1
transcript:AT4G39820.1	Cau.Cau1AG002053	0.85	0.94	67.62	236	L1
transcript:AT3G11830.1	Cau.Cau2BG000618	0.97	0.97	89.09	482	L1
transcript:AT4G38260.1	Cau.Cau8AG000045	0.98	0.99	58.74	158	L1
transcript:AT3G10480.2	Cau.Cau7BG001789	0.99	1.00	54.66	258	L1
transcript:AT4G08330.1	Cau.Cau3AG000863	0.77	0.81	65.62	84	L1
transcript:AT2G04220.1	Cau.Cau2BG001412	0.99	0.99	71.99	221	L1
transcript:AT2G27730.4	Cau.Cau8BG001397	1.00	1.00	57.14	68	L1
transcript:AT5G58930.1	Cau.Cau8BG001939	0.99	0.97	41.84	241	L1
transcript:AT1G73680.1	Cau.Cau4AG000940	1.00	1.00	76.30	483	L1
transcript:AT4G21090.3	Cau.Cau5BG003165	1.00	1.00	62.63	124	L1
transcript:AT5G08460.1	Cau.Cau1BG000768	0.93	0.99	56.71	207	L1
transcript:AT5G49430.2	Cau.Cau9AG001794	1.00	0.99	59.51	1058	L1
transcript:AT3G62010.1	Cau.Cau5BG003268	1.00	1.00	79.75	1004	L1
transcript:AT5G46770.1	Cau.Cau7BG001574	0.92	0.91	41.94	52	L1
transcript:AT1G51580.1	Cau.Cau1AG001526	0.96	0.98	47.93	313	L1
transcript:AT1G14345.1	Cau.Cau7AG000302	0.66	0.64	89.15	115	L1
transcript:AT2G47020.3	Cau.Cau5BG003228	0.92	0.89	75.87	305	L1
transcript:AT4G11260.1	Cau.Cau9BG000171	1.00	1.00	66.05	249	L1
transcript:AT4G32140.1	Cau.Cau4AG000192	1.00	1.00	78.43	309	L1
transcript:AT2G27110.3	Cau.Cau3AG001860	0.16	1.00	71.55	83	L1
transcript:AT5G66850.1	Cau.Cau1BG000394	0.90	0.87	58.66	393	L1
transcript:AT1G24340.1	Cau.Cau7AG000616	1.00	0.98	65.77	467	L1
transcript:AT3G47610.1	Cau.Cau5BG000295	0.94	1.00	62.56	259	L1
transcript:AT5G35770.1	Cau.Cau2BG001364	0.98	0.96	60.35	274	L1
transcript:AT3G19440.1	Cau.Cau8BG000375	0.93	0.95	54.99	259	L1
transcript:AT3G18420.1	Cau.Cau8AG001119	0.94	0.91	57.72	172	L1
transcript:AT3G29320.1	Cau.Cau6AG000040	1.00	1.00	74.28	748	L1
transcript:AT5G53760.2	Cau.Cau4BG001200	0.99	0.99	65.79	375	L1
transcript:AT5G05960.1	Cau.Cau6BG001409	0.92	0.89	67.29	72	L1
transcript:AT3G53710.3	Cau.Cau6AG001529	1.00	1.00	69.04	330	L1
transcript:AT1G26800.1	Cau.Cau7AG000266	0.99	0.90	48.40	106	L1
transcript:AT1G52855.1	Cau.Cau2BG001029	1.00	1.00	75.00	51	L1
transcript:AT5G23730.1	Cau.Cau9AG000275	1.00	0.99	65.23	242	L1
transcript:AT5G38300.1	Cau.Cau6BG000378	0.96	0.96	39.45	101	L1
transcript:AT5G61580.1	Cau.Cau9BG000540	0.99	0.99	74.48	397	L1
transcript:AT3G14110.3	Cau.Cau1BG000965	1.00	1.00	58.97	194	L1
transcript:AT1G13360.1	Cau.Cau7BG000909	0.92	0.97	52.63	100	L1
transcript:AT1G50410.3	Cau.Cau7BG000921	1.00	1.00	58.57	615	L1
transcript:AT5G64570.1	Cau.Cau3AG001981	0.99	1.00	75.80	592	L1
transcript:AT5G61460.1	Cau.Cau9AG000461	0.99	0.99	65.29	681	L1
transcript:AT5G11500.1	Cau.Cau4AG000350	1.00	1.00	86.51	186	L1
transcript:AT5G04420.1	Cau.Cau7AG001767	0.98	0.99	67.46	340	L1
transcript:AT1G53650.2	Cau.Cau5AG001456	0.98	0.99	64.97	204	L1
transcript:AT5G42210.1	Cau.Cau3BG000142	0.99	0.97	62.21	270	L1
transcript:AT1G79600.1	Cau.Cau8BG001093	0.95	0.97	80.47	544	L1
transcript:AT3G55060.1	Cau.Cau7AG001938	1.00	0.99	50.84	487	L1
transcript:AT5G44635.2	Cau.Cau2AG001871	1.00	1.00	74.65	645	L1
transcript:AT5G66820.1	Cau.Cau1BG000406	0.77	0.42	32.75	187	L1
transcript:AT1G61590.1	Cau.Cau3AG001717	0.97	0.97	66.75	275	L1
transcript:AT1G28150.2	Cau.Cau5AG001758	0.62	0.58	72.73	56	L1
transcript:AT3G47450.2	Cau.Cau9AG000449	1.00	1.00	69.57	391	L1
transcript:AT3G51500.1	Cau.Cau1BG000005	0.80	0.64	64.29	63	L1
transcript:AT3G22550.1	Cau.Cau9AG001424	0.92	0.93	51.09	141	L1
transcript:AT5G58350.1	Cau.Cau1BG001798	0.97	0.94	64.24	370	L1
transcript:AT1G09290.1	Cau.Cau8AG001091	0.92	0.99	58.18	192	L1
transcript:AT4G01030.1	Cau.Cau5BG003401	1.00	0.91	58.78	452	L1
transcript:AT5G66030.1	Cau.Cau1BG000051	0.96	0.94	64.90	490	L1
transcript:AT1G33350.2	Cau.Cau5AG001966	0.96	0.98	61.35	319	L1
transcript:AT4G22950.3	Cau.Cau5AG000879	0.96	0.99	64.93	137	L1
transcript:AT1G80940.1	Cau.Cau1BG001529	0.97	0.94	61.61	130	L1
transcript:AT3G19920.2	Cau.Cau7BG000952	1.00	1.00	50.22	229	L1
transcript:AT5G39410.1	Cau.Cau6BG000048	0.98	0.98	73.11	329	L1
transcript:AT3G06050.1	Cau.Cau9AG001498	1.00	1.00	76.12	153	L1
transcript:AT1G07350.1	Cau.Cau8AG001923	0.83	0.82	51.85	182	L1
transcript:AT3G10380.1	Cau.Cau7BG001816	1.00	1.00	74.48	791	L1
transcript:AT1G04640.2	Cau.Cau2BG000146	0.82	0.86	80.21	154	L1
transcript:AT3G27870.1	Cau.Cau2BG000505	1.00	1.00	77.40	928	L1
transcript:AT3G26560.1	Cau.Cau1AG000191	1.00	0.99	82.03	977	L1
transcript:AT5G59410.1	Cau.Cau8BG001844	1.00	1.00	78.20	104	L1
transcript:AT2G38420.1	Cau.Cau6BG001203	1.00	0.91	47.51	219	L1
transcript:AT4G00360.1	Cau.Cau5BG003507	0.97	0.99	77.70	418	L1
transcript:AT3G48140.1	Cau.Cau5BG000385	0.97	0.97	72.94	62	L1
transcript:AT4G00170.1	Cau.Cau5AG003726	0.99	0.99	70.34	166	L1
transcript:AT2G36310.1	Cau.Cau6BG000719	1.00	1.00	77.51	262	L1
transcript:AT2G18370.1	Cau.Cau7BG000001	0.94	0.86	53.21	58	L1
transcript:AT5G09400.1	Cau.Cau1BG002182	0.98	1.00	80.28	684	L1
transcript:AT2G22460.1	Cau.Cau1AG000697	0.96	0.98	57.50	138	L1
transcript:AT3G61350.2	Cau.Cau5AG003575	0.97	0.97	54.83	193	L1
transcript:AT5G08480.3	Cau.Cau1AG000756	1.00	1.00	64.41	114	L1
transcript:AT5G48610.5	Cau.Cau5BG002527	1.00	1.00	41.50	210	L1
transcript:AT4G38040.1	Cau.Cau1BG000660	0.99	0.99	75.42	316	L1
transcript:AT3G13200.1	Cau.Cau4AG001620	1.00	1.00	81.30	187	L1
transcript:AT4G13700.1	Cau.Cau9AG001012	0.96	0.76	76.58	340	L1
transcript:AT5G53310.1	Cau.Cau9AG000141	0.93	0.93	63.08	135	L1
transcript:AT5G56120.1	Cau.Cau4AG001667	0.99	1.00	68.80	161	L1
transcript:AT4G22260.1	Cau.Cau2AG002715	0.90	0.89	72.87	231	L1
transcript:AT5G12220.1	Cau.Cau2BG000376	1.00	1.00	43.71	292	L1
transcript:AT5G18580.1	Cau.Cau9BG001712	0.98	0.98	90.83	426	L1
transcript:AT2G16910.1	Cau.Cau8BG000143	0.92	0.96	45.44	264	L1
transcript:AT2G38600.2	Cau.Cau6BG001132	0.98	0.98	70.24	177	L1
transcript:AT4G32850.2	Cau.Cau4AG000439	0.96	0.99	63.81	469	L1
transcript:AT3G01720.1	Cau.Cau2BG000950	0.97	0.95	73.57	579	L1
transcript:AT5G64740.1	Cau.Cau1AG001896	1.00	1.00	83.81	916	L1
transcript:AT5G26810.1	Cau.Cau3AG001278	1.00	0.99	51.56	182	L1
transcript:AT3G01910.1	Cau.Cau2AG000887	1.00	1.00	78.63	309	L1
transcript:AT2G27770.1	Cau.Cau8BG001466	1.00	0.99	57.41	186	L1
transcript:AT1G29810.1	Cau.Cau2AG002572	0.98	0.98	60.11	110	L1
transcript:AT4G18520.1	Cau.Cau3BG000943	1.00	1.00	58.17	363	L1
transcript:AT4G26810.2	Cau.Cau4BG001520	0.94	1.00	81.00	81	L1
transcript:AT3G14580.1	Cau.Cau5AG001433	0.95	0.95	58.96	227	L1
transcript:AT5G20600.1	Cau.Cau4AG001979	0.96	0.96	48.48	271	L1
transcript:AT5G20180.2	Cau.Cau4BG000552	1.00	1.00	61.54	64	L1
transcript:AT5G39785.5	Cau.Cau6AG000117	0.99	0.89	47.48	311	L1
transcript:AT4G33030.1	Cau.Cau4AG000507	1.00	1.00	77.82	372	L1
transcript:AT1G20930.1	Cau.Cau3AG000029	0.97	1.00	86.18	262	L1
transcript:AT1G60430.3	Cau.Cau4AG001904	0.99	0.99	90.17	156	L1
transcript:AT3G06778.1	Cau.Cau9BG001816	0.87	0.79	43.32	94	L1
transcript:AT3G06170.1	Cau.Cau9BG001607	0.99	1.00	79.37	327	L1
transcript:AT4G17615.5	Cau.Cau5BG000665	1.00	1.00	86.38	184	L1
transcript:AT2G48100.2	Cau.Cau5AG002967	0.99	1.00	54.62	195	L1
transcript:AT5G24400.1	Cau.Cau5AG001598	0.99	0.96	60.79	200	L1
transcript:AT4G38160.1	Cau.Cau8AG000011	0.98	0.99	67.17	221	L1
transcript:AT3G10680.1	Cau.Cau7AG001586	0.26	0.39	35.61	47	L1
transcript:AT5G16210.1	Cau.Cau6AG000408	1.00	1.00	67.66	818	L1
transcript:AT1G19520.1	Cau.Cau3AG000322	0.97	0.98	56.09	396	L1
transcript:AT5G23310.1	Cau.Cau7AG000930	0.98	0.99	71.60	184	L1
transcript:AT1G73220.1	Cau.Cau5BG001669	0.98	0.96	56.17	314	L1
transcript:AT2G14290.1	Cau.Cau4BG001614	0.96	0.57	27.32	100	L1
transcript:AT5G14770.5	Cau.Cau7AG001085	0.98	0.98	45.70	468	L1
transcript:AT2G19680.2	Cau.Cau4BG000862	0.99	0.99	84.30	102	L1
transcript:AT1G15760.1	Cau.Cau1BG001423	0.98	0.99	51.83	113	L1
transcript:AT5G18130.1	Cau.Cau5BG002450	0.99	0.99	36.89	114	L1
transcript:AT1G24030.2	Cau.Cau7AG000407	0.97	0.97	82.86	290	L1
transcript:AT3G13870.1	Cau.Cau1BG000874	0.99	0.98	78.02	621	L1
transcript:AT3G50620.1	Cau.Cau1AG000402	1.00	0.99	64.02	242	L1
transcript:AT5G02370.1	Cau.Cau6BG001507	0.99	0.88	57.91	344	L1
transcript:AT1G80170.1	Cau.Cau1BG001313	0.98	0.98	61.56	269	L1
transcript:AT5G45650.1	Cau.Cau2BG002543	0.98	0.98	58.03	404	L1
transcript:AT1G63290.1	Cau.Cau2BG000898	1.00	1.00	77.02	181	L1
transcript:AT2G35140.2	Cau.Cau2BG001941	0.81	0.68	41.12	167	L1
transcript:AT3G56230.1	Cau.Cau7BG002154	0.99	0.99	53.55	151	L1
transcript:AT1G05710.9	Cau.Cau5AG002150	0.94	0.95	45.41	84	L1
transcript:AT2G01910.1	Cau.Cau2BG001556	1.00	1.00	72.20	439	L1
transcript:AT1G04780.1	Cau.Cau9BG001076	0.99	0.99	72.52	483	L1
transcript:AT2G13600.1	Cau.Cau1AG001762	0.96	0.95	70.30	471	L1
transcript:AT2G27790.1	Cau.Cau7BG000463	1.00	1.00	57.71	146	L1
transcript:AT5G60050.1	Cau.Cau8BG001731	1.00	0.99	63.15	329	L1
transcript:AT2G38410.1	Cau.Cau6AG001200	0.99	0.98	51.65	360	L1
transcript:AT2G15620.1	Cau.Cau8BG000439	1.00	0.99	80.41	476	L1
transcript:AT2G21290.1	Cau.Cau8BG000717	1.00	1.00	61.22	60	L1
transcript:AT5G65120.1	Cau.Cau1BG002141	0.96	0.97	36.68	128	L1
transcript:AT4G22350.2	Cau.Cau9AG000739	0.98	0.99	74.05	408	L1
transcript:AT3G18390.1	Cau.Cau5AG001220	1.00	0.99	61.80	529	L1
transcript:AT2G36960.3	Cau.Cau6BG001757	0.95	0.94	52.55	402	L1
transcript:ATCG00180.1	Cau.Cau8BG000923	0.24	0.81	85.38	146	L1
transcript:AT1G20180.1	Cau.Cau3AG000157	0.97	0.96	44.59	169	L1
transcript:AT3G06770.2	Cau.Cau9BG001819	0.98	0.95	63.60	290	L1
transcript:AT5G48330.2	Cau.Cau2AG001440	0.96	0.99	62.44	276	L1
transcript:AT3G04360.1	Cau.Cau7AG001039	0.97	0.98	45.13	190	L1
transcript:AT2G27060.1	Cau.Cau2AG000411	1.00	1.00	58.56	609	L1
transcript:AT3G23400.1	Cau.Cau9BG001260	0.70	0.70	75.00	150	L1
transcript:AT1G18720.1	Cau.Cau5BG000968	0.96	0.97	66.01	134	L1
transcript:AT1G61065.1	Cau.Cau2BG002318	1.00	1.00	71.98	131	L1
transcript:AT2G39510.1	Cau.Cau7BG002011	0.90	0.90	71.51	241	L1
transcript:AT2G40830.4	Cau.Cau6AG000608	1.00	1.00	61.89	203	L1
transcript:AT5G51300.3	Cau.Cau9BG000475	1.00	1.00	68.36	577	L1
transcript:AT5G66470.2	Cau.Cau1AG000248	0.94	0.96	71.39	292	L1
transcript:AT3G10600.1	Cau.Cau7AG001636	0.98	0.97	76.01	434	L1
transcript:AT5G50340.2	Cau.Cau1BG001107	0.60	0.99	76.27	270	L1
transcript:AT2G45280.1	Cau.Cau5AG003708	0.94	1.00	73.47	252	L1
transcript:AT1G76440.2	Cau.Cau3AG000041	0.88	0.89	52.38	66	L1
transcript:AT1G30060.1	Cau.Cau7BG000567	0.53	0.08	47.87	45	L1
transcript:AT2G33860.1	Cau.Cau2AG002422	0.87	0.78	57.41	337	L1
transcript:AT2G21300.5	Cau.Cau8BG000715	1.00	1.00	58.87	574	L1
transcript:AT5G11860.2	Cau.Cau7BG000661	0.90	0.68	80.73	222	L1
transcript:AT3G28700.1	Cau.Cau6BG000167	1.00	1.00	74.69	360	L1
transcript:AT1G70350.1	Cau.Cau7BG000439	1.00	1.00	56.60	60	L1
transcript:AT2G47600.1	Cau.Cau5AG003105	1.00	1.00	70.57	386	L1
transcript:AT2G42560.1	Cau.Cau2AG000676	0.96	0.93	36.61	180	L1
transcript:AT5G40645.1	Cau.Cau2AG000969	0.84	0.90	63.77	44	L1
transcript:AT4G26485.1	Cau.Cau4AG001643	0.76	0.81	53.16	84	L1
transcript:AT2G42620.1	Cau.Cau2AG000699	1.00	1.00	60.14	421	L1
transcript:AT1G77720.1	Cau.Cau3AG000907	1.00	1.00	57.52	482	L1
transcript:AT4G29040.1	Cau.Cau5AG002669	1.00	1.00	95.74	427	L1
transcript:AT3G23890.1	Cau.Cau7AG000050	0.99	0.99	65.38	965	L1
transcript:AT1G04150.1	Cau.Cau5BG002630	0.99	1.00	65.41	677	L1
transcript:AT1G47240.1	Cau.Cau3AG001238	0.99	0.98	78.75	415	L1
transcript:AT3G47510.1	Cau.Cau5AG000953	0.95	0.96	41.05	39	L1
transcript:AT2G37820.1	Cau.Cau6BG001438	0.95	0.97	40.62	132	L1
transcript:AT5G06220.2	Cau.Cau6AG000799	1.00	1.00	59.89	560	L1
transcript:AT1G76050.2	Cau.Cau3BG000150	0.86	0.86	73.10	269	L1
transcript:AT3G54860.1	Cau.Cau7BG001824	1.00	0.98	75.21	449	L1
transcript:AT5G39830.1	Cau.Cau6BG000134	1.00	1.00	71.58	330	L1
transcript:AT4G01870.1	Cau.Cau5BG003216	1.00	1.00	67.99	446	L1
transcript:AT2G42220.1	Cau.Cau6BG001004	0.98	0.97	69.13	159	L1
transcript:AT5G40280.2	Cau.Cau2AG000484	0.91	0.98	56.96	266	L1
transcript:AT2G32020.1	Cau.Cau9BG001493	0.98	0.98	55.19	101	L1
transcript:AT5G49030.1	Cau.Cau9BG001755	1.00	1.00	77.14	847	L1
transcript:AT1G53430.1	Cau.Cau5AG001390	1.00	1.00	48.76	277	L1
transcript:AT2G37060.3	Cau.Cau7BG001922	0.97	0.97	76.02	130	L1
transcript:AT1G66430.1	Cau.Cau6AG000482	0.99	0.99	77.04	292	L1
transcript:AT4G16630.1	Cau.Cau3AG000187	1.00	1.00	67.00	530	L1
transcript:AT1G05670.3	Cau.Cau7AG000351	0.95	0.94	61.53	435	L1
transcript:AT5G67460.1	Cau.Cau1AG000526	1.00	1.00	45.74	204	L1
transcript:AT1G64960.2	Cau.Cau1AG000530	1.00	1.00	53.83	682	L1
transcript:AT2G01250.1	Cau.Cau1AG001521	0.83	0.93	83.73	175	L1
transcript:AT1G65650.1	Cau.Cau6BG002446	1.00	1.00	81.49	273	L1
transcript:AT2G15240.1	Cau.Cau8AG000382	1.00	1.00	84.58	214	L1
transcript:AT5G32450.1	Cau.Cau5BG002468	1.00	1.00	72.96	197	L1
transcript:AT1G04750.1	Cau.Cau9BG001068	1.00	1.00	90.87	199	L1
transcript:AT1G73230.1	Cau.Cau5BG001673	0.99	1.00	82.53	137	L1
transcript:AT3G07320.1	Cau.Cau7BG001201	0.99	0.98	70.52	323	L1
transcript:AT1G22410.1	Cau.Cau3BG001021	1.00	0.99	80.87	427	L1
transcript:AT2G13840.1	Cau.Cau8AG001000	0.96	0.94	65.79	275	L1
transcript:AT1G17280.2	Cau.Cau1BG001030	1.00	1.00	78.48	186	L1
transcript:AT1G56700.4	Cau.Cau6BG002359	1.00	1.00	72.60	159	L1
transcript:AT4G34850.1	Cau.Cau8AG000802	0.99	1.00	81.40	315	L1
transcript:AT2G18390.1	Cau.Cau7BG000975	1.00	1.00	94.59	175	L1
transcript:AT3G06890.1	Cau.Cau9BG001768	0.88	0.94	84.07	95	L1
transcript:AT4G39980.1	Cau.Cau1AG000724	1.00	0.99	79.85	420	L1
transcript:AT2G21340.1	Cau.Cau8BG000694	1.00	1.00	65.36	368	L1
transcript:AT5G23660.1	Cau.Cau7BG001421	0.97	0.94	57.86	162	L1
transcript:AT3G51640.2	Cau.Cau6AG001188	0.97	0.97	56.60	493	L1
transcript:AT4G21430.1	Cau.Cau2AG002269	0.99	0.99	44.33	450	L1
transcript:AT3G19760.1	Cau.Cau7BG000999	0.96	0.97	90.05	353	L1
transcript:AT3G51450.1	Cau.Cau1AG000051	0.98	0.96	53.30	202	L1
transcript:AT4G24740.1	Cau.Cau5AG000529	1.00	0.99	82.98	356	L1
transcript:AT3G49490.1	Cau.Cau5AG001634	0.17	0.20	32.86	69	L1
transcript:AT5G66120.2	Cau.Cau1AG000116	1.00	0.99	76.56	343	L1
transcript:AT2G40200.1	Cau.Cau7AG002218	0.76	0.73	49.51	102	L1
transcript:AT3G21055.1	Cau.Cau2BG000251	0.99	0.99	57.27	63	L1
transcript:AT1G01730.1	Cau.Cau5AG003582	0.90	0.92	38.81	85	L1
transcript:AT3G60820.3	Cau.Cau7BG001451	1.00	1.00	86.10	192	L1
transcript:AT2G46225.2	Cau.Cau5AG003489	1.00	1.00	63.31	214	L1
transcript:AT1G67360.1	Cau.Cau7BG000663	1.00	1.00	57.08	137	L1
transcript:AT3G52150.2	Cau.Cau7BG000037	0.81	0.79	72.20	148	L1
transcript:AT1G02910.1	Cau.Cau5BG003024	1.00	1.00	72.53	330	L1
transcript:AT5G55490.1	Cau.Cau6AG000533	0.99	0.99	54.70	326	L1
transcript:AT4G02980.1	Cau.Cau5BG002936	0.93	0.97	66.67	124	L1
transcript:AT4G24820.1	Cau.Cau5AG000580	0.99	0.99	85.38	327	L1
transcript:AT3G20220.1	Cau.Cau1AG001590	0.86	0.77	50.49	52	L1
transcript:AT3G04500.1	Cau.Cau8BG001176	0.79	0.81	78.00	156	L1
transcript:AT3G03770.2	Cau.Cau5AG002550	0.97	0.98	67.98	533	L1
transcript:AT5G65100.1	Cau.Cau1BG002138	0.79	0.68	51.12	228	L1
transcript:AT5G09900.2	Cau.Cau1BG001964	1.00	1.00	85.49	377	L1
transcript:AT1G24290.1	Cau.Cau6AG001014	0.98	0.99	65.83	368	L1
transcript:AT4G33790.1	Cau.Cau8BG001436	0.99	1.00	55.19	271	L1
transcript:AT2G17670.1	Cau.Cau1BG000061	0.99	0.99	60.17	281	L1
transcript:AT3G55010.2	Cau.Cau9BG001233	0.92	0.90	78.21	280	L1
transcript:AT4G21270.1	Cau.Cau2BG002218	1.00	1.00	70.27	565	L1
transcript:AT2G45240.1	Cau.Cau5AG003717	1.00	1.00	84.42	336	L1
transcript:AT2G15630.1	Cau.Cau8AG000530	0.96	0.95	60.26	370	L1
transcript:AT3G18030.1	Cau.Cau5AG000569	0.96	0.94	82.00	164	L1
transcript:AT1G10710.1	Cau.Cau7AG000510	0.99	0.99	36.83	130	L1
transcript:AT4G19120.2	Cau.Cau3BG001898	0.99	1.00	80.20	482	L1
transcript:AT5G55620.1	Cau.Cau4AG001565	0.97	0.99	46.53	47	L1
transcript:AT2G34040.3	Cau.Cau2AG002443	0.94	0.95	78.05	409	L1
transcript:AT5G11810.1	Cau.Cau4BG000482	1.00	1.00	53.42	172	L1
transcript:AT1G78230.1	Cau.Cau3AG001005	0.83	0.96	51.11	346	L1
transcript:AT3G25980.1	Cau.Cau7AG000601	1.00	1.00	90.38	188	L1
transcript:AT3G54826.1	Cau.Cau7AG001824	0.85	0.97	50.00	95	L1
transcript:AT1G02080.2	Cau.Cau5BG003716	1.00	1.00	65.72	1595	L1
transcript:AT1G50900.1	Cau.Cau4AG001345	0.99	0.96	72.83	126	L1
transcript:AT3G56891.1	Cau.Cau6AG001077	1.00	1.00	49.70	83	L1
transcript:AT4G29560.1	Cau.Cau4BG000897	0.86	0.99	53.27	228	L1
transcript:AT5G13030.1	Cau.Cau2BG000145	0.95	0.96	77.83	481	L1
transcript:AT4G21580.1	Cau.Cau2BG002289	0.99	0.99	77.40	250	L1
transcript:AT3G56960.2	Cau.Cau9BG000871	1.00	1.00	68.59	546	L1
transcript:AT4G05000.3	Cau.Cau2BG002283	0.99	1.00	87.50	182	L1
transcript:AT4G21440.1	Cau.Cau2AG002272	1.00	1.00	57.14	216	L1
transcript:AT1G07400.1	Cau.Cau8BG001909	1.00	1.00	71.52	118	L1
transcript:AT4G35300.10	Cau.Cau8AG000022	1.00	1.00	78.14	579	L1
transcript:AT3G52970.2	Cau.Cau6BG000666	0.59	0.98	60.56	195	L1
transcript:AT4G20850.1	Cau.Cau9BG000254	0.93	0.94	75.62	980	L1
transcript:AT2G47510.3	Cau.Cau5BG003092	1.00	1.00	87.73	436	L1
transcript:AT3G58060.2	Cau.Cau6BG000946	0.97	0.96	73.70	297	L1
transcript:AT2G42120.2	Cau.Cau6AG000977	1.00	1.00	77.90	342	L1
transcript:AT1G50640.1	Cau.Cau4BG001516	1.00	1.00	61.79	152	L1
transcript:AT1G61900.1	Cau.Cau2BG002636	0.96	0.96	61.64	270	L1
transcript:AT2G30310.1	Cau.Cau7BG001808	0.95	0.92	53.94	185	L1
transcript:AT4G19380.2	Cau.Cau6AG000226	0.99	0.99	59.49	467	L1
transcript:AT5G25050.1	Cau.Cau4BG000125	1.00	1.00	64.41	324	L1
transcript:AT1G03310.2	Cau.Cau5AG002964	1.00	1.00	55.74	500	L1
transcript:AT5G08130.7	Cau.Cau5BG001102	0.99	0.96	48.54	283	L1
transcript:AT3G14075.1	Cau.Cau1AG000935	0.98	0.96	66.93	429	L1
transcript:AT5G40870.1	Cau.Cau2BG000893	0.99	1.00	87.37	422	L1
transcript:AT5G10510.6	Cau.Cau1BG000667	1.00	1.00	62.25	376	L1
transcript:AT4G02920.1	Cau.Cau5BG002923	1.00	1.00	44.86	192	L1
transcript:AT3G12600.1	Cau.Cau9BG000868	0.95	0.90	68.75	121	L1
transcript:AT3G54480.5	Cau.Cau8BG001082	0.97	0.99	71.27	191	L1
transcript:AT1G01060.8	Cau.Cau5BG003298	1.00	1.00	46.42	363	L1
transcript:AT3G60600.1	Cau.Cau5BG003704	0.93	1.00	74.07	180	L1
transcript:AT5G53460.3	Cau.Cau9AG000100	1.00	1.00	83.88	1863	L1
transcript:AT2G16750.1	Cau.Cau8AG000164	0.96	0.96	46.55	304	L1
transcript:AT1G69200.1	Cau.Cau7AG000749	0.95	1.00	63.41	376	L1
transcript:AT5G10630.3	Cau.Cau4AG000044	0.95	0.95	59.78	440	L1
transcript:AT1G32160.1	Cau.Cau3AG001779	0.99	0.96	61.18	249	L1
transcript:AT1G06520.1	Cau.Cau7BG001253	1.00	0.99	59.73	350	L1
transcript:AT2G28120.1	Cau.Cau8AG001527	0.97	0.98	71.58	403	L1
transcript:AT5G50810.1	Cau.Cau7BG001419	0.99	0.97	72.37	55	L1
transcript:AT2G20060.1	Cau.Cau2AG002701	1.00	1.00	75.48	237	L1
transcript:AT1G10385.1	Cau.Cau7AG000355	0.99	0.99	69.88	529	L1
transcript:AT4G33210.1	Cau.Cau4AG001815	0.99	1.00	63.54	650	L1
transcript:AT1G55205.1	Cau.Cau4BG000361	1.00	1.00	57.58	57	L1
transcript:AT2G22900.1	Cau.Cau1BG000549	1.00	1.00	65.14	299	L1
transcript:AT5G42140.1	Cau.Cau3BG000705	0.99	0.98	74.34	820	L1
transcript:AT1G05430.1	Cau.Cau9BG001502	0.96	0.97	32.36	89	L1
transcript:AT2G15900.1	Cau.Cau8AG000504	0.99	0.99	57.98	607	L1
transcript:AT5G04940.1	Cau.Cau3BG001930	0.99	0.98	60.50	409	L1
transcript:AT2G45460.2	Cau.Cau5AG003680	0.96	0.94	51.90	465	L1
transcript:AT5G57960.1	Cau.Cau3AG000284	0.96	0.96	75.19	400	L1
transcript:AT5G35160.4	Cau.Cau4AG002293	1.00	1.00	86.43	567	L1
transcript:AT2G14050.1	Cau.Cau8BG000957	0.99	0.90	79.29	513	L1
transcript:AT5G03460.1	Cau.Cau6AG001779	0.85	0.89	53.25	41	L1
transcript:AT5G51540.1	Cau.Cau9BG000410	1.00	0.99	69.80	497	L1
transcript:AT1G25580.1	Cau.Cau7BG000870	1.00	1.00	59.60	270	L1
transcript:AT3G50770.1	Cau.Cau1AG000333	1.00	1.00	51.42	109	L1
transcript:AT1G13050.1	Cau.Cau7AG000543	0.98	0.98	37.57	127	L1
transcript:AT5G21140.1	Cau.Cau2BG000415	0.98	0.97	57.51	180	L1
transcript:AT2G23200.1	Cau.Cau1BG001460	0.98	0.98	46.76	397	L1
transcript:AT3G09090.1	Cau.Cau6BG001360	1.00	1.00	72.43	654	L1
transcript:AT3G53220.1	Cau.Cau2BG001771	0.87	0.85	78.18	86	L1
transcript:AT1G68840.2	Cau.Cau7BG000874	1.00	1.00	63.61	243	L1
transcript:AT4G34340.1	Cau.Cau6AG001754	0.96	0.95	49.86	178	L1
transcript:AT4G28740.1	Cau.Cau5BG002626	0.81	0.84	67.62	190	L1
transcript:AT3G57570.1	Cau.Cau9BG000610	0.99	0.98	53.29	583	L1
transcript:AT4G34890.1	Cau.Cau2BG000227	1.00	1.00	77.81	1066	L1
transcript:AT3G20300.1	Cau.Cau4AG001491	0.95	0.98	78.74	337	L1
transcript:AT5G38380.1	Cau.Cau6AG000371	0.97	0.98	72.08	253	L1
transcript:AT2G16860.2	Cau.Cau8AG000152	1.00	1.00	70.13	216	L1
transcript:AT2G21660.2	Cau.Cau8BG000621	0.53	0.55	81.18	69	L1
transcript:AT1G51120.1	Cau.Cau2AG000128	0.99	0.98	55.46	193	L1
transcript:AT5G37690.1	Cau.Cau6AG000517	1.00	1.00	71.83	255	L1
transcript:AT5G40140.1	Cau.Cau6AG000210	0.94	0.98	59.89	324	L1
transcript:AT3G13840.1	Cau.Cau1BG000934	1.00	0.98	52.16	290	L1
transcript:AT1G70300.1	Cau.Cau7AG000422	1.00	1.00	80.20	628	L1
transcript:AT5G27540.2	Cau.Cau3BG001424	1.00	1.00	77.04	500	L1
transcript:AT1G17330.1	Cau.Cau7BG000972	0.97	0.97	83.26	179	L1
transcript:AT1G67490.1	Cau.Cau7BG000644	1.00	1.00	66.55	567	L1
transcript:AT5G02320.1	Cau.Cau6BG001506	0.92	0.97	55.31	297	L1
transcript:AT2G19450.1	Cau.Cau4AG000934	0.91	0.95	72.37	351	L1
transcript:AT2G15910.3	Cau.Cau8AG000531	1.00	1.00	78.05	64	L1
transcript:AT4G38090.2	Cau.Cau1BG000689	0.83	0.73	75.64	118	L1
transcript:AT4G19880.1	Cau.Cau2BG001946	0.99	0.98	77.78	273	L1
transcript:AT3G01470.1	Cau.Cau2AG000475	1.00	1.00	59.72	172	L1
transcript:AT3G17310.2	Cau.Cau9BG001951	1.00	0.94	42.20	319	L1
transcript:AT1G73140.1	Cau.Cau4BG001077	0.97	0.97	59.51	156	L1
transcript:AT3G17340.1	Cau.Cau9AG001883	0.99	1.00	57.42	627	L1
transcript:AT2G40360.1	Cau.Cau3AG002176	0.88	0.90	70.68	470	L1
transcript:AT5G39380.4	Cau.Cau6BG000057	1.00	0.99	34.54	219	L1
transcript:AT1G01220.7	Cau.Cau5BG003351	1.00	0.98	75.14	804	L1
transcript:AT1G21460.1	Cau.Cau3BG000743	0.99	0.98	73.68	182	L1
transcript:AT1G68580.2	Cau.Cau7AG000893	1.00	0.99	44.75	307	L1
transcript:AT5G09510.1	Cau.Cau5BG002773	1.00	1.00	89.68	139	L1
transcript:AT2G28890.1	Cau.Cau8BG001820	1.00	1.00	69.20	492	L1
transcript:AT5G19850.1	Cau.Cau2AG000046	0.99	0.89	67.79	242	L1
transcript:AT1G02960.2	Cau.Cau2BG001334	1.00	1.00	32.88	168	L1
transcript:AT3G14360.1	Cau.Cau1BG001040	0.97	0.98	62.96	323	L1
transcript:AT2G32540.1	Cau.Cau2BG001238	0.99	0.99	52.32	395	L1
transcript:AT5G56890.1	Cau.Cau4BG000916	0.95	0.76	44.68	495	L1
transcript:AT2G13570.1	Cau.Cau1AG001747	0.84	0.83	68.48	126	L1
transcript:AT1G18335.1	Cau.Cau1AG000623	0.86	0.96	58.97	138	L1
transcript:AT4G30996.1	Cau.Cau4AG002259	1.00	1.00	80.35	139	L1
transcript:AT1G03055.1	Cau.Cau5AG002858	0.79	0.82	50.00	110	L1
transcript:AT3G62840.1	Cau.Cau5BG003053	1.00	1.00	92.66	101	L1
transcript:AT3G42960.1	Cau.Cau2BG001536	0.99	0.96	64.68	174	L1
transcript:AT2G47840.1	Cau.Cau6BG001916	0.99	0.98	63.59	131	L1
transcript:AT2G25780.1	Cau.Cau4AG000409	0.96	0.99	52.03	77	L1
transcript:AT4G33090.1	Cau.Cau4BG001879	1.00	1.00	77.08	676	L1
transcript:AT1G76760.1	Cau.Cau3AG000675	0.98	0.99	66.08	113	L1
transcript:AT3G21260.3	Cau.Cau3BG000718	1.00	1.00	57.26	134	L1
transcript:AT5G64530.1	Cau.Cau3AG001973	1.00	0.94	66.15	127	L1
transcript:AT3G53750.1	Cau.Cau8AG001803	1.00	1.00	97.08	366	L1
transcript:AT1G74580.3	Cau.Cau5BG000294	0.99	1.00	65.26	494	L1
transcript:AT1G07010.1	Cau.Cau8AG002030	1.00	1.00	69.39	272	L1
transcript:AT5G42440.1	Cau.Cau3AG000654	0.97	0.98	59.62	217	L1
transcript:AT5G15470.1	Cau.Cau6AG000065	1.00	1.00	88.43	474	L1
transcript:AT4G33905.1	Cau.Cau8BG000320	0.90	0.89	63.97	158	L1
transcript:AT3G06510.1	Cau.Cau9AG001859	0.99	0.99	63.30	414	L1
transcript:AT3G04120.1	Cau.Cau7AG000604	0.99	0.99	92.49	308	L1
transcript:AT3G59940.1	Cau.Cau5AG001997	1.00	1.00	43.04	198	L1
transcript:AT3G52880.1	Cau.Cau6AG000709	1.00	1.00	78.34	340	L1
transcript:AT2G21630.1	Cau.Cau5BG003827	1.00	1.00	72.37	558	L1
transcript:AT3G24440.1	Cau.Cau4AG000660	0.99	0.90	47.53	318	L1
transcript:AT5G17690.1	Cau.Cau7AG001136	0.73	0.98	43.22	153	L1
transcript:AT1G23790.1	Cau.Cau7BG000438	1.00	1.00	56.93	337	L1
transcript:AT4G01200.1	Cau.Cau5AG003484	0.93	0.94	53.85	133	L1
transcript:AT4G31805.1	Cau.Cau4AG000140	0.90	0.85	35.78	117	L1
transcript:AT4G31910.1	Cau.Cau4BG000163	0.98	0.97	55.32	260	L1
transcript:AT1G19140.1	Cau.Cau4BG001741	0.96	1.00	60.45	188	L1
transcript:AT3G05410.2	Cau.Cau3BG001394	0.88	0.86	74.60	188	L1
transcript:AT5G65960.1	Cau.Cau1AG000016	0.99	0.97	60.25	238	L1
transcript:AT5G15010.1	Cau.Cau5AG002460	1.00	1.00	57.05	336	L1
transcript:AT5G22355.1	Cau.Cau1BG002009	0.91	0.62	27.50	184	L1
transcript:AT1G51740.1	Cau.Cau7AG002357	1.00	1.00	74.84	232	L1
transcript:AT5G60600.1	Cau.Cau8AG001627	1.00	1.00	86.23	639	L1
transcript:AT2G35660.1	Cau.Cau5AG000693	0.95	0.90	72.53	301	L1
transcript:AT5G29000.3	Cau.Cau8BG001155	0.90	0.78	50.58	175	L1
transcript:AT5G10750.1	Cau.Cau4BG000102	1.00	0.98	74.17	224	L1
transcript:AT1G68850.1	Cau.Cau7BG000818	0.91	0.90	56.43	180	L1
transcript:AT3G19420.1	Cau.Cau8BG000399	0.95	0.96	72.25	427	L1
transcript:AT4G28950.1	Cau.Cau4AG000738	0.67	0.87	93.66	133	L1
transcript:AT1G67660.1	Cau.Cau7AG000599	1.00	1.00	53.56	203	L1
transcript:AT2G44050.1	Cau.Cau5AG002017	0.89	0.93	75.86	154	L1
transcript:AT5G56090.1	Cau.Cau4AG001659	0.99	0.99	78.85	358	L1
transcript:AT2G40570.1	Cau.Cau4BG000796	0.96	0.97	68.76	350	L1
transcript:AT1G45231.2	Cau.Cau3AG000476	0.67	0.57	66.20	188	L1
transcript:AT5G23400.1	Cau.Cau2AG001822	0.99	0.98	60.24	356	L1
transcript:AT1G02475.1	Cau.Cau5AG003262	0.75	0.73	73.33	121	L1
transcript:AT5G22120.1	Cau.Cau8BG001312	0.98	0.98	52.79	199	L1
transcript:AT1G51260.1	Cau.Cau2AG000233	0.97	0.86	67.49	247	L1
transcript:AT2G03200.1	Cau.Cau1AG000787	0.91	0.87	60.24	253	L1
transcript:AT5G59305.1	Cau.Cau8BG001801	1.00	0.92	38.10	32	L1
transcript:AT5G01220.1	Cau.Cau6BG001346	0.89	0.87	77.12	354	L1
transcript:AT5G66760.1	Cau.Cau1BG000291	1.00	1.00	89.61	569	L1
transcript:AT1G73340.1	Cau.Cau5BG001716	0.96	0.97	67.63	328	L1
transcript:AT3G15090.1	Cau.Cau4BG001103	0.93	0.93	71.09	241	L1
transcript:ATCG01080.1	Cau.Cau3AG002122	0.56	0.77	66.00	66	L1
transcript:AT4G31850.1	Cau.Cau4BG000136	0.99	0.99	65.10	720	L1
transcript:AT3G09790.2	Cau.Cau4BG001345	0.99	1.00	75.44	473	L1
transcript:AT2G27230.2	Cau.Cau8BG001314	0.96	0.97	54.05	348	L1
transcript:AT1G61310.1	Cau.Cau1AG001513	0.89	0.89	25.11	232	L1
transcript:AT4G39330.1	Cau.Cau1AG001866	0.99	0.99	76.40	272	L1
transcript:AT2G38220.1	Cau.Cau3AG001242	0.89	0.93	30.03	118	L1
transcript:AT1G04850.1	Cau.Cau9AG000891	1.00	1.00	80.48	338	L1
transcript:AT1G21600.1	Cau.Cau3BG000807	0.81	0.79	77.82	207	L1
transcript:AT2G33450.1	Cau.Cau9BG001250	1.00	1.00	70.13	108	L1
transcript:AT1G33055.1	Cau.Cau5BG000020	0.76	0.76	62.00	31	L1
transcript:AT5G47830.1	Cau.Cau3BG000497	0.83	0.77	62.59	92	L1
transcript:AT2G28910.3	Cau.Cau8BG001828	0.99	0.99	57.23	194	L1
transcript:AT2G37250.1	Cau.Cau6AG001622	1.00	1.00	73.61	212	L1
transcript:AT5G63290.1	Cau.Cau5BG000578	1.00	1.00	64.32	310	L1
transcript:AT3G54770.1	Cau.Cau7BG001921	0.96	0.92	51.12	137	L1
transcript:AT5G59600.1	Cau.Cau8BG001866	0.99	1.00	58.79	311	L1
transcript:AT3G19970.5	Cau.Cau7AG000924	1.00	1.00	65.32	290	L1
transcript:AT2G34530.3	Cau.Cau2BG002616	0.88	0.95	40.75	119	L1
transcript:AT2G32800.1	Cau.Cau9AG000950	0.99	1.00	61.12	522	L1
transcript:AT5G48380.1	Cau.Cau2AG001475	0.98	0.96	64.91	394	L1
transcript:AT3G07810.1	Cau.Cau2BG001336	1.00	1.00	70.44	355	L1
transcript:AT3G18165.1	Cau.Cau4AG001031	0.96	0.94	69.67	170	L1
transcript:AT5G15640.1	Cau.Cau6AG000001	0.98	0.98	80.19	255	L1
transcript:AT1G22260.1	Cau.Cau3AG000991	1.00	1.00	55.02	482	L1
transcript:AT3G55380.1	Cau.Cau7BG002028	1.00	0.99	86.83	145	L1
transcript:AT2G35610.1	Cau.Cau6AG000293	0.99	1.00	73.22	473	L1
transcript:AT4G02580.1	Cau.Cau5AG002847	1.00	1.00	85.49	218	L1
transcript:AT3G02420.1	Cau.Cau6AG000332	1.00	1.00	75.00	264	L1
transcript:AT3G05870.1	Cau.Cau9AG000919	0.99	0.97	94.19	81	L1
transcript:AT1G76560.1	Cau.Cau3BG000024	0.67	0.64	56.67	51	L1
transcript:AT5G51060.1	Cau.Cau7AG001330	0.99	0.99	70.06	653	L1
transcript:AT3G07490.1	Cau.Cau2BG001493	0.95	0.98	85.62	125	L1
transcript:AT2G34260.1	Cau.Cau5AG002754	1.00	1.00	65.82	233	L1
transcript:AT3G55330.1	Cau.Cau7AG001984	1.00	0.99	65.02	158	L1
transcript:AT4G14430.1	Cau.Cau9AG001278	1.00	1.00	68.44	167	L1
transcript:AT1G08570.1	Cau.Cau5AG002469	1.00	1.00	63.97	190	L1
transcript:AT1G77490.2	Cau.Cau3AG000847	0.99	0.99	71.70	299	L1
transcript:AT4G12640.1	Cau.Cau2AG001436	0.96	0.95	49.32	432	L1
transcript:AT4G36530.2	Cau.Cau1AG000256	0.96	0.97	73.08	266	L1
transcript:AT5G23610.1	Cau.Cau1BG000776	0.74	0.73	43.92	166	L1
transcript:AT5G21090.1	Cau.Cau2AG000415	0.95	0.93	81.60	173	L1
transcript:AT4G00110.1	Cau.Cau5BG003667	1.00	0.99	87.39	381	L1
transcript:AT4G07410.1	Cau.Cau3BG001190	1.00	1.00	64.95	541	L1
transcript:AT2G35540.1	Cau.Cau3AG001782	0.99	0.99	45.11	295	L1
transcript:AT1G43790.1	Cau.Cau1BG001890	0.93	0.44	45.37	49	L1
transcript:AT4G17890.1	Cau.Cau7AG001551	0.99	1.00	67.72	279	L1
transcript:AT5G27450.3	Cau.Cau3BG001432	1.00	0.99	68.31	263	L1
transcript:AT3G18650.1	Cau.Cau4AG001388	0.54	0.85	27.04	63	L1
transcript:AT5G06420.1	Cau.Cau5BG000429	0.85	1.00	73.56	242	L1
transcript:AT2G36850.1	Cau.Cau5AG000568	0.93	0.91	68.35	818	L1
transcript:AT3G19230.1	Cau.Cau8AG000447	0.97	0.99	54.51	278	L1
transcript:AT3G28580.1	Cau.Cau6BG000181	0.92	0.87	66.02	305	L1
transcript:AT1G03390.1	Cau.Cau4BG000643	1.00	0.99	63.38	296	L1
transcript:AT3G21352.1	Cau.Cau1BG001052	0.92	0.98	54.41	37	L1
transcript:AT3G18500.3	Cau.Cau5AG001187	0.84	0.81	62.37	237	L1
transcript:AT2G23090.1	Cau.Cau1BG000522	1.00	1.00	85.90	67	L1
transcript:AT2G48150.1	Cau.Cau5AG002959	0.99	0.99	61.54	104	L1
transcript:AT5G54390.1	Cau.Cau4BG001232	0.98	0.98	68.72	257	L1
transcript:AT3G02080.1	Cau.Cau5BG001024	0.99	0.98	86.52	122	L1
transcript:AT4G32520.2	Cau.Cau5AG001986	1.00	1.00	78.83	417	L1
transcript:AT1G06475.1	Cau.Cau7BG001273	0.80	0.88	44.59	33	L1
transcript:AT5G59550.1	Cau.Cau6BG001480	0.88	0.93	46.17	169	L1
transcript:AT3G44510.2	Cau.Cau8BG001423	0.96	0.83	57.43	143	L1
transcript:AT4G25280.1	Cau.Cau9AG000404	0.93	1.00	66.25	159	L1
transcript:AT4G17300.1	Cau.Cau5AG000757	1.00	1.00	77.62	444	L1
transcript:AT4G35220.1	Cau.Cau8BG000392	0.93	0.90	73.23	186	L1
transcript:AT2G44420.1	Cau.Cau7BG000021	1.00	1.00	61.71	216	L1
transcript:AT4G00440.3	Cau.Cau5AG003560	0.97	0.95	38.42	360	L1
transcript:AT3G51770.2	Cau.Cau6BG001255	1.00	1.00	77.82	751	L1
transcript:AT3G09660.3	Cau.Cau6AG001646	0.96	0.96	75.46	578	L1
transcript:AT1G52720.1	Cau.Cau1AG001253	0.93	0.93	51.18	65	L1
transcript:AT4G00231.1	Cau.Cau9BG000326	1.00	0.98	53.06	260	L1
transcript:AT1G21700.1	Cau.Cau3BG000830	1.00	1.00	56.31	464	L1
transcript:AT2G34900.1	Cau.Cau2AG001868	0.98	0.98	53.43	218	L1
transcript:AT1G11600.1	Cau.Cau2AG002187	1.00	1.00	75.20	385	L1
transcript:AT4G23740.2	Cau.Cau5BG000167	1.00	0.99	65.31	416	L1
transcript:AT4G37300.1	Cau.Cau1BG000493	0.99	0.95	50.57	88	L1
transcript:AT4G28980.3	Cau.Cau4BG000738	1.00	1.00	65.76	315	L1
transcript:AT4G16390.1	Cau.Cau2AG002777	0.97	0.98	66.96	458	L1
transcript:AT3G55530.1	Cau.Cau8BG001861	1.00	1.00	73.84	206	L1
transcript:AT1G47271.1	Cau.Cau3AG000321	0.90	0.85	64.97	115	L1
transcript:AT1G19020.1	Cau.Cau5BG000391	0.98	0.91	50.00	42	L1
transcript:AT2G33170.2	Cau.Cau9BG001113	0.98	0.98	65.91	727	L1
transcript:AT1G64300.1	Cau.Cau5BG000160	0.97	0.98	60.80	439	L1
transcript:AT4G01730.1	Cau.Cau5BG003244	1.00	1.00	68.15	353	L1
transcript:AT5G46910.1	Cau.Cau3AG001761	0.99	0.93	58.27	486	L1
transcript:AT5G63280.1	Cau.Cau5AG000574	1.00	1.00	65.68	178	L1
transcript:AT1G62830.1	Cau.Cau3BG000116	0.95	0.98	70.99	575	L1
transcript:AT3G03860.1	Cau.Cau5AG002513	0.90	0.90	56.46	153	L1
transcript:AT3G20800.1	Cau.Cau4AG001473	1.00	0.99	87.77	280	L1
transcript:AT4G09320.1	Cau.Cau5AG003809	0.99	1.00	81.08	120	L1
transcript:AT5G02610.1	Cau.Cau7BG001968	1.00	1.00	92.68	114	L1
transcript:AT4G36190.1	Cau.Cau1AG000188	0.48	0.97	70.69	164	L1
transcript:AT2G40860.1	Cau.Cau6AG000581	1.00	1.00	69.08	458	L1
transcript:AT3G54680.1	Cau.Cau2BG000641	0.97	0.98	38.93	95	L1
transcript:AT3G63000.1	Cau.Cau6BG001658	0.99	1.00	73.90	303	L1
transcript:AT5G22440.2	Cau.Cau8BG001414	1.00	1.00	92.17	200	L1
transcript:AT1G64355.1	Cau.Cau5AG000149	0.63	0.70	77.17	98	L1
transcript:AT1G53280.2	Cau.Cau5AG001273	0.81	0.86	53.20	95	L1
transcript:AT5G03050.2	Cau.Cau5BG003264	0.90	0.95	62.70	79	L1
transcript:AT2G42660.1	Cau.Cau2AG002494	0.62	0.42	43.89	79	L1
transcript:AT5G12110.1	Cau.Cau2BG000407	1.00	1.00	75.88	173	L1
transcript:AT1G67260.3	Cau.Cau5AG001175	0.59	0.52	36.32	81	L1
transcript:AT4G39420.2	Cau.Cau1BG001994	1.00	1.00	59.34	1932	L1
transcript:AT5G65890.1	Cau.Cau1AG000561	0.98	0.98	57.74	276	L1
transcript:AT1G68330.1	Cau.Cau2BG001792	1.00	1.00	42.47	124	L1
transcript:AT4G11240.1	Cau.Cau5BG000199	1.00	1.00	87.54	281	L1
transcript:AT5G02600.1	Cau.Cau6BG001571	0.98	0.91	39.13	126	L1
transcript:AT2G17950.1	Cau.Cau1AG000162	0.89	0.88	42.42	126	L1
transcript:AT5G50920.1	Cau.Cau7AG001376	0.99	1.00	87.67	667	L1
transcript:AT5G48600.2	Cau.Cau6BG000106	0.99	0.99	75.75	931	L1
transcript:AT5G46420.1	Cau.Cau2AG002561	1.00	1.00	51.33	348	L1
transcript:AT2G25690.2	Cau.Cau4AG000324	0.95	0.93	36.13	138	L1
transcript:AT4G24220.2	Cau.Cau5BG002252	0.95	0.99	45.48	171	L1
transcript:AT3G07525.1	Cau.Cau2AG001479	0.96	0.95	56.16	123	L1
transcript:AT3G12650.1	Cau.Cau7AG000089	0.76	0.60	59.34	108	L1
transcript:AT1G53010.1	Cau.Cau4BG001180	0.88	0.97	37.50	63	L1
transcript:AT1G71860.3	Cau.Cau3BG000564	0.98	0.98	67.55	229	L1
transcript:AT1G29840.1	Cau.Cau4BG000928	0.95	0.93	57.65	177	L1
transcript:AT1G73177.1	Cau.Cau5BG001941	1.00	1.00	74.60	47	L1
transcript:AT4G26640.2	Cau.Cau4BG001562	0.95	0.96	57.40	318	L1
transcript:AT2G28290.5	Cau.Cau9BG001688	0.53	0.83	63.49	1081	L1
transcript:AT3G45830.1	Cau.Cau8BG001740	1.00	0.99	52.87	727	L1
transcript:AT1G22270.1	Cau.Cau3AG000993	1.00	1.00	78.23	97	L1
transcript:AT5G53970.1	Cau.Cau4BG001117	0.99	0.98	75.37	309	L1
transcript:AT1G10800.2	Cau.Cau7BG001358	0.95	0.94	48.51	114	L1
transcript:AT2G44690.1	Cau.Cau5BG003786	0.90	0.83	67.69	132	L1
transcript:AT5G23430.1	Cau.Cau2AG001843	1.00	1.00	66.71	561	L1
transcript:AT1G01120.1	Cau.Cau5AG003371	0.99	0.99	69.83	368	L1
transcript:AT1G28230.1	Cau.Cau3BG001051	0.98	0.95	60.00	213	L1
transcript:AT5G17980.1	Cau.Cau5AG002528	1.00	1.00	65.36	719	L1
transcript:AT2G33470.2	Cau.Cau9AG001215	1.00	1.00	75.74	153	L1
transcript:AT3G52460.1	Cau.Cau6AG000837	0.94	0.96	34.78	104	L1
transcript:AT5G20660.1	Cau.Cau7BG001833	1.00	1.00	60.58	564	L1
transcript:AT4G35590.2	Cau.Cau1BG000040	0.97	0.92	47.22	153	L1
transcript:AT1G05970.2	Cau.Cau5AG002308	0.97	0.98	52.31	102	L1
transcript:AT3G19190.3	Cau.Cau8AG000454	1.00	1.00	49.45	997	L1
transcript:AT2G21100.2	Cau.Cau9BG001889	0.79	0.82	41.22	61	L1
transcript:AT2G01610.1	Cau.Cau2BG001640	0.95	0.94	55.71	117	L1
transcript:AT4G18220.1	Cau.Cau2BG002573	0.98	0.99	55.03	219	L1
transcript:AT5G22050.2	Cau.Cau8BG001297	0.98	0.96	62.33	187	L1
transcript:AT3G18670.2	Cau.Cau1AG001825	0.62	0.87	50.00	205	L1
transcript:AT5G35740.1	Cau.Cau2AG001344	1.00	0.97	71.43	85	L1
transcript:AT1G78410.2	Cau.Cau5AG001454	0.90	0.88	41.44	46	L1
transcript:AT5G64600.1	Cau.Cau1AG001806	0.98	0.98	69.94	363	L1
transcript:AT3G28050.1	Cau.Cau7BG000412	0.96	0.97	44.04	159	L1
transcript:AT3G50050.1	Cau.Cau1BG000504	1.00	0.99	60.03	386	L1
transcript:AT4G17040.1	Cau.Cau5BG000680	1.00	1.00	73.11	223	L1
transcript:AT5G17840.1	Cau.Cau5BG002508	0.79	0.77	65.62	84	L1
transcript:AT3G23160.1	Cau.Cau9AG001281	1.00	1.00	61.05	362	L1
transcript:AT5G47810.1	Cau.Cau2AG002814	0.98	0.92	76.39	343	L1
transcript:AT3G53090.2	Cau.Cau6BG000654	1.00	1.00	63.26	737	L1
transcript:AT5G14150.2	Cau.Cau2AG000885	0.97	0.97	55.94	212	L1
transcript:AT5G45600.1	Cau.Cau8AG000763	1.00	1.00	75.74	206	L1
transcript:AT4G24160.1	Cau.Cau3BG000244	0.99	0.99	77.59	322	L1
transcript:AT5G16940.2	Cau.Cau6AG000534	0.99	0.71	68.66	92	L1
transcript:AT1G16290.1	Cau.Cau9BG000041	1.00	1.00	62.59	266	L1
transcript:AT2G43540.1	Cau.Cau5BG002143	0.99	0.95	56.35	102	L1
transcript:AT3G54450.1	Cau.Cau8AG001083	0.97	0.95	58.97	322	L1
transcript:AT2G05320.1	Cau.Cau2AG001373	1.00	0.99	66.06	288	L1
transcript:AT2G18570.1	Cau.Cau1AG000321	0.99	0.97	52.12	246	L1
transcript:AT2G38610.1	Cau.Cau6BG001123	1.00	1.00	87.11	250	L1
transcript:AT5G27670.1	Cau.Cau3BG001387	0.96	0.99	79.17	114	L1
transcript:AT5G26170.1	Cau.Cau4BG001873	0.88	0.86	57.24	87	L1
transcript:AT5G44800.1	Cau.Cau2AG001929	1.00	1.00	54.45	1297	L1
transcript:ATCG00780.1	Cau.Cau5AG001904	0.89	1.00	75.93	82	L1
transcript:AT1G50500.4	Cau.Cau8BG000857	1.00	1.00	81.53	671	L1
transcript:AT1G67790.1	Cau.Cau7AG000551	0.99	0.94	40.75	282	L1
transcript:AT5G05840.1	Cau.Cau7AG002353	0.97	0.96	69.20	301	L1
transcript:AT2G03890.1	Cau.Cau7AG000780	1.00	1.00	70.76	472	L1
transcript:AT1G77290.3	Cau.Cau3AG000801	1.00	1.00	73.78	197	L1
transcript:AT2G16940.2	Cau.Cau8AG000125	1.00	1.00	58.49	379	L1
transcript:AT2G46310.1	Cau.Cau5AG003472	0.96	0.94	42.53	131	L1
transcript:AT1G11580.1	Cau.Cau2AG002198	1.00	1.00	56.64	320	L1
transcript:AT2G24030.1	Cau.Cau4AG002231	0.94	0.76	27.49	127	L1
transcript:AT1G27450.1	Cau.Cau3AG001214	0.96	0.98	69.71	168	L1
transcript:AT3G16990.1	Cau.Cau9AG001796	0.98	0.95	63.00	143	L1
transcript:AT5G67110.2	Cau.Cau1BG000445	0.83	0.89	39.88	69	L1
transcript:AT5G12900.1	Cau.Cau2BG000175	0.98	0.95	58.83	343	L1
transcript:AT2G18910.1	Cau.Cau4AG002066	1.00	1.00	57.14	80	L1
transcript:AT5G52950.1	Cau.Cau9BG000150	1.00	1.00	40.59	414	L1
transcript:AT5G60710.1	Cau.Cau8BG001612	1.00	1.00	61.98	463	L1
transcript:AT3G01490.1	Cau.Cau2AG000480	1.00	1.00	79.14	330	L1
transcript:AT1G04650.1	Cau.Cau9AG001022	0.99	0.97	49.45	492	L1
transcript:AT5G53920.1	Cau.Cau4AG001116	0.98	0.97	58.66	227	L1
transcript:AT1G02260.2	Cau.Cau9BG000230	1.00	1.00	70.11	387	L1
transcript:AT1G60010.1	Cau.Cau7BG000399	1.00	1.00	58.24	106	L1
transcript:AT1G32900.1	Cau.Cau5AG003359	1.00	1.00	69.71	428	L1
transcript:AT1G19480.1	Cau.Cau3AG000328	1.00	1.00	64.18	249	L1
transcript:AT1G55870.1	Cau.Cau4AG001592	0.93	0.91	57.04	389	L1
transcript:AT3G43810.1	Cau.Cau6BG000616	1.00	0.98	100.00	149	L1
transcript:AT5G09770.1	Cau.Cau1BG001897	1.00	1.00	85.00	136	L1
transcript:AT3G11280.1	Cau.Cau7BG002295	1.00	0.95	55.36	155	L1
transcript:AT2G41180.1	Cau.Cau3BG001996	0.23	0.23	66.67	22	L1
transcript:AT5G55050.1	Cau.Cau4BG001474	0.93	0.94	55.71	195	L1
transcript:AT5G07020.1	Cau.Cau3BG001967	0.91	0.95	62.44	138	L1
transcript:AT4G33780.1	Cau.Cau8BG000257	0.80	0.83	61.35	100	L1
transcript:AT1G20300.1	Cau.Cau3BG000147	1.00	1.00	70.30	381	L1
transcript:AT3G10390.2	Cau.Cau7BG001815	0.90	0.91	71.01	605	L1
transcript:AT4G13330.4	Cau.Cau9BG001214	0.92	0.94	57.82	233	L1
transcript:AT5G47680.1	Cau.Cau2BG002786	0.90	0.93	68.28	211	L1
transcript:AT3G13180.1	Cau.Cau4AG001593	1.00	1.00	75.95	398	L1
transcript:AT2G12462.1	Cau.Cau4BG001999	1.00	1.00	46.21	122	L1
transcript:AT1G64880.1	Cau.Cau7BG001112	1.00	1.00	63.38	353	L1
transcript:AT4G13480.1	Cau.Cau9BG001175	1.00	0.95	57.72	157	L1
transcript:AT5G38970.1	Cau.Cau6AG000272	1.00	0.99	69.33	321	L1
transcript:AT1G80070.1	Cau.Cau1AG001323	1.00	1.00	94.44	2223	L1
transcript:AT1G21510.1	Cau.Cau3BG000781	1.00	1.00	35.94	124	L1
transcript:AT3G46890.1	Cau.Cau8BG001898	0.93	0.98	58.95	112	L1
transcript:AT3G02470.1	Cau.Cau6AG000313	1.00	0.99	65.57	240	L1
transcript:AT4G35750.1	Cau.Cau1BG000073	1.00	1.00	74.76	154	L1
transcript:AT1G14560.1	Cau.Cau4BG000517	0.99	0.99	71.55	244	L1
transcript:AT3G43300.3	Cau.Cau4AG001777	1.00	1.00	72.19	1293	L1
transcript:AT3G05330.1	Cau.Cau3AG001427	0.84	0.91	54.43	215	L1
transcript:AT1G72440.1	Cau.Cau1AG000981	0.98	0.98	59.12	629	L1
transcript:AT3G03980.1	Cau.Cau5BG002428	1.00	0.99	68.77	185	L1
transcript:AT1G63980.2	Cau.Cau5BG000206	1.00	1.00	53.96	218	L1
transcript:AT1G63250.1	Cau.Cau5BG000939	1.00	1.00	58.26	501	L1
transcript:AT5G05980.2	Cau.Cau7AG002330	0.99	0.98	68.37	361	L1
transcript:AT5G65520.1	Cau.Cau3BG001110	0.95	0.92	46.19	91	L1
transcript:AT1G68680.1	Cau.Cau4BG000607	1.00	1.00	67.53	52	L1
transcript:AT3G54090.1	Cau.Cau6AG001379	1.00	1.00	71.63	356	L1
transcript:AT3G63290.1	Cau.Cau5AG002882	1.00	1.00	53.45	240	L1
transcript:AT5G16380.1	Cau.Cau6BG001919	0.61	0.68	66.39	79	L1
transcript:ATCG00070.1	Cau.Cau7BG001086	0.98	0.95	76.67	46	L1
transcript:AT3G05590.1	Cau.Cau5BG003069	1.00	1.00	86.63	162	L1
transcript:AT1G18330.1	Cau.Cau5AG001684	0.89	0.94	36.96	163	L1
transcript:AT3G24060.1	Cau.Cau9BG001101	0.95	0.95	60.43	84	L1
transcript:AT5G47860.1	Cau.Cau8AG000932	1.00	1.00	70.88	314	L1
transcript:AT3G07800.1	Cau.Cau2AG001337	0.89	0.88	71.23	151	L1
transcript:AT5G19300.1	Cau.Cau9AG001488	0.91	0.96	65.76	242	L1
transcript:AT4G19060.1	Cau.Cau7BG001029	0.70	0.54	36.79	103	L1
transcript:AT5G49700.1	Cau.Cau3BG001085	0.83	0.72	66.95	160	L1
transcript:AT3G61760.1	Cau.Cau5AG003428	1.00	1.00	85.74	523	L1
transcript:AT2G38280.2	Cau.Cau6BG001280	1.00	1.00	79.29	674	L1
transcript:AT2G04240.2	Cau.Cau2AG001406	0.95	0.96	57.14	88	L1
transcript:AT5G14040.1	Cau.Cau2BG000801	0.97	0.96	80.00	292	L1
transcript:AT3G43210.5	Cau.Cau4AG001747	1.00	1.00	68.31	651	L1
transcript:AT1G19240.1	Cau.Cau4BG001760	1.00	1.00	51.92	54	L1
transcript:AT3G47940.1	Cau.Cau5BG000344	1.00	0.99	68.14	246	L1
transcript:AT3G03776.2	Cau.Cau9BG000031	0.98	0.99	36.60	71	L1
transcript:AT3G26090.1	Cau.Cau7AG000577	0.99	0.98	66.01	303	L1
transcript:AT5G62350.1	Cau.Cau9AG000408	0.80	0.83	66.05	107	L1
transcript:AT5G25080.1	Cau.Cau4BG000137	0.91	0.94	53.03	105	L1
transcript:AT4G28220.1	Cau.Cau2BG001088	1.00	1.00	71.30	410	L1
transcript:AT1G79040.1	Cau.Cau5BG001456	1.00	1.00	81.43	114	L1
transcript:AT2G39730.1	Cau.Cau6BG001471	1.00	1.00	79.62	379	L1
transcript:AT5G65530.1	Cau.Cau1BG000665	0.94	0.95	64.17	283	L1
transcript:AT1G22620.1	Cau.Cau3AG000541	0.99	1.00	76.99	696	L1
transcript:AT1G77740.2	Cau.Cau3AG000912	0.98	1.00	71.45	563	L1
transcript:AT1G12000.1	Cau.Cau2AG002706	1.00	1.00	84.86	482	L1
transcript:AT3G53500.2	Cau.Cau7BG001951	1.00	1.00	57.23	182	L1
transcript:AT2G39440.2	Cau.Cau2AG001976	0.95	0.90	60.90	95	L1
transcript:AT2G13620.1	Cau.Cau1BG001684	0.99	0.97	75.68	613	L1
transcript:AT2G01590.1	Cau.Cau2AG001655	1.00	1.00	42.70	76	L1
transcript:AT2G19130.1	Cau.Cau2BG001125	0.99	0.98	58.87	488	L1
transcript:AT2G01170.1	Cau.Cau2AG001760	0.98	0.97	80.95	408	L1
transcript:AT1G65410.1	Cau.Cau6AG001881	0.89	0.88	79.94	247	L1
transcript:AT1G69680.1	Cau.Cau7BG000284	1.00	0.99	73.27	148	L1
transcript:AT3G09085.1	Cau.Cau6BG001359	0.99	0.99	69.37	77	L1
transcript:AT1G08720.1	Cau.Cau3BG001558	1.00	0.98	58.84	566	L1
transcript:AT3G24800.1	Cau.Cau5AG002632	0.88	0.83	48.41	183	L1
transcript:AT2G33435.1	Cau.Cau9AG001173	0.64	0.95	40.06	373	L1
transcript:AT5G20590.1	Cau.Cau4BG002010	0.97	0.90	63.04	307	L1
transcript:AT1G76630.2	Cau.Cau3AG000015	0.99	0.99	62.40	727	L1
transcript:AT1G26290.1	Cau.Cau1BG000698	0.75	0.69	49.09	54	L1
transcript:AT5G56550.1	Cau.Cau4BG000815	0.56	0.56	57.00	57	L1
transcript:AT2G39460.1	Cau.Cau7BG001995	1.00	1.00	86.36	133	L1
transcript:AT5G18440.2	Cau.Cau7BG001602	0.86	0.74	42.60	187	L1
transcript:AT4G35090.3	Cau.Cau3AG000084	1.00	0.96	88.98	436	L1
transcript:AT2G13810.1	Cau.Cau3BG002017	0.96	1.00	67.65	297	L1
transcript:AT1G31930.6	Cau.Cau3AG001797	1.00	1.00	71.20	628	L1
transcript:AT4G01370.1	Cau.Cau5AG003525	0.99	0.99	69.44	259	L1
transcript:AT1G21450.1	Cau.Cau3BG000755	0.97	1.00	66.05	395	L1
transcript:AT3G17390.1	Cau.Cau9BG001967	1.00	1.00	93.13	366	L1
transcript:AT1G27950.1	Cau.Cau7BG000674	0.77	0.78	49.01	74	L1
transcript:AT3G02120.1	Cau.Cau6BG000018	0.80	0.93	42.98	49	L1
transcript:AT1G07120.1	Cau.Cau8BG002005	0.98	0.99	56.04	232	L1
transcript:AT5G45960.1	Cau.Cau2AG002437	0.95	0.95	59.72	212	L1
transcript:AT1G68080.1	Cau.Cau2BG001562	0.98	0.96	62.63	243	L1
transcript:AT2G37585.1	Cau.Cau6BG001520	0.86	0.86	69.97	247	L1
transcript:AT3G04600.3	Cau.Cau4AG000429	1.00	1.00	85.29	342	L1
transcript:AT3G01360.2	Cau.Cau6BG000215	1.00	1.00	53.29	178	L1
transcript:AT3G13670.1	Cau.Cau2BG000106	1.00	1.00	80.76	575	L1
transcript:AT1G31830.2	Cau.Cau3AG001723	0.99	0.99	74.63	353	L1
transcript:AT5G41670.4	Cau.Cau5AG000174	1.00	0.98	87.86	427	L1
transcript:AT5G27460.1	Cau.Cau3AG001055	0.91	0.87	58.26	261	L1
transcript:AT1G50575.1	Cau.Cau4BG001551	0.98	0.98	59.60	180	L1
transcript:AT1G07740.1	Cau.Cau8BG001762	0.98	0.96	61.00	280	L1
transcript:AT2G24395.1	Cau.Cau4AG000023	0.89	0.82	55.56	65	L1
transcript:AT4G25315.2	Cau.Cau8BG001486	0.97	0.95	60.00	63	L1
transcript:AT1G05850.2	Cau.Cau5AG002372	1.00	1.00	73.37	237	L1
transcript:AT2G37880.1	Cau.Cau6BG001423	0.98	1.00	57.25	146	L1
transcript:AT2G36130.1	Cau.Cau6BG000789	1.00	1.00	84.76	139	L1
transcript:AT1G66370.1	Cau.Cau6BG000478	0.87	0.77	53.24	115	L1
transcript:AT5G60440.1	Cau.Cau6BG001527	0.67	0.84	47.24	94	L1
transcript:AT4G01800.3	Cau.Cau5AG003290	1.00	1.00	82.79	856	L1
transcript:AT5G17570.2	Cau.Cau7AG001075	0.96	1.00	73.95	230	L1
transcript:AT2G48010.1	Cau.Cau5AG002997	0.98	0.94	61.79	380	L1
transcript:AT2G31660.1	Cau.Cau5BG002321	1.00	1.00	78.47	813	L1
transcript:AT1G67410.1	Cau.Cau7BG000654	1.00	0.98	69.14	298	L1
transcript:AT1G76250.1	Cau.Cau3BG000105	0.99	0.97	64.24	282	L1
transcript:AT4G12490.1	Cau.Cau5BG000788	1.00	1.00	50.55	92	L1
transcript:AT3G10840.1	Cau.Cau7BG002075	0.87	0.89	58.41	257	L1
transcript:AT1G10580.1	Cau.Cau7BG000437	1.00	1.00	80.24	471	L1
transcript:AT3G27000.1	Cau.Cau2BG000842	0.99	0.99	90.13	347	L1
transcript:AT2G26840.1	Cau.Cau2AG000376	0.98	0.99	53.71	152	L1
transcript:AT1G66550.2	Cau.Cau6AG001152	0.94	0.81	30.18	83	L1
transcript:AT5G06270.2	Cau.Cau6AG000816	0.83	0.87	75.00	78	L1
transcript:AT1G79540.1	Cau.Cau9AG000675	0.95	0.94	58.19	437	L1
transcript:AT1G10280.1	Cau.Cau3AG002336	1.00	0.99	64.56	266	L1
transcript:AT4G30840.1	Cau.Cau4BG002223	0.98	0.97	59.05	212	L1
transcript:AT5G61010.2	Cau.Cau5BG001054	1.00	1.00	45.92	298	L1
transcript:AT4G25480.1	Cau.Cau9AG000314	1.00	0.99	61.09	135	L1
transcript:AT1G01880.1	Cau.Cau5BG003598	1.00	1.00	58.32	361	L1
transcript:AT3G46640.2	Cau.Cau8AG001852	0.70	0.63	58.17	146	L1
transcript:AT3G56980.1	Cau.Cau9BG000858	0.98	0.94	47.06	120	L1
transcript:AT1G49330.1	Cau.Cau8BG000583	0.76	0.68	45.85	116	L1
transcript:AT2G15890.1	Cau.Cau8BG000500	1.00	1.00	53.77	114	L1
transcript:AT2G13360.2	Cau.Cau2BG000320	1.00	1.00	87.28	350	L1
transcript:AT4G36040.1	Cau.Cau3AG000195	0.85	0.85	43.71	66	L1
transcript:AT5G65280.1	Cau.Cau1BG000726	1.00	1.00	67.20	293	L1
transcript:AT4G35580.1	Cau.Cau5AG000020	1.00	0.99	41.65	262	L1
transcript:AT3G44880.1	Cau.Cau8AG001506	1.00	1.00	74.73	408	L1
transcript:AT2G36210.1	Cau.Cau6BG000770	1.00	1.00	54.07	73	L1
transcript:AT5G45530.1	Cau.Cau2AG000195	0.30	0.76	31.85	86	L1
transcript:AT2G41130.1	Cau.Cau6AG000547	1.00	0.99	63.92	163	L1
transcript:AT5G38900.2	Cau.Cau6BG000257	1.00	0.97	64.26	151	L1
transcript:AT2G32850.2	Cau.Cau7BG000026	1.00	1.00	60.75	435	L1
transcript:AT3G19184.2	Cau.Cau8BG000455	1.00	1.00	57.19	163	L1
transcript:AT5G24310.1	Cau.Cau5AG001557	1.00	0.99	70.15	235	L1
transcript:AT1G06740.1	Cau.Cau6AG001857	0.70	0.63	25.62	134	L1
transcript:AT2G37210.1	Cau.Cau6BG001722	1.00	0.97	84.93	186	L1
transcript:AT5G57580.1	Cau.Cau4AG002111	0.98	0.98	69.94	449	L1
transcript:AT4G23990.1	Cau.Cau5BG000097	0.95	0.98	58.64	424	L1
transcript:AT1G48540.1	Cau.Cau4AG000994	1.00	1.00	47.41	541	L1
transcript:AT3G21090.1	Cau.Cau2AG000278	1.00	1.00	71.67	501	L1
transcript:AT3G02330.1	Cau.Cau6BG000226	0.96	0.96	59.64	523	L1
transcript:AT1G74780.1	Cau.Cau5AG000350	0.99	0.98	63.52	350	L1
transcript:AT1G70070.1	Cau.Cau7BG000370	1.00	0.99	69.43	820	L1
transcript:AT2G21090.1	Cau.Cau5BG003037	0.98	0.96	58.83	343	L1
transcript:AT1G51590.1	Cau.Cau1BG001601	1.00	0.99	77.49	451	L1
transcript:AT3G30210.1	Cau.Cau6BG000263	0.91	0.94	52.92	136	L1
transcript:AT5G09850.5	Cau.Cau1BG001949	1.00	1.00	57.10	209	L1
transcript:AT3G25805.1	Cau.Cau7BG000895	0.99	0.98	61.06	207	L1
transcript:AT4G09620.2	Cau.Cau3AG000584	1.00	1.00	56.22	122	L1
transcript:AT2G47160.1	Cau.Cau5BG003203	1.00	1.00	84.39	600	L1
transcript:AT5G57500.1	Cau.Cau4AG002095	0.99	0.99	78.02	252	L1
transcript:AT5G20885.1	Cau.Cau4BG001800	1.00	1.00	48.98	96	L1
transcript:AT1G71865.1	Cau.Cau3BG000559	0.99	0.99	72.28	73	L1
transcript:AT4G29000.1	Cau.Cau4BG000735	0.98	0.97	56.46	345	L1
transcript:AT5G16600.1	Cau.Cau6AG000512	1.00	1.00	50.14	176	L1
transcript:AT5G66005.3	Cau.Cau1BG000037	0.94	0.94	67.96	123	L1
transcript:AT5G44180.3	Cau.Cau2BG000630	0.94	0.95	50.38	863	L1
transcript:AT2G16950.2	Cau.Cau8AG000135	1.00	1.00	77.30	688	L1
transcript:AT4G27060.1	Cau.Cau4AG001347	1.00	1.00	61.38	561	L1
transcript:AT3G63490.1	Cau.Cau7AG000109	0.99	0.99	69.65	257	L1
transcript:AT1G35460.1	Cau.Cau3BG000528	0.92	0.91	58.59	150	L1
transcript:AT4G23190.2	Cau.Cau2AG002224	0.53	0.96	43.17	136	L1
transcript:AT1G68940.1	Cau.Cau7BG000797	0.99	0.99	53.87	585	L1
transcript:AT1G07860.1	Cau.Cau8BG001729	0.62	0.79	47.92	46	L1
transcript:AT1G11900.1	Cau.Cau2BG001091	0.98	0.92	47.11	171	L1
transcript:AT2G45620.1	Cau.Cau5AG003665	0.98	0.99	54.68	421	L1
transcript:AT5G05970.1	Cau.Cau7AG002331	1.00	1.00	61.32	501	L1
transcript:AT2G40650.1	Cau.Cau3AG001330	0.61	0.57	77.48	172	L1
transcript:AT2G33990.1	Cau.Cau2AG002447	1.00	0.92	50.88	145	L1
transcript:AT4G09010.1	Cau.Cau3AG001031	0.99	1.00	70.45	248	L1
transcript:AT3G50380.2	Cau.Cau1AG000362	1.00	1.00	48.48	1562	L1
transcript:AT5G05810.1	Cau.Cau4BG002006	0.96	0.93	47.88	215	L1
transcript:AT3G47640.1	Cau.Cau5AG000302	0.95	0.90	50.64	118	L1
transcript:AT4G38225.1	Cau.Cau8AG000026	0.99	0.99	53.08	198	L1
transcript:AT5G67070.1	Cau.Cau1BG000436	1.00	0.98	51.47	70	L1
transcript:AT5G61800.1	Cau.Cau7AG001339	0.98	0.92	53.97	265	L1
transcript:AT4G35270.2	Cau.Cau8BG000047	0.98	0.99	54.80	525	L1
transcript:AT5G42150.1	Cau.Cau3AG000172	1.00	1.00	67.77	225	L1
transcript:AT3G07500.1	Cau.Cau2BG001489	0.91	0.96	67.51	133	L1
transcript:AT1G34260.3	Cau.Cau3AG000560	1.00	0.95	48.98	791	L1
transcript:AT3G09060.2	Cau.Cau6BG001353	0.99	0.99	61.56	418	L1
transcript:AT5G03940.1	Cau.Cau6BG000764	1.00	1.00	80.94	463	L1
transcript:AT1G79220.1	Cau.Cau9AG000062	0.79	0.83	56.29	179	L1
transcript:AT1G58250.1	Cau.Cau3AG001117	1.00	1.00	68.37	1816	L1
transcript:AT4G38430.1	Cau.Cau8BG000081	1.00	1.00	71.70	413	L1
transcript:AT3G02020.1	Cau.Cau2BG000791	0.97	0.97	75.64	413	L1
transcript:AT4G29520.1	Cau.Cau4BG000871	1.00	1.00	64.17	197	L1
transcript:AT3G06190.1	Cau.Cau9BG001623	1.00	1.00	74.63	303	L1
transcript:AT5G54730.1	Cau.Cau4AG001303	0.91	0.86	48.60	382	L1
transcript:AT5G63010.1	Cau.Cau5AG000463	0.99	1.00	63.58	220	L1
transcript:AT3G20870.3	Cau.Cau2BG000208	1.00	1.00	84.42	233	L1
transcript:AT2G45400.1	Cau.Cau8BG000877	0.91	0.99	54.38	180	L1
transcript:AT1G51080.1	Cau.Cau1AG001574	0.86	0.83	48.22	122	L1
transcript:AT1G22970.1	Cau.Cau2BG001731	0.98	0.98	56.27	202	L1
transcript:AT3G18370.1	Cau.Cau5BG001211	0.99	0.98	60.34	496	L1
transcript:AT2G33800.1	Cau.Cau2BG002381	0.86	0.85	75.48	197	L1
transcript:AT1G21280.1	Cau.Cau3BG002133	0.76	0.93	24.08	46	L1
transcript:AT1G18080.1	Cau.Cau4BG001047	1.00	1.00	86.89	285	L1
transcript:AT5G28910.2	Cau.Cau8BG001159	1.00	0.99	63.50	374	L1
transcript:AT5G03540.1	Cau.Cau7AG001623	0.99	0.98	83.15	533	L1
transcript:AT1G50300.1	Cau.Cau7AG001020	0.84	0.84	72.00	234	L1
transcript:AT5G63310.1	Cau.Cau5BG000586	0.95	0.97	74.67	168	L1
transcript:AT1G79460.1	Cau.Cau9BG000054	0.99	0.98	57.53	451	L1
transcript:AT4G08550.2	Cau.Cau3AG000945	0.83	0.68	66.23	400	L1
transcript:AT5G16390.1	Cau.Cau6AG001919	1.00	1.00	57.89	165	L1
transcript:AT5G05760.1	Cau.Cau7AG002263	1.00	1.00	69.71	237	L1
transcript:AT5G52580.1	Cau.Cau4AG000520	0.99	1.00	72.55	489	L1
transcript:AT5G57970.2	Cau.Cau4BG002269	0.98	0.90	67.92	235	L1
transcript:AT1G50730.3	Cau.Cau4AG001467	0.99	0.98	54.35	494	L1
transcript:AT3G48050.2	Cau.Cau5AG000406	1.00	1.00	52.31	872	L1
transcript:AT2G20142.1	Cau.Cau3AG002185	0.69	0.81	40.93	88	L1
transcript:AT4G17650.1	Cau.Cau3BG000465	1.00	1.00	62.69	163	L1
transcript:AT4G34360.1	Cau.Cau8AG000537	0.97	0.94	71.31	174	L1
transcript:AT3G16050.1	Cau.Cau1AG001140	0.97	0.99	75.74	231	L1
transcript:AT3G48540.1	Cau.Cau7BG001473	0.97	1.00	79.48	182	L1
transcript:AT3G55470.1	Cau.Cau7AG002370	0.98	0.99	54.25	83	L1
transcript:AT5G23570.3	Cau.Cau1AG000753	0.98	0.96	56.54	359	L1
transcript:AT1G08600.4	Cau.Cau7BG001037	0.95	1.00	63.00	938	L1
transcript:AT4G23440.2	Cau.Cau5AG000240	1.00	1.00	71.50	720	L1
transcript:AT3G09650.1	Cau.Cau6BG001649	0.96	0.97	69.03	515	L1
transcript:AT3G56650.1	Cau.Cau6BG000565	1.00	1.00	70.04	187	L1
transcript:AT1G43670.1	Cau.Cau3BG000693	1.00	1.00	89.41	304	L1
transcript:AT1G70630.7	Cau.Cau7AG000495	0.99	0.93	58.57	400	L1
transcript:AT2G36900.1	Cau.Cau5BG002490	0.98	0.98	70.98	159	L1
transcript:AT3G51660.1	Cau.Cau6BG001223	0.91	0.89	64.71	66	L1
transcript:AT5G59160.3	Cau.Cau8AG001878	0.97	1.00	87.83	267	L1
transcript:AT3G53480.1	Cau.Cau6AG002023	0.86	0.99	52.91	488	L1
transcript:AT1G09220.1	Cau.Cau5BG002408	0.92	0.89	56.47	262	L1
transcript:AT4G28770.1	Cau.Cau5AG002676	0.96	0.93	57.80	163	L1
transcript:AT2G36570.1	Cau.Cau6BG000664	0.97	0.96	70.95	464	L1
transcript:AT2G39980.1	Cau.Cau7BG002285	0.98	0.97	66.88	317	L1
transcript:AT4G28990.2	Cau.Cau4AG000735	1.00	1.00	40.42	175	L1
transcript:AT2G35390.2	Cau.Cau7BG001528	0.91	0.91	87.33	324	L1
transcript:AT2G37630.1	Cau.Cau6BG001504	0.99	0.97	70.41	257	L1
transcript:AT3G20180.3	Cau.Cau4BG001670	1.00	1.00	38.40	48	L1
transcript:AT1G30960.1	Cau.Cau2AG001902	1.00	1.00	62.95	277	L1
transcript:AT1G32230.6	Cau.Cau3BG001740	0.98	0.97	47.31	290	L1
transcript:AT5G43070.1	Cau.Cau3BG000520	0.94	0.82	47.30	70	L1
transcript:AT3G25855.1	Cau.Cau7AG000891	1.00	0.98	50.00	56	L1
transcript:AT5G27950.1	Cau.Cau3AG001569	0.99	0.95	62.74	389	L1
transcript:AT5G64170.3	Cau.Cau8AG000997	0.97	0.97	38.79	256	L1
transcript:AT1G47550.1	Cau.Cau3BG000390	1.00	1.00	88.73	787	L1
transcript:AT5G01910.1	Cau.Cau6AG001149	0.94	0.91	41.92	83	L1
transcript:AT5G12470.1	Cau.Cau2BG000258	0.75	0.71	79.51	229	L1
transcript:AT1G35220.1	Cau.Cau3AG001036	0.99	0.99	72.51	736	L1
transcript:AT5G11560.1	Cau.Cau4AG000368	1.00	1.00	69.41	683	L1
transcript:AT1G80750.1	Cau.Cau1BG001471	1.00	1.00	58.73	148	L1
transcript:AT4G39940.1	Cau.Cau1AG000556	0.99	0.97	61.38	178	L1
transcript:AT3G04350.1	Cau.Cau7AG001040	0.99	0.99	64.46	370	L1
transcript:AT1G60870.1	Cau.Cau3BG002112	1.00	1.00	55.10	81	L1
transcript:AT2G28200.1	Cau.Cau8BG001527	1.00	1.00	42.69	143	L1
transcript:AT2G25800.1	Cau.Cau4AG000397	1.00	1.00	77.41	771	L1
transcript:AT2G44530.2	Cau.Cau7BG001172	0.97	0.87	80.89	309	L1
transcript:AT2G25570.1	Cau.Cau4AG000578	0.87	0.89	81.67	205	L1
transcript:AT1G78870.2	Cau.Cau5BG001269	1.00	1.00	98.69	151	L1
transcript:AT4G21920.1	Cau.Cau2AG002642	1.00	0.96	34.33	46	L1
transcript:AT1G15710.1	Cau.Cau1BG001407	0.88	0.87	66.46	218	L1
transcript:AT1G70090.2	Cau.Cau7AG000375	0.94	0.98	74.34	281	L1
transcript:AT4G36420.1	Cau.Cau1AG000225	1.00	1.00	51.37	94	L1
transcript:AT3G52640.2	Cau.Cau3AG001767	0.99	1.00	61.14	428	L1
transcript:AT3G09070.1	Cau.Cau6BG001355	1.00	1.00	51.60	387	L1
transcript:AT1G09800.2	Cau.Cau3BG002251	0.87	0.80	67.90	220	L1
transcript:AT1G32930.1	Cau.Cau5BG000028	1.00	1.00	77.48	313	L1
transcript:AT4G24900.2	Cau.Cau7BG001471	1.00	0.98	51.40	220	L1
transcript:AT3G26410.1	Cau.Cau2AG000298	1.00	1.00	72.80	348	L1
transcript:AT3G58100.1	Cau.Cau2BG000660	0.77	0.78	55.94	80	L1
transcript:AT1G21660.1	Cau.Cau3AG000821	1.00	1.00	43.27	238	L1
transcript:AT1G80290.1	Cau.Cau4BG000024	0.99	0.99	69.25	232	L1
transcript:AT1G55370.2	Cau.Cau5BG002433	0.95	0.95	43.97	164	L1
transcript:AT1G52190.1	Cau.Cau1BG001129	0.99	0.98	64.47	392	L1
transcript:AT5G58570.1	Cau.Cau8AG001999	0.84	0.66	47.22	34	L1
transcript:AT1G04430.3	Cau.Cau9AG001230	1.00	1.00	82.05	512	L1
transcript:AT3G27860.2	Cau.Cau2BG000511	0.92	0.85	32.10	251	L1
transcript:AT1G53200.1	Cau.Cau5AG001386	0.92	0.89	39.76	233	L1
transcript:AT3G63520.1	Cau.Cau7BG000063	0.98	0.97	80.79	429	L1
transcript:AT5G45900.1	Cau.Cau2BG002472	0.98	0.98	71.10	497	L1
transcript:AT5G64200.2	Cau.Cau8AG000995	0.99	0.97	58.88	179	L1
transcript:AT4G11380.1	Cau.Cau5BG000234	1.00	1.00	87.61	792	L1
transcript:AT1G08080.1	Cau.Cau8BG001605	0.97	0.94	62.55	167	L1
transcript:AT1G18850.1	Cau.Cau5BG000322	0.98	0.99	61.13	239	L1
transcript:AT5G60790.1	Cau.Cau8BG001573	0.94	0.93	86.23	482	L1
transcript:AT4G30410.2	Cau.Cau4BG002182	0.97	0.97	48.62	88	L1
transcript:AT4G13990.2	Cau.Cau9BG000912	0.97	0.99	62.60	328	L1
transcript:AT1G75500.1	Cau.Cau3BG000261	1.00	1.00	73.72	289	L1
transcript:AT3G01180.1	Cau.Cau6AG000099	0.95	0.93	65.96	500	L1
transcript:AT3G11820.1	Cau.Cau6AG000860	0.97	1.00	70.17	247	L1
transcript:AT3G14910.1	Cau.Cau5BG001285	1.00	1.00	72.75	331	L1
transcript:AT5G19620.1	Cau.Cau7BG000930	1.00	1.00	74.90	552	L1
transcript:AT1G68830.1	Cau.Cau7BG000871	1.00	1.00	77.34	447	L1
transcript:AT1G16060.1	Cau.Cau4BG002221	0.97	1.00	53.39	205	L1
transcript:AT4G30190.1	Cau.Cau4BG002083	1.00	0.99	88.17	835	L1
transcript:AT5G46960.1	Cau.Cau7AG001462	1.00	0.96	40.91	72	L1
transcript:AT2G37150.12	Cau.Cau6BG001688	0.99	1.00	47.33	266	L1
transcript:AT3G26650.1	Cau.Cau2BG000745	1.00	1.00	86.17	349	L1
transcript:AT1G34575.1	Cau.Cau2BG002033	0.98	0.99	62.24	328	L1
transcript:AT4G17150.1	Cau.Cau2BG002801	0.98	1.00	62.80	309	L1
transcript:AT1G13250.1	Cau.Cau7BG000872	0.99	1.00	74.64	256	L1
transcript:AT1G04170.2	Cau.Cau9BG001773	1.00	0.99	89.87	417	L1
transcript:AT3G48490.1	Cau.Cau5BG000585	0.93	0.76	35.33	53	L1
transcript:AT1G10850.1	Cau.Cau8BG001149	0.97	0.98	68.14	447	L1
transcript:AT2G28490.1	Cau.Cau8BG001686	0.83	0.80	58.00	250	L1
transcript:AT3G11760.1	Cau.Cau6BG000866	0.99	0.96	60.91	469	L1
transcript:AT1G71520.1	Cau.Cau5BG001802	0.90	0.90	53.02	79	L1
transcript:AT5G44710.1	Cau.Cau2BG001881	1.00	1.00	74.76	77	L1
transcript:AT1G18340.1	Cau.Cau3BG000874	0.99	0.99	75.92	227	L1
transcript:AT2G02150.2	Cau.Cau8BG001139	0.99	1.00	60.24	459	L1
transcript:AT5G62190.1	Cau.Cau9BG000370	0.94	0.92	67.13	431	L1
transcript:AT2G31820.1	Cau.Cau5AG002037	0.98	1.00	70.71	461	L1
transcript:AT5G16400.1	Cau.Cau6AG001915	0.67	0.67	79.84	99	L1
transcript:AT5G35520.1	Cau.Cau5BG001130	1.00	1.00	50.00	123	L1
transcript:AT3G04310.1	Cau.Cau5BG002370	0.90	0.85	40.00	104	L1
transcript:AT1G63660.1	Cau.Cau5BG000253	0.99	0.99	81.44	430	L1
transcript:AT3G10080.1	Cau.Cau6BG000734	0.87	0.89	69.70	138	L1
transcript:AT3G47590.1	Cau.Cau4AG000919	0.96	0.96	57.19	175	L1
transcript:AT3G61440.1	Cau.Cau5BG003499	1.00	1.00	79.36	296	L1
transcript:AT1G27210.1	Cau.Cau7AG000371	0.85	0.89	55.22	312	L1
transcript:AT4G34830.1	Cau.Cau8AG000789	0.98	0.99	51.87	569	L1
transcript:AT1G25280.1	Cau.Cau3BG002039	1.00	1.00	75.78	338	L1
transcript:AT5G63050.1	Cau.Cau5AG000470	1.00	1.00	53.31	185	L1
transcript:AT4G04210.1	Cau.Cau2BG002701	1.00	1.00	71.84	222	L1
transcript:AT1G65080.1	Cau.Cau4BG002040	0.87	0.83	53.16	244	L1
transcript:AT5G46840.1	Cau.Cau7BG001591	1.00	0.99	46.50	266	L1
transcript:AT5G16020.1	Cau.Cau6BG000330	0.95	0.89	48.48	302	L1
transcript:AT2G03780.1	Cau.Cau7AG000771	0.95	0.94	69.23	189	L1
transcript:AT3G01190.1	Cau.Cau2BG001186	0.98	0.96	61.39	194	L1
transcript:AT5G23090.4	Cau.Cau5AG001155	0.96	0.97	84.21	128	L1
transcript:AT4G29120.1	Cau.Cau4AG000799	0.96	0.91	76.01	244	L1
transcript:AT5G37820.1	Cau.Cau2AG001693	0.93	0.98	65.56	177	L1
transcript:AT2G21720.2	Cau.Cau5BG002488	0.91	0.98	60.36	408	L1
transcript:AT3G58970.1	Cau.Cau3AG002158	1.00	1.00	69.04	310	L1
transcript:AT1G31730.1	Cau.Cau6AG000230	0.99	1.00	72.50	704	L1
transcript:AT1G33980.1	Cau.Cau3BG002286	1.00	1.00	38.31	179	L1
transcript:AT5G17920.2	Cau.Cau5BG002477	1.00	1.00	84.31	645	L1
transcript:AT1G29900.1	Cau.Cau8AG001674	0.99	0.98	82.04	973	L1
transcript:AT5G50100.1	Cau.Cau5AG000400	1.00	1.00	61.06	138	L1
transcript:AT3G15650.1	Cau.Cau1AG001258	0.88	0.97	73.66	165	L1
transcript:AT3G27200.1	Cau.Cau2AG000903	0.71	0.72	63.71	79	L1
transcript:AT3G15460.1	Cau.Cau4AG001195	1.00	1.00	83.17	262	L1
transcript:AT3G20250.3	Cau.Cau1BG001653	0.99	1.00	50.34	520	L1
transcript:AT2G05755.1	Cau.Cau2BG001268	0.99	0.98	60.70	244	L1
transcript:AT1G54560.2	Cau.Cau8AG001199	1.00	1.00	85.49	1308	L1
transcript:AT5G60770.1	Cau.Cau8BG001584	1.00	1.00	81.70	433	L1
transcript:AT1G11710.1	Cau.Cau2AG002650	1.00	0.99	52.89	348	L1
transcript:AT2G29560.1	Cau.Cau8AG001913	1.00	1.00	81.93	390	L1
transcript:AT2G27430.1	Cau.Cau2AG002473	0.99	1.00	59.86	264	L1
transcript:AT2G22010.1	Cau.Cau1AG001984	0.99	1.00	70.32	898	L1
transcript:AT2G36910.1	Cau.Cau6BG001782	0.99	0.94	87.33	1110	L1
transcript:AT3G61950.1	Cau.Cau5BG003301	0.99	0.99	42.86	177	L1
transcript:AT5G42830.1	Cau.Cau3BG000488	0.99	1.00	60.18	275	L1
transcript:AT1G48280.1	Cau.Cau9BG001993	0.99	0.97	52.17	301	L1
transcript:AT5G58960.1	Cau.Cau8BG001929	0.99	0.99	62.88	354	L1
transcript:AT5G66290.1	Cau.Cau1BG000172	0.90	0.86	67.93	125	L1
transcript:AT2G48030.1	Cau.Cau5AG002990	0.81	0.79	65.02	264	L1
transcript:AT5G15880.1	Cau.Cau6BG000325	1.00	1.00	60.91	215	L1
transcript:AT5G17870.1	Cau.Cau3BG001160	0.93	0.83	55.45	56	L1
transcript:AT1G14870.1	Cau.Cau2BG001631	1.00	0.86	60.53	92	L1
transcript:AT4G27130.1	Cau.Cau2BG001191	1.00	1.00	88.50	100	L1
transcript:AT4G38350.1	Cau.Cau8BG000045	0.99	0.99	75.76	966	L1
transcript:AT5G55720.1	Cau.Cau4BG001604	0.97	1.00	64.95	252	L1
transcript:AT5G05340.1	Cau.Cau1AG001624	0.98	1.00	56.83	183	L1
transcript:AT5G53750.1	Cau.Cau4BG001210	0.99	0.99	54.09	225	L1
transcript:AT2G36230.1	Cau.Cau6AG000755	0.99	0.96	76.82	232	L1
transcript:AT5G51740.1	Cau.Cau9AG000361	1.00	1.00	63.33	285	L1
transcript:AT5G17620.1	Cau.Cau7BG001150	1.00	0.99	87.84	289	L1
transcript:AT2G01710.1	Cau.Cau3AG001094	0.99	0.99	53.43	179	L1
transcript:AT2G32810.1	Cau.Cau9BG000975	0.98	0.98	70.01	621	L1
transcript:AT1G56440.1	Cau.Cau3BG001284	0.99	1.00	49.58	237	L1
transcript:AT2G39700.1	Cau.Cau7BG002364	1.00	1.00	85.77	223	L1
transcript:AT2G37840.1	Cau.Cau6AG001427	0.97	0.99	66.76	478	L1
transcript:AT3G54700.2	Cau.Cau5BG002731	0.99	1.00	85.56	462	L1
transcript:AT1G48090.6	Cau.Cau9AG001874	1.00	1.00	68.64	2863	L1
transcript:AT1G60970.1	Cau.Cau2BG002566	1.00	1.00	79.66	141	L1
transcript:AT4G14500.1	Cau.Cau9AG001313	1.00	1.00	68.56	301	L1
transcript:AT1G01200.1	Cau.Cau5BG003341	1.00	1.00	70.00	168	L1
transcript:AT1G18370.1	Cau.Cau5BG001242	1.00	1.00	78.41	770	L1
transcript:AT1G67720.1	Cau.Cau7BG000579	0.99	1.00	69.89	586	L1
transcript:AT1G21970.1	Cau.Cau4BG001609	0.78	0.72	55.44	107	L1
transcript:AT5G33290.1	Cau.Cau4BG001913	0.80	0.87	60.14	249	L1
transcript:AT1G16170.1	Cau.Cau1BG001540	1.00	1.00	58.95	56	L1
transcript:AT1G08060.2	Cau.Cau8BG001608	0.81	0.83	32.61	523	L1
transcript:AT3G01175.1	Cau.Cau6AG000100	1.00	1.00	35.64	216	L1
transcript:AT4G39850.1	Cau.Cau1BG002156	1.00	1.00	79.84	1069	L1
transcript:AT4G33250.1	Cau.Cau4BG001772	1.00	1.00	74.57	173	L1
transcript:AT2G28630.2	Cau.Cau8BG001756	1.00	1.00	71.64	341	L1
transcript:AT5G55590.1	Cau.Cau4BG001586	0.98	0.99	57.53	214	L1
transcript:AT5G64300.1	Cau.Cau8AG000955	0.99	0.93	76.31	409	L1
transcript:AT1G06060.1	Cau.Cau3BG000267	1.00	0.99	69.48	148	L1
transcript:AT4G38670.3	Cau.Cau8AG000188	0.99	0.91	71.99	203	L1
transcript:AT3G13020.1	Cau.Cau8BG002059	0.99	0.94	45.79	294	L1
transcript:AT1G33270.1	Cau.Cau3BG002079	0.87	0.81	71.01	240	L1
transcript:AT1G02205.2	Cau.Cau5BG003811	0.99	1.00	63.74	406	L1
transcript:AT1G27050.1	Cau.Cau7BG000328	1.00	1.00	57.07	117	L1
transcript:AT5G16870.1	Cau.Cau5BG002346	1.00	0.99	75.27	137	L1
transcript:AT1G67340.1	Cau.Cau7AG000661	0.90	0.88	74.17	267	L1
transcript:AT3G48190.2	Cau.Cau5AG000444	1.00	1.00	61.82	1883	L1
transcript:AT2G38150.1	Cau.Cau6BG001330	0.87	0.76	56.66	200	L1
transcript:AT4G29530.1	Cau.Cau4BG000876	1.00	0.91	68.44	167	L1
transcript:AT1G34190.1	Cau.Cau3BG000616	0.96	0.98	45.54	286	L1
transcript:AT4G24770.2	Cau.Cau5AG000540	0.99	1.00	59.65	204	L1
transcript:AT3G13860.1	Cau.Cau1BG000870	1.00	1.00	65.62	376	L1
transcript:AT4G05430.3	Cau.Cau2BG002102	0.94	0.99	51.14	90	L1
transcript:AT2G30105.1	Cau.Cau8BG002018	0.98	1.00	60.11	220	L1
transcript:AT2G23390.1	Cau.Cau3AG002339	1.00	0.99	68.95	322	L1
transcript:AT4G24780.2	Cau.Cau5AG000555	1.00	1.00	80.88	330	L1
transcript:AT1G79550.2	Cau.Cau9AG000057	1.00	1.00	90.27	362	L1
transcript:AT4G11010.1	Cau.Cau5AG000121	1.00	1.00	80.00	192	L1
transcript:AT5G09830.1	Cau.Cau1BG001959	0.92	0.96	75.58	65	L1
transcript:AT2G32840.1	Cau.Cau7AG000021	0.81	0.93	39.60	118	L1
transcript:AT2G42800.1	Cau.Cau2BG001520	0.96	0.96	65.56	295	L1
transcript:AT4G20820.1	Cau.Cau2AG002052	0.98	0.98	52.43	280	L1
transcript:AT1G49030.1	Cau.Cau5AG001194	0.68	0.49	62.58	97	L1
transcript:AT2G05810.2	Cau.Cau2AG001271	0.97	0.97	67.91	383	L1
transcript:AT2G18465.1	Cau.Cau1BG001956	0.91	0.87	42.25	109	L1
transcript:AT5G51940.1	Cau.Cau9BG000309	1.00	1.00	84.03	121	L1
transcript:AT1G74700.1	Cau.Cau5BG000323	0.99	0.96	75.00	207	L1
transcript:AT5G53160.2	Cau.Cau9BG000124	0.93	0.93	80.00	140	L1
transcript:AT3G56740.1	Cau.Cau6BG000535	1.00	1.00	76.79	225	L1
transcript:AT4G40010.1	Cau.Cau1BG000728	1.00	1.00	75.43	264	L1
transcript:AT1G01510.1	Cau.Cau5AG003515	1.00	1.00	72.18	467	L1
transcript:AT3G20070.4	Cau.Cau9AG000936	0.99	1.00	45.28	139	L1
transcript:AT5G54690.1	Cau.Cau4AG001298	1.00	1.00	82.43	441	L1
transcript:AT1G29370.1	Cau.Cau2BG002564	1.00	1.00	51.64	471	L1
transcript:AT1G06590.1	Cau.Cau7AG001272	0.99	0.98	65.65	600	L1
transcript:AT3G23130.1	Cau.Cau9AG001285	0.87	0.83	44.22	88	L1
transcript:AT5G11270.1	Cau.Cau4AG000247	0.94	0.96	51.73	179	L1
transcript:AT1G67580.2	Cau.Cau7BG000614	1.00	1.00	66.37	515	L1
transcript:AT3G22942.1	Cau.Cau9AG001357	1.00	1.00	59.43	63	L1
transcript:AT1G67050.1	Cau.Cau6AG000380	1.00	1.00	46.74	136	L1
transcript:AT4G09970.2	Cau.Cau5BG001785	1.00	0.86	26.62	74	L1
transcript:AT5G53930.1	Cau.Cau4AG001115	0.72	0.70	32.07	144	L1
transcript:AT1G24764.1	Cau.Cau2AG001614	1.00	1.00	77.59	495	L1
transcript:AT1G76390.1	Cau.Cau3BG000068	1.00	1.00	66.34	540	L1
transcript:AT5G02750.1	Cau.Cau6BG001613	0.97	0.97	53.17	151	L1
transcript:AT5G08540.1	Cau.Cau2BG001823	0.91	0.92	66.56	211	L1
transcript:AT3G22630.1	Cau.Cau9AG001410	0.97	0.97	87.88	174	L1
transcript:AT1G23180.1	Cau.Cau2BG001648	0.89	0.89	63.31	490	L1
transcript:AT5G08170.1	Cau.Cau5BG001125	0.99	0.99	75.13	284	L1
transcript:AT4G16340.1	Cau.Cau6AG001009	1.00	1.00	83.29	1525	L1
transcript:AT4G19050.1	Cau.Cau1AG001955	0.69	0.95	32.67	279	L1
transcript:AT1G53210.1	Cau.Cau4AG001078	0.95	0.95	72.92	412	L1
transcript:AT1G08800.4	Cau.Cau8AG001208	1.00	0.98	34.27	392	L1
transcript:AT1G58290.1	Cau.Cau3AG001143	1.00	1.00	78.24	435	L1
transcript:AT5G49555.1	Cau.Cau1BG000283	1.00	0.99	77.64	434	L1
transcript:AT1G06450.1	Cau.Cau2BG001523	0.80	0.97	37.59	109	L1
transcript:AT1G08760.1	Cau.Cau5BG002196	1.00	1.00	58.72	451	L1
transcript:AT3G55440.1	Cau.Cau7AG002374	0.99	1.00	69.72	175	L1
transcript:AT2G40780.1	Cau.Cau7BG002094	1.00	1.00	61.85	107	L1
transcript:AT5G22100.1	Cau.Cau8BG001309	0.99	0.98	71.24	265	L1
transcript:AT2G31180.1	Cau.Cau5BG002727	1.00	1.00	50.54	141	L1
transcript:AT5G04910.1	Cau.Cau8AG000918	0.99	1.00	66.22	147	L1
transcript:AT5G66980.1	Cau.Cau1AG000366	0.93	0.94	31.31	98	L1
transcript:AT5G39710.1	Cau.Cau8AG000481	0.99	0.96	67.75	502	L1
transcript:AT5G59400.1	Cau.Cau8BG001843	1.00	1.00	65.78	198	L1
transcript:AT4G21310.1	Cau.Cau2AG002238	1.00	1.00	69.01	118	L1
transcript:AT1G12680.1	Cau.Cau3BG001057	1.00	1.00	70.89	336	L1
transcript:AT2G14680.2	Cau.Cau8AG000294	1.00	0.99	55.03	372	L1
transcript:AT5G20910.1	Cau.Cau4BG001805	0.97	0.99	69.23	216	L1
transcript:AT4G21700.1	Cau.Cau2BG002358	0.97	0.96	44.43	435	L1
transcript:AT4G27470.1	Cau.Cau4BG001190	0.94	0.95	44.27	112	L1
transcript:AT3G26890.4	Cau.Cau2AG000830	0.97	0.98	42.22	323	L1
transcript:AT3G58840.1	Cau.Cau7BG001248	0.99	0.96	37.46	121	L1
transcript:AT1G78610.1	Cau.Cau5BG001367	0.99	1.00	60.71	550	L1
transcript:AT1G03060.1	Cau.Cau5BG002810	1.00	1.00	75.47	2732	L1
transcript:AT4G31050.1	Cau.Cau3BG000392	0.86	0.83	72.43	176	L1
transcript:AT4G04780.1	Cau.Cau2AG002170	0.99	0.99	81.88	113	L1
transcript:AT1G51710.1	Cau.Cau1AG000811	1.00	1.00	78.40	381	L1
transcript:AT1G53140.1	Cau.Cau4BG001152	1.00	1.00	79.13	656	L1
transcript:AT1G29700.2	Cau.Cau7BG000879	0.96	0.99	64.47	225	L1
transcript:AT3G47870.1	Cau.Cau5BG000348	0.92	0.98	42.77	133	L1
transcript:AT1G72100.1	Cau.Cau3AG000527	1.00	1.00	39.04	212	L1
transcript:AT4G18570.1	Cau.Cau2AG002465	1.00	1.00	58.64	387	L1
transcript:AT3G25430.1	Cau.Cau2BG001497	0.98	0.97	55.79	342	L1
transcript:AT2G44200.1	Cau.Cau2AG002798	0.98	1.00	57.05	203	L1
transcript:AT1G64550.1	Cau.Cau5AG000083	1.00	1.00	83.08	594	L1
transcript:AT5G42330.1	Cau.Cau3BG000094	0.99	1.00	52.56	113	L1
transcript:AT3G57400.1	Cau.Cau9BG000688	0.97	0.96	49.16	264	L1
transcript:AT5G20950.2	Cau.Cau8BG001264	1.00	1.00	80.03	501	L1
transcript:AT4G31080.2	Cau.Cau6AG001094	0.94	0.93	59.67	250	L1
transcript:AT1G02050.1	Cau.Cau5AG003766	0.99	1.00	80.96	319	L1
transcript:AT1G78140.1	Cau.Cau3AG000984	0.90	0.89	63.01	201	L1
transcript:AT4G01130.1	Cau.Cau5BG003428	0.97	0.94	69.65	257	L1
transcript:AT3G27340.1	Cau.Cau2BG000947	0.99	1.00	69.06	96	L1
transcript:AT1G79940.3	Cau.Cau1BG001656	1.00	1.00	79.36	546	L1
transcript:AT1G13180.1	Cau.Cau7BG000557	1.00	1.00	89.46	382	L1
transcript:AT2G37870.1	Cau.Cau2AG001550	1.00	0.96	63.56	75	L1
transcript:AT3G11570.1	Cau.Cau6BG000796	0.93	0.94	63.30	257	L1
transcript:AT3G15115.1	Cau.Cau4BG001107	0.96	0.92	36.36	128	L1
transcript:AT5G42400.8	Cau.Cau3BG000007	0.99	0.99	44.96	476	L1
transcript:AT2G25830.1	Cau.Cau4BG000395	1.00	1.00	70.83	238	L1
transcript:AT1G23190.1	Cau.Cau2BG001642	1.00	1.00	88.16	514	L1
transcript:AT5G67370.1	Cau.Cau1BG000518	0.94	0.96	73.70	227	L1
transcript:AT2G24940.1	Cau.Cau4BG000123	0.99	1.00	83.84	83	L1
transcript:AT1G70520.1	Cau.Cau7AG000481	0.98	0.99	58.81	252	L1
transcript:AT4G32870.1	Cau.Cau4BG000415	0.98	0.91	50.63	80	L1
transcript:AT5G47720.4	Cau.Cau2BG002790	1.00	1.00	80.48	334	L1
transcript:AT2G44020.1	Cau.Cau3AG000557	0.99	0.99	74.40	375	L1
transcript:AT5G42180.1	Cau.Cau3AG000155	1.00	1.00	71.84	227	L1
transcript:AT3G24850.1	Cau.Cau5AG002347	0.51	0.71	30.26	59	L1
transcript:AT2G17010.1	Cau.Cau8BG000110	1.00	0.99	52.03	499	L1
transcript:AT4G26850.1	Cau.Cau4BG001505	1.00	1.00	71.62	328	L1
transcript:AT5G24530.1	Cau.Cau5AG002795	0.91	0.94	46.52	147	L1
transcript:AT3G50560.1	Cau.Cau1AG000395	0.99	0.98	73.23	197	L1
transcript:AT5G22300.1	Cau.Cau8BG001352	0.94	0.97	82.04	274	L1
transcript:AT3G10850.1	Cau.Cau7AG002065	1.00	1.00	75.58	195	L1
transcript:AT3G60260.4	Cau.Cau5BG003775	1.00	1.00	73.68	196	L1
transcript:AT1G29580.1	Cau.Cau1BG000867	0.78	0.57	42.86	42	L1
transcript:AT2G34357.1	Cau.Cau5BG003162	0.97	0.99	57.80	730	L1
transcript:AT5G54770.1	Cau.Cau4AG001320	1.00	1.00	80.34	286	L1
transcript:AT2G42240.1	Cau.Cau1AG000450	0.87	0.84	61.48	166	L1
transcript:AT3G56480.1	Cau.Cau6AG000559	1.00	1.00	68.50	337	L1
transcript:AT5G06060.1	Cau.Cau7BG002320	0.98	0.95	75.97	196	L1
transcript:AT1G26640.1	Cau.Cau7BG000216	1.00	0.99	69.73	235	L1
transcript:AT4G37370.1	Cau.Cau1BG000494	0.99	0.99	58.53	295	L1
transcript:AT5G61910.5	Cau.Cau8BG001057	0.22	0.28	54.43	86	L1
transcript:ATMG00270.1	Cau.Cau1AG001130	0.12	0.46	96.00	24	L1
transcript:AT5G19010.1	Cau.Cau9BG001622	1.00	1.00	81.82	468	L1
transcript:AT5G49150.3	Cau.Cau9BG001786	0.96	0.96	59.47	625	L1
transcript:AT5G11760.1	Cau.Cau4AG000471	0.24	0.39	58.00	29	L1
transcript:AT4G03100.1	Cau.Cau5AG003015	1.00	0.89	64.65	289	L1
transcript:AT4G25780.1	Cau.Cau4AG002119	0.96	0.94	53.01	97	L1
transcript:AT3G52480.1	Cau.Cau6AG000833	0.95	0.87	36.79	78	L1
transcript:AT1G76450.1	Cau.Cau3AG000036	1.00	0.96	61.39	159	L1
transcript:AT1G08680.1	Cau.Cau7AG001156	1.00	1.00	47.99	347	L1
transcript:AT1G71450.1	Cau.Cau5AG001845	0.90	0.94	60.00	105	L1
transcript:ATCG00500.1	Cau.Cau6BG001736	0.15	0.92	83.33	60	L1
transcript:AT4G25680.1	Cau.Cau9BG000199	0.96	0.97	69.23	171	L1
transcript:AT2G39890.2	Cau.Cau7BG002356	1.00	1.00	74.28	335	L1
transcript:AT2G28260.1	Cau.Cau8BG001616	1.00	1.00	76.04	530	L1
transcript:AT4G08940.1	Cau.Cau3BG001007	1.00	0.99	70.71	280	L1
transcript:AT3G58470.1	Cau.Cau6BG000907	0.91	0.92	65.04	147	L1
transcript:AT3G11920.1	Cau.Cau8BG001151	0.89	0.95	59.31	344	L1
transcript:AT5G03760.1	Cau.Cau7AG001705	0.97	0.98	82.56	426	L1
transcript:AT4G20760.1	Cau.Cau2BG001678	0.93	0.98	78.42	218	L1
transcript:AT5G04280.1	Cau.Cau7BG001804	1.00	1.00	59.81	186	L1
transcript:AT1G25390.1	Cau.Cau2BG001772	0.98	0.98	47.31	317	L1
transcript:AT1G14020.1	Cau.Cau7BG000233	1.00	0.98	76.79	387	L1
transcript:AT2G34160.1	Cau.Cau4BG000576	0.98	0.99	81.40	105	L1
transcript:AT3G55490.1	Cau.Cau7BG002251	0.98	0.94	72.38	131	L1
transcript:AT2G45680.1	Cau.Cau9BG000338	0.88	0.87	48.20	161	L1
transcript:AT2G39340.1	Cau.Cau7BG001954	1.00	0.99	59.39	607	L1
transcript:AT3G54000.1	Cau.Cau6AG001403	0.98	0.99	37.39	163	L1
transcript:AT4G25450.1	Cau.Cau9AG000317	0.94	0.87	75.70	517	L1
transcript:AT3G13440.3	Cau.Cau2AG001867	0.91	0.87	73.54	164	L1
transcript:AT5G42410.1	Cau.Cau3AG000004	0.86	0.73	58.95	56	L1
transcript:AT2G34730.1	Cau.Cau2AG002087	0.97	0.96	35.33	324	L1
transcript:AT5G63350.1	Cau.Cau5AG000591	1.00	0.99	52.20	166	L1
transcript:AT1G69160.1	Cau.Cau7BG000761	0.98	0.97	40.63	141	L1
transcript:AT2G42820.1	Cau.Cau7BG001234	0.99	0.99	74.52	117	L1
transcript:AT4G25160.1	Cau.Cau9BG000499	0.98	0.99	55.83	460	L1
transcript:AT3G25230.1	Cau.Cau7BG001206	1.00	0.96	82.91	456	L1
transcript:AT5G43470.4	Cau.Cau5AG001149	0.99	1.00	34.09	317	L1
transcript:AT5G21060.1	Cau.Cau7AG000347	1.00	0.99	75.60	285	L1
transcript:AT4G33200.1	Cau.Cau4BG001828	0.99	1.00	76.98	1167	L1
transcript:AT2G32760.1	Cau.Cau9AG000890	0.95	0.94	66.57	225	L1
transcript:AT5G08040.1	Cau.Cau5BG001061	1.00	1.00	66.67	36	L1
transcript:AT5G41070.1	Cau.Cau2BG000827	0.84	0.88	49.88	212	L1
transcript:AT4G16780.1	Cau.Cau5AG000721	1.00	1.00	68.21	206	L1
transcript:AT5G62220.1	Cau.Cau9AG000365	1.00	1.00	61.15	318	L1
transcript:AT5G64250.2	Cau.Cau8BG000967	0.98	0.98	78.90	258	L1
transcript:AT4G18470.1	Cau.Cau2AG002439	0.97	0.98	46.98	218	L1
transcript:AT3G62390.1	Cau.Cau5AG003200	1.00	1.00	48.71	265	L1
transcript:AT3G48200.1	Cau.Cau5AG000462	1.00	1.00	60.20	661	L1
transcript:AT1G69523.1	Cau.Cau7BG000251	0.97	0.99	53.69	160	L1
transcript:AT5G19910.2	Cau.Cau7AG001315	0.99	0.99	64.07	148	L1
transcript:AT2G26110.1	Cau.Cau4BG000499	0.87	0.97	43.90	144	L1
transcript:AT1G55670.1	Cau.Cau4BG001698	1.00	1.00	73.75	118	L1
transcript:AT3G02680.1	Cau.Cau6AG001063	1.00	1.00	44.86	266	L1
transcript:AT4G32720.2	Cau.Cau4AG000351	1.00	0.94	55.38	242	L1
transcript:AT3G24320.1	Cau.Cau9BG001195	0.99	0.99	71.39	816	L1
transcript:AT1G54740.1	Cau.Cau3AG001503	0.53	0.53	43.21	70	L1
transcript:AT5G10160.1	Cau.Cau8AG000945	0.94	0.91	73.79	152	L1
transcript:AT5G65450.2	Cau.Cau1BG000690	0.97	0.88	47.16	382	L1
transcript:AT2G05120.2	Cau.Cau2BG001353	1.00	1.00	55.89	745	L1
transcript:AT4G02405.1	Cau.Cau5AG003107	0.83	0.88	60.78	172	L1
transcript:AT3G59380.1	Cau.Cau5AG002323	0.98	0.95	64.51	209	L1
transcript:AT2G26330.1	Cau.Cau4AG001807	0.99	0.99	79.41	783	L1
transcript:AT4G17810.1	Cau.Cau7AG001533	0.99	0.85	43.72	94	L1
transcript:AT1G78650.1	Cau.Cau5BG001327	1.00	1.00	45.61	244	L1
transcript:AT1G43620.3	Cau.Cau3AG000679	1.00	1.00	69.77	457	L1
transcript:AT5G65160.1	Cau.Cau1AG002081	0.99	0.97	56.64	354	L1
transcript:ATCG00040.1	Cau.Cau1BG001830	0.44	1.00	60.59	143	L1
transcript:AT4G18030.1	Cau.Cau7BG001520	0.98	0.99	78.16	476	L1
transcript:AT4G38460.1	Cau.Cau8BG000107	0.99	0.98	64.99	219	L1
transcript:AT4G32900.2	Cau.Cau4AG000403	1.00	1.00	69.39	136	L1
transcript:AT3G56630.1	Cau.Cau6BG000569	1.00	0.98	62.45	311	L1
transcript:AT4G17510.1	Cau.Cau5AG000705	1.00	1.00	71.37	167	L1
transcript:AT1G02280.2	Cau.Cau5BG003278	1.00	1.00	70.37	209	L1
transcript:AT2G16700.1	Cau.Cau8BG000170	1.00	1.00	85.31	122	L1
transcript:AT5G22780.2	Cau.Cau8AG001467	1.00	1.00	82.16	843	L1
transcript:AT5G55220.1	Cau.Cau4BG001524	1.00	1.00	62.75	347	L1
transcript:AT4G29960.1	Cau.Cau4BG002046	0.99	0.92	60.14	178	L1
transcript:AT1G28120.1	Cau.Cau8AG001066	0.89	0.96	73.84	206	L1
transcript:AT3G51610.1	Cau.Cau6BG001179	0.90	0.93	70.39	145	L1
transcript:AT4G04860.1	Cau.Cau2BG002163	1.00	1.00	86.48	211	L1
transcript:AT5G53140.2	Cau.Cau9BG000120	0.83	0.96	74.21	259	L1
transcript:AT1G30800.1	Cau.Cau2BG002007	0.85	0.83	39.45	86	L1
transcript:AT5G02200.1	Cau.Cau6AG001480	0.29	0.26	50.00	28	L1
transcript:AT2G45260.1	Cau.Cau5AG003714	1.00	1.00	77.75	332	L1
transcript:AT4G31300.3	Cau.Cau4AG000019	1.00	1.00	86.86	205	L1
transcript:AT5G11200.1	Cau.Cau4BG000240	1.00	1.00	93.22	399	L1
transcript:AT1G71350.1	Cau.Cau5BG001873	1.00	1.00	65.74	401	L1
transcript:AT2G17140.2	Cau.Cau8BG000046	0.99	0.97	61.22	532	L1
transcript:AT2G39140.1	Cau.Cau7AG001803	0.94	0.93	69.33	269	L1
transcript:AT3G48560.1	Cau.Cau7AG001447	1.00	1.00	79.76	536	L1
transcript:AT1G76160.1	Cau.Cau3BG000124	0.99	0.99	83.80	450	L1
transcript:AT4G00630.1	Cau.Cau5AG003600	1.00	1.00	70.56	858	L1
transcript:AT1G26760.1	Cau.Cau7BG000244	0.97	0.98	63.07	333	L1
transcript:AT1G02090.1	Cau.Cau5BG003762	1.00	1.00	76.83	199	L1
transcript:AT1G47530.1	Cau.Cau3AG000385	1.00	0.99	71.78	351	L1
transcript:AT2G40230.1	Cau.Cau7BG002221	0.98	0.98	66.89	297	L1
transcript:AT3G08840.2	Cau.Cau6BG001204	1.00	1.00	66.04	632	L1
transcript:AT1G15100.1	Cau.Cau2AG001751	0.99	0.99	49.17	89	L1
transcript:AT3G07480.1	Cau.Cau2BG001494	0.99	0.98	71.25	114	L1
transcript:AT5G62020.1	Cau.Cau9AG000290	0.99	1.00	50.15	171	L1
transcript:AT1G80930.1	Cau.Cau8BG000618	0.87	0.93	68.92	550	L1
transcript:AT5G37475.3	Cau.Cau1AG001714	1.00	1.00	68.86	157	L1
transcript:AT1G49560.1	Cau.Cau8BG000486	0.98	0.97	37.74	157	L1
transcript:AT2G22475.1	Cau.Cau1BG000700	0.93	0.87	65.12	183	L1
transcript:AT1G28380.1	Cau.Cau2AG002403	1.00	0.99	65.47	402	L1
transcript:AT1G22360.2	Cau.Cau7BG002352	0.97	0.96	41.93	200	L1
transcript:AT2G22540.3	Cau.Cau1BG000680	1.00	1.00	63.90	154	L1
transcript:AT5G16080.1	Cau.Cau4AG000229	0.90	0.98	37.07	119	L1
transcript:AT1G55265.1	Cau.Cau2AG000073	0.78	0.79	46.38	64	L1
transcript:AT5G18475.1	Cau.Cau3AG001075	0.96	0.93	57.61	280	L1
transcript:AT1G73440.1	Cau.Cau5BG003703	0.86	0.87	43.82	110	L1
transcript:AT5G66320.2	Cau.Cau1BG000194	0.99	0.88	52.25	186	L1
transcript:AT4G34110.1	Cau.Cau3AG000495	1.00	0.99	68.48	334	L1
transcript:AT3G22380.3	Cau.Cau9AG001470	1.00	1.00	48.07	821	L1
transcript:AT1G79640.2	Cau.Cau1AG001480	1.00	1.00	67.58	467	L1
transcript:AT3G17640.1	Cau.Cau6AG001018	0.99	1.00	56.90	235	L1
transcript:AT3G47990.1	Cau.Cau5BG000435	0.97	0.92	76.34	271	L1
transcript:AT3G19620.1	Cau.Cau8BG000711	0.99	0.99	69.11	537	L1
transcript:AT2G40210.1	Cau.Cau6AG000863	0.50	0.93	41.71	78	L1
transcript:AT5G19980.1	Cau.Cau4BG000620	0.99	1.00	73.35	256	L1
transcript:AT1G18530.1	Cau.Cau5BG001144	0.98	0.96	81.17	125	L1
transcript:AT1G48040.1	Cau.Cau9AG001872	1.00	1.00	59.27	243	L1
transcript:AT1G32310.1	Cau.Cau7BG001582	0.97	0.89	61.86	60	L1
transcript:AT5G01980.1	Cau.Cau6AG001121	0.96	0.98	44.99	247	L1
transcript:AT1G55160.3	Cau.Cau1BG000848	0.99	0.99	49.77	110	L1
transcript:AT2G39930.1	Cau.Cau4BG002003	0.95	0.92	77.58	578	L1
transcript:AT4G14870.1	Cau.Cau9BG001514	0.99	0.99	47.54	87	L1
transcript:AT5G06020.1	Cau.Cau9AG001033	0.93	0.98	36.67	55	L1
transcript:AT4G27310.1	Cau.Cau4BG001285	0.95	0.78	46.49	106	L1
transcript:AT3G11670.1	Cau.Cau6BG000847	0.97	0.99	70.91	568	L1
transcript:AT1G72330.1	Cau.Cau1AG001001	1.00	1.00	79.82	435	L1
transcript:AT4G02840.2	Cau.Cau5BG002898	0.84	0.84	84.91	90	L1
transcript:AT3G27930.1	Cau.Cau2AG000492	1.00	1.00	69.65	296	L1
transcript:AT4G18490.4	Cau.Cau2AG002453	0.99	0.98	40.12	191	L1
transcript:AT4G23640.1	Cau.Cau5AG000189	0.99	0.99	65.93	507	L1
transcript:AT5G06360.1	Cau.Cau6BG000845	1.00	1.00	92.69	241	L1
transcript:AT3G28917.1	Cau.Cau6AG000114	0.99	0.99	82.83	82	L1
transcript:AT2G37960.2	Cau.Cau6AG001386	0.99	0.98	46.65	237	L1
transcript:AT5G16510.1	Cau.Cau6AG001870	1.00	0.98	66.86	232	L1
transcript:AT1G54650.1	Cau.Cau8AG001187	0.97	0.97	65.38	204	L1
transcript:AT5G22820.3	Cau.Cau8AG001477	0.93	0.94	52.93	271	L1
transcript:AT3G23360.1	Cau.Cau9BG001287	1.00	1.00	48.94	139	L1
transcript:AT5G43900.1	Cau.Cau5BG002629	1.00	1.00	78.17	1185	L1
transcript:AT1G07420.1	Cau.Cau8BG001883	1.00	1.00	85.45	229	L1
transcript:AT3G22640.1	Cau.Cau9AG001407	0.92	0.77	35.84	167	L1
transcript:AT3G52590.1	Cau.Cau6BG000776	1.00	1.00	99.22	127	L1
transcript:AT5G18850.1	Cau.Cau9AG001588	0.93	0.99	58.70	54	L1
transcript:AT5G38360.1	Cau.Cau6BG000371	0.93	0.95	68.97	220	L1
transcript:AT3G23670.1	Cau.Cau9BG000894	1.00	1.00	62.02	846	L1
transcript:AT1G01470.1	Cau.Cau4BG001428	1.00	1.00	64.24	97	L1
transcript:AT3G10185.1	Cau.Cau9BG000789	1.00	1.00	64.75	79	L1
transcript:AT4G13210.2	Cau.Cau5AG002656	1.00	1.00	76.22	343	L1
transcript:AT4G22880.3	Cau.Cau5BG000876	0.98	0.98	79.94	279	L1
transcript:AT4G15802.1	Cau.Cau5BG003026	0.87	0.85	75.31	61	L1
transcript:AT5G04310.2	Cau.Cau7AG001782	0.96	0.97	65.94	331	L1
transcript:AT3G55640.4	Cau.Cau7AG002335	0.99	1.00	72.67	250	L1
transcript:AT1G11750.1	Cau.Cau8AG000610	1.00	1.00	72.46	200	L1
transcript:AT1G80380.2	Cau.Cau1BG001249	0.83	0.98	72.11	274	L1
transcript:AT5G47640.1	Cau.Cau4BG001602	0.65	0.66	85.48	106	L1
transcript:AT1G27000.1	Cau.Cau7BG000315	0.99	0.99	50.33	152	L1
transcript:AT4G20140.1	Cau.Cau2AG001881	0.99	0.98	68.55	850	L1
transcript:AT1G75720.2	Cau.Cau3BG000211	0.97	0.93	47.60	99	L1
transcript:AT4G35000.1	Cau.Cau8BG000162	1.00	1.00	82.93	238	L1
transcript:AT4G32030.1	Cau.Cau4AG000167	0.96	0.98	43.94	116	L1
transcript:AT2G30700.1	Cau.Cau5BG002164	0.98	0.99	70.85	333	L1
transcript:AT5G19320.2	Cau.Cau9AG001486	0.99	0.98	69.69	384	L1
transcript:AT4G25434.8	Cau.Cau2BG001389	0.92	0.88	55.44	158	L1
transcript:AT5G04850.1	Cau.Cau7BG001644	1.00	1.00	81.70	192	L1
transcript:AT1G79490.1	Cau.Cau9BG000051	0.99	1.00	77.75	650	L1
transcript:AT4G29310.1	Cau.Cau4AG000816	0.99	0.99	71.76	305	L1
transcript:AT4G39120.1	Cau.Cau8BG000667	1.00	1.00	64.96	228	L1
transcript:AT5G11730.1	Cau.Cau4AG000461	1.00	1.00	66.84	258	L1
transcript:AT4G14640.1	Cau.Cau9BG001435	0.97	0.97	86.30	126	L1
transcript:AT1G68310.2	Cau.Cau3BG001764	0.97	0.97	72.96	116	L1
transcript:AT5G02860.1	Cau.Cau8BG000329	1.00	1.00	70.15	578	L1
transcript:AT2G32480.1	Cau.Cau2BG001222	1.00	1.00	71.40	322	L1
transcript:AT2G20725.1	Cau.Cau2BG001066	0.78	0.74	53.39	126	L1
transcript:AT3G22830.1	Cau.Cau5BG002816	0.99	0.99	52.42	217	L1
transcript:AT3G09580.1	Cau.Cau3BG002009	0.93	0.92	66.96	300	L1
transcript:AT3G59080.1	Cau.Cau7BG001286	1.00	1.00	64.85	369	L1
transcript:AT4G31150.4	Cau.Cau4AG000008	0.94	0.92	63.40	168	L1
transcript:AT5G15710.1	Cau.Cau6AG000239	0.94	0.98	86.12	366	L1
transcript:AT5G17300.1	Cau.Cau6BG000630	0.89	0.89	41.83	187	L1
transcript:AT3G43720.2	Cau.Cau2BG000434	0.94	0.90	45.55	87	L1
transcript:AT3G09670.2	Cau.Cau6AG001647	0.58	0.37	41.47	180	L1
transcript:AT3G24068.1	Cau.Cau9BG001099	0.94	0.92	32.56	42	L1
transcript:AT2G43320.2	Cau.Cau5BG002265	1.00	1.00	75.14	266	L1
transcript:AT3G45620.1	Cau.Cau8AG001686	0.98	0.98	64.14	304	L1
transcript:AT4G24470.3	Cau.Cau3AG001115	1.00	1.00	47.96	153	L1
transcript:AT1G20760.1	Cau.Cau3BG000071	0.99	0.99	54.64	606	L1
transcript:AT1G10330.1	Cau.Cau2BG001236	0.97	0.98	52.85	241	L1
transcript:AT3G49645.1	Cau.Cau1AG000608	0.97	0.95	54.55	120	L1
transcript:AT2G28315.2	Cau.Cau8AG001599	0.98	0.87	83.23	258	L1
transcript:AT1G21710.1	Cau.Cau3AG000833	0.93	0.93	70.09	239	L1
transcript:AT3G20050.1	Cau.Cau5BG002457	1.00	1.00	90.83	495	L1
transcript:AT2G29940.1	Cau.Cau8AG001606	1.00	1.00	54.65	494	L1
transcript:AT3G47340.1	Cau.Cau8AG001986	0.99	0.98	85.66	496	L1
transcript:AT4G35260.1	Cau.Cau8AG000061	1.00	1.00	88.01	323	L1
transcript:AT4G20000.1	Cau.Cau2AG001917	0.45	0.52	39.50	47	L1
transcript:AT3G24160.1	Cau.Cau9AG000970	1.00	0.98	52.15	194	L1
transcript:AT1G21790.1	Cau.Cau3BG000857	0.96	1.00	72.79	206	L1
transcript:AT2G22250.3	Cau.Cau1AG002054	0.99	0.99	73.73	348	L1
transcript:AT4G35610.1	Cau.Cau1BG000046	0.19	0.20	54.55	30	L1
transcript:AT1G28160.1	Cau.Cau8AG001032	0.78	0.69	47.47	103	L1
transcript:AT1G10270.1	Cau.Cau3BG002354	0.88	0.94	52.43	443	L1
transcript:AT1G76660.1	Cau.Cau3BG000008	0.97	0.97	61.51	286	L1
transcript:AT4G24974.1	Cau.Cau5BG001933	0.95	0.92	29.77	39	L1
transcript:AT2G43900.1	Cau.Cau5AG002036	0.86	1.00	68.79	787	L1
transcript:AT4G33740.5	Cau.Cau8BG000245	0.64	0.68	31.39	124	L1
transcript:AT1G24267.2	Cau.Cau7BG000693	0.90	0.85	47.92	150	L1
transcript:AT1G09560.1	Cau.Cau6BG002436	1.00	0.74	66.67	146	L1
transcript:AT2G26080.1	Cau.Cau4AG000493	1.00	1.00	83.08	879	L1
transcript:AT5G63610.1	Cau.Cau5AG000092	0.97	0.96	80.35	372	L1
transcript:AT3G17850.1	Cau.Cau4BG000995	1.00	1.00	68.58	906	L1
transcript:AT1G72470.1	Cau.Cau1BG000960	0.98	0.99	71.97	452	L1
transcript:AT1G61010.5	Cau.Cau3BG002198	0.99	0.99	87.46	600	L1
transcript:AT2G02040.1	Cau.Cau2BG001538	1.00	1.00	76.71	448	L1
transcript:AT1G68590.1	Cau.Cau7AG000886	0.99	1.00	62.07	108	L1
transcript:AT5G41860.1	Cau.Cau5AG000141	0.62	0.66	38.26	57	L1
transcript:AT1G73970.1	Cau.Cau7AG001604	1.00	0.99	54.52	446	L1
transcript:AT5G43580.1	Cau.Cau9BG001380	0.73	1.00	56.94	41	L1
transcript:AT4G30960.1	Cau.Cau4BG002298	0.98	0.96	76.39	330	L1
transcript:AT3G53690.1	Cau.Cau4AG001755	0.89	0.92	49.20	153	L1
transcript:AT1G08465.1	Cau.Cau8BG001291	1.00	1.00	67.02	128	L1
transcript:AT4G31350.4	Cau.Cau4BG000040	0.99	0.94	64.88	242	L1
transcript:AT4G18100.1	Cau.Cau7BG001219	1.00	1.00	87.97	117	L1
transcript:AT5G54590.4	Cau.Cau4AG001285	0.98	0.99	77.93	339	L1
transcript:AT3G08510.2	Cau.Cau7AG002240	1.00	1.00	72.97	432	L1
transcript:AT2G27020.1	Cau.Cau6BG000611	1.00	1.00	90.36	225	L1
transcript:AT5G54080.2	Cau.Cau4AG001082	0.96	0.92	82.58	365	L1
transcript:AT5G20080.1	Cau.Cau4BG000587	1.00	1.00	78.96	259	L1
transcript:AT3G02000.1	Cau.Cau2AG000844	1.00	1.00	66.18	90	L1
transcript:AT5G10970.1	Cau.Cau4BG000166	0.86	0.94	44.83	117	L1
transcript:AT2G42430.1	Cau.Cau5AG002808	1.00	1.00	58.54	144	L1
transcript:AT3G07080.1	Cau.Cau5BG002577	0.94	0.95	69.47	289	L1
transcript:AT4G39280.1	Cau.Cau8AG000638	1.00	1.00	88.09	429	L1
transcript:AT1G57790.1	Cau.Cau6BG000759	0.95	0.95	48.53	165	L1
transcript:AT4G30130.3	Cau.Cau4BG002067	1.00	0.99	54.50	454	L1
transcript:AT5G01160.2	Cau.Cau6BG001372	0.91	0.74	54.64	206	L1
transcript:AT5G63960.1	Cau.Cau1BG001704	1.00	1.00	83.80	921	L1
transcript:AT5G57000.1	Cau.Cau4BG000935	0.86	0.76	45.71	80	L1
transcript:AT5G60000.1	Cau.Cau8BG001743	0.97	0.92	29.45	43	L1
transcript:AT2G04740.1	Cau.Cau2AG001318	0.98	0.98	73.82	423	L1
transcript:AT1G58070.1	Cau.Cau3AG002178	0.95	0.93	40.49	115	L1
transcript:AT2G44260.2	Cau.Cau7BG000003	0.99	0.99	60.03	359	L1
transcript:AT5G55040.2	Cau.Cau4BG001471	1.00	1.00	48.75	467	L1
transcript:AT5G54580.1	Cau.Cau4BG001307	0.87	0.95	61.03	83	L1
transcript:AT1G62760.1	Cau.Cau5AG000812	0.54	0.83	50.00	85	L1
transcript:AT1G78770.1	Cau.Cau5BG002500	1.00	1.00	84.01	457	L1
transcript:AT2G32900.1	Cau.Cau2BG001291	0.99	1.00	64.46	488	L1
transcript:AT5G10070.2	Cau.Cau1BG002102	1.00	1.00	68.90	195	L1
transcript:AT5G59070.1	Cau.Cau8BG001897	0.98	0.97	64.81	326	L1
transcript:AT1G28250.1	Cau.Cau2AG002384	0.99	0.92	66.34	67	L1
transcript:AT1G10740.1	Cau.Cau7AG000491	0.96	1.00	78.92	367	L1
transcript:AT1G13170.1	Cau.Cau7BG000556	0.98	0.98	72.42	583	L1
transcript:AT5G61330.2	Cau.Cau2BG000374	0.98	0.78	54.46	244	L1
transcript:AT5G08050.1	Cau.Cau5BG001062	0.96	0.86	66.47	111	L1
transcript:AT2G38750.1	Cau.Cau7BG000155	0.98	0.99	54.60	172	L1
transcript:AT5G49930.1	Cau.Cau9AG001864	0.98	0.98	69.55	779	L1
transcript:AT5G42270.1	Cau.Cau3AG000108	1.00	1.00	84.67	613	L1
transcript:AT1G45150.1	Cau.Cau3BG000354	1.00	1.00	74.54	483	L1
transcript:AT2G02230.1	Cau.Cau6AG001902	0.90	0.99	43.12	138	L1
transcript:AT5G63140.1	Cau.Cau5AG003328	0.95	0.94	70.54	261	L1
transcript:AT4G21620.1	Cau.Cau2BG002296	0.80	0.64	66.67	70	L1
transcript:AT3G25440.1	Cau.Cau2BG001492	0.98	0.99	59.65	275	L1
transcript:AT1G72540.1	Cau.Cau1AG000921	1.00	0.99	56.29	255	L1
transcript:AT4G23890.1	Cau.Cau5BG000121	0.97	1.00	59.09	143	L1
transcript:AT4G10380.1	Cau.Cau3BG000738	0.94	0.96	79.58	230	L1
transcript:AT5G55160.1	Cau.Cau5BG002558	0.95	0.91	83.02	88	L1
transcript:AT1G71696.2	Cau.Cau3AG000641	0.92	0.94	66.52	300	L1
transcript:AT2G22140.1	Cau.Cau1AG001907	0.99	0.99	51.83	297	L1
transcript:AT3G44680.1	Cau.Cau8BG001456	1.00	0.99	87.74	372	L1
transcript:AT5G49710.3	Cau.Cau3BG001078	0.95	0.91	64.57	144	L1
transcript:AT4G07390.2	Cau.Cau3AG000509	0.95	0.95	65.92	147	L1
transcript:AT1G30650.1	Cau.Cau2BG002023	0.97	0.96	46.39	231	L1
transcript:AT1G10830.1	Cau.Cau5BG002320	0.89	0.87	74.54	243	L1
transcript:AT4G26080.1	Cau.Cau4BG000954	1.00	0.97	54.55	246	L1
transcript:AT2G24300.3	Cau.Cau4BG002278	1.00	1.00	64.78	401	L1
transcript:AT5G10710.1	Cau.Cau4AG000052	1.00	0.89	64.10	200	L1
transcript:AT5G05230.1	Cau.Cau7BG002114	1.00	1.00	42.23	174	L1
transcript:AT5G50860.1	Cau.Cau7BG001412	1.00	1.00	66.27	391	L1
transcript:AT1G67400.1	Cau.Cau7AG000652	0.85	0.99	70.42	169	L1
transcript:AT1G31830.1	Cau.Cau3BG001691	0.98	0.99	73.66	358	L1
transcript:AT1G54210.3	Cau.Cau1BG000927	0.96	0.97	82.61	76	L1
transcript:AT1G27980.1	Cau.Cau7BG000695	0.99	0.99	75.61	406	L1
transcript:AT1G48030.2	Cau.Cau9BG001945	1.00	1.00	88.39	449	L1
transcript:AT5G67250.1	Cau.Cau1BG000476	1.00	0.99	65.41	348	L1
transcript:AT5G15400.1	Cau.Cau6AG000053	1.00	1.00	75.81	796	L1
transcript:AT5G48160.2	Cau.Cau2BG001347	0.93	0.99	74.28	410	L1
transcript:AT5G65470.1	Cau.Cau1AG000665	0.92	0.86	80.30	375	L1
transcript:AT1G68910.2	Cau.Cau7AG000793	0.96	0.94	52.37	309	L1
transcript:AT5G24520.4	Cau.Cau9BG001713	1.00	1.00	77.39	267	L1
transcript:AT5G26960.1	Cau.Cau2BG000402	1.00	1.00	52.69	225	L1
transcript:AT5G46030.3	Cau.Cau2BG002422	0.76	0.99	80.22	73	L1
transcript:AT4G31560.1	Cau.Cau7AG000136	0.66	0.73	44.04	48	L1
transcript:AT2G29900.1	Cau.Cau5BG001053	1.00	1.00	65.59	284	L1
transcript:AT3G19940.1	Cau.Cau7BG000950	0.97	0.97	69.86	350	L1
transcript:AT1G77405.1	Cau.Cau3BG000828	0.96	0.99	65.47	292	L1
transcript:AT3G14240.1	Cau.Cau1AG000990	0.97	0.96	78.03	586	L1
transcript:AT4G16444.1	Cau.Cau2AG000358	0.97	0.97	61.27	106	L1
transcript:AT4G35780.1	Cau.Cau1AG000075	1.00	1.00	71.88	414	L1
transcript:AT3G62190.2	Cau.Cau5BG003227	0.86	0.92	68.18	45	L1
transcript:AT2G05160.2	Cau.Cau2AG001357	1.00	1.00	54.48	322	L1
transcript:AT5G46650.1	Cau.Cau7BG001583	0.92	0.88	47.08	137	L1
transcript:AT4G20360.2	Cau.Cau5BG000522	0.96	0.95	85.37	391	L1
transcript:AT1G13950.1	Cau.Cau7BG000215	1.00	1.00	86.79	138	L1
transcript:AT1G79000.1	Cau.Cau8BG002068	1.00	1.00	46.36	552	L1
transcript:AT2G38790.1	Cau.Cau7AG001689	0.74	0.78	39.61	61	L1
transcript:AT5G22370.3	Cau.Cau3AG002276	0.69	0.90	63.16	132	L1
transcript:AT4G32940.1	Cau.Cau4AG000465	0.99	1.00	74.60	370	L1
transcript:AT1G06550.1	Cau.Cau7AG001262	0.98	0.95	73.61	279	L1
transcript:AT5G42655.2	Cau.Cau3BG000389	0.96	0.83	45.65	84	L1
transcript:AT5G14220.1	Cau.Cau2AG000919	0.99	0.98	71.09	359	L1
transcript:AT3G55370.2	Cau.Cau7BG002046	0.99	1.00	45.50	172	L1
transcript:AT4G32050.1	Cau.Cau4AG000173	0.99	0.98	61.98	388	L1
transcript:AT1G33780.1	Cau.Cau5BG001799	1.00	1.00	65.48	220	L1
transcript:AT1G09000.1	Cau.Cau3BG001419	1.00	1.00	57.72	415	L1
transcript:AT3G63130.2	Cau.Cau5AG002929	1.00	1.00	67.47	365	L1
transcript:AT3G44160.1	Cau.Cau8AG001282	0.99	1.00	84.44	304	L1
transcript:AT4G33080.2	Cau.Cau4AG001862	0.98	1.00	81.24	420	L1
transcript:AT1G48140.1	Cau.Cau5BG002541	0.97	0.73	76.74	66	L1
transcript:AT1G77600.1	Cau.Cau3BG000866	1.00	1.00	45.66	668	L1
transcript:AT1G16470.2	Cau.Cau9BG000065	1.00	1.00	93.19	219	L1
transcript:AT2G01490.2	Cau.Cau2BG001668	0.99	1.00	73.67	207	L1
transcript:AT2G28900.1	Cau.Cau8BG001826	0.97	0.98	57.34	82	L1
transcript:AT1G10390.3	Cau.Cau5AG000014	1.00	0.99	64.04	682	L1
transcript:AT5G14130.1	Cau.Cau2BG000865	0.96	0.98	66.14	211	L1
transcript:AT4G37440.3	Cau.Cau6AG000136	0.81	0.69	38.01	141	L1
transcript:AT3G10300.3	Cau.Cau9BG000736	1.00	1.00	58.65	200	L1
transcript:AT1G72670.1	Cau.Cau1BG000880	1.00	1.00	48.78	220	L1
transcript:AT5G28740.1	Cau.Cau2BG002284	1.00	1.00	78.83	726	L1
transcript:AT5G03790.1	Cau.Cau6BG000659	0.92	0.90	47.26	112	L1
transcript:AT5G08720.1	Cau.Cau3BG002181	0.99	0.96	64.39	472	L1
transcript:AT4G02380.1	Cau.Cau5BG003065	0.98	0.98	56.12	55	L1
transcript:AT3G10940.1	Cau.Cau7AG002133	1.00	0.99	69.44	200	L1
transcript:AT1G04980.1	Cau.Cau2AG001289	0.96	1.00	73.84	319	L1
transcript:AT3G58720.1	Cau.Cau2AG000729	0.63	0.53	49.67	75	L1
transcript:AT1G53520.1	Cau.Cau5BG001385	0.98	1.00	56.66	166	L1
transcript:AT3G16190.1	Cau.Cau1AG001104	0.97	0.96	71.05	135	L1
transcript:AT5G49190.1	Cau.Cau9BG001793	1.00	1.00	81.64	658	L1
transcript:AT1G30270.2	Cau.Cau2AG002142	0.95	1.00	82.63	371	L1
transcript:AT2G25320.3	Cau.Cau4AG000200	0.99	0.98	72.94	1221	L1
transcript:AT5G60690.1	Cau.Cau8BG001632	0.99	0.99	78.21	657	L1
transcript:AT4G16146.1	Cau.Cau9BG001854	0.91	0.91	64.52	60	L1
transcript:AT1G80890.1	Cau.Cau1BG001507	1.00	1.00	75.00	63	L1
transcript:AT1G30520.2	Cau.Cau2BG002071	1.00	1.00	60.14	344	L1
transcript:AT4G26500.1	Cau.Cau4BG001657	0.99	0.96	61.01	230	L1
transcript:AT5G39350.1	Cau.Cau6AG000066	0.96	0.97	56.99	371	L1
transcript:AT4G13510.1	Cau.Cau9BG001169	0.98	0.99	80.65	400	L1
transcript:AT5G17900.1	Cau.Cau5BG002502	1.00	1.00	74.48	324	L1
transcript:AT2G05710.1	Cau.Cau2BG001212	1.00	1.00	84.56	849	L1
transcript:AT2G16250.1	Cau.Cau8AG000641	1.00	0.99	61.12	558	L1
transcript:AT2G30300.1	Cau.Cau1BG001823	1.00	0.99	49.14	258	L1
transcript:AT5G14320.1	Cau.Cau3AG000915	1.00	1.00	76.92	130	L1
transcript:AT1G22790.1	Cau.Cau3BG000647	1.00	1.00	57.73	127	L1
transcript:AT3G20500.1	Cau.Cau4AG001394	0.99	1.00	75.87	327	L1
transcript:AT4G36790.1	Cau.Cau1AG000323	0.97	0.96	71.13	345	L1
transcript:AT5G54890.1	Cau.Cau4AG001393	0.97	0.94	70.23	243	L1
transcript:AT4G18390.2	Cau.Cau2BG002140	0.95	0.84	43.46	196	L1
transcript:AT3G44600.1	Cau.Cau8BG001451	1.00	1.00	82.09	518	L1
transcript:AT5G10910.1	Cau.Cau4AG000002	0.84	0.80	65.04	240	L1
transcript:AT5G10840.1	Cau.Cau4BG000140	0.99	1.00	86.00	553	L1
transcript:AT1G30470.1	Cau.Cau2BG002083	0.97	0.94	66.37	529	L1
transcript:AT4G31240.2	Cau.Cau4BG000016	0.98	0.98	68.05	262	L1
transcript:AT2G40010.1	Cau.Cau7BG002273	1.00	1.00	83.07	265	L1
transcript:AT5G58000.2	Cau.Cau8BG001719	1.00	1.00	41.96	266	L1
transcript:AT2G21990.1	Cau.Cau1BG002054	1.00	1.00	67.86	171	L1
transcript:AT2G27775.1	Cau.Cau8AG001444	1.00	1.00	51.38	56	L1
transcript:AT4G37930.1	Cau.Cau1BG000644	1.00	1.00	89.19	462	L1
transcript:ATCG01060.1	Cau.Cau5BG000500	0.88	0.89	84.51	60	L1
transcript:AT2G05250.1	Cau.Cau2BG001357	0.99	0.99	55.37	397	L1
transcript:AT2G44660.1	Cau.Cau2AG001668	0.99	0.99	73.08	380	L1
transcript:AT3G05820.2	Cau.Cau3AG001262	1.00	1.00	69.26	471	L1
transcript:AT5G51280.1	Cau.Cau1BG001411	0.99	1.00	87.76	516	L1
transcript:AT4G00830.6	Cau.Cau7BG002293	1.00	1.00	63.58	316	L1
transcript:AT5G24060.2	Cau.Cau9AG000177	1.00	0.97	48.57	254	L1
transcript:AT1G71730.1	Cau.Cau3AG000632	0.57	0.57	69.23	72	L1
transcript:AT3G29770.1	Cau.Cau6BG000008	0.99	0.99	72.66	287	L1
transcript:AT5G11780.1	Cau.Cau4BG000471	0.97	0.98	40.00	212	L1
transcript:AT4G16400.1	Cau.Cau2BG002771	0.39	1.00	55.06	49	L1
transcript:AT3G05100.1	Cau.Cau3AG001570	0.97	0.98	73.08	247	L1
transcript:AT5G61280.2	Cau.Cau5BG001008	0.89	1.00	37.93	88	L1
transcript:AT1G73920.1	Cau.Cau5AG001186	0.99	0.99	73.40	516	L1
transcript:AT5G46640.1	Cau.Cau7BG001557	0.99	0.99	48.61	192	L1
transcript:AT5G60680.1	Cau.Cau8BG001635	1.00	1.00	56.73	97	L1
transcript:AT1G33500.3	Cau.Cau5BG001885	0.99	0.98	51.62	143	L1
transcript:AT2G24130.2	Cau.Cau4BG002234	0.99	0.99	68.36	674	L1
transcript:AT3G10160.1	Cau.Cau9AG000746	1.00	1.00	60.77	395	L1
transcript:AT4G24520.1	Cau.Cau3BG001103	0.99	0.99	75.65	522	L1
transcript:AT4G32700.2	Cau.Cau4BG000338	1.00	1.00	62.67	1385	L1
transcript:AT4G12390.1	Cau.Cau5BG000818	0.96	0.94	60.61	120	L1
transcript:AT4G38062.1	Cau.Cau1AG000662	1.00	1.00	47.98	535	L1
transcript:AT3G07910.1	Cau.Cau2BG000329	0.97	0.96	83.33	60	L1
transcript:AT1G15410.1	Cau.Cau1AG001269	0.98	0.83	59.02	193	L1
transcript:AT2G18950.1	Cau.Cau4AG002063	1.00	1.00	61.02	252	L1
transcript:AT1G34130.1	Cau.Cau5AG001735	1.00	1.00	89.04	658	L1
transcript:AT4G12440.3	Cau.Cau5BG000795	0.99	0.99	82.22	148	L1
transcript:AT3G05700.1	Cau.Cau3BG001323	1.00	1.00	61.90	143	L1
transcript:AT5G51520.1	Cau.Cau9BG000419	0.99	0.94	39.32	81	L1
transcript:AT5G57480.1	Cau.Cau4AG002091	0.97	0.96	78.11	396	L1
transcript:AT3G03150.1	Cau.Cau6BG001832	0.95	0.96	51.64	63	L1
transcript:AT5G12240.2	Cau.Cau2AG000378	1.00	0.96	53.04	61	L1
transcript:AT5G39940.2	Cau.Cau6AG000174	0.93	0.88	71.13	303	L1
transcript:AT1G05280.1	Cau.Cau2AG001166	0.96	0.97	59.49	282	L1
transcript:AT1G22480.1	Cau.Cau3BG001039	1.00	0.98	49.46	92	L1
transcript:AT1G67430.1	Cau.Cau7BG000652	0.98	1.00	91.33	158	L1
transcript:AT1G54215.1	Cau.Cau1AG000910	0.34	0.29	50.00	29	L1
transcript:AT5G51230.1	Cau.Cau9AG000549	1.00	0.98	65.84	426	L1
transcript:AT5G06260.1	Cau.Cau6BG000813	1.00	1.00	66.67	282	L1
transcript:AT5G06430.1	Cau.Cau3AG000423	0.95	0.98	64.22	131	L1
transcript:AT3G57030.1	Cau.Cau9AG000801	0.98	0.97	64.96	241	L1
transcript:AT1G80120.1	Cau.Cau1BG001351	0.99	0.98	68.75	143	L1
transcript:AT5G67240.2	Cau.Cau1BG000475	0.92	0.90	53.43	249	L1
transcript:AT1G76280.5	Cau.Cau9AG000762	0.93	0.93	56.30	438	L1
transcript:AT5G64140.1	Cau.Cau6BG000911	1.00	1.00	92.31	60	L1
transcript:AT1G13480.1	Cau.Cau7AG000907	1.00	1.00	47.89	193	L1
transcript:AT1G04020.1	Cau.Cau5AG002735	0.99	0.98	45.71	336	L1
transcript:AT3G47830.1	Cau.Cau5AG000394	0.98	0.98	61.11	176	L1
transcript:AT1G79060.1	Cau.Cau5BG001461	1.00	1.00	53.68	226	L1
transcript:AT4G25570.1	Cau.Cau9AG000269	1.00	1.00	69.04	165	L1
transcript:AT5G17400.1	Cau.Cau5AG001089	0.97	0.95	84.18	250	L1
transcript:AT3G59430.8	Cau.Cau5AG002305	0.79	0.70	33.75	134	L1
transcript:AT3G23620.1	Cau.Cau6AG002064	1.00	1.00	71.66	225	L1
transcript:AT5G10290.2	Cau.Cau1BG002179	0.99	1.00	79.61	484	L1
transcript:AT5G51670.2	Cau.Cau9BG000385	1.00	0.98	56.78	272	L1
transcript:AT5G61790.1	Cau.Cau7BG001357	1.00	1.00	75.32	406	L1
transcript:AT5G56960.1	Cau.Cau4AG000921	0.81	1.00	42.23	182	L1
transcript:AT1G30760.1	Cau.Cau2BG002051	0.94	0.94	72.08	364	L1
transcript:AT1G18610.2	Cau.Cau5BG001070	0.96	0.95	60.04	338	L1
transcript:AT1G78300.1	Cau.Cau3BG001024	0.99	0.97	90.70	234	L1
transcript:AT2G39950.1	Cau.Cau7AG002283	1.00	0.98	47.95	327	L1
transcript:AT3G53630.1	Cau.Cau6BG001548	0.99	0.88	62.38	131	L1
transcript:AT3G46450.3	Cau.Cau8BG001796	1.00	1.00	55.60	273	L1
transcript:AT5G48660.1	Cau.Cau5BG002548	0.98	0.99	79.53	171	L1
transcript:AT2G40000.1	Cau.Cau7BG002275	1.00	0.99	60.22	280	L1
transcript:AT1G69910.1	Cau.Cau7AG000346	0.98	0.95	63.99	407	L1
transcript:AT5G50375.1	Cau.Cau5AG000611	0.99	0.95	81.95	227	L1
transcript:AT5G01120.1	Cau.Cau7BG001986	0.49	0.96	31.37	80	L1
transcript:AT3G03610.3	Cau.Cau7BG001177	0.70	1.00	68.28	155	L1
transcript:AT1G80720.2	Cau.Cau1AG001417	1.00	1.00	56.15	137	L1
transcript:AT5G10320.1	Cau.Cau1AG000726	0.99	0.98	58.82	240	L1
transcript:AT3G14750.1	Cau.Cau5BG001375	1.00	1.00	62.65	208	L1
transcript:AT5G58520.1	Cau.Cau8AG002012	0.99	0.98	71.15	434	L1
transcript:AT5G50460.1	Cau.Cau2BG000867	0.99	0.99	92.65	63	L1
transcript:AT3G17090.1	Cau.Cau9AG001825	1.00	1.00	73.06	282	L1
transcript:AT2G36145.1	Cau.Cau6BG000781	0.76	0.74	68.75	99	L1
transcript:AT3G53460.2	Cau.Cau6AG001720	0.97	0.95	56.33	187	L1
transcript:AT3G19740.1	Cau.Cau7AG000976	1.00	1.00	68.19	688	L1
transcript:AT3G15550.1	Cau.Cau1AG001242	1.00	1.00	57.05	433	L1
transcript:AT1G29820.2	Cau.Cau2AG002570	0.99	0.98	69.78	388	L1
transcript:AT1G09730.2	Cau.Cau3BG001094	0.99	1.00	45.45	445	L1
transcript:AT3G58180.1	Cau.Cau5BG002752	0.96	0.95	78.48	237	L1
transcript:AT4G00800.1	Cau.Cau5AG003358	1.00	0.99	57.81	1147	L1
transcript:AT1G76340.1	Cau.Cau9AG000446	0.98	1.00	79.57	296	L1
transcript:AT5G59840.1	Cau.Cau6BG001552	0.95	0.95	95.63	197	L1
transcript:AT4G35310.2	Cau.Cau8BG000020	1.00	0.99	83.99	472	L1
transcript:AT5G25240.1	Cau.Cau4AG002300	0.81	0.83	44.35	51	L1
transcript:AT2G21050.1	Cau.Cau8BG000183	0.99	0.99	85.92	421	L1
transcript:AT4G18450.1	Cau.Cau2BG002432	0.96	0.95	35.28	115	L1
transcript:AT4G02425.1	Cau.Cau5BG003049	0.97	0.97	62.45	173	L1
transcript:AT2G17890.1	Cau.Cau1BG000151	1.00	1.00	77.22	444	L1
transcript:AT1G66240.1	Cau.Cau7AG001676	0.66	0.80	87.14	61	L1
transcript:AT3G47910.1	Cau.Cau5AG000346	1.00	1.00	59.13	984	L1
transcript:AT1G71360.1	Cau.Cau5AG001899	0.98	0.98	46.12	279	L1
transcript:AT1G72300.1	Cau.Cau3AG001424	0.97	0.99	59.38	633	L1
transcript:AT4G21710.1	Cau.Cau8AG000812	0.99	0.98	95.15	1118	L1
transcript:AT4G34980.1	Cau.Cau8AG000177	0.99	0.99	74.97	578	L1
transcript:AT3G02360.2	Cau.Cau7AG000805	0.99	0.99	90.02	433	L1
transcript:AT4G14970.3	Cau.Cau6AG001061	0.99	0.98	58.78	874	L1
transcript:AT2G32010.4	Cau.Cau9BG001477	1.00	1.00	78.06	466	L1
transcript:AT4G14710.1	Cau.Cau9BG001452	0.97	0.98	84.62	165	L1
transcript:AT1G51965.1	Cau.Cau1AG001043	0.99	0.98	68.26	443	L1
transcript:AT4G22010.1	Cau.Cau2AG002669	1.00	1.00	79.60	433	L1
transcript:AT4G04470.2	Cau.Cau2AG002677	0.99	1.00	71.81	135	L1
transcript:AT3G47690.1	Cau.Cau5BG000305	0.95	0.99	76.58	206	L1
transcript:AT4G16807.1	Cau.Cau5BG000704	0.97	0.97	31.31	155	L1
transcript:AT1G79200.1	Cau.Cau9AG000065	0.99	1.00	46.50	73	L1
transcript:AT3G52090.2	Cau.Cau7BG000053	0.98	0.97	70.63	101	L1
transcript:AT5G66240.1	Cau.Cau3BG002295	0.94	1.00	83.82	259	L1
transcript:AT4G24840.1	Cau.Cau5BG000619	1.00	1.00	70.62	536	L1
transcript:AT1G66250.1	Cau.Cau6BG000508	0.95	0.96	76.51	368	L1
transcript:AT5G65495.1	Cau.Cau1BG000670	1.00	1.00	62.50	60	L1
transcript:AT4G04930.1	Cau.Cau2BG002336	0.96	0.97	81.82	261	L1
transcript:AT5G54930.1	Cau.Cau4BG001431	0.94	0.87	31.65	113	L1
transcript:AT3G51840.1	Cau.Cau6BG001285	1.00	1.00	82.23	361	L1
transcript:AT3G26810.1	Cau.Cau2BG000807	1.00	1.00	78.78	453	L1
transcript:AT5G42190.1	Cau.Cau3BG000165	1.00	1.00	78.95	135	L1
transcript:AT3G18100.1	Cau.Cau4AG001026	0.91	0.70	43.96	353	L1
transcript:AT5G65820.1	Cau.Cau1AG000578	0.95	0.96	65.63	401	L1
transcript:AT3G17465.1	Cau.Cau9AG001908	1.00	0.97	73.01	238	L1
transcript:AT1G65000.1	Cau.Cau7BG001052	1.00	0.93	77.11	64	L1
transcript:AT2G46580.1	Cau.Cau5BG003356	1.00	0.99	62.31	124	L1
transcript:AT3G30380.2	Cau.Cau6BG000233	1.00	1.00	70.48	277	L1
transcript:AT1G21500.1	Cau.Cau5AG002113	0.61	0.58	67.53	52	L1
transcript:AT5G24320.2	Cau.Cau5BG001545	0.99	0.99	50.48	365	L1
transcript:AT1G06470.3	Cau.Cau2AG001535	0.95	0.96	70.25	281	L1
transcript:AT5G19220.1	Cau.Cau9AG001495	1.00	1.00	78.26	414	L1
transcript:AT5G51110.2	Cau.Cau7BG001342	0.94	0.84	65.38	119	L1
transcript:AT3G05345.1	Cau.Cau3BG001414	0.93	0.88	71.55	166	L1
transcript:AT1G12990.1	Cau.Cau7AG000519	1.00	1.00	83.89	328	L1
transcript:AT1G67600.1	Cau.Cau7BG000612	0.98	0.92	57.76	93	L1
transcript:AT4G24015.1	Cau.Cau5AG000097	0.81	0.56	70.42	100	L1
transcript:AT1G20960.2	Cau.Cau6AG001886	1.00	1.00	81.70	1777	L1
transcript:AT3G02780.1	Cau.Cau6BG001896	1.00	1.00	74.17	224	L1
transcript:AT1G06620.1	Cau.Cau8BG001196	1.00	1.00	51.47	192	L1
transcript:AT2G01350.1	Cau.Cau2AG001702	1.00	0.87	79.02	275	L1
transcript:AT4G24910.1	Cau.Cau7BG001470	0.99	0.99	49.24	161	L1
transcript:AT2G31740.1	Cau.Cau9BG000965	1.00	1.00	62.63	486	L1
transcript:AT3G18760.1	Cau.Cau4AG002290	0.96	0.91	64.44	87	L1
transcript:AT3G19300.1	Cau.Cau8AG000425	1.00	1.00	64.26	437	L1
transcript:AT5G18460.1	Cau.Cau5BG002376	0.97	0.97	74.53	316	L1
transcript:AT1G21640.1	Cau.Cau3BG000810	0.99	0.99	65.65	667	L1
transcript:AT5G14170.1	Cau.Cau2BG000883	1.00	1.00	75.82	414	L1
transcript:AT3G44150.1	Cau.Cau6AG000864	0.96	0.99	72.03	170	L1
transcript:AT4G18210.1	Cau.Cau2AG002579	0.99	0.99	55.56	220	L1
transcript:AT3G21810.1	Cau.Cau2BG001182	0.96	0.99	36.84	161	L1
transcript:AT4G22990.3	Cau.Cau5BG000895	1.00	1.00	82.48	579	L1
transcript:AT4G09810.1	Cau.Cau3BG000643	1.00	0.99	81.44	272	L1
transcript:AT3G08000.1	Cau.Cau2AG001261	0.88	0.90	66.41	87	L1
transcript:AT1G12260.1	Cau.Cau5BG000810	0.67	0.89	73.00	192	L1
transcript:AT3G05600.1	Cau.Cau3AG001358	0.98	1.00	62.96	204	L1
transcript:AT3G17210.2	Cau.Cau9AG001869	1.00	1.00	75.23	82	L1
transcript:AT3G48460.1	Cau.Cau5BG000573	0.94	0.93	64.03	235	L1
transcript:AT3G48210.1	Cau.Cau5BG000485	0.97	0.98	44.41	151	L1
transcript:AT5G52980.1	Cau.Cau5AG002265	0.91	0.96	65.17	131	L1
transcript:AT3G05010.1	Cau.Cau3BG001524	1.00	1.00	72.03	224	L1
transcript:AT5G39900.1	Cau.Cau6AG000145	1.00	1.00	77.81	526	L1
transcript:AT4G24940.1	Cau.Cau7BG001448	0.99	0.98	73.58	234	L1
transcript:AT5G62670.1	Cau.Cau5AG000342	1.00	1.00	93.62	895	L1
transcript:AT5G42820.1	Cau.Cau3BG000026	0.99	0.99	73.76	208	L1
transcript:AT2G18196.1	Cau.Cau5BG000021	0.99	0.96	70.22	125	L1
transcript:AT2G45440.1	Cau.Cau3BG001247	0.95	0.96	80.35	278	L1
transcript:AT1G79440.1	Cau.Cau9AG000028	1.00	1.00	78.26	414	L1
transcript:AT1G77110.1	Cau.Cau3BG000735	1.00	1.00	68.49	400	L1
transcript:AT1G43760.1	Cau.Cau9BG000561	0.26	0.94	29.01	47	L1
transcript:AT2G19600.1	Cau.Cau4AG000873	0.97	1.00	70.55	412	L1
transcript:AT2G38250.1	Cau.Cau6BG001294	0.90	0.88	57.69	150	L1
transcript:AT5G67530.1	Cau.Cau1BG000565	1.00	1.00	78.87	474	L1
transcript:AT5G65030.1	Cau.Cau1BG002157	1.00	1.00	49.76	103	L1
transcript:AT5G07210.1	Cau.Cau9BG000319	0.50	0.46	41.80	130	L1
transcript:AT4G30950.1	Cau.Cau8BG001721	1.00	1.00	75.56	337	L1
transcript:AT3G63200.1	Cau.Cau5BG002873	0.99	1.00	74.36	290	L1
transcript:AT5G57140.1	Cau.Cau4BG002029	0.98	0.97	65.24	259	L1
transcript:AT3G10550.1	Cau.Cau7AG001710	1.00	1.00	71.51	610	L1
transcript:AT3G58480.1	Cau.Cau6BG000913	0.85	0.81	66.60	335	L1
transcript:AT5G25770.1	Cau.Cau4AG000363	0.97	0.81	67.43	236	L1
transcript:AT5G43970.1	Cau.Cau9BG001215	0.78	0.76	69.23	54	L1
transcript:AT5G38830.1	Cau.Cau2BG001788	0.98	0.93	69.11	349	L1
transcript:AT5G52910.2	Cau.Cau9BG000154	0.99	1.00	53.45	666	L1
transcript:AT3G63090.1	Cau.Cau5BG002908	1.00	0.96	69.40	279	L1
transcript:AT1G79830.2	Cau.Cau1BG001135	1.00	0.99	62.27	609	L1
transcript:AT5G45160.1	Cau.Cau2AG001979	0.99	0.99	73.07	605	L1
transcript:AT1G69530.1	Cau.Cau7BG000253	1.00	1.00	81.60	204	L1
transcript:AT4G16130.1	Cau.Cau4AG000021	0.95	0.99	81.16	801	L1
transcript:AT5G38710.1	Cau.Cau6AG000317	1.00	0.99	55.80	274	L1
transcript:AT1G70670.1	Cau.Cau2BG001621	0.94	0.90	69.95	128	L1
transcript:AT5G09430.1	Cau.Cau8BG000974	0.97	0.89	71.71	218	L1
transcript:AT3G58190.1	Cau.Cau5AG002807	0.96	0.98	55.90	128	L1
transcript:AT3G05980.1	Cau.Cau9BG001553	0.92	0.91	51.75	133	L1
transcript:AT3G50520.1	Cau.Cau1AG000392	0.95	0.92	68.49	150	L1
transcript:AT5G42710.3	Cau.Cau5AG001689	0.99	0.99	44.70	241	L1
transcript:AT3G07300.3	Cau.Cau8BG001077	1.00	0.98	84.91	349	L1
transcript:AT5G63630.2	Cau.Cau5BG003398	1.00	1.00	63.14	483	L1
transcript:AT1G19350.6	Cau.Cau3BG000366	1.00	1.00	68.75	231	L1
transcript:AT4G14940.1	Cau.Cau9BG001534	1.00	0.97	66.46	432	L1
transcript:AT2G46270.3	Cau.Cau5AG003475	0.97	0.98	53.51	221	L1
transcript:AT3G05350.1	Cau.Cau3BG001410	0.92	0.93	77.45	505	L1
transcript:AT3G59630.1	Cau.Cau5BG002117	1.00	0.99	60.12	303	L1
transcript:AT3G17470.1	Cau.Cau9BG001981	1.00	1.00	67.69	398	L1
transcript:AT4G38520.2	Cau.Cau8BG000120	0.99	1.00	75.31	299	L1
transcript:AT3G12380.1	Cau.Cau7AG002362	0.77	0.98	76.26	424	L1
transcript:AT1G63110.1	Cau.Cau5BG000913	0.97	0.96	68.48	315	L1
transcript:AT1G75850.1	Cau.Cau3BG000175	1.00	1.00	84.39	665	L1
transcript:AT5G62550.1	Cau.Cau5BG000318	0.64	0.87	46.20	146	L1
transcript:AT1G65070.2	Cau.Cau2BG002340	1.00	0.99	54.75	507	L1
transcript:AT2G30230.1	Cau.Cau1BG001836	0.99	1.00	62.15	110	L1
transcript:AT5G24460.1	Cau.Cau5BG001594	0.89	0.92	61.99	168	L1
transcript:AT5G18600.1	Cau.Cau9BG001717	1.00	1.00	77.45	79	L1
transcript:AT4G20740.1	Cau.Cau7AG000135	0.99	1.00	64.05	465	L1
transcript:AT4G32260.1	Cau.Cau4BG000216	0.99	0.99	67.86	152	L1
transcript:AT3G03710.1	Cau.Cau5BG002504	0.98	0.97	72.00	653	L1
transcript:AT2G03070.1	Cau.Cau1AG001542	0.88	0.95	64.20	312	L1
transcript:AT3G61190.1	Cau.Cau5BG003579	0.90	0.95	37.70	69	L1
transcript:AT4G22120.5	Cau.Cau2BG002687	0.99	0.99	79.08	605	L1
transcript:AT1G52330.1	Cau.Cau1BG001183	0.97	0.95	45.67	95	L1
transcript:AT3G56290.1	Cau.Cau7AG002127	1.00	1.00	63.22	110	L1
transcript:AT1G55150.1	Cau.Cau1BG000849	1.00	0.99	86.60	433	L1
transcript:AT1G10120.2	Cau.Cau3BG001177	0.93	0.91	36.66	147	L1
transcript:AT5G27320.1	Cau.Cau3BG001469	1.00	1.00	79.71	275	L1
transcript:AT1G11400.3	Cau.Cau3BG002066	1.00	0.98	57.39	132	L1
transcript:AT3G24880.3	Cau.Cau5BG002563	0.99	0.98	51.78	1061	L1
transcript:AT1G12580.1	Cau.Cau5BG000897	1.00	1.00	66.16	350	L1
transcript:AT1G67325.1	Cau.Cau7BG000676	1.00	1.00	75.17	218	L1
transcript:AT1G08470.1	Cau.Cau8AG001271	0.98	0.98	72.66	279	L1
transcript:AT3G58790.1	Cau.Cau7BG001238	1.00	1.00	68.46	369	L1
transcript:AT3G02960.1	Cau.Cau7AG000696	0.97	1.00	46.94	115	L1
transcript:AT3G20920.1	Cau.Cau2AG000251	0.97	0.99	73.52	261	L1
transcript:AT1G18170.1	Cau.Cau4AG000955	0.86	0.82	69.77	150	L1
transcript:AT2G03140.2	Cau.Cau4BG001767	0.94	0.99	45.82	838	L1
transcript:AT4G16520.2	Cau.Cau5BG000780	1.00	0.99	90.91	110	L1
transcript:AT4G15440.1	Cau.Cau2AG001239	1.00	0.77	58.85	226	L1
transcript:AT2G31240.1	Cau.Cau5AG002797	1.00	0.97	65.54	409	L1
transcript:AT5G19180.1	Cau.Cau9BG001575	0.97	0.99	78.05	345	L1
transcript:AT5G54585.1	Cau.Cau4AG001279	1.00	1.00	34.97	50	L1
transcript:AT3G15660.2	Cau.Cau1AG001261	0.99	0.98	70.24	118	L1
transcript:AT5G02110.1	Cau.Cau6AG001466	0.79	0.81	36.97	105	L1
transcript:AT4G17960.1	Cau.Cau7BG001555	1.00	1.00	51.88	83	L1
transcript:AT4G34350.1	Cau.Cau8BG000560	1.00	1.00	77.47	361	L1
transcript:AT3G29390.1	Cau.Cau6AG000023	0.97	0.99	50.83	308	L1
transcript:AT5G55260.1	Cau.Cau4AG001505	1.00	1.00	96.72	295	L1
transcript:AT5G30495.1	Cau.Cau9AG001904	1.00	0.99	58.71	118	L1
transcript:AT1G08845.3	Cau.Cau3BG001514	1.00	1.00	75.13	142	L1
transcript:AT5G24000.1	Cau.Cau9AG000201	0.98	0.97	63.12	279	L1
transcript:AT2G33880.2	Cau.Cau2AG002433	0.97	0.97	45.71	192	L1
transcript:AT2G43350.1	Cau.Cau5BG002275	1.00	0.98	61.90	130	L1
transcript:AT2G40550.1	Cau.Cau7BG002136	1.00	0.95	63.13	375	L1
transcript:AT3G23200.1	Cau.Cau9AG001267	0.96	0.96	72.60	106	L1
transcript:AT2G44650.1	Cau.Cau5BG003798	1.00	1.00	70.50	98	L1
transcript:AT4G19210.1	Cau.Cau6AG000291	1.00	1.00	92.07	557	L1
transcript:AT1G50170.3	Cau.Cau2BG000540	0.88	0.87	66.49	127	L1
transcript:AT2G25605.1	Cau.Cau4AG000272	0.98	0.97	78.68	155	L1
transcript:AT3G52710.1	Cau.Cau6BG000756	0.99	0.99	44.86	144	L1
transcript:AT5G66160.1	Cau.Cau1BG000137	0.88	0.94	48.91	135	L1
transcript:AT1G10640.1	Cau.Cau7AG000462	0.99	1.00	58.95	313	L1
transcript:AT2G18500.1	Cau.Cau1AG000305	0.97	0.98	39.54	155	L1
transcript:AT1G79760.1	Cau.Cau1BG001088	0.98	0.95	39.72	143	L1
transcript:AT1G80620.1	Cau.Cau1AG001388	1.00	0.99	48.00	216	L1
transcript:AT5G51410.5	Cau.Cau9AG000441	1.00	1.00	72.17	249	L1
transcript:AT4G11610.1	Cau.Cau5BG000284	1.00	1.00	76.89	785	L1
transcript:AT4G35930.4	Cau.Cau1BG000110	1.00	1.00	54.66	176	L1
transcript:AT2G38760.1	Cau.Cau7BG000154	1.00	1.00	52.19	167	L1
transcript:AT2G32235.1	Cau.Cau9AG001106	0.76	0.77	30.61	75	L1
transcript:AT2G45880.1	Cau.Cau5AG003571	0.99	1.00	70.39	492	L1
transcript:AT1G21200.1	Cau.Cau3BG000690	1.00	1.00	65.71	299	L1
transcript:AT5G42146.1	Cau.Cau3BG000201	0.99	0.99	42.65	58	L1
transcript:AT1G70750.1	Cau.Cau2BG001645	1.00	1.00	47.61	323	L1
transcript:AT5G13400.1	Cau.Cau8AG001040	0.98	0.97	81.43	500	L1
transcript:AT5G47900.1	Cau.Cau8BG000989	0.97	0.98	64.33	285	L1
transcript:AT1G27940.1	Cau.Cau3BG000177	0.99	0.98	70.76	871	L1
transcript:AT2G42280.1	Cau.Cau9AG000573	0.99	0.98	50.64	197	L1
transcript:AT3G52450.1	Cau.Cau6BG000853	1.00	1.00	63.68	277	L1
transcript:AT3G22590.1	Cau.Cau9BG001490	1.00	1.00	64.22	271	L1
transcript:AT4G25890.1	Cau.Cau3AG001949	0.65	0.64	78.21	61	L1
transcript:AT5G52890.2	Cau.Cau2AG002169	0.87	0.69	31.33	120	L1
transcript:AT3G48800.1	Cau.Cau7AG001384	0.99	0.99	43.41	145	L1
transcript:AT1G05460.1	Cau.Cau9BG001484	0.88	0.99	64.23	571	L1
transcript:AT5G60020.1	Cau.Cau8BG001712	0.99	0.98	81.29	465	L1
transcript:AT3G10150.1	Cau.Cau9BG000750	0.93	0.88	70.43	243	L1
transcript:AT2G39120.1	Cau.Cau7AG001816	0.95	0.88	63.24	234	L1
transcript:AT5G24300.2	Cau.Cau5AG001544	1.00	1.00	66.03	451	L1
transcript:AT4G24750.1	Cau.Cau5AG000532	1.00	1.00	67.12	198	L1
transcript:AT1G02816.1	Cau.Cau5AG003112	1.00	1.00	59.88	103	L1
transcript:AT4G15010.2	Cau.Cau7AG001023	0.99	1.00	62.93	236	L1
transcript:AT5G67220.1	Cau.Cau1AG000456	0.95	0.94	75.06	310	L1
transcript:AT1G13820.1	Cau.Cau7AG000725	0.92	0.82	73.40	229	L1
transcript:AT4G19460.1	Cau.Cau3AG001716	0.96	1.00	64.41	324	L1
transcript:AT1G22030.1	Cau.Cau3AG000937	1.00	1.00	59.48	204	L1
transcript:AT3G45060.1	Cau.Cau8BG001582	1.00	1.00	73.90	402	L1
transcript:AT5G20990.1	Cau.Cau2AG000618	0.98	0.98	73.91	490	L1
transcript:AT3G03680.1	Cau.Cau5BG002512	1.00	1.00	75.86	776	L1
transcript:AT3G23910.1	Cau.Cau9AG000917	0.97	0.95	49.88	212	L1
transcript:AT1G10460.1	Cau.Cau7BG000373	0.93	0.90	55.45	112	L1
transcript:AT5G55760.1	Cau.Cau4AG001583	0.99	1.00	73.99	347	L1
transcript:AT1G23980.1	Cau.Cau7AG000417	0.80	0.86	61.64	196	L1
transcript:AT1G04390.1	Cau.Cau5AG001500	1.00	0.99	49.65	499	L1
transcript:AT4G00900.1	Cau.Cau5BG003345	0.99	1.00	78.40	824	L1
transcript:AT1G63930.1	Cau.Cau5BG000213	0.99	0.99	63.83	263	L1
transcript:AT1G52630.1	Cau.Cau1BG001318	1.00	1.00	76.14	335	L1
transcript:AT2G30530.1	Cau.Cau1AG001672	0.79	0.75	62.81	201	L1
transcript:AT1G26370.1	Cau.Cau7AG000741	0.99	0.99	72.78	524	L1
transcript:AT5G59480.5	Cau.Cau8BG001852	0.99	0.99	66.08	189	L1
transcript:AT1G51760.1	Cau.Cau1BG000817	1.00	1.00	69.28	309	L1
transcript:AT2G47960.1	Cau.Cau2BG002330	0.99	1.00	67.73	298	L1
transcript:AT2G26560.1	Cau.Cau8AG001663	0.99	0.99	64.27	259	L1
transcript:AT5G27560.4	Cau.Cau3BG001416	1.00	0.99	67.32	239	L1
transcript:AT1G26400.1	Cau.Cau1BG001225	1.00	1.00	54.60	291	L1
transcript:AT2G33255.1	Cau.Cau9BG001172	1.00	1.00	71.26	181	L1
transcript:AT2G01120.1	Cau.Cau2AG001743	1.00	1.00	64.11	268	L1
transcript:AT1G75810.1	Cau.Cau3BG000188	0.98	1.00	64.75	79	L1
transcript:AT3G18410.2	Cau.Cau5BG001203	1.00	0.99	79.25	84	L1
transcript:AT1G80600.1	Cau.Cau9BG000076	1.00	0.98	68.25	316	L1
transcript:AT5G40500.1	Cau.Cau2AG000561	1.00	1.00	64.00	80	L1
transcript:AT1G26670.1	Cau.Cau7AG000233	1.00	1.00	73.87	164	L1
transcript:AT1G61520.1	Cau.Cau3BG002205	1.00	1.00	85.82	236	L1
transcript:AT4G31750.2	Cau.Cau4AG000092	0.93	0.98	92.28	263	L1
transcript:AT1G18260.1	Cau.Cau4BG001010	0.97	0.97	74.70	490	L1
transcript:AT1G70330.1	Cau.Cau7AG000431	0.93	1.00	73.70	311	L1
transcript:AT3G20420.1	Cau.Cau4AG001474	0.87	0.93	55.33	192	L1
transcript:AT2G33220.1	Cau.Cau9BG001131	1.00	1.00	88.81	127	L1
transcript:AT1G16900.1	Cau.Cau5AG001295	0.99	0.99	64.61	367	L1
transcript:AT5G62720.1	Cau.Cau5BG000335	0.87	0.84	62.62	134	L1
transcript:AT1G74070.1	Cau.Cau5AG001162	0.99	1.00	56.66	183	L1
transcript:AT1G69050.1	Cau.Cau7AG000768	0.91	0.91	41.51	44	L1
transcript:AT1G79570.3	Cau.Cau9BG000040	0.93	0.99	41.11	407	L1
transcript:AT2G02090.1	Cau.Cau8BG001108	1.00	1.00	71.26	558	L1
transcript:AT5G19420.1	Cau.Cau2BG000344	1.00	1.00	80.16	893	L1
transcript:AT1G34770.3	Cau.Cau3BG001003	1.00	0.99	64.14	152	L1
transcript:AT3G17040.2	Cau.Cau9BG001885	0.91	0.88	68.16	396	L1
transcript:AT3G08020.1	Cau.Cau7AG000058	1.00	1.00	57.97	491	L1
transcript:AT2G09990.1	Cau.Cau9BG001559	1.00	1.00	88.44	130	L1
transcript:AT4G21860.4	Cau.Cau8BG000204	0.99	0.98	60.99	136	L1
transcript:AT1G51190.1	Cau.Cau2BG000201	1.00	1.00	66.89	396	L1
transcript:AT4G10140.1	Cau.Cau5BG001887	0.92	0.93	68.64	116	L1
transcript:AT1G20920.7	Cau.Cau9AG000038	0.83	0.89	75.03	748	L1
transcript:AT2G29650.1	Cau.Cau8AG001942	1.00	1.00	76.44	399	L1
transcript:AT1G32700.1	Cau.Cau7AG001558	1.00	1.00	74.55	164	L1
transcript:AT4G15480.1	Cau.Cau8AG000375	0.94	0.91	60.74	280	L1
transcript:AT3G54140.2	Cau.Cau6AG001356	1.00	1.00	77.72	443	L1
transcript:AT5G40330.1	Cau.Cau2AG000494	0.96	0.93	55.05	120	L1
transcript:AT2G31530.1	Cau.Cau5BG002886	0.94	0.94	73.39	400	L1
transcript:AT1G70610.1	Cau.Cau7AG000497	0.98	0.94	73.32	514	L1
transcript:AT3G12150.1	Cau.Cau7BG001318	0.99	0.99	83.57	300	L1
transcript:AT3G54010.1	Cau.Cau6BG001402	0.98	1.00	71.68	448	L1
transcript:AT1G61350.1	Cau.Cau2BG002265	1.00	1.00	62.91	363	L1
transcript:AT5G47460.1	Cau.Cau5AG000753	0.95	0.89	51.82	285	L1
transcript:AT5G04020.1	Cau.Cau9AG000766	0.76	0.91	29.42	256	L1
transcript:AT3G19910.1	Cau.Cau7AG000947	0.75	0.84	63.50	174	L1
transcript:AT2G44740.1	Cau.Cau5AG003813	1.00	1.00	73.56	153	L1
transcript:AT5G63090.3	Cau.Cau5BG000494	0.98	0.92	65.78	123	L1
transcript:AT5G58250.1	Cau.Cau1BG001793	0.99	0.97	58.45	128	L1
transcript:AT1G27090.1	Cau.Cau7BG000336	0.90	0.89	56.61	227	L1
transcript:AT5G11520.1	Cau.Cau4BG000353	0.98	0.98	84.77	373	L1
transcript:AT1G15780.1	Cau.Cau1BG001427	0.60	0.61	62.31	529	L1
transcript:AT5G47000.1	Cau.Cau5BG000397	0.93	0.78	61.39	194	L1
transcript:AT1G25420.1	Cau.Cau2AG001810	0.95	0.97	65.42	210	L1
transcript:AT5G62040.1	Cau.Cau9AG000293	0.98	1.00	70.11	122	L1
transcript:AT1G74880.1	Cau.Cau1AG001790	1.00	1.00	66.67	110	L1
transcript:AT4G21445.1	Cau.Cau2BG002261	0.96	0.94	55.03	82	L1
transcript:AT4G00355.3	Cau.Cau5AG003549	1.00	1.00	44.69	143	L1
transcript:AT2G26190.3	Cau.Cau4AG000517	1.00	0.99	61.96	342	L1
transcript:AT2G14760.1	Cau.Cau8AG000310	0.99	0.98	44.83	169	L1
transcript:AT1G23100.1	Cau.Cau2BG001670	1.00	1.00	77.32	75	L1
transcript:AT3G14160.1	Cau.Cau1BG000988	0.65	0.66	58.88	179	L1
transcript:AT5G15610.1	Cau.Cau6AG000005	1.00	1.00	64.79	287	L1
transcript:AT3G19660.1	Cau.Cau8BG000268	0.94	0.92	70.49	43	L1
transcript:AT3G26085.2	Cau.Cau7AG000579	0.98	0.99	50.93	164	L1
transcript:AT5G62270.1	Cau.Cau5AG002227	1.00	0.99	64.07	255	L1
transcript:AT2G28085.1	Cau.Cau8AG001548	0.88	0.75	56.88	62	L1
transcript:AT5G63320.1	Cau.Cau5AG000590	0.69	0.96	53.86	412	L1
transcript:AT5G38640.1	Cau.Cau6BG000335	1.00	1.00	69.45	457	L1
transcript:AT3G26620.1	Cau.Cau9BG000318	0.97	0.97	55.46	66	L1
transcript:AT2G39580.2	Cau.Cau7BG002018	0.99	0.99	39.69	693	L1
transcript:AT3G62800.2	Cau.Cau5BG002476	0.99	0.71	37.64	134	L1
transcript:AT3G05550.1	Cau.Cau3BG001365	1.00	1.00	75.51	74	L1
transcript:AT4G32850.3	Cau.Cau4BG000433	0.97	0.99	63.38	469	L1
transcript:AT4G21450.1	Cau.Cau2BG001095	1.00	1.00	62.66	193	L1
transcript:AT3G24530.1	Cau.Cau4AG000714	0.99	0.99	78.99	376	L1
transcript:AT5G64480.1	Cau.Cau8BG000202	0.95	0.91	42.29	74	L1
transcript:AT1G04230.1	Cau.Cau9AG001337	0.95	0.96	68.60	225	L1
transcript:AT5G44790.1	Cau.Cau2BG001910	1.00	1.00	76.88	775	L1
transcript:AT3G47000.1	Cau.Cau8BG001944	0.99	0.99	73.29	439	L1
transcript:AT1G65270.3	Cau.Cau6AG001932	0.92	0.87	60.07	167	L1
transcript:AT5G14800.1	Cau.Cau9BG000824	0.99	1.00	71.90	197	L1
transcript:AT1G05010.1	Cau.Cau2AG001274	1.00	1.00	75.54	244	L1
transcript:AT3G21890.1	Cau.Cau2AG001168	0.98	1.00	41.22	54	L1
transcript:AT4G39810.1	Cau.Cau1BG002118	0.87	0.82	65.27	156	L1
transcript:AT1G14030.1	Cau.Cau7AG000238	0.96	0.94	76.45	357	L1
transcript:AT4G14910.1	Cau.Cau9BG001524	1.00	1.00	73.14	207	L1
transcript:AT3G47810.2	Cau.Cau5BG000313	0.99	0.99	88.36	167	L1
transcript:AT5G13250.1	Cau.Cau7AG000168	0.76	0.78	44.41	151	L1
transcript:AT2G32970.4	Cau.Cau2AG001267	1.00	1.00	59.46	418	L1
transcript:AT2G47000.6	Cau.Cau5AG003285	1.00	1.00	73.77	959	L1
transcript:AT1G49170.1	Cau.Cau1BG001921	0.98	0.98	72.22	91	L1
transcript:AT1G64870.1	Cau.Cau1BG001790	0.98	0.99	49.33	148	L1
transcript:AT4G38540.1	Cau.Cau8BG000137	0.99	0.99	58.97	240	L1
transcript:AT5G52600.1	Cau.Cau4BG000519	1.00	0.94	52.89	119	L1
transcript:AT2G38025.1	Cau.Cau6AG001370	0.99	1.00	68.10	158	L1
transcript:AT4G30150.1	Cau.Cau8BG000789	0.98	1.00	43.98	927	L1
transcript:AT2G04230.1	Cau.Cau2BG000699	0.93	0.94	32.10	139	L1
transcript:AT1G78080.1	Cau.Cau3AG000975	1.00	1.00	49.61	192	L1
transcript:AT1G12970.1	Cau.Cau7BG000510	1.00	1.00	58.42	274	L1
transcript:AT5G11580.1	Cau.Cau4BG000400	0.81	0.93	56.99	269	L1
transcript:AT1G73110.1	Cau.Cau1AG001486	1.00	1.00	72.41	315	L1
transcript:AT4G15900.1	Cau.Cau9AG001691	1.00	1.00	76.37	375	L1
transcript:AT5G05240.2	Cau.Cau7BG002115	0.89	0.72	44.69	206	L1
transcript:AT2G35790.1	Cau.Cau7BG001899	1.00	1.00	65.71	161	L1
transcript:AT5G44750.1	Cau.Cau8AG000366	0.97	0.97	56.23	623	L1
transcript:AT5G48560.1	Cau.Cau7BG001209	1.00	1.00	43.86	257	L1
transcript:AT1G64860.1	Cau.Cau7AG001081	1.00	1.00	73.03	379	L1
transcript:AT3G22670.1	Cau.Cau9AG001054	0.97	0.98	54.25	300	L1
transcript:AT4G18370.1	Cau.Cau2BG002145	0.87	0.91	70.59	204	L1
transcript:AT1G27180.8	Cau.Cau7BG000358	0.99	0.99	51.38	709	L1
transcript:AT3G57300.4	Cau.Cau9BG000735	0.99	0.99	72.01	1091	L1
transcript:AT2G01410.1	Cau.Cau2AG001699	0.94	0.95	63.69	235	L1
transcript:AT2G46370.1	Cau.Cau5BG003415	1.00	1.00	66.72	393	L1
transcript:AT4G16280.4	Cau.Cau9BG001914	0.99	0.97	52.82	375	L1
transcript:AT3G58640.1	Cau.Cau2BG000695	1.00	1.00	73.97	608	L1
transcript:AT2G02450.2	Cau.Cau3BG002425	0.98	1.00	49.89	220	L1
transcript:AT4G19490.2	Cau.Cau2BG002014	0.99	1.00	66.96	693	L1
transcript:AT1G62710.1	Cau.Cau5AG000807	0.96	0.88	72.19	340	L1
transcript:AT5G11790.1	Cau.Cau4BG000472	1.00	0.99	79.94	275	L1
transcript:AT1G70760.1	Cau.Cau2BG001650	0.97	0.99	57.59	110	L1
transcript:AT3G61510.1	Cau.Cau5BG003464	0.88	0.97	69.82	303	L1
transcript:AT1G15360.2	Cau.Cau1AG001299	1.00	1.00	65.69	134	L1
transcript:AT3G15640.2	Cau.Cau1AG001257	0.99	1.00	67.24	117	L1
transcript:AT1G49430.1	Cau.Cau8BG000542	0.98	0.98	68.76	449	L1
transcript:AT4G10310.1	Cau.Cau4AG001980	0.94	0.92	50.70	253	L1
transcript:AT1G18390.2	Cau.Cau5BG001236	0.97	0.95	56.20	358	L1
transcript:AT5G22890.1	Cau.Cau8BG001524	0.91	0.94	49.17	178	L1
transcript:AT1G05600.2	Cau.Cau5AG003361	0.97	0.97	64.62	316	L1
transcript:AT2G32380.1	Cau.Cau2BG001199	1.00	1.00	57.99	98	L1
transcript:AT3G12260.1	Cau.Cau3AG001956	0.97	0.98	65.38	85	L1
transcript:AT4G21660.3	Cau.Cau2BG002320	1.00	1.00	73.27	429	L1
transcript:AT4G15800.1	Cau.Cau5AG003074	0.87	0.93	62.16	69	L1
transcript:AT1G67830.1	Cau.Cau7AG000528	0.93	0.92	63.84	233	L1
transcript:AT1G55910.1	Cau.Cau4BG001590	1.00	1.00	61.69	219	L1
transcript:AT3G62660.1	Cau.Cau5AG003152	0.99	0.99	82.79	303	L1
transcript:AT5G59340.1	Cau.Cau8AG001792	0.91	0.87	47.13	115	L1
transcript:AT2G42440.1	Cau.Cau5BG002749	0.99	0.99	51.23	125	L1
transcript:AT2G40480.1	Cau.Cau7BG002148	0.97	0.97	50.71	284	L1
transcript:AT2G01600.1	Cau.Cau2AG001654	1.00	1.00	68.01	406	L1
transcript:AT1G61150.11	Cau.Cau2BG002306	1.00	1.00	83.88	203	L1
transcript:AT4G24140.1	Cau.Cau5AG000049	1.00	0.98	64.19	319	L1
transcript:AT2G34460.1	Cau.Cau2AG002601	0.99	0.99	68.54	207	L1
transcript:AT1G56500.1	Cau.Cau3AG001276	0.96	0.95	73.07	765	L1
transcript:AT4G15248.1	Cau.Cau2BG001174	1.00	1.00	42.31	55	L1
transcript:AT1G34245.1	Cau.Cau3AG000558	0.71	0.70	54.44	49	L1
transcript:AT4G28310.1	Cau.Cau2AG001028	0.95	0.95	45.23	90	L1
transcript:AT2G16050.1	Cau.Cau8BG000536	1.00	1.00	73.77	180	L1
transcript:AT5G67170.1	Cau.Cau1BG000455	1.00	1.00	61.34	238	L1
transcript:AT4G31720.2	Cau.Cau4BG000093	1.00	1.00	82.01	114	L1
transcript:AT3G46980.1	Cau.Cau8BG001937	0.92	0.93	73.13	362	L1
transcript:AT5G47070.1	Cau.Cau5AG000652	0.96	0.98	61.29	247	L1
transcript:AT5G55290.3	Cau.Cau4BG001535	1.00	1.00	87.14	61	L1
transcript:AT3G19080.2	Cau.Cau8BG000487	0.86	1.00	50.00	198	L1
transcript:AT3G27925.1	Cau.Cau2BG000500	0.98	0.99	75.62	335	L1
transcript:AT5G48440.1	Cau.Cau2AG001498	0.92	0.85	67.06	285	L1
transcript:AT1G74670.1	Cau.Cau5BG000947	1.00	1.00	66.99	69	L1
transcript:AT3G02110.1	Cau.Cau6AG000019	1.00	0.97	71.37	339	L1
transcript:AT2G41330.1	Cau.Cau9AG000791	0.93	0.90	48.97	190	L1
transcript:AT5G17450.1	Cau.Cau6BG000448	1.00	1.00	73.83	110	L1
transcript:AT2G28130.1	Cau.Cau8AG001526	1.00	1.00	52.07	239	L1
transcript:AT2G23940.3	Cau.Cau6AG001944	1.00	1.00	76.88	133	L1
transcript:AT5G63840.1	Cau.Cau1BG001734	1.00	0.99	75.65	696	L1
transcript:AT5G67580.1	Cau.Cau1AG000546	0.98	0.92	55.90	180	L1
transcript:AT1G47380.1	Cau.Cau3AG000454	0.98	0.92	81.47	343	L1
transcript:AT1G25550.1	Cau.Cau7BG000878	0.90	0.88	57.64	200	L1
transcript:AT4G27070.1	Cau.Cau4BG001364	0.99	0.98	80.30	379	L1
transcript:AT1G20870.2	Cau.Cau3BG000043	0.98	0.95	44.93	178	L1
transcript:AT3G27530.1	Cau.Cau2AG000575	0.99	0.98	71.79	649	L1
transcript:AT1G68300.1	Cau.Cau2BG001797	0.93	0.95	57.43	85	L1
transcript:AT1G09330.1	Cau.Cau3BG001258	1.00	1.00	84.95	158	L1
transcript:AT2G34300.2	Cau.Cau3BG000777	1.00	1.00	64.93	524	L1
transcript:AT4G11860.1	Cau.Cau5AG000880	0.96	0.98	52.67	375	L1
transcript:AT3G14760.1	Cau.Cau5BG001374	1.00	1.00	44.97	85	L1
transcript:AT4G16800.1	Cau.Cau5BG000705	0.93	0.86	67.86	190	L1
transcript:AT1G02610.1	Cau.Cau5AG003184	0.92	0.92	56.22	122	L1
transcript:AT2G22125.1	Cau.Cau1BG002106	0.99	1.00	82.89	1773	L1
transcript:AT1G65480.1	Cau.Cau6BG002349	0.99	0.98	74.57	129	L1
transcript:AT5G52545.2	Cau.Cau9AG000200	0.56	0.76	67.82	59	L1
transcript:AT5G55390.2	Cau.Cau4AG001514	0.71	0.66	53.98	509	L1
transcript:AT3G15358.1	Cau.Cau4BG001162	1.00	1.00	65.28	94	L1
transcript:AT3G63060.1	Cau.Cau5AG002962	0.89	0.82	65.84	160	L1
transcript:AT3G08505.2	Cau.Cau7BG000082	1.00	1.00	63.49	221	L1
transcript:AT5G19660.1	Cau.Cau4AG000717	0.99	0.99	74.56	771	L1
transcript:AT5G04760.1	Cau.Cau7BG001661	0.99	0.92	63.96	142	L1
transcript:AT4G35630.1	Cau.Cau1BG000050	1.00	1.00	74.37	325	L1
transcript:AT3G25470.1	Cau.Cau2BG001474	1.00	1.00	61.83	196	L1
transcript:AT5G42640.1	Cau.Cau2AG000121	0.47	0.29	36.67	55	L1
transcript:AT5G11980.1	Cau.Cau4AG001868	0.99	0.99	81.72	465	L1
transcript:AT1G04220.1	Cau.Cau9BG001418	0.95	0.95	78.17	394	L1
transcript:AT4G05520.2	Cau.Cau2AG002719	0.98	0.99	79.30	429	L1
transcript:AT2G38910.1	Cau.Cau6BG000885	1.00	1.00	76.94	447	L1
transcript:AT4G23560.1	Cau.Cau5AG000204	0.80	0.91	64.18	249	L1
transcript:AT4G17720.1	Cau.Cau7AG001566	0.85	0.94	75.47	200	L1
transcript:AT5G37720.2	Cau.Cau6BG000513	0.99	0.99	52.86	157	L1
transcript:AT5G15730.3	Cau.Cau6AG000248	0.99	1.00	65.26	293	L1
transcript:AT4G39710.1	Cau.Cau1BG002111	0.77	0.66	77.84	130	L1
transcript:AT1G27850.1	Cau.Cau7AG000613	1.00	1.00	45.11	549	L1
transcript:AT5G57630.1	Cau.Cau8AG000004	0.98	0.89	56.77	239	L1
transcript:AT5G60340.1	Cau.Cau8BG001689	0.96	0.97	70.59	120	L1
transcript:AT4G21330.1	Cau.Cau2BG002232	0.98	0.97	43.69	90	L1
transcript:AT5G40770.1	Cau.Cau2BG000929	1.00	0.98	88.49	246	L1
transcript:AT3G28470.1	Cau.Cau6BG000186	1.00	1.00	51.56	182	L1
transcript:AT1G69040.2	Cau.Cau7BG000774	1.00	1.00	76.70	349	L1
transcript:AT5G20700.1	Cau.Cau4BG001747	1.00	1.00	43.58	112	L1
transcript:AT5G14520.1	Cau.Cau2AG000544	0.99	0.98	68.24	404	L1
transcript:AT3G25120.1	Cau.Cau5BG002539	1.00	0.99	51.27	101	L1
transcript:AT3G51280.1	Cau.Cau1AG000120	0.98	0.97	62.79	324	L1
transcript:AT1G19880.1	Cau.Cau3AG000239	1.00	1.00	68.61	376	L1
transcript:AT1G28260.2	Cau.Cau2AG002383	0.99	0.99	39.47	403	L1
transcript:AT5G15150.1	Cau.Cau6AG000121	0.91	1.00	55.17	176	L1
transcript:AT5G17630.1	Cau.Cau7AG001125	1.00	1.00	69.21	299	L1
transcript:AT1G09610.1	Cau.Cau3BG002332	1.00	1.00	73.22	216	L1
transcript:AT3G51480.4	Cau.Cau1AG000022	1.00	0.97	62.21	568	L1
transcript:AT3G63340.2	Cau.Cau5BG002817	0.99	0.99	54.88	624	L1
transcript:AT1G17080.1	Cau.Cau5AG001430	0.98	0.80	61.85	107	L1
transcript:AT1G67620.1	Cau.Cau7AG000612	1.00	1.00	53.19	100	L1
transcript:AT3G62420.1	Cau.Cau5BG003144	0.99	0.99	65.97	95	L1
transcript:AT5G19210.2	Cau.Cau9AG001496	0.85	0.85	76.43	308	L1
transcript:AT2G23820.2	Cau.Cau4BG002200	0.97	0.97	67.20	168	L1
transcript:AT4G01860.1	Cau.Cau5AG003270	0.99	0.99	53.32	746	L1
transcript:AT1G06570.1	Cau.Cau7AG001271	0.94	0.96	77.94	325	L1
transcript:AT2G22840.1	Cau.Cau1AG000567	0.95	0.93	46.10	272	L1
transcript:AT4G20050.6	Cau.Cau2BG001903	0.94	0.92	68.50	311	L1
transcript:AT1G25530.1	Cau.Cau7AG000873	1.00	1.00	76.77	337	L1
transcript:AT5G64550.1	Cau.Cau3AG001979	1.00	1.00	62.35	409	L1
transcript:AT1G72180.1	Cau.Cau5BG001752	0.98	0.98	55.44	535	L1
transcript:AT4G10650.1	Cau.Cau2AG000069	0.97	0.98	58.84	223	L1
transcript:AT5G25760.2	Cau.Cau4AG000362	1.00	1.00	94.90	149	L1
transcript:AT1G04120.1	Cau.Cau5AG002703	0.99	0.98	81.36	1231	L1
transcript:AT4G29860.1	Cau.Cau4BG000693	0.99	1.00	64.58	248	L1
transcript:AT4G29820.1	Cau.Cau4AG001016	0.92	0.94	73.17	150	L1
transcript:AT2G45490.1	Cau.Cau5AG003676	0.98	0.99	78.80	223	L1
transcript:AT3G44830.1	Cau.Cau8BG001493	1.00	1.00	69.06	480	L1
transcript:AT1G07130.1	Cau.Cau5AG002892	0.99	0.99	57.06	93	L1
transcript:AT3G19508.1	Cau.Cau8BG000350	0.98	0.98	71.25	57	L1
transcript:AT3G19810.2	Cau.Cau7AG001009	0.80	0.78	62.12	164	L1
transcript:AT2G27830.1	Cau.Cau8AG001453	0.94	0.93	57.22	107	L1
transcript:AT5G52340.1	Cau.Cau6AG000839	1.00	1.00	78.90	501	L1
transcript:AT4G03320.1	Cau.Cau2AG001088	0.70	0.70	58.08	115	L1
transcript:AT5G49460.2	Cau.Cau9BG001891	1.00	1.00	93.75	570	L1
transcript:AT3G10040.1	Cau.Cau6BG000661	0.99	0.98	45.47	231	L1
transcript:AT5G56170.1	Cau.Cau4AG001672	0.98	0.98	60.00	99	L1
transcript:AT3G10410.1	Cau.Cau7BG001811	1.00	1.00	70.91	368	L1
transcript:AT4G34310.1	Cau.Cau3BG000433	0.98	0.99	67.19	819	L1
transcript:AT5G58640.1	Cau.Cau8AG001978	0.99	0.97	66.67	152	L1
transcript:AT3G54360.1	Cau.Cau3BG001925	0.97	0.97	66.58	265	L1
transcript:AT3G57660.2	Cau.Cau9BG000598	1.00	1.00	58.47	1008	L1
transcript:AT4G18460.1	Cau.Cau2AG002440	1.00	0.94	82.35	126	L1
transcript:AT4G19390.1	Cau.Cau3AG001699	0.71	0.77	67.18	131	L1
transcript:AT2G16405.1	Cau.Cau8AG000704	0.96	0.93	77.09	360	L1
transcript:AT1G75390.1	Cau.Cau3BG000288	0.94	0.98	55.09	92	L1
transcript:AT1G65980.1	Cau.Cau4BG000740	1.00	1.00	83.95	136	L1
transcript:AT5G55580.1	Cau.Cau4BG001568	0.95	1.00	64.29	324	L1
transcript:AT4G29140.1	Cau.Cau4AG000803	1.00	0.99	64.79	346	L1
transcript:AT3G10980.1	Cau.Cau7BG002163	1.00	1.00	63.13	363	L1
transcript:AT5G43120.2	Cau.Cau3AG001232	0.99	0.98	53.65	331	L1
transcript:AT5G19730.1	Cau.Cau4AG000805	0.97	0.98	63.17	235	L1
transcript:AT1G08200.1	Cau.Cau8AG001470	1.00	1.00	91.52	356	L1
transcript:AT5G58005.2	Cau.Cau4AG002273	0.83	0.85	65.62	63	L1
transcript:AT5G55190.1	Cau.Cau4BG000606	1.00	1.00	98.64	218	L1
transcript:AT1G70580.3	Cau.Cau7BG000502	1.00	1.00	89.81	432	L1
transcript:AT5G55130.1	Cau.Cau4AG001483	1.00	1.00	70.79	332	L1
transcript:AT1G23260.1	Cau.Cau2BG001620	1.00	1.00	78.62	125	L1
transcript:AT1G61240.1	Cau.Cau2BG002298	0.94	0.99	64.29	261	L1
transcript:AT2G01940.1	Cau.Cau2AG001560	0.98	1.00	59.52	275	L1
transcript:AT4G12030.2	Cau.Cau5AG000854	0.97	0.94	64.41	257	L1
transcript:AT5G39210.1	Cau.Cau6BG000017	0.97	0.96	47.85	78	L1
transcript:AT5G13890.2	Cau.Cau2AG000763	1.00	1.00	59.62	186	L1
transcript:AT5G08580.2	Cau.Cau7BG000926	1.00	1.00	70.84	277	L1
transcript:AT5G09270.2	Cau.Cau1BG001718	0.97	0.97	53.98	61	L1
transcript:AT5G10770.1	Cau.Cau4BG000108	0.97	0.97	60.99	283	L1
transcript:AT5G42240.1	Cau.Cau3AG000728	0.95	0.94	76.94	347	L1
transcript:AT5G37340.4	Cau.Cau3AG002159	0.98	1.00	78.65	361	L1
transcript:AT3G12890.1	Cau.Cau9BG000083	0.74	0.69	50.25	102	L1
transcript:AT1G06990.1	Cau.Cau7AG001792	0.97	0.95	52.12	184	L1
transcript:AT3G07670.1	Cau.Cau2AG001397	1.00	1.00	75.88	390	L1
transcript:AT3G21700.3	Cau.Cau2AG001195	0.96	0.96	65.12	183	L1
transcript:AT3G42630.1	Cau.Cau4AG001969	1.00	0.99	56.76	235	L1
transcript:AT1G74640.1	Cau.Cau5AG000941	0.95	0.95	74.30	266	L1
transcript:AT5G01650.1	Cau.Cau6BG001224	1.00	1.00	89.57	103	L1
transcript:AT2G35730.1	Cau.Cau5AG000772	0.53	0.55	50.82	31	L1
transcript:AT2G23770.1	Cau.Cau1AG000334	0.99	1.00	48.59	311	L1
transcript:AT4G28088.1	Cau.Cau4BG002251	0.92	0.76	77.46	55	L1
transcript:AT1G07250.1	Cau.Cau6BG001693	0.99	1.00	50.62	244	L1
transcript:AT4G22000.1	Cau.Cau5AG001537	0.98	0.99	78.12	100	L1
transcript:AT2G25790.1	Cau.Cau4BG000409	0.96	0.98	55.75	533	L1
transcript:AT5G26742.1	Cau.Cau6BG002444	0.99	1.00	71.01	556	L1
transcript:AT5G41770.1	Cau.Cau5AG000160	0.99	1.00	83.12	586	L1
transcript:AT2G26730.1	Cau.Cau4BG000630	0.97	0.97	75.31	482	L1
transcript:AT2G24640.1	Cau.Cau4AG000078	0.90	0.83	59.13	366	L1
transcript:AT5G48630.1	Cau.Cau5BG002531	0.99	0.99	75.60	189	L1
transcript:AT3G08950.1	Cau.Cau6BG001281	1.00	1.00	59.40	199	L1
transcript:AT4G14580.1	Cau.Cau9AG001344	0.96	0.94	64.71	275	L1
transcript:AT2G30080.1	Cau.Cau8BG002008	1.00	0.99	53.28	187	L1
transcript:AT5G18660.1	Cau.Cau9AG001617	1.00	0.99	75.24	316	L1
transcript:AT1G67140.3	Cau.Cau6AG000355	0.99	0.99	62.83	1403	L1
transcript:AT5G10695.1	Cau.Cau4BG000065	0.99	1.00	59.09	39	L1
transcript:AT3G51980.1	Cau.Cau8AG000926	0.98	0.95	61.46	236	L1
transcript:AT5G51100.1	Cau.Cau7BG001343	0.92	0.94	70.18	200	L1
transcript:AT1G60770.1	Cau.Cau7BG000485	0.99	0.99	71.31	348	L1
transcript:AT4G33220.1	Cau.Cau4AG001768	1.00	0.99	65.34	345	L1
transcript:AT1G72160.1	Cau.Cau3BG000539	0.92	0.98	59.51	313	L1
transcript:AT2G29660.1	Cau.Cau8BG001956	0.93	0.93	55.56	210	L1
transcript:AT5G44680.1	Cau.Cau2BG001867	1.00	0.98	57.53	214	L1
transcript:AT1G72020.1	Cau.Cau3AG000602	1.00	1.00	73.20	71	L1
transcript:AT2G40950.1	Cau.Cau6AG000569	1.00	1.00	50.92	386	L1
transcript:AT5G37530.2	Cau.Cau3AG002013	0.99	0.98	77.16	348	L1
transcript:AT3G25500.1	Cau.Cau2AG001464	0.98	1.00	54.25	593	L1
transcript:AT5G21160.1	Cau.Cau2AG000418	0.99	1.00	49.27	470	L1
transcript:AT2G04700.1	Cau.Cau6BG000211	1.00	1.00	74.67	112	L1
transcript:AT1G21740.1	Cau.Cau3BG000845	0.99	0.99	54.35	537	L1
transcript:AT5G26040.2	Cau.Cau4BG000478	0.89	0.97	77.55	266	L1
transcript:AT1G44350.1	Cau.Cau3BG000849	0.98	0.98	63.96	307	L1
transcript:AT1G04000.1	Cau.Cau5AG002740	0.97	1.00	47.50	76	L1
transcript:AT2G35630.1	Cau.Cau2BG001996	1.00	1.00	76.31	1540	L1
transcript:AT5G51340.1	Cau.Cau1BG001779	0.99	1.00	67.91	491	L1
transcript:AT3G05170.1	Cau.Cau3AG001504	0.95	0.91	70.00	210	L1
transcript:AT4G11160.2	Cau.Cau3BG001612	0.95	0.99	66.85	478	L1
transcript:AT3G61130.1	Cau.Cau5BG003619	1.00	1.00	77.55	532	L1
transcript:AT3G15095.1	Cau.Cau4BG001104	0.98	0.99	48.23	264	L1
transcript:AT2G21970.1	Cau.Cau1BG002052	1.00	1.00	54.55	114	L1
transcript:AT1G56580.1	Cau.Cau3BG001264	1.00	1.00	64.29	108	L1
transcript:AT4G24810.2	Cau.Cau5BG000584	0.99	0.99	73.79	352	L1
transcript:AT2G20320.2	Cau.Cau5BG002642	0.76	0.97	65.53	521	L1
transcript:AT4G30820.27	Cau.Cau4BG002239	0.99	1.00	52.08	100	L1
transcript:AT3G61415.2	Cau.Cau5AG003555	1.00	0.94	72.98	262	L1
transcript:AT5G20860.2	Cau.Cau4AG001764	0.99	0.99	52.94	288	L1
transcript:AT2G35880.3	Cau.Cau6AG000877	0.95	0.90	39.79	191	L1
transcript:AT1G65660.1	Cau.Cau5BG002726	1.00	1.00	84.14	451	L1
transcript:AT3G52960.1	Cau.Cau6BG000675	1.00	1.00	63.03	150	L1
transcript:AT5G40960.1	Cau.Cau2BG000862	0.99	0.99	74.63	50	L1
transcript:AT1G78580.4	Cau.Cau5AG001402	1.00	0.99	78.41	741	L1
transcript:AT1G28530.2	Cau.Cau2AG002427	0.95	0.97	57.26	339	L1
transcript:AT3G32940.1	Cau.Cau2BG000086	1.00	0.94	35.42	272	L1
transcript:AT3G13330.1	Cau.Cau4AG001666	1.00	1.00	74.29	1355	L1
transcript:AT1G05350.1	Cau.Cau7BG001474	1.00	1.00	78.57	341	L1
transcript:AT5G52840.1	Cau.Cau9BG000172	1.00	1.00	81.07	137	L1
transcript:AT4G40020.1	Cau.Cau1AG000713	0.50	0.56	50.32	159	L1
transcript:AT2G41830.1	Cau.Cau9AG000633	1.00	1.00	58.14	607	L1
transcript:AT5G60670.1	Cau.Cau8BG001639	0.99	0.99	92.07	151	L1
transcript:AT1G28310.2	Cau.Cau2AG002391	1.00	1.00	41.60	156	L1
transcript:AT5G15870.1	Cau.Cau6AG000330	1.00	1.00	65.97	502	L1
transcript:AT3G25130.1	Cau.Cau5AG002595	1.00	0.99	41.82	184	L1
transcript:AT3G19670.1	Cau.Cau8AG000268	1.00	0.99	47.28	495	L1
transcript:AT5G64050.1	Cau.Cau8BG000032	1.00	1.00	79.65	458	L1
transcript:AT4G28720.1	Cau.Cau5BG002628	1.00	1.00	76.42	324	L1
transcript:AT5G65950.1	Cau.Cau1BG000010	1.00	0.99	62.68	754	L1
transcript:AT4G18270.1	Cau.Cau2BG002604	0.96	0.96	58.61	286	L1
transcript:AT1G50240.3	Cau.Cau3BG001122	1.00	1.00	65.20	877	L1
transcript:AT5G19350.1	Cau.Cau2AG000234	0.97	0.99	70.69	299	L1
transcript:AT5G17380.1	Cau.Cau6AG000424	0.98	0.98	78.83	443	L1
transcript:AT1G13750.1	Cau.Cau7BG000734	1.00	1.00	77.32	474	L1
transcript:AT3G07090.2	Cau.Cau5BG002576	0.99	0.98	63.32	183	L1
transcript:AT3G62040.1	Cau.Cau5AG003306	1.00	0.82	68.58	155	L1
transcript:AT3G57500.1	Cau.Cau9BG000638	0.99	1.00	55.74	68	L1
transcript:AT3G23020.1	Cau.Cau9BG001414	1.00	1.00	62.47	546	L1
transcript:AT3G01610.1	Cau.Cau3BG002395	0.95	0.97	58.65	468	L1
transcript:AT2G21580.1	Cau.Cau8BG000646	1.00	1.00	92.59	100	L1
transcript:AT4G33467.2	Cau.Cau1BG001874	0.91	0.90	39.36	37	L1
transcript:AT3G24820.1	Cau.Cau5BG002572	1.00	1.00	49.74	94	L1
transcript:AT1G09520.1	Cau.Cau9AG001907	0.74	0.96	39.04	89	L1
transcript:AT3G56130.1	Cau.Cau7AG002165	0.99	1.00	56.51	165	L1
transcript:AT1G80730.1	Cau.Cau1BG001469	1.00	0.91	42.21	111	L1
transcript:AT1G08700.1	Cau.Cau7AG001158	1.00	1.00	68.30	321	L1
transcript:AT5G13480.1	Cau.Cau8BG001089	0.95	0.92	70.46	470	L1
transcript:AT1G29330.1	Cau.Cau2BG002514	1.00	1.00	83.72	180	L1
transcript:AT3G17360.3	Cau.Cau9BG001959	1.00	0.99	49.39	1083	L1
transcript:AT5G48850.1	Cau.Cau5AG002645	0.93	0.88	71.43	205	L1
transcript:AT5G41020.1	Cau.Cau8AG001567	0.61	0.59	54.32	195	L1
transcript:AT5G12000.1	Cau.Cau4AG001866	0.99	0.93	65.92	468	L1
transcript:AT5G35525.1	Cau.Cau2BG001636	0.96	0.94	59.86	88	L1
transcript:AT1G12560.1	Cau.Cau5BG000879	1.00	1.00	66.79	179	L1
transcript:AT2G31300.1	Cau.Cau2BG001526	0.99	0.99	78.89	299	L1
transcript:AT3G43520.1	Cau.Cau4AG001781	0.93	0.92	56.14	128	L1
transcript:AT2G45510.1	Cau.Cau5BG003634	0.98	0.99	64.68	326	L1
transcript:AT1G47840.1	Cau.Cau3AG000213	0.98	0.99	67.98	329	L1
transcript:AT1G68290.1	Cau.Cau2BG001798	0.99	1.00	70.49	203	L1
transcript:AT5G54140.1	Cau.Cau5BG001604	0.98	0.99	68.57	288	L1
transcript:AT3G08490.1	Cau.Cau7BG000070	0.97	0.97	42.61	124	L1
transcript:AT5G60040.1	Cau.Cau8AG001710	1.00	0.99	68.19	954	L1
transcript:AT3G16520.3	Cau.Cau1BG000788	0.99	0.99	44.42	215	L1
transcript:AT1G53030.1	Cau.Cau4BG001163	1.00	1.00	60.00	48	L1
transcript:AT2G30000.1	Cau.Cau8BG001994	1.00	1.00	99.09	109	L1
transcript:ATCG01310.1	Cau.Cau8AG001482	0.39	0.94	75.00	81	L1
transcript:AT4G27490.4	Cau.Cau8BG001614	1.00	1.00	74.62	194	L1
transcript:AT1G19920.1	Cau.Cau3BG000224	1.00	0.99	76.68	365	L1
transcript:AT2G46200.2	Cau.Cau5AG003495	0.98	0.99	56.61	227	L1
transcript:AT1G73450.1	Cau.Cau5BG001664	1.00	1.00	64.74	773	L1
transcript:AT1G03650.1	Cau.Cau5BG002059	0.96	0.94	69.74	106	L1
transcript:AT2G27385.2	Cau.Cau8AG001367	1.00	1.00	46.37	83	L1
transcript:AT1G44760.1	Cau.Cau3BG000870	0.97	0.98	63.91	147	L1
transcript:AT5G60800.1	Cau.Cau8BG001572	0.91	0.91	49.83	145	L1
transcript:AT1G05230.7	Cau.Cau2AG001192	0.96	0.92	83.43	589	L1
transcript:AT1G69490.1	Cau.Cau7AG000251	0.94	0.90	61.92	161	L1
transcript:AT5G67200.1	Cau.Cau1AG000453	0.97	0.97	63.28	417	L1
transcript:AT1G03270.1	Cau.Cau5BG002909	0.95	0.96	74.64	362	L1
transcript:AT2G40730.1	Cau.Cau7AG002086	1.00	1.00	79.90	640	L1
transcript:AT3G63220.1	Cau.Cau5AG002903	1.00	1.00	73.91	255	L1
transcript:AT4G08240.1	Cau.Cau3AG000892	0.96	0.85	59.54	78	L1
transcript:AT1G80980.1	Cau.Cau1AG001416	0.86	0.82	49.20	92	L1
transcript:AT1G73890.1	Cau.Cau5BG001195	0.63	0.57	44.63	54	L1
transcript:AT3G10420.2	Cau.Cau7BG001805	1.00	1.00	68.87	489	L1
transcript:AT1G19450.1	Cau.Cau1AG000271	1.00	1.00	78.12	382	L1
transcript:AT1G07480.1	Cau.Cau8AG001860	0.99	1.00	61.95	254	L1
transcript:AT2G42450.1	Cau.Cau5BG002748	1.00	1.00	58.90	331	L1
transcript:AT5G13710.2	Cau.Cau7BG000096	1.00	0.98	86.01	289	L1
transcript:AT2G29700.1	Cau.Cau8BG001962	0.99	1.00	77.78	112	L1
transcript:AT1G64625.1	Cau.Cau5BG000071	0.98	0.95	42.98	199	L1
transcript:AT2G21170.3	Cau.Cau8AG000811	1.00	1.00	64.87	205	L1
transcript:AT3G07960.1	Cau.Cau3BG002003	1.00	0.95	74.16	554	L1
transcript:AT3G44380.1	Cau.Cau8AG001374	0.97	0.98	73.89	133	L1
transcript:AT3G28720.1	Cau.Cau6AG000153	0.96	0.97	67.82	449	L1
transcript:AT2G26970.1	Cau.Cau2AG000419	0.99	0.98	61.60	154	L1
transcript:AT1G07780.13	Cau.Cau7AG002231	1.00	1.00	59.21	164	L1
transcript:AT3G55390.1	Cau.Cau7AG002017	0.99	1.00	69.43	134	L1
transcript:AT3G61320.1	Cau.Cau5AG003580	0.97	0.96	69.27	275	L1
transcript:AT1G73360.1	Cau.Cau5AG001686	0.95	0.96	70.67	494	L1
transcript:AT1G19180.3	Cau.Cau4AG001719	0.92	0.95	41.13	116	L1
transcript:AT3G48100.1	Cau.Cau5BG000383	0.80	0.74	71.81	107	L1
transcript:AT1G23380.1	Cau.Cau7AG000479	1.00	1.00	64.20	217	L1
transcript:AT5G25950.1	Cau.Cau4AG000457	0.96	0.99	52.02	219	L1
transcript:AT3G11420.1	Cau.Cau7AG002311	0.98	0.98	59.48	295	L1
transcript:AT2G20900.2	Cau.Cau2BG001106	1.00	0.93	76.02	374	L1
transcript:AT1G63430.3	Cau.Cau5AG000276	1.00	1.00	67.66	452	L1
transcript:AT1G65440.2	Cau.Cau6AG000590	0.93	0.96	68.50	1070	L1
transcript:AT2G06025.6	Cau.Cau4BG001715	0.98	0.99	62.90	178	L1
transcript:AT1G30460.1	Cau.Cau2BG002085	1.00	0.98	62.45	434	L1
transcript:AT5G16420.4	Cau.Cau5AG003392	0.93	0.94	68.08	337	L1
transcript:AT3G24660.1	Cau.Cau5BG002601	1.00	1.00	73.68	501	L1
transcript:AT2G01755.1	Cau.Cau2AG001609	0.72	0.70	56.35	71	L1
transcript:AT2G15730.1	Cau.Cau8BG000471	1.00	1.00	75.00	258	L1
transcript:AT3G05500.1	Cau.Cau3AG001385	0.93	0.91	71.05	162	L1
transcript:AT1G43800.1	Cau.Cau3BG000732	0.92	0.80	79.05	283	L1
transcript:AT2G23810.1	Cau.Cau4AG002170	0.98	0.98	70.41	188	L1
transcript:AT3G60380.1	Cau.Cau5BG003749	0.95	0.94	34.01	209	L1
transcript:AT5G08450.3	Cau.Cau1AG000741	1.00	1.00	51.29	439	L1
transcript:AT1G52155.1	Cau.Cau1AG001088	1.00	0.95	80.19	255	L1
transcript:AT3G10950.1	Cau.Cau5BG003791	1.00	1.00	94.57	87	L1
transcript:AT2G27170.2	Cau.Cau8AG001251	1.00	1.00	69.41	851	L1
transcript:AT1G17720.1	Cau.Cau1BG000831	1.00	1.00	83.01	430	L1
transcript:AT5G10560.1	Cau.Cau1AG000618	1.00	0.98	66.25	532	L1
transcript:AT2G41835.1	Cau.Cau9BG000642	1.00	1.00	64.38	188	L1
transcript:AT5G04750.1	Cau.Cau7BG001664	0.94	0.93	58.43	52	L1
transcript:AT4G19190.1	Cau.Cau6BG000281	0.89	0.99	53.94	294	L1
transcript:AT3G20740.1	Cau.Cau4BG001335	0.99	0.99	76.57	281	L1
transcript:AT3G55600.2	Cau.Cau5BG001163	1.00	0.73	67.63	163	L1
transcript:AT5G38840.1	Cau.Cau6BG000231	1.00	0.99	52.65	398	L1
transcript:AT2G47700.1	Cau.Cau5AG003092	0.91	0.90	46.65	174	L1
transcript:AT3G52600.1	Cau.Cau6AG000779	0.99	1.00	65.70	387	L1
transcript:AT1G23040.2	Cau.Cau2AG001697	0.74	0.77	57.66	64	L1
transcript:AT2G02010.1	Cau.Cau2AG001549	1.00	1.00	84.88	421	L1
transcript:AT4G25940.1	Cau.Cau4BG002044	1.00	1.00	68.38	426	L1
transcript:AT5G42070.1	Cau.Cau5BG000104	0.55	0.50	64.84	59	L1
transcript:AT2G15430.1	Cau.Cau8BG000396	1.00	1.00	82.76	264	L1
transcript:AT1G75550.1	Cau.Cau3AG000254	0.98	0.96	42.49	82	L1
transcript:AT1G17070.1	Cau.Cau7AG001082	0.99	0.99	57.44	517	L1
transcript:AT5G44460.1	Cau.Cau6BG001113	0.98	0.93	60.10	116	L1
transcript:AT5G48240.3	Cau.Cau2BG001407	0.96	0.96	50.71	178	L1
transcript:AT3G48880.1	Cau.Cau9BG000288	1.00	1.00	68.28	211	L1
transcript:AT3G49940.1	Cau.Cau1BG000530	1.00	1.00	65.23	167	L1
transcript:AT5G13560.1	Cau.Cau7AG001949	1.00	0.99	63.37	436	L1
transcript:AT5G52510.1	Cau.Cau9AG000208	0.98	0.98	50.95	347	L1
transcript:AT3G06100.1	Cau.Cau9AG001506	0.96	0.89	57.79	152	L1
transcript:AT1G07160.1	Cau.Cau8AG001987	0.99	0.99	63.43	255	L1
transcript:AT5G13420.1	Cau.Cau8AG001044	1.00	1.00	81.36	358	L1
transcript:AT1G72680.1	Cau.Cau5AG000012	0.99	1.00	76.77	271	L1
transcript:AT3G06760.1	Cau.Cau9BG001834	0.99	0.99	58.93	132	L1
transcript:AT1G31450.1	Cau.Cau3AG001719	0.97	0.98	47.11	212	L1
transcript:AT4G38380.1	Cau.Cau8AG000064	0.96	0.96	61.98	357	L1
transcript:AT5G57850.1	Cau.Cau4BG000359	0.98	0.96	64.53	242	L1
transcript:AT2G20680.1	Cau.Cau2BG001020	0.99	0.99	74.94	320	L1
transcript:AT1G48160.2	Cau.Cau9BG001962	0.91	0.91	69.70	92	L1
transcript:AT3G21200.1	Cau.Cau1BG001578	0.96	0.98	65.06	203	L1
transcript:AT4G20960.1	Cau.Cau5BG003531	0.97	1.00	56.78	247	L1
transcript:AT4G35280.1	Cau.Cau8AG000053	1.00	1.00	51.83	170	L1
transcript:AT1G60420.1	Cau.Cau7AG000453	0.99	1.00	66.43	380	L1
transcript:AT5G01860.1	Cau.Cau9BG000582	0.75	0.69	37.82	73	L1
transcript:AT4G38210.1	Cau.Cau8BG000030	0.96	0.98	64.78	160	L1
transcript:AT1G05520.1	Cau.Cau9BG000897	1.00	1.00	80.63	637	L1
transcript:AT3G59650.1	Cau.Cau5BG002088	1.00	1.00	78.99	94	L1
transcript:AT1G14190.2	Cau.Cau7AG000265	0.97	0.97	61.63	318	L1
transcript:AT4G22200.1	Cau.Cau3AG002120	0.97	0.98	70.05	573	L1
transcript:AT5G14410.1	Cau.Cau2AG000590	0.93	0.96	41.61	57	L1
transcript:AT2G47830.1	Cau.Cau5BG003009	0.98	0.98	65.36	317	L1
transcript:AT2G23380.1	Cau.Cau1BG000451	1.00	1.00	64.02	596	L1
transcript:AT3G51970.1	Cau.Cau7AG000125	0.96	0.95	55.30	193	L1
transcript:AT5G66770.1	Cau.Cau1AG000288	1.00	1.00	52.21	331	L1
transcript:AT1G69340.2	Cau.Cau7AG000207	1.00	1.00	85.92	482	L1
transcript:AT2G19940.3	Cau.Cau8BG000494	0.94	0.90	82.97	302	L1
transcript:AT5G02510.2	Cau.Cau6BG001541	0.91	0.94	43.09	106	L1
transcript:AT3G55950.1	Cau.Cau7AG002238	1.00	1.00	62.79	523	L1
transcript:AT1G07710.2	Cau.Cau8BG001754	0.98	0.99	70.57	374	L1
transcript:ATCG00530.1	Cau.Cau1BG002123	0.35	0.57	70.37	57	L1
transcript:AT3G57450.1	Cau.Cau9BG000653	0.99	0.99	45.92	45	L1
transcript:AT4G20170.1	Cau.Cau2AG001877	1.00	1.00	58.32	312	L1
transcript:AT4G25190.2	Cau.Cau9AG000464	0.90	0.89	40.32	150	L1
transcript:AT5G27395.2	Cau.Cau3AG001508	1.00	1.00	60.93	184	L1
transcript:AT2G46890.1	Cau.Cau5BG003279	0.99	0.99	69.25	223	L1
transcript:AT1G29140.1	Cau.Cau5AG001289	0.94	0.95	38.51	62	L1
transcript:AT3G56380.1	Cau.Cau7BG002110	0.96	0.99	67.79	101	L1
transcript:AT5G54090.1	Cau.Cau5AG001657	0.97	0.97	53.12	442	L1
transcript:AT1G13990.1	Cau.Cau7BG000230	0.98	0.98	63.67	177	L1
transcript:AT1G36320.1	Cau.Cau3AG000943	0.82	0.79	75.22	255	L1
transcript:AT5G25450.1	Cau.Cau4BG000277	1.00	1.00	84.43	103	L1
transcript:AT5G06760.1	Cau.Cau6BG000981	0.90	0.90	60.00	87	L1
transcript:AT2G36650.1	Cau.Cau6AG000660	0.99	0.94	35.02	145	L1
transcript:AT4G36920.1	Cau.Cau1AG000446	0.75	0.67	64.03	235	L1
transcript:AT1G45160.2	Cau.Cau3AG000355	1.00	1.00	58.24	643	L1
transcript:AT1G30130.2	Cau.Cau2AG002637	1.00	1.00	65.52	209	L1
transcript:AT3G48240.1	Cau.Cau5BG000509	0.74	0.70	63.24	86	L1
transcript:AT1G18150.2	Cau.Cau4BG001035	1.00	1.00	75.45	461	L1
transcript:AT1G17260.1	Cau.Cau1AG001020	1.00	1.00	80.67	768	L1
transcript:AT4G35140.1	Cau.Cau8BG000113	0.97	0.98	66.19	323	L1
transcript:AT5G24120.1	Cau.Cau9BG000131	1.00	1.00	66.22	347	L1
transcript:AT5G44080.1	Cau.Cau3BG000680	1.00	1.00	52.91	173	L1
transcript:AT4G27780.1	Cau.Cau5BG001541	1.00	1.00	64.84	236	L1
transcript:AT4G13980.1	Cau.Cau9BG000925	0.95	0.96	59.70	283	L1
transcript:AT2G33340.2	Cau.Cau9AG001145	0.98	1.00	76.72	402	L1
transcript:AT1G53330.1	Cau.Cau5BG001305	0.98	1.00	54.31	252	L1
transcript:AT3G09360.3	Cau.Cau5BG002513	0.99	1.00	51.92	324	L1
transcript:AT4G14340.1	Cau.Cau9BG001298	0.98	1.00	77.73	363	L1
transcript:AT1G27770.4	Cau.Cau3BG001206	1.00	1.00	83.20	847	L1
transcript:AT1G63450.1	Cau.Cau5AG000285	0.96	1.00	57.36	309	L1
transcript:AT3G51800.1	Cau.Cau6BG001273	0.99	0.99	81.23	316	L1
transcript:AT3G15010.2	Cau.Cau4AG001062	0.75	0.70	62.42	196	L1
transcript:AT2G14910.1	Cau.Cau8AG000347	0.99	1.00	62.56	254	L1
transcript:AT3G16570.3	Cau.Cau9AG001666	0.93	0.98	58.70	81	L1
transcript:AT5G62650.1	Cau.Cau9AG000175	0.99	0.99	64.73	356	L1
transcript:AT2G31810.1	Cau.Cau2AG000293	1.00	1.00	72.56	357	L1
transcript:AT4G29890.1	Cau.Cau4AG001998	0.86	0.88	68.03	249	L1
transcript:AT2G28105.2	Cau.Cau8AG001532	0.86	0.91	53.55	83	L1
transcript:AT4G30825.1	Cau.Cau4AG002210	1.00	1.00	62.40	571	L1
transcript:AT2G37100.1	Cau.Cau6BG001675	0.99	0.99	42.81	143	L1
transcript:AT2G18760.6	Cau.Cau5BG002704	1.00	1.00	67.02	829	L1
transcript:AT4G28200.1	Cau.Cau2BG002666	0.99	0.99	61.62	403	L1
transcript:AT5G24280.3	Cau.Cau5AG001538	0.98	0.97	46.93	741	L1
transcript:AT2G46640.2	Cau.Cau5BG003337	0.89	0.87	37.73	103	L1
transcript:AT5G49010.1	Cau.Cau9AG001829	1.00	1.00	61.61	138	L1
transcript:AT1G69750.5	Cau.Cau1BG001110	1.00	0.98	67.35	66	L1
transcript:AT1G68200.5	Cau.Cau2BG001743	0.86	0.79	56.16	155	L1
transcript:AT1G15820.1	Cau.Cau8AG000925	1.00	1.00	80.62	208	L1
transcript:AT1G62580.2	Cau.Cau5AG000793	0.97	0.98	64.38	291	L1
transcript:AT5G62810.1	Cau.Cau5BG000442	0.93	0.96	55.05	289	L1
transcript:AT5G58090.1	Cau.Cau4AG001941	0.96	0.95	74.73	343	L1
transcript:AT4G03390.2	Cau.Cau2AG001040	0.96	0.96	67.88	524	L1
transcript:AT5G57810.1	Cau.Cau4AG002172	0.99	0.98	41.95	138	L1
transcript:AT3G14720.1	Cau.Cau5AG001414	1.00	1.00	76.79	473	L1
transcript:AT1G34320.2	Cau.Cau3BG000565	1.00	1.00	73.59	496	L1
transcript:AT1G77210.1	Cau.Cau4AG000764	0.99	0.98	76.85	385	L1
transcript:AT2G31890.1	Cau.Cau5BG001967	0.86	0.86	69.26	410	L1
transcript:AT1G22460.1	Cau.Cau3AG001032	0.99	0.98	63.59	358	L1
transcript:AT1G64140.1	Cau.Cau5AG000186	0.98	0.96	62.97	420	L1
transcript:AT4G33070.1	Cau.Cau6AG001274	1.00	1.00	85.34	518	L1
transcript:AT3G10070.1	Cau.Cau6AG000725	0.83	0.83	53.96	252	L1
transcript:AT4G38240.2	Cau.Cau8BG000034	1.00	0.98	71.78	318	L1
transcript:AT1G63420.1	Cau.Cau5BG000274	0.98	0.96	52.26	301	L1
transcript:AT4G06634.1	Cau.Cau3BG002213	0.94	0.95	69.13	253	L1
transcript:AT5G55470.1	Cau.Cau4AG001517	0.99	0.99	73.14	384	L1
transcript:AT1G17220.1	Cau.Cau5BG001443	1.00	1.00	71.54	744	L1
transcript:AT5G58130.1	Cau.Cau4AG001932	0.45	0.50	42.86	177	L1
transcript:AT5G40150.1	Cau.Cau6BG000207	0.96	0.98	66.56	213	L1
transcript:AT5G22810.1	Cau.Cau8AG001475	0.96	0.97	72.89	250	L1
transcript:AT3G10210.1	Cau.Cau9BG000821	1.00	0.95	70.54	170	L1
transcript:AT1G48130.1	Cau.Cau9BG001957	1.00	1.00	68.78	152	L1
transcript:AT4G32730.5	Cau.Cau4AG000352	1.00	1.00	45.68	486	L1
transcript:AT4G29170.1	Cau.Cau4BG000842	0.93	0.96	77.67	167	L1
transcript:AT5G63920.1	Cau.Cau1BG001721	0.99	0.99	74.10	678	L1
transcript:AT4G01995.3	Cau.Cau5BG003161	0.96	0.82	67.11	151	L1
transcript:AT3G21620.1	Cau.Cau2BG001249	0.99	0.98	75.42	580	L1
transcript:AT2G31450.1	Cau.Cau5BG002261	0.83	0.93	65.14	213	L1
transcript:AT5G59050.4	Cau.Cau8BG001903	0.93	0.60	43.72	80	L1
transcript:AT1G68610.1	Cau.Cau7AG000883	0.88	0.75	65.49	93	L1
transcript:AT5G45360.1	Cau.Cau6AG000289	1.00	1.00	53.45	178	L1
transcript:AT1G28410.1	Cau.Cau2AG002410	0.99	0.82	44.64	125	L1
transcript:AT1G62790.2	Cau.Cau5BG000821	0.98	0.95	48.30	71	L1
transcript:AT2G20710.1	Cau.Cau6AG000911	0.86	0.89	43.36	183	L1
transcript:AT3G42725.1	Cau.Cau4BG001716	0.98	0.97	48.51	98	L1
transcript:AT5G64950.1	Cau.Cau1AG002005	0.90	0.93	43.79	155	L1
transcript:AT4G05020.1	Cau.Cau2BG002270	1.00	1.00	76.71	448	L1
transcript:AT1G64430.2	Cau.Cau5BG000117	0.89	0.89	68.19	343	L1
transcript:AT1G30570.1	Cau.Cau2BG002067	0.98	0.97	68.59	572	L1
transcript:AT4G23800.1	Cau.Cau5BG000150	0.97	0.97	62.58	301	L1
transcript:AT3G14390.1	Cau.Cau8AG000682	1.00	1.00	80.94	395	L1
transcript:AT4G14950.3	Cau.Cau9BG001544	1.00	0.95	75.06	304	L1
transcript:AT1G21550.1	Cau.Cau3AG000794	0.95	0.96	47.24	77	L1
transcript:AT5G46560.1	Cau.Cau7AG001490	0.93	0.91	53.42	195	L1
transcript:AT1G68140.4	Cau.Cau3BG002062	0.99	1.00	55.98	206	L1
transcript:AT1G27350.1	Cau.Cau7BG000680	1.00	1.00	89.71	61	L1
transcript:AT1G44160.1	Cau.Cau3BG000842	0.84	0.85	46.10	142	L1
transcript:AT2G47820.1	Cau.Cau5BG003011	0.94	0.94	40.36	339	L1
transcript:AT5G48520.1	Cau.Cau9BG001034	1.00	1.00	79.71	491	L1
transcript:AT2G42150.1	Cau.Cau6AG000990	0.95	0.96	37.29	248	L1
transcript:AT4G27510.1	Cau.Cau9BG000803	0.97	0.97	35.90	275	L1
transcript:AT5G66460.1	Cau.Cau1BG000250	1.00	1.00	70.02	306	L1
transcript:AT5G43920.1	Cau.Cau5AG002695	0.98	0.99	69.90	360	L1
transcript:AT2G19390.2	Cau.Cau4AG001021	1.00	1.00	51.26	669	L1
transcript:AT4G14660.3	Cau.Cau9AG001320	0.97	0.94	33.72	58	L1
transcript:AT1G63310.1	Cau.Cau5BG000016	0.98	0.93	42.77	71	L1
transcript:AT5G46410.2	Cau.Cau2AG002564	1.00	0.99	51.45	248	L1
transcript:AT5G45690.1	Cau.Cau2BG002533	1.00	1.00	65.18	161	L1
transcript:AT3G52730.1	Cau.Cau6BG000745	1.00	1.00	75.00	54	L1
transcript:AT5G08415.1	Cau.Cau2BG001824	1.00	0.99	73.79	290	L1
transcript:AT5G59300.1	Cau.Cau8BG001799	0.99	0.99	89.09	147	L1
transcript:AT4G25080.3	Cau.Cau7BG001388	0.97	1.00	71.34	229	L1
transcript:AT5G53940.1	Cau.Cau4AG001114	0.95	0.85	84.55	104	L1
transcript:AT4G29110.1	Cau.Cau4AG000778	0.94	1.00	44.25	100	L1
transcript:AT2G46280.2	Cau.Cau2BG001539	1.00	1.00	82.01	269	L1
transcript:AT5G16370.1	Cau.Cau6BG001060	1.00	1.00	70.74	394	L1
transcript:AT1G10290.1	Cau.Cau3AG002338	1.00	1.00	59.33	550	L1
transcript:AT5G05490.2	Cau.Cau7BG002205	1.00	1.00	49.38	317	L1
transcript:AT1G48480.1	Cau.Cau4AG000990	0.94	0.93	67.62	424	L1
transcript:AT1G79380.1	Cau.Cau9BG000019	0.96	0.91	66.32	256	L1
transcript:AT2G26470.2	Cau.Cau7AG001209	1.00	1.00	49.23	224	L1
transcript:AT5G06300.1	Cau.Cau6BG000826	0.99	1.00	86.05	185	L1
transcript:AT2G37940.1	Cau.Cau6AG001394	1.00	1.00	78.66	247	L1
transcript:AT5G57660.1	Cau.Cau4AG002127	1.00	1.00	55.04	213	L1
transcript:AT2G31955.5	Cau.Cau7AG000013	1.00	1.00	76.50	306	L1
transcript:AT5G60930.2	Cau.Cau3BG001097	1.00	0.99	65.95	891	L1
transcript:AT4G30020.4	Cau.Cau4BG002049	1.00	0.99	83.00	674	L1
transcript:AT1G62850.3	Cau.Cau5BG000834	1.00	1.00	67.77	164	L1
transcript:AT2G23740.6	Cau.Cau1BG000345	0.96	0.91	54.54	769	L1
transcript:AT3G63030.1	Cau.Cau5BG002940	0.87	0.82	63.98	103	L1
transcript:AT1G10095.1	Cau.Cau8BG001168	0.98	0.97	52.62	221	L1
transcript:AT2G20362.3	Cau.Cau5AG002705	0.68	0.81	43.48	40	L1
transcript:AT3G01400.1	Cau.Cau3BG001204	0.99	0.99	79.55	280	L1
transcript:AT4G24440.2	Cau.Cau3BG001123	1.00	1.00	89.62	95	L1
transcript:AT3G46210.1	Cau.Cau4BG000388	1.00	1.00	80.25	195	L1
transcript:AT2G28305.1	Cau.Cau8AG001596	1.00	0.95	85.92	183	L1
transcript:AT5G67570.1	Cau.Cau1BG000560	0.89	0.81	60.71	445	L1
transcript:AT1G06820.1	Cau.Cau6AG000884	0.96	0.85	81.46	470	L1
transcript:AT4G25050.1	Cau.Cau7BG000161	0.97	1.00	56.03	79	L1
transcript:AT3G22060.1	Cau.Cau2BG001168	0.85	0.87	61.11	132	L1
transcript:AT5G55570.1	Cau.Cau4AG001540	0.98	1.00	53.74	79	L1
transcript:AT4G24270.1	Cau.Cau3BG002396	0.75	0.98	57.17	367	L1
transcript:AT3G14080.1	Cau.Cau1BG000958	1.00	1.00	85.94	110	L1
transcript:AT3G32930.2	Cau.Cau2AG000079	1.00	1.00	68.36	175	L1
transcript:AT4G24530.1	Cau.Cau3BG001095	0.97	0.98	76.88	389	L1
transcript:AT3G24200.1	Cau.Cau9AG000998	1.00	0.99	69.94	356	L1
transcript:AT5G51200.2	Cau.Cau4BG000564	0.84	1.00	72.51	1142	L1
transcript:AT5G16450.2	Cau.Cau6BG001893	1.00	1.00	85.54	142	L1
transcript:AT5G64730.1	Cau.Cau1AG001897	1.00	1.00	82.27	246	L1
transcript:AT2G02480.2	Cau.Cau3BG002420	0.99	1.00	58.86	761	L1
transcript:AT5G04440.1	Cau.Cau7BG001778	0.96	0.96	72.76	179	L1
transcript:AT5G20110.1	Cau.Cau4BG000584	0.96	0.96	51.60	113	L1
transcript:AT2G32100.1	Cau.Cau5AG002908	0.98	0.96	38.65	97	L1
transcript:AT5G10490.1	Cau.Cau1AG000664	0.98	0.98	58.27	430	L1
transcript:AT1G32470.1	Cau.Cau7AG001509	1.00	1.00	78.31	130	L1
transcript:AT3G04470.1	Cau.Cau8AG001143	0.94	0.95	76.56	480	L1
transcript:AT3G18715.1	Cau.Cau1AG001831	0.76	0.89	53.25	41	L1
transcript:AT5G19820.1	Cau.Cau2BG000043	1.00	1.00	83.77	934	L1
transcript:AT4G22790.1	Cau.Cau5BG000852	1.00	0.92	61.97	308	L1
transcript:AT2G33850.1	Cau.Cau2AG002408	0.76	0.80	30.47	71	L1
transcript:AT4G37810.1	Cau.Cau1BG000603	0.96	0.87	42.28	52	L1
transcript:AT1G02730.1	Cau.Cau5AG003151	1.00	1.00	80.41	952	L1
transcript:AT1G05150.1	Cau.Cau3BG000248	0.99	1.00	82.57	663	L1
transcript:AT2G43990.1	Cau.Cau5AG002026	0.96	0.95	36.15	248	L1
transcript:AT4G20970.1	Cau.Cau2AG002377	0.94	0.95	45.36	83	L1
transcript:AT1G65030.1	Cau.Cau2AG002148	0.97	0.97	68.15	229	L1
transcript:AT5G51780.2	Cau.Cau9BG000359	0.91	0.72	51.11	92	L1
transcript:AT1G75170.2	Cau.Cau3AG000343	0.98	0.99	74.23	216	L1
transcript:AT1G12660.1	Cau.Cau1AG001184	0.98	0.99	36.67	44	L1
transcript:AT2G39260.1	Cau.Cau5BG001174	1.00	1.00	73.28	897	L1
transcript:AT5G54855.1	Cau.Cau4AG001381	1.00	0.90	72.30	107	L1
transcript:AT5G49900.3	Cau.Cau3AG002318	1.00	1.00	71.64	687	L1
transcript:AT1G60080.1	Cau.Cau9BG000658	1.00	1.00	74.18	227	L1
transcript:AT4G26220.1	Cau.Cau4BG000858	1.00	0.98	69.10	161	L1
transcript:AT4G31810.1	Cau.Cau4BG000143	1.00	0.87	71.46	293	L1
transcript:AT4G10620.1	Cau.Cau2AG000097	0.95	0.95	62.33	369	L1
transcript:AT2G40760.1	Cau.Cau7AG002083	1.00	1.00	65.70	316	L1
transcript:AT5G21482.1	Cau.Cau4AG001816	1.00	0.99	61.83	324	L1
transcript:AT2G32170.2	Cau.Cau6AG001060	0.94	0.96	59.45	324	L1
transcript:AT2G15320.1	Cau.Cau8BG000391	0.99	0.97	64.46	243	L1
transcript:AT1G54820.1	Cau.Cau3BG001450	0.86	0.85	62.69	252	L1
transcript:AT3G17940.1	Cau.Cau4AG000985	1.00	1.00	80.99	277	L1
transcript:AT2G44350.4	Cau.Cau7AG000014	1.00	1.00	85.77	404	L1
transcript:AT5G45300.1	Cau.Cau3AG001705	0.99	0.99	66.29	466	L1
transcript:AT5G57130.1	Cau.Cau4AG002004	1.00	1.00	47.99	526	L1
transcript:AT4G33945.1	Cau.Cau8BG000481	0.99	0.88	64.72	299	L1
transcript:AT4G24180.2	Cau.Cau3BG000190	0.98	0.97	63.43	196	L1
transcript:AT3G08030.1	Cau.Cau7AG000048	0.95	0.93	75.36	260	L1
transcript:AT2G38380.1	Cau.Cau2AG000103	0.97	0.98	51.46	176	L1
transcript:AT4G32551.1	Cau.Cau4BG000299	0.80	0.82	75.07	569	L1
transcript:AT1G18490.1	Cau.Cau5AG001138	1.00	1.00	60.34	178	L1
transcript:AT5G61680.1	Cau.Cau7AG001317	0.99	0.99	57.53	210	L1
transcript:AT3G56930.1	Cau.Cau6AG000613	0.97	0.97	56.88	273	L1
transcript:AT3G15534.1	Cau.Cau4BG001233	1.00	1.00	76.47	52	L1
transcript:AT2G21440.1	Cau.Cau8AG000701	1.00	1.00	50.10	522	L1
transcript:AT5G06950.5	Cau.Cau3BG001995	1.00	0.74	82.34	275	L1
transcript:AT4G16210.1	Cau.Cau9BG001899	1.00	1.00	75.85	201	L1
transcript:AT5G19790.1	Cau.Cau2BG000041	0.94	0.91	47.79	130	L1
transcript:AT4G09720.1	Cau.Cau3BG000623	0.99	1.00	83.33	170	L1
transcript:AT3G13460.1	Cau.Cau2BG000019	1.00	1.00	59.08	423	L1
transcript:AT5G25570.3	Cau.Cau4BG000327	0.98	0.98	45.31	58	L1
transcript:AT5G38790.1	Cau.Cau6BG000298	0.53	0.50	50.72	35	L1
transcript:AT1G80133.1	Cau.Cau4AG000223	0.87	0.99	28.30	30	L1
transcript:AT1G59820.1	Cau.Cau7AG000361	0.99	0.98	79.50	962	L1
transcript:AT5G43210.1	Cau.Cau7BG000123	0.98	0.94	56.89	95	L1
transcript:AT4G35620.1	Cau.Cau1BG000049	0.98	0.98	60.86	269	L1
transcript:AT2G43110.1	Cau.Cau5BG002311	0.82	0.85	64.29	153	L1
transcript:AT1G15460.2	Cau.Cau1BG001286	0.98	0.99	73.59	496	L1
transcript:AT3G29075.1	Cau.Cau6BG000076	0.46	0.47	44.50	89	L1
transcript:AT2G45830.4	Cau.Cau5AG003591	0.95	0.94	59.80	302	L1
transcript:AT2G39670.1	Cau.Cau7AG002372	0.95	0.97	74.69	304	L1
transcript:AT1G55090.1	Cau.Cau1BG002038	1.00	1.00	82.51	604	L1
transcript:AT3G27890.1	Cau.Cau3AG001966	0.99	0.99	74.87	146	L1
transcript:AT1G42540.1	Cau.Cau3BG000063	0.97	0.97	68.72	626	L1
transcript:AT3G22980.3	Cau.Cau7AG000928	1.00	1.00	72.91	751	L1
transcript:AT3G24140.2	Cau.Cau9AG000957	0.98	0.92	60.64	248	L1
transcript:AT5G09530.1	Cau.Cau8AG000916	0.84	0.87	54.92	173	L1
transcript:AT5G42920.2	Cau.Cau3AG000475	1.00	1.00	61.35	508	L1
transcript:AT2G18890.1	Cau.Cau4AG002069	0.99	1.00	62.56	244	L1
transcript:AT3G63300.1	Cau.Cau5BG002827	0.93	0.96	69.85	329	L1
transcript:AT3G62310.1	Cau.Cau5BG003186	1.00	1.00	87.62	637	L1
transcript:AT1G33110.1	Cau.Cau7BG001180	0.99	0.99	66.33	325	L1
transcript:AT1G76570.1	Cau.Cau9BG000262	0.93	0.91	77.20	237	L1
transcript:AT2G01870.1	Cau.Cau2AG000252	0.81	0.80	37.86	53	L1
transcript:AT2G01330.1	Cau.Cau2AG001708	1.00	0.99	73.07	445	L1
transcript:AT5G20635.1	Cau.Cau4AG001702	0.82	0.83	50.00	107	L1
transcript:AT1G34750.3	Cau.Cau3BG001000	1.00	1.00	79.43	224	L1
transcript:AT2G43030.1	Cau.Cau7BG001168	0.90	0.92	78.74	200	L1
transcript:AT1G02145.3	Cau.Cau5AG003811	1.00	1.00	70.10	347	L1
transcript:AT5G23040.2	Cau.Cau5BG001138	0.99	1.00	73.83	189	L1
transcript:AT4G10120.2	Cau.Cau5BG001884	1.00	1.00	72.48	761	L1
transcript:AT1G10130.1	Cau.Cau3BG001189	0.99	0.99	85.13	847	L1
transcript:AT4G03270.1	Cau.Cau2BG001113	1.00	0.92	51.27	161	L1
transcript:AT5G41315.3	Cau.Cau5BG000255	0.99	0.99	50.00	327	L1
transcript:AT1G24300.1	Cau.Cau7AG000705	1.00	1.00	40.32	656	L1
transcript:AT5G41350.1	Cau.Cau5AG000236	1.00	1.00	54.63	118	L1
transcript:AT1G52770.1	Cau.Cau1BG001275	1.00	1.00	62.20	288	L1
transcript:AT1G64940.1	Cau.Cau7AG001090	1.00	0.98	60.94	323	L1
transcript:AT2G26690.1	Cau.Cau4AG000597	0.99	0.99	74.31	428	L1
transcript:AT5G65020.1	Cau.Cau1BG002159	1.00	1.00	73.50	233	L1
transcript:AT5G10150.1	Cau.Cau1BG002134	0.99	1.00	47.09	210	L1
transcript:AT1G78690.5	Cau.Cau5BG001733	0.99	0.99	69.15	195	L1
transcript:AT4G04970.1	Cau.Cau2BG002357	0.99	0.99	73.07	1286	L1
transcript:AT4G19110.1	Cau.Cau3AG001852	1.00	1.00	71.31	333	L1
transcript:AT4G32430.1	Cau.Cau4BG000595	0.97	0.96	57.41	426	L1
transcript:AT1G23780.1	Cau.Cau8AG000265	1.00	1.00	34.90	193	L1
transcript:AT3G51670.1	Cau.Cau6BG001221	0.99	0.98	73.76	312	L1
transcript:AT5G53330.1	Cau.Cau9AG000144	1.00	1.00	61.30	141	L1
transcript:AT4G26060.1	Cau.Cau4BG000957	0.88	0.86	67.80	80	L1
transcript:AT5G06120.10	Cau.Cau3AG001898	1.00	1.00	84.40	887	L1
transcript:AT3G15030.1	Cau.Cau4BG001087	0.93	0.95	53.15	228	L1
transcript:AT1G65032.1	Cau.Cau5BG002350	0.96	0.98	66.67	58	L1
transcript:AT1G20890.1	Cau.Cau5BG002233	0.97	0.93	59.38	114	L1
transcript:AT1G04560.1	Cau.Cau9BG001186	0.87	0.88	78.26	126	L1
transcript:AT4G19985.6	Cau.Cau7BG002073	0.99	0.88	52.28	126	L1
transcript:AT4G25140.1	Cau.Cau9BG000546	0.82	0.99	61.27	87	L1
transcript:AT4G12570.1	Cau.Cau2AG002743	0.90	0.91	54.03	436	L1
transcript:AT5G08180.1	Cau.Cau5BG001128	1.00	1.00	72.44	113	L1
transcript:AT1G09815.1	Cau.Cau7AG001088	1.00	1.00	65.08	82	L1
transcript:AT1G73760.1	Cau.Cau5BG001250	0.83	0.89	47.25	163	L1
transcript:AT3G20580.1	Cau.Cau4BG001351	0.99	1.00	58.56	390	L1
transcript:AT5G54660.1	Cau.Cau4BG001321	0.94	0.83	65.19	118	L1
transcript:AT5G42770.1	Cau.Cau3BG000327	0.99	0.89	69.95	142	L1
transcript:AT5G07475.1	Cau.Cau9BG000556	0.94	0.95	43.55	81	L1
transcript:AT2G38680.1	Cau.Cau7BG001628	0.94	0.90	67.18	217	L1
transcript:AT4G22730.1	Cau.Cau5BG000831	0.98	0.93	64.26	437	L1
transcript:AT1G46264.1	Cau.Cau3AG000482	1.00	1.00	53.96	218	L1
transcript:AT5G53880.1	Cau.Cau4AG001134	0.74	0.91	67.35	33	L1
transcript:AT4G20390.1	Cau.Cau2BG002009	0.88	0.86	64.37	112	L1
transcript:AT2G39530.1	Cau.Cau7BG002056	0.97	0.99	41.81	74	L1
transcript:AT5G21920.1	Cau.Cau4BG001831	0.82	0.87	60.54	135	L1
transcript:AT1G13600.1	Cau.Cau7AG000802	0.91	0.90	51.87	97	L1
transcript:AT3G25040.1	Cau.Cau9AG000925	1.00	1.00	85.12	183	L1
transcript:AT3G60590.2	Cau.Cau5AG003738	0.85	0.85	61.75	176	L1
transcript:AT5G38410.1	Cau.Cau6BG000363	0.97	0.99	75.56	136	L1
transcript:AT3G01210.2	Cau.Cau6BG000123	1.00	1.00	56.25	144	L1
transcript:AT5G02770.1	Cau.Cau6BG001617	1.00	0.98	47.51	105	L1
transcript:AT2G18690.1	Cau.Cau4AG002145	0.93	0.93	38.74	117	L1
transcript:AT2G03820.1	Cau.Cau6BG000433	0.96	0.97	72.69	362	L1
transcript:AT2G03390.1	Cau.Cau7AG000208	1.00	0.99	67.27	224	L1
transcript:AT3G20180.4	Cau.Cau4BG001669	1.00	1.00	36.80	46	L1
transcript:AT5G66540.2	Cau.Cau5BG000461	0.94	0.93	56.18	291	L1
transcript:AT1G13800.2	Cau.Cau2BG000047	0.91	0.92	37.55	306	L1
transcript:AT3G22950.1	Cau.Cau9BG001429	1.00	1.00	85.79	157	L1
transcript:AT1G32410.4	Cau.Cau7BG001510	0.99	0.99	73.19	101	L1
transcript:AT1G75010.1	Cau.Cau8BG001106	1.00	0.99	48.13	374	L1
transcript:AT4G25340.1	Cau.Cau9AG000385	1.00	1.00	50.89	257	L1
transcript:AT5G40570.1	Cau.Cau2BG000593	0.97	0.95	55.27	131	L1
transcript:AT3G45310.1	Cau.Cau4AG001698	1.00	1.00	72.85	263	L1
transcript:AT3G30390.2	Cau.Cau6AG000233	0.99	1.00	72.83	335	L1
transcript:AT5G06390.1	Cau.Cau6BG000877	1.00	1.00	77.83	358	L1
transcript:AT1G48410.1	Cau.Cau5BG001644	0.93	0.92	81.22	800	L1
transcript:AT5G52450.1	Cau.Cau4AG001035	0.96	0.98	69.50	335	L1
transcript:AT2G26440.1	Cau.Cau4BG001788	0.95	0.94	66.86	347	L1
transcript:AT2G25100.1	Cau.Cau7BG001669	1.00	1.00	75.42	224	L1
transcript:AT3G27810.1	Cau.Cau2BG000514	0.94	0.97	63.38	135	L1
transcript:AT3G04620.1	Cau.Cau8BG001229	0.75	0.81	78.86	97	L1
transcript:AT3G01810.2	Cau.Cau2BG000903	1.00	1.00	61.91	518	L1
transcript:AT2G39650.1	Cau.Cau7BG002376	0.90	0.84	64.50	169	L1
transcript:AT5G13720.1	Cau.Cau7AG000106	1.00	1.00	67.14	188	L1
transcript:AT5G08490.8	Cau.Cau1BG000771	0.98	0.95	55.29	460	L1
transcript:AT1G03540.1	Cau.Cau2AG001037	0.99	0.99	59.50	360	L1
transcript:AT5G14230.1	Cau.Cau2AG000920	0.99	1.00	67.51	507	L1
transcript:AT5G25270.1	Cau.Cau4BG002329	0.99	0.99	41.15	307	L1
transcript:AT1G30320.1	Cau.Cau2AG002127	1.00	1.00	56.55	315	L1
transcript:AT4G28760.1	Cau.Cau5AG002677	1.00	1.00	48.63	498	L1
transcript:AT3G21720.1	Cau.Cau2AG001187	1.00	1.00	82.99	478	L1
transcript:AT1G64350.1	Cau.Cau5BG000147	0.99	1.00	69.14	224	L1
transcript:AT2G39550.1	Cau.Cau7AG002025	0.99	1.00	68.10	254	L1
transcript:AT5G02710.3	Cau.Cau6AG001592	0.98	0.91	58.52	103	L1
transcript:AT3G58040.3	Cau.Cau6BG000950	1.00	1.00	83.44	257	L1
transcript:AT1G74920.1	Cau.Cau5BG000390	1.00	0.99	82.63	414	L1
transcript:AT4G14030.1	Cau.Cau9AG000862	1.00	1.00	77.14	378	L1
transcript:AT2G41610.1	Cau.Cau5BG003286	0.96	0.94	52.35	156	L1
transcript:AT1G13790.2	Cau.Cau8AG001824	0.98	0.97	51.56	314	L1
transcript:AT1G14990.1	Cau.Cau2BG001679	1.00	1.00	77.87	95	L1
transcript:AT3G23530.1	Cau.Cau9BG001235	0.15	0.94	80.30	106	L1
transcript:AT3G55120.1	Cau.Cau7BG001961	0.89	0.99	68.18	150	L1
transcript:AT5G65270.1	Cau.Cau1AG000721	1.00	1.00	85.84	194	L1
transcript:AT2G38440.1	Cau.Cau6BG001210	0.99	0.99	47.65	395	L1
transcript:AT4G21585.4	Cau.Cau2BG002290	0.97	0.89	71.72	208	L1
transcript:AT2G35110.2	Cau.Cau2AG001949	0.22	0.98	85.44	270	L1
transcript:AT2G27690.1	Cau.Cau8BG001443	0.99	0.96	63.34	311	L1
transcript:AT1G05070.1	Cau.Cau2BG001243	0.99	0.99	68.82	128	L1
transcript:AT3G17760.2	Cau.Cau5AG001690	1.00	1.00	79.16	395	L1
transcript:AT5G51460.5	Cau.Cau9AG000425	0.99	0.99	69.85	271	L1
transcript:AT1G25682.2	Cau.Cau7BG000863	1.00	1.00	73.95	230	L1
transcript:AT1G80500.2	Cau.Cau5AG002131	1.00	1.00	78.52	106	L1
transcript:AT3G23280.1	Cau.Cau9AG001232	1.00	1.00	58.32	291	L1
transcript:AT1G13290.1	Cau.Cau7AG000868	0.77	0.78	73.31	173	L1
transcript:AT5G27290.1	Cau.Cau3AG001479	0.91	0.93	76.53	238	L1
transcript:AT3G01460.1	Cau.Cau2AG000474	0.99	1.00	47.58	1062	L1
transcript:AT1G80710.1	Cau.Cau4BG002305	0.99	0.99	51.68	277	L1
transcript:AT4G17085.1	Cau.Cau5BG000654	1.00	1.00	66.67	38	L1
transcript:AT4G10950.2	Cau.Cau5BG000111	1.00	0.98	62.74	261	L1
transcript:AT4G17980.2	Cau.Cau7AG001514	1.00	1.00	51.56	182	L1
transcript:AT3G20330.2	Cau.Cau1AG001196	0.99	1.00	72.10	292	L1
transcript:AT3G52870.1	Cau.Cau6BG000708	0.99	0.92	63.88	290	L1
transcript:AT5G13450.1	Cau.Cau7AG000077	0.99	0.98	57.81	137	L1
transcript:AT3G11050.1	Cau.Cau7BG002198	1.00	0.98	69.62	181	L1
transcript:AT4G17540.1	Cau.Cau5BG000693	0.89	0.92	50.18	137	L1
transcript:AT3G16060.1	Cau.Cau1BG001160	1.00	1.00	74.79	537	L1
transcript:AT4G13550.2	Cau.Cau9BG001165	0.99	0.99	59.34	521	L1
transcript:AT4G36945.1	Cau.Cau1BG000440	0.98	0.95	65.92	265	L1
transcript:AT5G35732.1	Cau.Cau2BG001328	0.85	0.93	50.00	49	L1
transcript:AT4G14240.1	Cau.Cau9AG001531	0.95	0.95	79.05	381	L1
transcript:AT2G39370.1	Cau.Cau7AG001950	1.00	1.00	49.73	187	L1
transcript:AT1G31480.1	Cau.Cau5AG001862	0.98	0.99	66.45	620	L1
transcript:AT3G51010.1	Cau.Cau1AG001730	0.99	1.00	65.43	123	L1
transcript:AT2G32210.1	Cau.Cau6AG001049	1.00	1.00	69.74	53	L1
transcript:AT5G09450.1	Cau.Cau8BG000943	0.99	0.99	58.78	241	L1
transcript:AT3G14900.1	Cau.Cau5BG001286	1.00	1.00	58.99	361	L1
transcript:AT2G43650.1	Cau.Cau5AG002159	1.00	1.00	51.74	356	L1
transcript:AT3G44460.1	Cau.Cau8BG001422	0.94	0.94	43.82	163	L1
transcript:AT3G50860.1	Cau.Cau1AG000280	1.00	1.00	80.72	134	L1
transcript:AT2G01905.1	Cau.Cau2AG001569	0.94	0.95	63.18	139	L1
transcript:AT2G20980.1	Cau.Cau8AG000166	1.00	1.00	59.51	244	L1
transcript:AT5G01990.1	Cau.Cau6BG001116	0.96	0.97	73.83	316	L1
transcript:AT5G22870.1	Cau.Cau8BG001519	0.93	0.95	46.35	89	L1
transcript:AT5G17790.1	Cau.Cau7AG001168	0.82	0.72	42.22	293	L1
transcript:AT1G54510.1	Cau.Cau3AG001630	0.97	0.99	66.67	414	L1
transcript:AT5G08500.1	Cau.Cau1BG000770	1.00	1.00	78.66	468	L1
transcript:AT3G15355.1	Cau.Cau4BG001166	0.94	0.94	39.74	240	L1
transcript:AT3G19180.1	Cau.Cau5BG001696	0.92	0.92	60.94	468	L1
transcript:AT4G23490.1	Cau.Cau5BG000226	0.99	1.00	71.19	378	L1
transcript:AT1G30630.1	Cau.Cau2BG002015	1.00	1.00	83.90	245	L1
transcript:AT2G44730.1	Cau.Cau5BG003781	0.87	0.92	51.76	176	L1
transcript:AT1G32100.1	Cau.Cau3AG001827	0.97	0.99	70.97	220	L1
transcript:AT3G19240.1	Cau.Cau8AG000445	1.00	1.00	74.01	484	L1
transcript:AT5G14290.1	Cau.Cau2BG000928	0.89	0.89	66.10	78	L1
transcript:AT2G30280.1	Cau.Cau1AG001619	0.80	0.75	55.83	158	L1
transcript:AT5G45890.1	Cau.Cau2AG000678	1.00	1.00	53.01	185	L1
transcript:AT5G14345.1	Cau.Cau2BG000964	0.82	0.59	54.61	77	L1
transcript:AT3G13450.1	Cau.Cau2AG000016	0.91	0.90	92.92	302	L1
transcript:AT5G13460.1	Cau.Cau7AG000133	1.00	1.00	49.17	238	L1
transcript:AT4G18740.1	Cau.Cau2AG002508	0.72	0.73	41.05	78	L1
transcript:AT5G40460.1	Cau.Cau2AG000546	0.96	0.93	65.77	73	L1
transcript:AT5G46020.1	Cau.Cau4AG001087	1.00	1.00	68.90	113	L1
transcript:AT5G04500.1	Cau.Cau7BG001755	0.98	0.93	64.48	492	L1
transcript:AT3G05000.1	Cau.Cau3BG001517	1.00	1.00	82.76	144	L1
transcript:AT2G48120.1	Cau.Cau5AG002965	1.00	1.00	68.55	218	L1
transcript:AT4G09510.1	Cau.Cau3BG000598	1.00	1.00	86.92	485	L1
transcript:AT2G23640.1	Cau.Cau1BG000385	0.92	0.84	44.50	85	L1
transcript:AT5G28300.1	Cau.Cau3BG001614	1.00	1.00	36.98	260	L1
transcript:AT2G01830.1	Cau.Cau2AG001583	0.93	0.99	69.97	706	L1
transcript:AT5G06750.3	Cau.Cau6BG000973	0.99	0.99	71.76	282	L1
transcript:AT3G54230.2	Cau.Cau6AG000645	1.00	1.00	57.37	619	L1
transcript:AT3G55000.1	Cau.Cau7BG001937	1.00	0.98	71.76	188	L1
transcript:AT3G10405.1	Cau.Cau7AG001796	0.94	0.90	62.19	125	L1
transcript:AT5G02740.1	Cau.Cau6AG001597	1.00	1.00	50.43	117	L1
transcript:AT2G38695.1	Cau.Cau3BG001936	0.83	0.69	64.04	114	L1
transcript:AT5G59730.2	Cau.Cau8AG001737	0.94	0.93	51.08	308	L1
transcript:AT3G61080.2	Cau.Cau5AG003637	0.95	0.93	75.98	253	L1
transcript:AT4G37640.1	Cau.Cau1BG000572	1.00	1.00	83.66	850	L1
transcript:AT5G44740.2	Cau.Cau2BG001890	1.00	0.99	57.73	422	L1
transcript:AT1G49380.1	Cau.Cau8BG000566	0.99	0.98	71.32	388	L1
transcript:AT3G29170.2	Cau.Cau6BG000067	1.00	1.00	71.07	86	L1
transcript:AT2G47260.1	Cau.Cau5BG003180	0.93	0.89	52.32	169	L1
transcript:AT1G61570.1	Cau.Cau5BG000023	0.98	0.97	61.18	52	L1
transcript:AT5G12970.1	Cau.Cau2AG000151	1.00	1.00	86.40	667	L1
transcript:AT4G35870.1	Cau.Cau1BG000096	0.99	1.00	76.08	614	L1
transcript:AT1G60890.1	Cau.Cau3AG002083	1.00	0.99	65.94	513	L1
transcript:AT5G38720.1	Cau.Cau6BG000308	0.50	0.48	69.74	106	L1
transcript:AT3G56400.1	Cau.Cau6BG001150	0.82	0.82	37.27	101	L1
transcript:AT4G35410.2	Cau.Cau8AG000008	0.99	1.00	93.17	150	L1
transcript:AT5G07270.1	Cau.Cau9BG000302	1.00	1.00	75.57	396	L1
transcript:AT4G00340.1	Cau.Cau5BG003493	0.97	0.91	62.14	499	L1
transcript:AT3G11470.1	Cau.Cau6BG000766	0.96	0.81	59.66	176	L1
transcript:AT4G30230.1	Cau.Cau4AG002083	0.97	1.00	36.84	105	L1
transcript:AT3G18550.4	Cau.Cau5BG001167	0.40	0.40	46.29	81	L1
transcript:AT2G01850.1	Cau.Cau2AG001577	0.98	0.96	69.42	227	L1
transcript:AT1G61340.2	Cau.Cau2BG002273	0.99	0.94	50.53	95	L1
transcript:AT2G45000.1	Cau.Cau5BG003732	0.43	0.47	71.60	237	L1
transcript:AT1G24120.1	Cau.Cau7BG000385	1.00	1.00	73.17	319	L1
transcript:AT5G44450.1	Cau.Cau2BG002027	1.00	0.80	71.89	202	L1
transcript:AT2G33720.1	Cau.Cau9AG000213	0.48	0.88	35.85	57	L1
transcript:AT1G79560.1	Cau.Cau9AG000032	1.00	1.00	76.02	767	L1
transcript:AT1G07510.1	Cau.Cau8BG001854	1.00	1.00	78.58	642	L1
transcript:AT1G73850.2	Cau.Cau5AG001216	1.00	1.00	51.48	331	L1
transcript:AT3G57440.1	Cau.Cau9AG000644	1.00	0.98	40.41	99	L1
transcript:AT5G14550.1	Cau.Cau2BG000541	0.98	0.96	72.24	268	L1
transcript:ATCG00190.1	Cau.Cau8BG000922	0.97	0.99	84.42	883	L1
transcript:AT5G58970.1	Cau.Cau8BG001928	1.00	1.00	80.66	246	L1
transcript:AT1G80420.2	Cau.Cau1BG001242	0.99	0.96	57.37	214	L1
transcript:AT2G23840.1	Cau.Cau5BG002423	0.98	0.98	61.57	173	L1
transcript:AT5G45520.2	Cau.Cau1AG001956	0.85	0.73	36.98	195	L1
transcript:AT5G13090.1	Cau.Cau7AG000694	1.00	1.00	45.83	132	L1
transcript:AT3G57930.2	Cau.Cau6BG000998	0.98	0.99	54.11	79	L1
transcript:AT5G49580.3	Cau.Cau9BG001931	0.96	0.94	52.04	370	L1
transcript:AT4G25910.1	Cau.Cau4BG002080	1.00	1.00	67.49	164	L1
transcript:AT4G23540.1	Cau.Cau9BG000689	0.99	0.96	49.38	559	L1
transcript:AT1G55850.1	Cau.Cau4AG001603	0.98	0.97	60.57	447	L1
transcript:AT5G43050.1	Cau.Cau9BG000330	0.75	0.74	87.29	103	L1
transcript:AT5G01830.1	Cau.Cau6AG001184	0.98	0.99	59.79	406	L1
transcript:AT2G33790.1	Cau.Cau2BG002369	0.88	0.76	42.66	93	L1
transcript:AT3G43610.1	Cau.Cau8AG001243	0.99	0.99	48.51	604	L1
transcript:AT3G05625.1	Cau.Cau3BG001337	0.99	1.00	68.54	183	L1
transcript:AT5G61030.2	Cau.Cau5BG001052	0.39	0.40	70.00	84	L1
transcript:AT5G06240.1	Cau.Cau6AG000802	1.00	0.99	67.26	113	L1
transcript:AT5G14090.1	Cau.Cau2BG000849	1.00	1.00	41.32	157	L1
transcript:AT5G17560.1	Cau.Cau7BG001104	0.95	0.93	54.60	95	L1
transcript:AT4G03200.1	Cau.Cau5BG003003	0.99	0.99	73.30	593	L1
transcript:AT5G39400.1	Cau.Cau6AG000054	0.99	0.97	66.18	274	L1
transcript:AT5G57640.1	Cau.Cau7BG000236	0.58	0.64	35.77	49	L1
transcript:AT1G54400.1	Cau.Cau5BG002471	0.50	0.44	56.99	53	L1
transcript:AT3G43860.2	Cau.Cau4AG001804	0.77	0.88	59.55	237	L1
transcript:AT4G01210.1	Cau.Cau5AG003487	1.00	1.00	61.44	642	L1
transcript:AT3G52240.1	Cau.Cau7BG001715	0.82	0.77	36.63	222	L1
transcript:AT5G67480.3	Cau.Cau1AG000528	0.95	0.96	65.19	236	L1
transcript:AT3G12340.1	Cau.Cau5AG001764	1.00	1.00	53.84	182	L1
transcript:AT4G24240.1	Cau.Cau3BG000499	0.97	0.97	55.41	210	L1
transcript:AT1G48620.1	Cau.Cau4AG000952	0.78	0.87	36.25	141	L1
transcript:AT3G60340.1	Cau.Cau5AG003787	0.95	0.82	66.36	213	L1
transcript:AT5G50350.1	Cau.Cau5BG000589	1.00	1.00	39.29	255	L1
transcript:AT2G02148.5	Cau.Cau8BG001138	0.99	0.91	62.77	295	L1
transcript:AT3G60030.1	Cau.Cau5BG003222	1.00	1.00	58.23	587	L1
transcript:AT5G49600.1	Cau.Cau9BG001933	0.91	0.86	60.51	95	L1
transcript:AT1G74260.1	Cau.Cau7BG002315	0.99	0.99	80.87	1137	L1
transcript:AT5G45660.1	Cau.Cau2AG002547	0.99	0.98	45.37	103	L1
transcript:AT5G43300.1	Cau.Cau7AG000183	0.86	0.86	65.00	208	L1
transcript:AT4G28450.1	Cau.Cau2BG000971	1.00	1.00	80.75	365	L1
transcript:AT4G13720.1	Cau.Cau9BG001091	1.00	1.00	84.88	174	L1
transcript:AT5G55000.2	Cau.Cau5BG002484	1.00	1.00	78.74	237	L1
transcript:AT4G04320.2	Cau.Cau2BG002693	0.99	0.97	69.42	361	L1
transcript:AT3G11400.1	Cau.Cau8BG001884	0.99	0.99	76.95	227	L1
transcript:AT2G39800.1	Cau.Cau7AG002324	1.00	0.99	77.87	556	L1
transcript:AT1G18910.1	Cau.Cau5AG000348	1.00	1.00	51.59	665	L1
transcript:AT5G49120.1	Cau.Cau9BG001783	1.00	1.00	45.86	72	L1
transcript:AT3G13530.1	Cau.Cau7BG000998	1.00	1.00	73.89	1067	L1
transcript:AT3G62860.1	Cau.Cau5BG003054	0.98	0.96	73.26	252	L1
transcript:AT4G33870.1	Cau.Cau2BG000720	0.87	0.92	44.54	163	L1
transcript:AT1G55340.1	Cau.Cau2AG000033	0.93	0.93	65.50	131	L1
transcript:AT3G18580.1	Cau.Cau5BG001155	0.98	1.00	65.75	144	L1
transcript:AT5G13050.2	Cau.Cau5AG000365	0.81	0.90	68.68	125	L1
transcript:AT3G07180.1	Cau.Cau5AG002610	1.00	1.00	62.71	380	L1
transcript:AT5G25070.1	Cau.Cau3BG000005	0.99	0.99	50.60	378	L1
transcript:AT1G07540.1	Cau.Cau8AG001832	1.00	1.00	49.65	350	L1
transcript:AT5G64640.1	Cau.Cau1BG001895	0.98	0.99	61.93	366	L1
transcript:AT5G06800.1	Cau.Cau6AG000995	0.78	0.76	50.82	155	L1
transcript:AT3G08970.2	Cau.Cau6BG001271	1.00	0.99	61.63	355	L1
transcript:AT2G27920.1	Cau.Cau8BG001514	1.00	0.98	65.29	301	L1
transcript:AT5G67630.1	Cau.Cau1AG000536	1.00	0.99	85.65	400	L1
transcript:AT1G01860.1	Cau.Cau5AG003639	0.86	0.89	78.04	231	L1
transcript:AT5G37710.1	Cau.Cau6BG000512	1.00	1.00	70.00	315	L1
transcript:AT5G56850.4	Cau.Cau4AG000896	0.26	0.88	46.81	66	L1
transcript:AT3G20730.1	Cau.Cau1AG001575	0.98	0.93	50.99	283	L1
transcript:AT4G15790.2	Cau.Cau9BG001746	0.98	0.97	49.73	91	L1
transcript:AT1G69970.2	Cau.Cau7AG000364	0.95	0.97	40.21	39	L1
transcript:AT4G11820.2	Cau.Cau5AG000887	1.00	1.00	81.58	381	L1
transcript:AT3G15620.1	Cau.Cau1BG001292	0.99	0.99	76.85	425	L1
transcript:AT3G53850.2	Cau.Cau6BG001449	1.00	1.00	74.68	115	L1
transcript:AT2G01650.2	Cau.Cau2BG001624	1.00	1.00	59.59	289	L1
transcript:AT1G07360.1	Cau.Cau8AG001922	0.98	1.00	67.27	335	L1
transcript:AT5G60450.2	Cau.Cau8AG001651	0.95	0.93	64.30	490	L1
transcript:AT5G60920.1	Cau.Cau5BG001077	1.00	1.00	78.77	360	L1
transcript:AT5G13490.2	Cau.Cau7AG000081	1.00	1.00	83.59	326	L1
transcript:AT1G34370.2	Cau.Cau3AG000575	1.00	1.00	58.00	308	L1
transcript:AT1G71950.1	Cau.Cau3BG000587	0.77	0.88	62.86	66	L1
transcript:AT1G73170.1	Cau.Cau4AG001073	0.95	1.00	59.28	393	L1
transcript:AT1G48570.1	Cau.Cau4BG001008	0.93	0.93	46.10	207	L1
transcript:AT3G12630.1	Cau.Cau7BG000087	1.00	1.00	58.29	109	L1
transcript:AT4G24090.1	Cau.Cau5BG000061	0.80	0.78	59.13	149	L1
transcript:AT2G17710.1	Cau.Cau1BG000089	0.79	0.80	59.85	82	L1
transcript:AT5G62070.1	Cau.Cau9AG000297	0.97	0.98	46.28	218	L1
transcript:AT2G04940.1	Cau.Cau3AG000529	0.81	0.82	68.25	230	L1
transcript:AT1G70160.1	Cau.Cau7AG000381	0.97	0.97	84.16	425	L1
transcript:AT3G57090.2	Cau.Cau9BG000837	1.00	1.00	71.18	121	L1
transcript:AT2G18480.1	Cau.Cau1AG000304	0.98	0.98	67.74	338	L1
transcript:AT2G22500.1	Cau.Cau1BG000691	0.99	1.00	76.75	241	L1
transcript:AT4G33460.1	Cau.Cau1BG001859	0.98	0.98	65.41	174	L1
transcript:AT1G31800.1	Cau.Cau6BG001862	0.98	0.96	76.90	456	L1
transcript:AT4G10790.1	Cau.Cau5BG000069	1.00	1.00	72.61	350	L1
transcript:AT4G00490.1	Cau.Cau5AG003570	0.91	0.88	77.15	385	L1
transcript:AT1G12910.1	Cau.Cau2BG000743	1.00	1.00	93.35	323	L1
transcript:AT4G01560.1	Cau.Cau5AG003334	1.00	1.00	74.65	268	L1
transcript:AT5G60410.6	Cau.Cau8AG001654	1.00	1.00	67.01	591	L1
transcript:AT5G62440.1	Cau.Cau5AG000948	0.84	0.82	56.15	105	L1
transcript:AT2G46080.1	Cau.Cau5BG003477	1.00	0.99	62.82	218	L1
transcript:AT1G58060.1	Cau.Cau3AG002179	1.00	1.00	66.76	982	L1
transcript:AT4G12290.1	Cau.Cau5AG000821	0.99	0.99	68.93	508	L1
transcript:AT2G27990.1	Cau.Cau8AG001580	0.58	0.55	41.08	191	L1
transcript:AT5G54830.1	Cau.Cau4BG000161	0.99	0.99	65.90	599	L1
transcript:AT5G48500.1	Cau.Cau2AG001514	0.99	0.99	50.00	85	L1
transcript:AT5G22110.1	Cau.Cau5AG001692	0.99	1.00	73.88	396	L1
transcript:AT2G38905.1	Cau.Cau7BG001915	1.00	1.00	96.30	52	L1
transcript:AT5G16880.2	Cau.Cau5BG002345	1.00	1.00	75.18	306	L1
transcript:AT5G63640.2	Cau.Cau1AG000772	1.00	1.00	66.22	298	L1
transcript:AT5G48830.1	Cau.Cau5AG002640	0.87	0.85	53.23	239	L1
transcript:AT5G19640.1	Cau.Cau2AG000127	0.88	0.89	70.49	387	L1
transcript:AT4G38370.1	Cau.Cau8BG000055	0.96	0.96	72.15	158	L1
transcript:AT5G50870.1	Cau.Cau7BG001411	1.00	1.00	76.29	148	L1
transcript:AT5G24750.1	Cau.Cau3BG002071	0.97	0.99	61.49	313	L1
transcript:AT1G11755.1	Cau.Cau8AG000609	1.00	1.00	53.94	137	L1
transcript:AT3G13560.5	Cau.Cau2BG000059	0.98	1.00	66.06	327	L1
transcript:AT5G15230.1	Cau.Cau6BG000109	1.00	1.00	63.55	68	L1
transcript:AT5G26731.1	Cau.Cau6BG002441	0.59	0.50	60.34	35	L1
transcript:AT5G48030.1	Cau.Cau7AG000041	1.00	1.00	62.69	289	L1
transcript:AT2G26590.3	Cau.Cau4AG001963	0.97	0.91	70.75	208	L1
transcript:AT4G35987.1	Cau.Cau1AG000140	0.98	0.97	67.43	205	L1
transcript:AT5G03200.1	Cau.Cau8BG001653	0.96	0.96	53.92	179	L1
transcript:AT4G33800.2	Cau.Cau8AG000280	0.94	0.88	40.00	70	L1
transcript:AT1G80370.1	Cau.Cau1BG001250	1.00	1.00	56.94	279	L1
transcript:AT4G22930.2	Cau.Cau2BG001013	0.93	0.95	80.40	283	L1
transcript:AT4G39100.1	Cau.Cau8BG000677	0.93	0.95	71.83	153	L1
transcript:AT3G08890.2	Cau.Cau6BG001236	1.00	1.00	75.29	128	L1
transcript:AT5G62000.5	Cau.Cau7BG001394	0.94	0.96	69.70	575	L1
transcript:AT3G18640.3	Cau.Cau1BG001894	0.65	0.57	36.36	188	L1
transcript:AT5G63880.1	Cau.Cau1AG001720	1.00	1.00	80.00	180	L1
transcript:AT5G61210.2	Cau.Cau5BG001014	1.00	1.00	68.63	210	L1
transcript:AT3G53720.1	Cau.Cau6BG001535	0.82	1.00	74.82	523	L1
transcript:AT1G69080.1	Cau.Cau7AG000763	1.00	1.00	44.22	111	L1
transcript:AT3G60500.1	Cau.Cau2BG000278	0.98	0.96	61.73	279	L1
transcript:AT1G78170.1	Cau.Cau3BG000990	0.91	0.93	41.94	91	L1
transcript:AT5G61430.1	Cau.Cau5AG000964	1.00	1.00	62.47	228	L1
transcript:AT1G49890.1	Cau.Cau8AG000317	1.00	1.00	55.28	377	L1
transcript:AT5G51050.1	Cau.Cau7AG001340	0.99	0.98	79.07	393	L1
transcript:AT1G48960.1	Cau.Cau5BG001156	0.95	0.95	55.71	117	L1
transcript:AT3G46290.1	Cau.Cau8BG001749	0.99	0.99	67.54	564	L1
transcript:AT2G37560.1	Cau.Cau6AG001535	0.99	1.00	70.72	256	L1
transcript:AT1G68560.1	Cau.Cau7AG000903	0.97	0.97	78.52	702	L1
transcript:AT5G48970.1	Cau.Cau9BG001737	0.97	0.99	80.55	265	L1
transcript:AT5G57123.1	Cau.Cau4BG002023	1.00	1.00	70.15	47	L1
transcript:AT3G23560.1	Cau.Cau4AG001137	0.98	0.98	66.95	316	L1
transcript:AT2G43020.1	Cau.Cau7BG001314	1.00	1.00	80.65	396	L1
transcript:AT3G26744.4	Cau.Cau7BG001395	0.92	0.88	51.37	262	L1
transcript:AT3G09690.2	Cau.Cau6BG001659	0.96	0.96	64.89	329	L1
transcript:AT3G26670.1	Cau.Cau2AG000761	0.99	0.98	73.47	324	L1
transcript:AT1G51410.1	Cau.Cau2BG000256	0.98	0.98	80.25	256	L1
transcript:AT1G01230.1	Cau.Cau5AG003403	1.00	1.00	86.62	136	L1
transcript:AT3G48990.1	Cau.Cau9AG000256	1.00	0.98	80.70	414	L1
transcript:AT5G19040.3	Cau.Cau9AG001529	1.00	1.00	64.07	214	L1
transcript:AT5G47910.1	Cau.Cau8BG000986	0.98	0.99	74.92	687	L1
transcript:AT3G09410.1	Cau.Cau6AG001506	1.00	1.00	64.17	274	L1
transcript:AT5G47180.2	Cau.Cau5BG000688	1.00	0.96	67.58	148	L1
transcript:AT4G05220.1	Cau.Cau2BG002196	0.97	0.97	61.19	134	L1
transcript:AT3G53330.1	Cau.Cau4AG000533	0.91	0.81	29.67	89	L1
transcript:AT5G09580.1	Cau.Cau8AG000199	0.86	0.90	64.33	220	L1
transcript:AT5G62280.1	Cau.Cau9AG000389	0.99	0.99	54.94	128	L1
transcript:AT3G12940.2	Cau.Cau5BG001476	0.97	0.98	77.15	368	L1
transcript:AT4G36760.1	Cau.Cau1AG000318	1.00	1.00	72.63	467	L1
transcript:AT5G01390.1	Cau.Cau6AG001305	0.99	1.00	74.93	254	L1
transcript:AT4G38500.1	Cau.Cau8AG000132	1.00	1.00	74.90	376	L1
transcript:AT4G36970.1	Cau.Cau1AG000423	0.97	0.99	46.71	206	L1
transcript:AT4G24760.1	Cau.Cau5AG000549	0.99	1.00	77.48	289	L1
transcript:AT2G40690.3	Cau.Cau7BG002107	0.91	0.83	84.90	326	L1
transcript:AT5G05360.1	Cau.Cau6BG001211	0.67	0.98	62.39	68	L1
transcript:AT3G03920.1	Cau.Cau5AG002503	0.75	0.79	72.26	112	L1
transcript:AT4G35900.1	Cau.Cau3BG000163	0.79	0.87	38.70	101	L1
transcript:AT3G51030.1	Cau.Cau1BG000210	0.99	0.95	86.73	98	L1
transcript:AT1G05690.1	Cau.Cau5AG002072	0.98	0.88	61.60	223	L1
transcript:AT1G11480.1	Cau.Cau2AG002242	1.00	1.00	42.36	269	L1
transcript:AT3G25700.1	Cau.Cau7AG000855	0.94	0.96	61.31	263	L1
transcript:AT2G47470.1	Cau.Cau5AG003169	0.99	1.00	77.59	277	L1
transcript:AT5G46210.1	Cau.Cau2BG002625	1.00	1.00	80.82	653	L1
transcript:AT3G49200.1	Cau.Cau5AG001524	0.94	0.95	58.47	283	L1
transcript:AT5G03555.1	Cau.Cau6AG001759	0.83	0.88	72.55	362	L1
transcript:AT3G46940.1	Cau.Cau3BG000345	0.98	0.74	80.98	132	L1
transcript:AT1G17050.1	Cau.Cau5BG001387	1.00	0.99	71.63	303	L1
transcript:AT4G20020.2	Cau.Cau3BG002196	0.93	0.94	47.83	198	L1
transcript:AT2G46970.2	Cau.Cau5AG003299	0.35	0.62	45.34	73	L1
transcript:AT4G09890.1	Cau.Cau3BG000650	0.87	0.92	61.45	51	L1
transcript:AT1G79780.1	Cau.Cau1AG001083	0.99	0.98	48.94	92	L1
transcript:AT5G06130.2	Cau.Cau6BG000779	0.91	0.98	69.61	213	L1
transcript:AT5G13170.1	Cau.Cau7AG000185	0.96	0.89	60.64	171	L1
transcript:AT3G23330.1	Cau.Cau6BG001780	0.79	0.91	56.04	357	L1
transcript:AT4G34050.1	Cau.Cau8BG000415	0.94	0.98	90.98	222	L1
transcript:AT5G66090.1	Cau.Cau1BG000103	1.00	1.00	61.19	134	L1
transcript:AT2G37020.1	Cau.Cau6BG001740	1.00	1.00	58.59	191	L1
transcript:AT1G16010.3	Cau.Cau1BG001508	1.00	1.00	85.78	380	L1
transcript:AT2G04570.1	Cau.Cau2AG001292	0.97	0.96	67.35	231	L1
transcript:AT5G14790.1	Cau.Cau2BG000478	0.97	0.99	65.38	221	L1
transcript:AT2G32590.1	Cau.Cau2AG001240	1.00	1.00	63.20	426	L1
transcript:AT2G15230.1	Cau.Cau8AG000374	0.95	0.93	69.50	262	L1
transcript:AT1G52800.1	Cau.Cau1AG001229	0.97	0.98	54.22	167	L1
transcript:AT4G13780.1	Cau.Cau9AG000902	1.00	0.99	77.18	619	L1
transcript:AT4G38100.1	Cau.Cau1BG000693	1.00	1.00	43.66	93	L1
transcript:AT1G55750.6	Cau.Cau4BG001675	1.00	1.00	62.17	373	L1
transcript:AT4G15470.1	Cau.Cau9AG001561	0.62	0.83	80.62	129	L1
transcript:AT2G33610.1	Cau.Cau3AG000035	1.00	0.98	55.93	264	L1
transcript:AT5G61970.1	Cau.Cau7BG001390	1.00	1.00	78.28	472	L1
transcript:AT1G16500.1	Cau.Cau9BG000069	1.00	1.00	49.32	145	L1
transcript:AT4G36180.1	Cau.Cau1BG000180	1.00	1.00	69.53	792	L1
transcript:AT4G36810.1	Cau.Cau1AG000325	1.00	1.00	64.19	242	L1
transcript:AT3G24480.1	Cau.Cau4BG000666	0.93	0.56	71.02	326	L1
transcript:AT2G46620.1	Cau.Cau5BG003340	0.99	0.99	65.57	320	L1
transcript:AT1G57680.2	Cau.Cau3BG002335	1.00	0.94	59.37	225	L1
transcript:AT1G27920.1	Cau.Cau7BG000656	0.99	0.94	68.74	387	L1
transcript:AT2G16440.1	Cau.Cau8BG000683	1.00	1.00	76.07	655	L1
transcript:AT5G59000.1	Cau.Cau8BG001918	0.95	0.98	43.18	95	L1
transcript:AT5G08430.1	Cau.Cau1AG002113	0.96	0.94	44.50	247	L1
transcript:AT2G16390.2	Cau.Cau8BG000671	1.00	1.00	57.24	526	L1
transcript:AT1G47670.1	Cau.Cau3AG000409	1.00	0.99	89.40	464	L1
transcript:AT3G61870.1	Cau.Cau5AG003388	1.00	0.86	64.29	180	L1
transcript:AT3G22250.1	Cau.Cau6BG001051	0.98	0.93	55.36	253	L1
transcript:AT5G23100.1	Cau.Cau5BG001148	1.00	0.97	58.76	171	L1
transcript:AT3G16270.3	Cau.Cau1AG001092	1.00	1.00	60.17	429	L1
transcript:AT3G02350.1	Cau.Cau6AG000301	1.00	1.00	81.17	457	L1
transcript:AT2G45960.2	Cau.Cau5BG000247	0.77	0.94	86.05	185	L1
transcript:AT3G01150.1	Cau.Cau6AG000090	0.99	0.85	79.85	317	L1
transcript:AT5G65290.1	Cau.Cau1BG000720	1.00	0.99	70.88	521	L1
transcript:AT2G45860.1	Cau.Cau5AG003584	1.00	1.00	67.07	55	L1
transcript:AT5G23050.1	Cau.Cau5BG001139	1.00	0.99	72.14	523	L1
transcript:AT1G44000.1	Cau.Cau3AG000777	1.00	0.95	59.93	160	L1
transcript:AT5G49400.1	Cau.Cau2BG000993	0.72	0.71	73.87	147	L1
transcript:AT4G22130.1	Cau.Cau2BG002694	0.99	0.98	74.26	525	L1
transcript:AT4G18050.1	Cau.Cau2AG002556	1.00	0.98	73.38	926	L1
transcript:AT4G13350.1	Cau.Cau4BG000664	1.00	1.00	50.19	338	L1
transcript:AT4G20030.1	Cau.Cau2BG001907	1.00	1.00	59.75	95	L1
transcript:AT3G06390.1	Cau.Cau9AG001618	0.97	0.95	43.30	84	L1
transcript:AT4G01220.1	Cau.Cau5AG003488	0.99	0.99	78.43	280	L1
transcript:AT5G15170.1	Cau.Cau2AG002207	1.00	0.98	67.04	423	L1
transcript:AT1G49230.1	Cau.Cau1AG001856	0.97	0.99	59.72	129	L1
transcript:AT4G39370.1	Cau.Cau1AG001904	0.85	0.72	49.77	212	L1
transcript:AT1G09030.1	Cau.Cau3BG001399	0.96	0.86	62.22	84	L1
transcript:AT1G17430.1	Cau.Cau1AG000916	0.99	0.97	48.00	168	L1
transcript:AT1G20640.1	Cau.Cau3AG000082	0.98	0.98	54.01	498	L1
transcript:AT2G38370.1	Cau.Cau6BG001191	0.95	0.96	47.35	268	L1
transcript:AT5G14450.1	Cau.Cau2AG000583	0.98	0.98	70.79	269	L1
transcript:AT3G58590.1	Cau.Cau2AG000664	0.99	0.99	54.23	397	L1
transcript:AT1G76990.3	Cau.Cau3BG000767	1.00	1.00	75.44	344	L1
transcript:AT1G20540.1	Cau.Cau3BG000104	1.00	1.00	83.71	293	L1
transcript:AT5G04530.1	Cau.Cau7AG001952	0.98	1.00	64.58	299	L1
transcript:AT2G41750.1	Cau.Cau7AG000841	0.90	0.91	60.76	144	L1
transcript:AT1G65280.2	Cau.Cau3AG000586	0.85	0.88	65.04	333	L1
transcript:AT3G56830.7	Cau.Cau5BG003676	1.00	0.90	50.97	105	L1
transcript:AT5G53120.5	Cau.Cau9BG000109	0.99	0.96	80.95	289	L1
transcript:AT5G20230.1	Cau.Cau1AG001312	0.94	0.96	32.74	73	L1
transcript:AT1G69350.1	Cau.Cau7BG000206	0.95	1.00	59.17	442	L1
transcript:AT4G31460.1	Cau.Cau4AG000059	0.87	0.82	76.22	141	L1
transcript:AT1G28960.3	Cau.Cau2AG002448	0.91	0.96	73.68	196	L1
transcript:AT1G63990.1	Cau.Cau5AG000206	1.00	1.00	75.46	289	L1
transcript:AT3G27060.1	Cau.Cau1BG002098	1.00	1.00	86.14	286	L1
transcript:AT1G53345.1	Cau.Cau5BG001646	1.00	0.92	61.11	198	L1
transcript:AT2G32700.6	Cau.Cau9AG000967	1.00	1.00	72.92	579	L1
transcript:AT1G61105.1	Cau.Cau2BG002313	0.84	0.78	68.79	108	L1
transcript:AT3G56040.1	Cau.Cau7AG002209	0.99	1.00	66.02	581	L1
transcript:AT5G05200.1	Cau.Cau7BG002093	1.00	1.00	82.54	449	L1
transcript:AT1G71840.1	Cau.Cau4AG001803	0.95	0.98	69.85	271	L1
transcript:AT1G19300.1	Cau.Cau3BG000377	0.99	0.98	80.35	278	L1
transcript:AT5G07290.1	Cau.Cau7BG001385	1.00	0.99	51.93	512	L1
transcript:AT5G47510.1	Cau.Cau5BG000771	0.92	0.79	59.04	209	L1
transcript:AT5G67230.1	Cau.Cau1BG000469	0.98	0.98	65.14	327	L1
transcript:AT2G20940.2	Cau.Cau8AG000148	0.96	0.96	54.55	84	L1
transcript:AT1G76310.1	Cau.Cau3BG000088	1.00	0.99	67.42	298	L1
transcript:AT4G30520.1	Cau.Cau4AG002191	0.98	1.00	74.38	476	L1
transcript:AT2G28430.1	Cau.Cau8BG001645	1.00	1.00	63.53	54	L1
transcript:AT5G03490.1	Cau.Cau7AG000784	0.98	0.98	54.78	258	L1
transcript:AT5G19750.1	Cau.Cau6BG000598	0.99	0.99	56.04	167	L1
transcript:AT3G24315.1	Cau.Cau9BG001194	1.00	1.00	67.80	200	L1
transcript:AT3G57800.2	Cau.Cau9BG000578	0.98	0.98	47.26	198	L1
transcript:AT4G35540.1	Cau.Cau7AG001353	1.00	1.00	47.95	257	L1
transcript:AT2G47480.1	Cau.Cau5BG003114	0.95	0.97	57.02	65	L1
transcript:AT1G67970.1	Cau.Cau2AG001601	0.99	0.98	52.66	208	L1
transcript:AT1G15230.1	Cau.Cau1AG001132	1.00	1.00	45.60	83	L1
transcript:AT3G04910.1	Cau.Cau3AG001600	0.92	0.85	65.93	447	L1
transcript:AT3G06580.1	Cau.Cau9BG001916	1.00	1.00	75.35	376	L1
transcript:AT1G05180.1	Cau.Cau2AG001208	0.97	1.00	78.24	410	L1
transcript:AT4G00950.1	Cau.Cau5AG003415	0.99	0.97	38.44	118	L1
transcript:AT1G08490.1	Cau.Cau2BG000404	1.00	1.00	77.16	358	L1
transcript:AT4G00370.1	Cau.Cau5BG003508	0.89	0.80	81.71	402	L1
transcript:AT4G16700.1	Cau.Cau5BG000742	1.00	0.98	64.25	293	L1
transcript:AT1G74530.3	Cau.Cau5BG000301	0.95	0.94	64.69	196	L1
transcript:AT5G50130.1	Cau.Cau5AG000481	0.98	1.00	73.57	245	L1
transcript:AT5G67390.1	Cau.Cau1BG000526	0.58	0.59	47.11	57	L1
transcript:AT5G14080.1	Cau.Cau2BG000845	1.00	0.97	55.21	350	L1
transcript:AT3G04130.1	Cau.Cau7BG000602	0.88	0.87	60.76	271	L1
transcript:AT3G58660.1	Cau.Cau7BG001245	0.77	0.78	59.66	210	L1
transcript:AT3G26580.1	Cau.Cau7BG000493	1.00	1.00	68.82	245	L1
transcript:AT1G18190.1	Cau.Cau4BG001029	1.00	1.00	49.93	343	L1
transcript:AT3G28030.3	Cau.Cau2AG000459	0.96	0.95	44.80	745	L1
transcript:AT3G46080.1	Cau.Cau8BG001774	0.96	0.79	51.19	86	L1
transcript:AT4G27590.1	Cau.Cau5BG001600	1.00	1.00	51.92	81	L1
transcript:AT1G06710.1	Cau.Cau5BG002294	0.97	0.99	64.89	632	L1
transcript:AT1G65680.1	Cau.Cau5BG003713	0.98	0.98	64.94	176	L1
transcript:AT2G47410.5	Cau.Cau5AG003190	0.99	0.99	62.13	914	L1
transcript:AT3G16000.1	Cau.Cau1BG001200	1.00	1.00	46.50	339	L1
transcript:AT5G17070.1	Cau.Cau5AG002383	0.79	0.92	55.22	127	L1
transcript:AT1G65380.1	Cau.Cau6AG001882	0.96	0.97	63.65	443	L1
transcript:AT3G52720.4	Cau.Cau6AG000761	0.94	0.95	43.54	118	L1
transcript:AT1G31970.1	Cau.Cau3AG001806	0.51	0.94	81.88	226	L1
transcript:AT5G44005.1	Cau.Cau5BG002665	0.78	0.97	38.36	28	L1
transcript:AT3G44610.1	Cau.Cau8AG001429	1.00	1.00	73.19	333	L1
transcript:AT5G13160.1	Cau.Cau7AG000186	0.98	0.99	83.99	383	L1
transcript:AT4G30080.1	Cau.Cau7BG001859	1.00	1.00	64.67	454	L1
transcript:AT1G06780.1	Cau.Cau5BG002779	1.00	1.00	59.70	363	L1
transcript:AT5G25640.1	Cau.Cau4AG000347	0.95	0.85	53.41	149	L1
transcript:AT1G50320.1	Cau.Cau7BG000949	1.00	1.00	55.73	107	L1
transcript:AT1G72430.1	Cau.Cau1BG000998	0.99	0.99	54.74	75	L1
transcript:AT3G09720.2	Cau.Cau6AG001667	0.99	1.00	71.19	383	L1
transcript:AT4G24150.1	Cau.Cau5BG000042	0.79	0.84	33.75	161	L1
transcript:AT1G55540.1	Cau.Cau2AG000009	0.95	0.95	42.72	784	L1
transcript:AT4G09900.1	Cau.Cau5BG001754	1.00	1.00	75.14	263	L1
transcript:AT4G00730.1	Cau.Cau5BG003582	1.00	1.00	68.85	588	L1
transcript:AT1G18550.1	Cau.Cau5BG001149	0.99	1.00	65.75	524	L1
transcript:AT3G52170.1	Cau.Cau7AG001757	1.00	1.00	40.26	134	L1
transcript:AT1G74860.1	Cau.Cau5AG000375	0.60	0.49	43.20	108	L1
transcript:AT1G28060.3	Cau.Cau7AG001946	0.95	0.96	58.81	474	L1
transcript:AT5G55530.3	Cau.Cau4BG001556	1.00	1.00	58.50	258	L1
transcript:AT3G14270.1	Cau.Cau1BG001018	1.00	1.00	62.34	1147	L1
transcript:AT2G46170.1	Cau.Cau5BG003451	0.96	0.98	68.02	168	L1
transcript:AT5G41990.1	Cau.Cau5BG000068	0.99	1.00	54.56	353	L1
transcript:AT1G65520.1	Cau.Cau7AG002012	1.00	1.00	62.08	149	L1
transcript:AT1G17020.1	Cau.Cau7BG000024	1.00	1.00	40.32	150	L1
transcript:AT1G05870.4	Cau.Cau5BG002270	1.00	1.00	56.92	111	L1
transcript:AT5G26770.2	Cau.Cau6BG002394	0.98	0.93	73.09	239	L1
transcript:AT4G12830.1	Cau.Cau2AG001482	0.97	0.97	69.21	272	L1
transcript:AT1G45000.1	Cau.Cau3BG000283	1.00	1.00	94.24	376	L1
transcript:AT5G13800.2	Cau.Cau7BG000124	0.96	0.89	62.66	292	L1
transcript:AT2G04037.1	Cau.Cau4AG002178	0.46	0.72	40.28	29	L1
transcript:AT4G12230.1	Cau.Cau5AG000824	0.80	0.94	65.00	208	L1
transcript:AT4G38900.2	Cau.Cau8BG000727	1.00	0.99	61.29	372	L1
transcript:AT2G36110.1	Cau.Cau6BG000583	0.77	0.90	35.94	69	L1
transcript:AT5G41590.1	Cau.Cau5BG000197	1.00	1.00	48.67	110	L1
transcript:AT2G02560.2	Cau.Cau3AG002366	1.00	1.00	82.84	1009	L1
transcript:AT1G78560.1	Cau.Cau5AG001407	0.95	0.95	70.40	283	L1
transcript:AT2G36430.1	Cau.Cau6BG000693	0.95	0.95	60.00	258	L1
transcript:AT2G20120.2	Cau.Cau4BG000724	0.96	0.95	81.01	209	L1
transcript:AT1G30810.3	Cau.Cau2AG002024	0.95	0.92	61.35	492	L1
transcript:AT5G53620.1	Cau.Cau5BG001575	0.97	0.89	52.80	396	L1
transcript:AT3G54220.1	Cau.Cau6BG001095	0.98	0.94	70.74	446	L1
transcript:AT4G26370.1	Cau.Cau2AG000014	0.99	0.98	62.00	186	L1
transcript:AT3G17700.1	Cau.Cau5BG001655	0.99	0.98	64.97	497	L1
transcript:AT5G25530.2	Cau.Cau4BG000311	1.00	1.00	73.91	255	L1
transcript:AT5G41850.1	Cau.Cau5BG000142	0.97	0.96	68.81	150	L1
transcript:AT5G43150.1	Cau.Cau3AG001219	0.82	0.77	48.68	37	L1
transcript:AT2G37970.1	Cau.Cau6AG001381	0.87	1.00	67.89	148	L1
transcript:AT4G26860.1	Cau.Cau4BG001494	0.99	0.99	79.34	192	L1
transcript:AT1G19120.1	Cau.Cau4BG001738	1.00	1.00	82.81	106	L1
transcript:AT3G26380.1	Cau.Cau7AG000534	0.97	0.97	68.68	432	L1
transcript:AT1G22150.4	Cau.Cau3BG000962	0.97	0.97	78.68	502	L1
transcript:AT4G04790.1	Cau.Cau4AG001307	0.92	0.86	47.31	361	L1
transcript:AT5G57590.1	Cau.Cau4BG002135	0.99	0.99	68.51	583	L1
transcript:AT5G64290.1	Cau.Cau8BG000956	1.00	1.00	77.08	444	L1
transcript:AT1G75760.1	Cau.Cau3AG000206	1.00	1.00	86.03	234	L1
transcript:AT5G25380.3	Cau.Cau4AG000307	1.00	1.00	55.76	271	L1
transcript:AT1G53270.1	Cau.Cau4BG001071	1.00	1.00	65.85	403	L1
transcript:AT2G27180.1	Cau.Cau8BG001283	0.90	0.95	49.02	75	L1
transcript:AT3G07568.1	Cau.Cau2AG001459	0.99	0.98	58.21	39	L1
transcript:AT2G20810.1	Cau.Cau2BG001085	1.00	1.00	82.28	441	L1
transcript:AT5G20670.1	Cau.Cau4AG001704	0.92	0.96	58.90	86	L1
transcript:AT4G37750.1	Cau.Cau1BG000583	0.84	0.75	52.49	285	L1
transcript:AT5G09250.1	Cau.Cau1BG001726	1.00	1.00	70.09	75	L1
transcript:AT5G11710.3	Cau.Cau4BG000444	1.00	1.00	62.78	366	L1
transcript:AT2G14110.1	Cau.Cau8BG000883	0.98	0.97	78.49	146	L1
transcript:AT1G48380.1	Cau.Cau5AG001739	0.95	0.79	48.86	172	L1
transcript:AT3G56720.2	Cau.Cau6BG000533	0.98	0.99	39.67	192	L1
transcript:AT2G03500.1	Cau.Cau4BG000625	1.00	1.00	50.29	259	L1
transcript:AT1G09794.1	Cau.Cau3BG002217	1.00	1.00	80.95	51	L1
transcript:AT2G25185.1	Cau.Cau7AG000795	0.76	0.76	29.27	24	L1
transcript:AT1G74320.1	Cau.Cau3AG001931	0.99	0.90	72.46	250	L1
transcript:AT2G27550.1	Cau.Cau8AG001399	1.00	1.00	78.41	138	L1
transcript:AT5G27920.1	Cau.Cau3AG001344	0.99	1.00	61.88	396	L1
transcript:AT3G54940.2	Cau.Cau7BG001807	0.94	0.92	70.86	248	L1
transcript:AT1G14450.1	Cau.Cau3AG002392	0.93	0.97	61.97	44	L1
transcript:AT2G18220.1	Cau.Cau2AG000124	0.96	0.99	63.20	474	L1
transcript:AT3G13990.2	Cau.Cau1AG000896	0.98	0.97	49.88	429	L1
transcript:AT5G61140.2	Cau.Cau5BG001037	0.97	1.00	80.61	1688	L1
transcript:AT4G26020.1	Cau.Cau4BG002028	1.00	0.98	60.73	150	L1
transcript:AT1G73980.2	Cau.Cau5BG001127	1.00	0.99	75.19	497	L1
transcript:AT5G24470.1	Cau.Cau5BG001592	0.95	0.96	41.50	271	L1
transcript:AT5G16300.1	Cau.Cau2AG001850	1.00	1.00	68.48	741	L1
transcript:AT2G34500.1	Cau.Cau2AG002608	1.00	1.00	66.34	335	L1
transcript:AT5G23490.1	Cau.Cau1AG002114	1.00	1.00	55.16	433	L1
transcript:AT5G25757.1	Cau.Cau4BG000356	1.00	1.00	83.24	437	L1
transcript:AT2G45530.1	Cau.Cau5BG000017	1.00	1.00	66.94	166	L1
transcript:AT1G61780.1	Cau.Cau2BG002188	1.00	1.00	84.69	83	L1
transcript:AT2G17880.1	Cau.Cau1BG000147	0.61	1.00	65.35	66	L1
transcript:AT1G16280.1	Cau.Cau9BG000034	0.96	0.96	70.38	335	L1
transcript:AT5G25820.1	Cau.Cau4AG000388	0.98	0.98	52.39	351	L1
transcript:AT4G34910.1	Cau.Cau1BG000585	0.93	0.96	69.95	412	L1
transcript:AT5G19330.1	Cau.Cau9BG001555	0.98	0.99	81.90	579	L1
transcript:AT5G37670.1	Cau.Cau6BG000500	0.96	0.97	61.97	88	L1
transcript:AT4G26055.1	Cau.Cau7BG002059	0.98	1.00	68.85	42	L1
transcript:AT2G26660.1	Cau.Cau4AG000559	1.00	1.00	72.20	213	L1
transcript:AT1G61415.1	Cau.Cau5AG001181	0.95	0.79	52.17	84	L1
transcript:AT4G20980.3	Cau.Cau2BG002366	0.98	0.98	80.62	466	L1
transcript:AT4G32605.1	Cau.Cau7AG001599	0.96	0.96	59.19	132	L1
transcript:AT3G26430.1	Cau.Cau7AG000527	0.93	0.90	71.10	251	L1
transcript:AT3G15370.1	Cau.Cau4AG001178	0.95	0.93	67.36	161	L1
transcript:AT1G18580.1	Cau.Cau5BG001087	1.00	1.00	79.33	426	L1
transcript:AT1G52560.1	Cau.Cau1BG001340	1.00	1.00	61.07	149	L1
transcript:AT2G42810.4	Cau.Cau2BG001518	1.00	0.99	87.40	423	L1
transcript:AT1G31812.1	Cau.Cau3BG001710	0.98	1.00	74.44	67	L1
transcript:AT5G06310.1	Cau.Cau4BG001009	0.98	0.99	41.33	193	L1
transcript:AT5G41190.1	Cau.Cau5AG000277	1.00	0.99	60.03	380	L1
transcript:AT1G77360.2	Cau.Cau3AG000818	0.97	0.97	73.72	345	L1
transcript:AT4G01250.1	Cau.Cau5AG003508	1.00	1.00	48.44	171	L1
transcript:AT4G37990.1	Cau.Cau1BG000654	0.96	0.96	71.68	248	L1
transcript:AT3G11720.2	Cau.Cau6AG000872	0.76	0.74	42.13	206	L1
transcript:AT5G01270.1	Cau.Cau6BG001320	0.99	0.94	62.19	482	L1
transcript:AT5G66060.1	Cau.Cau1BG000090	1.00	1.00	78.82	227	L1
transcript:AT5G64080.1	Cau.Cau8BG000998	0.91	0.95	54.07	93	L1
transcript:AT5G11450.1	Cau.Cau4AG000313	1.00	1.00	62.54	187	L1
transcript:AT1G77930.2	Cau.Cau3AG000939	0.97	0.99	72.45	192	L1
transcript:AT2G46495.1	Cau.Cau5AG003437	0.94	0.94	50.70	180	L1
transcript:AT4G38620.1	Cau.Cau8BG000163	1.00	1.00	55.38	175	L1
transcript:AT5G12040.1	Cau.Cau4AG001833	1.00	1.00	76.80	288	L1
transcript:AT1G30825.1	Cau.Cau2BG001854	0.98	0.97	72.96	232	L1
transcript:AT5G60190.1	Cau.Cau8BG001706	0.98	1.00	57.27	130	L1
transcript:AT5G08535.3	Cau.Cau2BG001820	1.00	1.00	60.00	72	L1
transcript:AT5G50790.1	Cau.Cau7AG001402	0.94	0.99	61.54	168	L1
transcript:AT5G27440.1	Cau.Cau3BG001439	0.87	0.80	34.55	66	L1
transcript:AT4G00530.1	Cau.Cau5BG003533	1.00	0.87	77.46	55	L1
transcript:AT2G35130.3	Cau.Cau2AG001954	0.97	0.97	71.00	404	L1
transcript:AT1G50510.1	Cau.Cau2AG000317	0.99	0.96	75.91	249	L1
transcript:AT2G47620.1	Cau.Cau7BG001432	0.98	0.99	51.70	289	L1
transcript:AT3G53570.5	Cau.Cau6BG001560	0.95	0.98	83.45	358	L1
transcript:AT3G52360.1	Cau.Cau6BG000881	0.85	0.69	71.62	53	L1
transcript:AT3G44200.2	Cau.Cau8AG001316	0.99	1.00	57.68	569	L1
transcript:AT4G35670.1	Cau.Cau4AG000232	0.97	0.95	52.20	202	L1
transcript:AT2G02860.1	Cau.Cau7BG000295	1.00	1.00	71.12	431	L1
transcript:AT2G22640.1	Cau.Cau1BG000639	1.00	1.00	89.41	76	L1
transcript:AT3G24560.2	Cau.Cau4BG000719	1.00	1.00	54.65	388	L1
transcript:AT5G08550.1	Cau.Cau2AG001836	1.00	1.00	53.76	507	L1
transcript:AT2G17970.1	Cau.Cau1BG000159	0.99	0.97	57.77	305	L1
transcript:AT1G74050.1	Cau.Cau7BG000041	1.00	1.00	82.40	192	L1
transcript:AT2G32980.1	Cau.Cau2AG001266	0.99	0.99	77.74	234	L1
transcript:AT4G01940.1	Cau.Cau5BG003190	0.91	0.91	66.67	140	L1
transcript:AT3G62300.1	Cau.Cau5AG003240	1.00	1.00	34.32	251	L1
transcript:AT5G23690.1	Cau.Cau7BG001403	1.00	1.00	65.16	346	L1
transcript:AT1G16310.1	Cau.Cau9AG000045	0.87	0.91	76.04	292	L1
transcript:AT2G19590.1	Cau.Cau4AG000881	0.97	0.98	71.95	218	L1
transcript:AT5G59865.1	Cau.Cau8AG001766	0.87	0.92	57.14	56	L1
transcript:AT2G20330.1	Cau.Cau5AG002700	0.99	1.00	73.84	477	L1
transcript:AT1G73590.1	Cau.Cau4BG001018	1.00	1.00	72.32	465	L1
transcript:AT4G10710.2	Cau.Cau6BG002368	0.98	0.99	75.14	798	L1
transcript:AT2G31725.1	Cau.Cau5AG002132	1.00	1.00	75.17	112	L1
transcript:AT1G19150.1	Cau.Cau4AG001717	1.00	1.00	74.44	201	L1
transcript:AT1G68260.1	Cau.Cau2AG001803	0.95	0.84	69.06	125	L1
transcript:AT1G25350.1	Cau.Cau2BG001794	1.00	1.00	79.80	636	L1
transcript:AT1G53860.1	Cau.Cau1BG001020	0.96	0.98	49.70	245	L1
transcript:AT1G47970.1	Cau.Cau9BG001923	0.57	0.54	60.50	72	L1
transcript:AT1G62780.1	Cau.Cau5AG000814	0.95	1.00	67.39	155	L1
transcript:AT3G21690.1	Cau.Cau2BG001208	0.99	0.99	79.07	408	L1
transcript:AT2G34470.1	Cau.Cau2AG002604	0.94	0.91	88.37	228	L1
transcript:AT4G30860.1	Cau.Cau4AG002198	0.97	0.98	62.50	305	L1
transcript:AT1G03910.1	Cau.Cau6BG001062	1.00	1.00	71.27	501	L1
transcript:AT1G50940.1	Cau.Cau4AG001329	1.00	1.00	70.80	257	L1
transcript:AT1G74740.1	Cau.Cau5AG000344	1.00	1.00	79.71	444	L1
transcript:AT2G26540.1	Cau.Cau3BG000427	0.77	0.82	72.87	180	L1
transcript:AT5G20720.3	Cau.Cau4AG001728	1.00	1.00	75.89	192	L1
transcript:AT3G57520.1	Cau.Cau9BG000635	1.00	1.00	79.87	619	L1
transcript:AT5G54850.1	Cau.Cau4AG001346	1.00	0.99	45.77	92	L1
transcript:AT5G61510.1	Cau.Cau9BG000484	0.35	0.62	79.72	114	L1
transcript:AT1G16740.1	Cau.Cau8BG002064	1.00	1.00	88.89	112	L1
transcript:AT5G44070.1	Cau.Cau5AG002749	0.98	0.99	66.80	328	L1
transcript:AT3G12210.2	Cau.Cau3BG001175	0.97	0.88	71.78	145	L1
transcript:AT2G23110.2	Cau.Cau1AG000503	0.99	0.93	49.46	46	L1
transcript:AT4G35830.1	Cau.Cau1AG000088	1.00	1.00	90.40	810	L1
transcript:AT5G58420.1	Cau.Cau8BG002027	1.00	1.00	91.67	242	L1
transcript:AT1G52920.1	Cau.Cau4AG001196	1.00	1.00	70.24	288	L1
transcript:AT4G15940.1	Cau.Cau9AG001708	1.00	0.98	81.98	182	L1
transcript:AT5G45580.2	Cau.Cau3AG001826	0.98	0.99	53.98	156	L1
transcript:AT3G46550.1	Cau.Cau8AG001808	1.00	1.00	54.81	245	L1
transcript:AT1G06190.1	Cau.Cau5AG002774	0.99	1.00	48.46	204	L1
transcript:AT2G16780.1	Cau.Cau8AG000161	0.97	0.98	74.69	301	L1
transcript:AT2G40600.1	Cau.Cau7AG002107	0.82	0.82	70.28	149	L1
transcript:AT2G28370.1	Cau.Cau8BG001627	1.00	1.00	78.77	141	L1
transcript:AT2G19730.3	Cau.Cau4BG000851	1.00	0.95	75.52	108	L1
transcript:AT1G78260.1	Cau.Cau3BG001009	0.94	0.98	56.18	159	L1
transcript:AT3G62030.3	Cau.Cau5AG003307	1.00	1.00	62.36	169	L1
transcript:AT4G09800.1	Cau.Cau3BG000644	1.00	1.00	97.37	148	L1
transcript:AT5G62710.1	Cau.Cau5AG000338	0.99	0.99	74.58	446	L1
transcript:AT4G24350.1	Cau.Cau7BG001751	0.69	1.00	61.97	145	L1
transcript:AT3G15780.1	Cau.Cau1AG001306	0.88	0.80	39.25	42	L1
transcript:AT2G21190.1	Cau.Cau8BG000787	1.00	0.99	90.67	243	L1
transcript:AT5G19030.1	Cau.Cau9AG001530	0.64	0.66	46.36	51	L1
transcript:AT2G27030.3	Cau.Cau2AG000420	1.00	1.00	88.11	163	L1
transcript:AT1G60170.1	Cau.Cau7AG000426	1.00	1.00	78.64	383	L1
transcript:AT1G11925.1	Cau.Cau2BG002680	1.00	1.00	42.55	60	L1
transcript:AT4G02050.2	Cau.Cau4AG002291	0.98	0.99	82.18	415	L1
transcript:AT1G09870.1	Cau.Cau7BG002199	0.99	0.99	64.90	318	L1
transcript:AT3G21600.1	Cau.Cau4AG000794	0.99	0.99	59.47	223	L1
transcript:AT5G08530.1	Cau.Cau7AG000626	1.00	1.00	91.15	443	L1
transcript:AT4G03410.1	Cau.Cau2BG001037	0.94	0.92	66.88	212	L1
transcript:AT2G38780.6	Cau.Cau7BG000145	0.92	0.99	54.24	256	L1
transcript:AT2G02220.1	Cau.Cau8AG001129	1.00	1.00	67.19	688	L1
transcript:AT2G02850.1	Cau.Cau3AG000759	1.00	1.00	55.04	71	L1
transcript:AT5G25930.1	Cau.Cau4AG000800	0.98	0.97	52.60	526	L1
transcript:AT5G50300.1	Cau.Cau5AG000572	0.99	0.98	72.16	381	L1
transcript:AT5G06490.1	Cau.Cau6BG000863	0.97	0.99	53.65	103	L1
transcript:AT2G43945.1	Cau.Cau6BG001932	1.00	1.00	69.42	202	L1
transcript:AT2G34780.1	Cau.Cau2AG002072	1.00	1.00	30.66	489	L1
transcript:ATCG01130.1	Cau.Cau5BG003273	0.30	1.00	40.62	234	L1
transcript:AT5G24630.11	Cau.Cau9AG001483	0.75	0.89	48.11	153	L1
transcript:AT5G62960.1	Cau.Cau5BG000459	0.95	0.98	61.63	212	L1
transcript:AT2G43780.2	Cau.Cau5BG002034	0.84	0.93	78.57	44	L1
transcript:AT2G02950.1	Cau.Cau7AG000282	1.00	1.00	36.28	193	L1
transcript:AT2G18980.1	Cau.Cau4AG002056	1.00	1.00	72.78	238	L1
transcript:AT4G02630.1	Cau.Cau3BG000483	0.97	0.96	62.88	327	L1
transcript:AT5G53290.1	Cau.Cau9BG000142	0.96	0.98	40.69	153	L1
transcript:AT2G25170.4	Cau.Cau4AG000154	0.98	0.94	70.44	977	L1
transcript:AT3G11964.2	Cau.Cau6BG000918	0.99	0.99	63.69	1228	L1
transcript:AT2G13290.2	Cau.Cau4AG000523	0.96	0.93	69.54	242	L1
transcript:AT1G20000.1	Cau.Cau2BG001855	0.85	1.00	51.66	109	L1
transcript:AT4G27430.2	Cau.Cau4BG001220	1.00	0.99	43.55	530	L1
transcript:AT5G23230.1	Cau.Cau7AG000956	0.98	0.97	72.16	140	L1
transcript:AT1G17450.2	Cau.Cau1BG000924	1.00	1.00	51.67	974	L1
transcript:AT3G55620.1	Cau.Cau1AG000014	1.00	1.00	89.80	220	L1
transcript:AT4G31860.1	Cau.Cau4BG000134	0.96	0.95	82.56	284	L1
transcript:AT3G20530.1	Cau.Cau4BG001396	0.95	0.89	76.09	280	L1
transcript:AT5G63620.1	Cau.Cau1BG000791	0.92	0.90	80.31	314	L1
transcript:AT1G48170.1	Cau.Cau9AG001891	0.80	0.78	66.67	82	L1
transcript:AT2G01500.1	Cau.Cau2BG001667	0.79	0.75	37.31	97	L1
transcript:AT3G13790.1	Cau.Cau1AG000843	0.97	0.97	69.26	392	L1
transcript:AT5G64813.3	Cau.Cau1BG002020	0.99	1.00	77.94	265	L1
transcript:AT2G38920.5	Cau.Cau6BG000895	1.00	1.00	62.32	215	L1
transcript:AT2G17030.1	Cau.Cau8BG000080	0.96	0.93	45.91	185	L1
transcript:AT1G36940.1	Cau.Cau3AG000928	0.99	0.96	39.45	86	L1
transcript:AT4G18910.1	Cau.Cau2AG002533	0.97	0.98	68.97	200	L1
transcript:AT2G36830.1	Cau.Cau6BG001801	1.00	1.00	82.87	208	L1
transcript:AT4G38860.1	Cau.Cau8BG000744	1.00	1.00	80.37	86	L1
transcript:AT3G46530.1	Cau.Cau7BG001501	0.99	0.98	41.40	378	L1
transcript:AT2G33810.1	Cau.Cau2BG002387	0.98	0.70	62.04	85	L1
transcript:AT1G01720.1	Cau.Cau3AG000839	1.00	1.00	66.35	211	L1
transcript:AT2G16385.1	Cau.Cau8BG000664	0.98	1.00	43.48	40	L1
transcript:AT1G27510.1	Cau.Cau5AG000433	0.98	0.96	55.19	356	L1
transcript:AT4G35785.2	Cau.Cau1AG000080	0.84	0.86	75.96	158	L1
transcript:AT3G60690.1	Cau.Cau5AG003721	0.98	0.99	56.14	96	L1
transcript:AT4G10030.1	Cau.Cau5AG001841	0.99	0.99	71.20	272	L1
transcript:AT1G50650.1	Cau.Cau4AG001482	0.89	0.79	39.38	63	L1
transcript:AT1G61080.1	Cau.Cau2AG002326	0.92	0.94	46.65	320	L1
transcript:AT1G13740.1	Cau.Cau7AG000737	1.00	1.00	45.64	183	L1
transcript:AT1G10320.1	Cau.Cau3BG002374	0.57	0.50	66.36	286	L1
transcript:AT4G26330.2	Cau.Cau2AG000018	0.98	0.89	57.02	410	L1
transcript:AT5G16810.1	Cau.Cau5AG002428	0.92	0.92	70.95	276	L1
transcript:AT4G00090.1	Cau.Cau5AG003695	1.00	1.00	72.89	320	L1
transcript:AT1G60800.1	Cau.Cau7BG000474	1.00	1.00	70.74	452	L1
transcript:AT3G62360.2	Cau.Cau5BG003171	0.99	1.00	67.95	814	L1
transcript:AT1G26610.1	Cau.Cau7AG000195	0.99	0.97	42.72	229	L1
transcript:AT1G14310.1	Cau.Cau7AG000287	1.00	1.00	68.20	178	L1
transcript:AT1G18700.1	Cau.Cau5BG000971	0.99	1.00	56.00	392	L1
transcript:AT1G22800.1	Cau.Cau5AG001828	0.97	0.95	74.13	255	L1
transcript:AT1G68400.1	Cau.Cau2BG001780	0.98	0.99	67.21	457	L1
transcript:AT4G11560.1	Cau.Cau5BG000261	0.97	0.94	59.09	351	L1
transcript:AT2G27810.4	Cau.Cau8AG001446	1.00	1.00	73.74	556	L1
transcript:AT4G02870.1	Cau.Cau1BG002085	0.38	0.68	34.40	43	L1
transcript:AT1G20080.5	Cau.Cau3BG000181	1.00	1.00	75.09	404	L1
transcript:AT2G21470.1	Cau.Cau8AG000696	0.99	1.00	72.70	474	L1
transcript:AT4G28706.2	Cau.Cau5BG002640	0.93	0.92	68.18	255	L1
transcript:AT5G19500.1	Cau.Cau2BG000408	0.88	0.90	74.55	334	L1
transcript:AT1G63060.1	Cau.Cau8AG001030	0.93	0.99	42.95	64	L1
transcript:AT1G27200.1	Cau.Cau7BG000367	0.99	0.99	55.07	342	L1
transcript:AT1G33265.1	Cau.Cau5BG000002	0.62	0.59	63.64	70	L1
transcript:AT1G20560.1	Cau.Cau3AG000094	1.00	1.00	70.58	391	L1
transcript:AT1G49040.1	Cau.Cau5AG001196	1.00	1.00	75.45	913	L1
transcript:AT4G26410.1	Cau.Cau2AG000010	1.00	1.00	56.65	149	L1
transcript:AT3G19960.5	Cau.Cau7AG000926	1.00	1.00	80.02	941	L1
transcript:AT1G27660.1	Cau.Cau3AG000297	1.00	1.00	40.59	194	L1
transcript:AT5G49970.1	Cau.Cau3AG001063	1.00	1.00	71.59	388	L1
transcript:AT5G13980.2	Cau.Cau2BG000785	1.00	0.99	69.25	725	L1
transcript:AT2G40590.1	Cau.Cau7BG002126	0.92	0.95	84.30	102	L1
transcript:AT1G59580.2	Cau.Cau3AG000294	0.99	1.00	86.10	322	L1
transcript:AT4G10630.1	Cau.Cau5BG000040	1.00	1.00	43.63	161	L1
transcript:AT3G13490.1	Cau.Cau2BG000031	1.00	1.00	77.74	468	L1
transcript:AT3G19870.2	Cau.Cau7BG001022	0.99	0.98	57.87	651	L1
transcript:AT2G38290.1	Cau.Cau6BG001260	0.99	0.98	74.43	358	L1
transcript:AT1G18480.1	Cau.Cau5BG002066	1.00	1.00	65.74	261	L1
transcript:AT3G19820.3	Cau.Cau7AG001010	1.00	0.99	79.61	449	L1
transcript:AT4G12080.1	Cau.Cau5AG000846	0.99	0.99	63.28	224	L1
transcript:AT5G40710.1	Cau.Cau2BG000949	0.99	0.99	59.71	163	L1
transcript:AT4G34410.1	Cau.Cau8BG000443	0.91	0.91	40.33	121	L1
transcript:AT2G30410.3	Cau.Cau7AG001129	1.00	1.00	82.30	93	L1
transcript:AT1G15260.1	Cau.Cau1AG001137	0.97	0.99	38.03	81	L1
transcript:AT3G57330.2	Cau.Cau9AG000697	0.99	0.99	74.87	724	L1
transcript:AT5G37830.1	Cau.Cau5AG002312	1.00	1.00	84.49	1068	L1
transcript:AT2G38060.1	Cau.Cau6BG001358	0.98	0.99	69.25	358	L1
transcript:AT4G02860.1	Cau.Cau5BG002901	0.93	0.99	59.20	177	L1
transcript:AT2G47890.1	Cau.Cau5AG003038	0.98	0.97	47.35	179	L1
transcript:AT5G14400.2	Cau.Cau2AG000597	1.00	0.91	57.27	252	L1
transcript:AT5G26667.3	Cau.Cau5AG003845	0.97	0.94	83.67	164	L1
transcript:AT5G51120.1	Cau.Cau7BG001337	1.00	1.00	72.80	174	L1
transcript:AT1G75490.1	Cau.Cau3AG000268	0.97	0.98	47.18	117	L1
transcript:AT3G18480.1	Cau.Cau5BG001184	1.00	1.00	80.12	552	L1
transcript:AT5G52110.1	Cau.Cau9AG000303	0.96	0.94	60.82	163	L1
transcript:AT3G07425.1	Cau.Cau7BG001229	0.80	0.76	42.68	35	L1
transcript:AT4G15960.1	Cau.Cau9AG001711	0.90	0.91	60.81	211	L1
transcript:AT3G53130.1	Cau.Cau6AG001845	0.99	0.98	79.81	427	L1
transcript:AT2G46710.1	Cau.Cau5AG003378	0.96	0.99	56.40	291	L1
transcript:AT5G12080.2	Cau.Cau4AG001829	0.99	0.98	60.29	463	L1
transcript:AT5G28840.2	Cau.Cau3AG001685	1.00	1.00	90.72	342	L1
transcript:AT1G51610.1	Cau.Cau1AG001523	1.00	1.00	73.09	334	L1
transcript:AT1G02500.2	Cau.Cau5BG003220	1.00	1.00	95.17	374	L1
transcript:AT5G50420.1	Cau.Cau1BG001035	1.00	1.00	65.33	375	L1
transcript:AT1G54490.1	Cau.Cau3BG001570	0.99	0.99	66.29	637	L1
transcript:AT2G39110.2	Cau.Cau7AG001820	1.00	1.00	60.14	261	L1
transcript:AT3G23710.1	Cau.Cau9BG000902	0.98	0.95	62.42	196	L1
transcript:AT4G01150.1	Cau.Cau5BG003430	0.98	1.00	67.07	112	L1
transcript:AT3G20170.1	Cau.Cau4BG001571	0.97	0.99	59.78	278	L1
transcript:AT1G56290.1	Cau.Cau9AG001301	0.97	0.84	60.09	405	L1
transcript:AT1G77370.1	Cau.Cau1BG000201	0.98	0.95	66.93	85	L1
transcript:AT4G14490.1	Cau.Cau9BG001367	0.98	0.98	31.29	143	L1
transcript:AT1G59359.1	Cau.Cau9BG000639	0.83	0.86	85.23	202	L1
transcript:AT1G10380.1	Cau.Cau7BG000348	0.92	0.93	61.46	177	L1
transcript:AT1G25570.1	Cau.Cau7AG000863	0.96	0.96	70.18	426	L1
transcript:AT5G47380.4	Cau.Cau5BG000749	1.00	0.96	58.06	353	L1
transcript:AT5G40640.1	Cau.Cau2AG000972	1.00	1.00	65.88	392	L1
transcript:AT5G01400.3	Cau.Cau6BG001301	0.86	0.98	58.87	783	L1
transcript:AT3G56840.1	Cau.Cau6AG000625	0.85	0.96	70.28	279	L1
transcript:AT5G12310.1	Cau.Cau2BG000355	1.00	0.97	57.20	147	L1
transcript:AT5G60170.2	Cau.Cau8AG001693	1.00	1.00	50.90	539	L1
transcript:AT1G66680.1	Cau.Cau6AG000436	1.00	1.00	68.14	246	L1
transcript:AT4G30200.2	Cau.Cau4BG002099	1.00	1.00	51.55	399	L1
transcript:AT2G04030.1	Cau.Cau7BG000795	1.00	1.00	83.06	662	L1
transcript:AT1G05680.1	Cau.Cau2AG001472	0.98	0.95	51.10	232	L1
transcript:AT3G13730.1	Cau.Cau1BG000847	0.95	0.94	66.38	312	L1
transcript:AT4G36960.2	Cau.Cau1BG000432	1.00	1.00	74.14	281	L1
transcript:AT4G02390.1	Cau.Cau5BG003061	1.00	1.00	65.93	420	L1
transcript:AT1G13580.2	Cau.Cau7BG000816	1.00	1.00	77.27	238	L1
transcript:AT2G37975.2	Cau.Cau6BG001380	1.00	1.00	74.36	58	L1
transcript:AT3G54120.1	Cau.Cau6BG001371	0.95	0.91	55.21	106	L1
transcript:AT1G51510.1	Cau.Cau2BG000280	1.00	1.00	68.81	139	L1
transcript:ATCG00800.1	Cau.Cau9AG000088	0.48	0.86	70.19	73	L1
transcript:AT1G63270.1	Cau.Cau4BG002289	1.00	1.00	88.65	203	L1
transcript:AT1G03020.1	Cau.Cau5BG002997	0.97	0.96	68.69	68	L1
transcript:AT3G58810.2	Cau.Cau5BG000024	0.98	0.99	69.27	284	L1
transcript:AT4G02400.1	Cau.Cau8BG000352	0.98	0.96	55.11	491	L1
transcript:AT2G39100.1	Cau.Cau9AG001630	0.99	1.00	52.19	155	L1
transcript:AT1G09420.1	Cau.Cau6BG002356	0.90	1.00	45.59	269	L1
transcript:AT4G25970.1	Cau.Cau3BG002007	1.00	1.00	72.76	470	L1
transcript:AT3G19950.3	Cau.Cau5BG001687	0.77	0.88	46.90	159	L1
transcript:AT5G57930.2	Cau.Cau4AG002242	0.63	0.98	78.42	218	L1
transcript:AT1G20860.1	Cau.Cau3BG000045	0.96	0.95	62.76	332	L1
transcript:AT2G37000.1	Cau.Cau6AG001738	0.69	0.68	57.64	83	L1
transcript:AT3G58850.1	Cau.Cau7BG001249	0.58	0.48	65.22	45	L1
transcript:AT1G25480.1	Cau.Cau7BG000893	0.99	0.94	66.54	364	L1
transcript:AT2G31410.1	Cau.Cau2AG000797	1.00	1.00	60.00	123	L1
transcript:AT1G06440.1	Cau.Cau2BG000722	0.99	0.97	70.41	276	L1
transcript:AT1G07230.1	Cau.Cau8AG001953	0.98	0.98	77.84	411	L1
transcript:AT3G59540.1	Cau.Cau6BG001945	1.00	1.00	94.20	65	L1
transcript:AT4G30010.1	Cau.Cau4BG002043	0.98	0.99	71.59	63	L1
transcript:AT1G51980.1	Cau.Cau4AG000822	1.00	1.00	65.61	332	L1
transcript:AT5G18230.4	Cau.Cau5BG002419	1.00	1.00	64.13	590	L1
transcript:AT5G59850.1	Cau.Cau8BG001777	1.00	1.00	97.69	127	L1
transcript:AT3G52300.1	Cau.Cau7AG001902	1.00	1.00	84.52	142	L1
transcript:AT5G01370.1	Cau.Cau6AG001298	0.98	0.95	32.17	147	L1
transcript:AT1G16790.1	Cau.Cau1BG001842	1.00	0.99	54.36	81	L1
transcript:AT1G16210.1	Cau.Cau8BG000083	0.97	0.99	76.11	172	L1
transcript:AT1G66340.1	Cau.Cau5AG001457	1.00	1.00	84.08	623	L1
transcript:AT1G07985.1	Cau.Cau7AG000071	0.99	0.95	50.33	76	L1
transcript:AT5G48670.1	Cau.Cau6BG002415	0.86	0.96	48.36	133	L1
transcript:AT2G04660.1	Cau.Cau7AG000248	1.00	1.00	70.24	623	L1
transcript:AT3G54210.1	Cau.Cau6AG001105	1.00	1.00	70.18	153	L1
transcript:AT5G58030.1	Cau.Cau4BG002291	0.99	0.99	94.82	183	L1
transcript:AT5G45420.3	Cau.Cau7BG001507	0.99	0.98	51.06	169	L1
